ISO-10303-21;
HEADER;
FILE_DESCRIPTION (( 'STEP AP214' ),
    '1' );
FILE_NAME ('HMC773ALC3B.STEP',
    '2022-08-31T07:44:55',
    ( '' ),
    ( '' ),
    'SwSTEP 2.0',
    'SolidWorks 2017',
    '' );
FILE_SCHEMA (( 'AUTOMOTIVE_DESIGN' ));
ENDSEC;

DATA;
#1 = CARTESIAN_POINT ( 'NONE',  ( -0.3499999999999994200, 0.1499999999999999900, -1.370000000000000100 ) ) ;
#2 = AXIS2_PLACEMENT_3D ( 'NONE', #837, #1591, #121 ) ;
#3 = LINE ( 'NONE', #4393, #4801 ) ;
#4 = CARTESIAN_POINT ( 'NONE',  ( 0.5000000000000006700, 0.1499999999999999900, 1.049999999999999800 ) ) ;
#5 = VECTOR ( 'NONE', #4019, 1000.000000000000000 ) ;
#6 = ORIENTED_EDGE ( 'NONE', *, *, #1065, .F. ) ;
#7 = DIRECTION ( 'NONE',  ( -1.000000000000000000, 0.0000000000000000000, 0.0000000000000000000 ) ) ;
#8 = CARTESIAN_POINT ( 'NONE',  ( -1.370000000000000100, 0.1499999999999999900, -1.370000000000000100 ) ) ;
#9 = CYLINDRICAL_SURFACE ( 'NONE', #1578, 0.1499999999999999700 ) ;
#10 = DIRECTION ( 'NONE',  ( 0.0000000000000000000, -0.0000000000000000000, -1.000000000000000000 ) ) ;
#11 = EDGE_CURVE ( 'NONE', #456, #3031, #4065, .T. ) ;
#12 = LINE ( 'NONE', #4866, #1645 ) ;
#13 = CARTESIAN_POINT ( 'NONE',  ( 0.1500000000000009100, 0.1499999999999999700, 1.370000000000000100 ) ) ;
#14 = AXIS2_PLACEMENT_3D ( 'NONE', #2920, #2502, #1715 ) ;
#15 = ORIENTED_EDGE ( 'NONE', *, *, #2081, .F. ) ;
#16 = PLANE ( 'NONE',  #3128 ) ;
#17 = LINE ( 'NONE', #4349, #3124 ) ;
#18 = ORIENTED_EDGE ( 'NONE', *, *, #1832, .F. ) ;
#19 = AXIS2_PLACEMENT_3D ( 'NONE', #4347, #941, #3594 ) ;
#20 = VECTOR ( 'NONE', #2126, 1000.000000000000000 ) ;
#21 = VERTEX_POINT ( 'NONE', #251 ) ;
#22 = CARTESIAN_POINT ( 'NONE',  ( 0.7500000000000002200, 0.0000000000000000000, 0.6250000000000000000 ) ) ;
#23 = CARTESIAN_POINT ( 'NONE',  ( -0.1499999999999990000, 0.0000000000000000000, 1.449999999999999700 ) ) ;
#24 = FACE_OUTER_BOUND ( 'NONE', #2500, .T. ) ;
#25 = CARTESIAN_POINT ( 'NONE',  ( -0.7499999999999997800, 0.1000000000000000100, -0.6250000000000001100 ) ) ;
#26 = DIRECTION ( 'NONE',  ( 0.0000000000000000000, 0.0000000000000000000, -1.000000000000000000 ) ) ;
#27 = CARTESIAN_POINT ( 'NONE',  ( 0.6250000000000002200, 0.0000000000000000000, 0.6250000000000000000 ) ) ;
#28 = ADVANCED_FACE ( 'NONE', ( #29 ), #1312, .T. ) ;
#29 = FACE_OUTER_BOUND ( 'NONE', #1698, .T. ) ;
#30 = DIRECTION ( 'NONE',  ( 0.0000000000000000000, -1.000000000000000000, 0.0000000000000000000 ) ) ;
#31 = VECTOR ( 'NONE', #679, 1000.000000000000000 ) ;
#32 = CARTESIAN_POINT ( 'NONE',  ( 1.370000000000000100, 0.1499999999999999900, -1.370000000000000100 ) ) ;
#33 = ORIENTED_EDGE ( 'NONE', *, *, #4542, .T. ) ;
#34 = ORIENTED_EDGE ( 'NONE', *, *, #11, .T. ) ;
#35 = UNCERTAINTY_MEASURE_WITH_UNIT (LENGTH_MEASURE( 1.000000000000000100E-005 ), #2994, 'distance_accuracy_value', 'NONE');
#36 = ORIENTED_EDGE ( 'NONE', *, *, #4648, .F. ) ;
#37 = SURFACE_STYLE_USAGE ( .BOTH. , #4575 ) ;
#38 = VECTOR ( 'NONE', #3323, 1000.000000000000000 ) ;
#39 = CARTESIAN_POINT ( 'NONE',  ( -0.4999999999999993300, 0.1499999999999999900, -1.199999999999999700 ) ) ;
#40 = EDGE_CURVE ( 'NONE', #3463, #680, #4418, .T. ) ;
#41 = EDGE_CURVE ( 'NONE', #1664, #513, #3936, .T. ) ;
#42 = ORIENTED_EDGE ( 'NONE', *, *, #2788, .F. ) ;
#43 = CARTESIAN_POINT ( 'NONE',  ( -0.4999999999999993300, 0.1499999999999999900, -1.199999999999999700 ) ) ;
#44 = FACE_BOUND ( 'NONE', #3827, .T. ) ;
#45 = CARTESIAN_POINT ( 'NONE',  ( 1.199999999999999500, 0.6500000000000000200, -0.3500000000000001400 ) ) ;
#46 = CARTESIAN_POINT ( 'NONE',  ( -0.6499999999999993600, 0.0000000000000000000, -1.199999999999999700 ) ) ;
#47 = LINE ( 'NONE', #1052, #2399 ) ;
#48 = ORIENTED_EDGE ( 'NONE', *, *, #2817, .F. ) ;
#49 = CARTESIAN_POINT ( 'NONE',  ( -1.199999999999999500, 0.6500000000000000200, -1.084202172485504400E-016 ) ) ;
#50 = MECHANICAL_DESIGN_GEOMETRIC_PRESENTATION_REPRESENTATION (  '', ( #1814 ), #3685 ) ;
#51 = ORIENTED_EDGE ( 'NONE', *, *, #3452, .F. ) ;
#52 = EDGE_CURVE ( 'NONE', #4607, #439, #1857, .T. ) ;
#53 = DIRECTION ( 'NONE',  ( -0.0000000000000000000, -0.0000000000000000000, 1.000000000000000000 ) ) ;
#54 = ADVANCED_FACE ( 'NONE', ( #4774 ), #4766, .T. ) ;
#55 = ORIENTED_EDGE ( 'NONE', *, *, #1508, .F. ) ;
#56 = ORIENTED_EDGE ( 'NONE', *, *, #1517, .F. ) ;
#57 =( NAMED_UNIT ( * ) PLANE_ANGLE_UNIT ( ) SI_UNIT ( $, .RADIAN. ) );
#58 = PLANE ( 'NONE',  #1555 ) ;
#59 = VECTOR ( 'NONE', #2231, 1000.000000000000000 ) ;
#60 = DIRECTION ( 'NONE',  ( 0.0000000000000000000, -0.0000000000000000000, -1.000000000000000000 ) ) ;
#61 = CARTESIAN_POINT ( 'NONE',  ( 1.199999999999999500, 0.0000000000000000000, 0.3499999999999999200 ) ) ;
#62 = PRESENTATION_STYLE_ASSIGNMENT (( #4052 ) ) ;
#63 = EDGE_CURVE ( 'NONE', #613, #4173, #492, .T. ) ;
#64 = EDGE_LOOP ( 'NONE', ( #3520, #1575, #2641, #3802 ) ) ;
#65 = AXIS2_PLACEMENT_3D ( 'NONE', #2825, #2417, #3187 ) ;
#66 = CYLINDRICAL_SURFACE ( 'NONE', #1773, 0.1499999999999999700 ) ;
#67 = ORIENTED_EDGE ( 'NONE', *, *, #1318, .F. ) ;
#68 = DIRECTION ( 'NONE',  ( -1.000000000000000000, 0.0000000000000000000, -4.336808689942018200E-016 ) ) ;
#69 = CARTESIAN_POINT ( 'NONE',  ( -0.6249999999999997800, 0.1000000000000000100, -0.7500000000000002200 ) ) ;
#70 = EDGE_CURVE ( 'NONE', #4280, #4339, #4707, .T. ) ;
#71 = AXIS2_PLACEMENT_3D ( 'NONE', #4852, #1069, #3774 ) ;
#72 = VECTOR ( 'NONE', #2072, 1000.000000000000000 ) ;
#73 = EDGE_CURVE ( 'NONE', #388, #1206, #3083, .T. ) ;
#74 = CARTESIAN_POINT ( 'NONE',  ( 1.370000000000000100, 0.0000000000000000000, -1.370000000000000100 ) ) ;
#75 = VERTEX_POINT ( 'NONE', #2107 ) ;
#76 = DIRECTION ( 'NONE',  ( 0.0000000000000000000, 1.000000000000000000, 0.0000000000000000000 ) ) ;
#77 = DIRECTION ( 'NONE',  ( 0.0000000000000000000, 0.0000000000000000000, -1.000000000000000000 ) ) ;
#78 = CIRCLE ( 'NONE', #4079, 0.1499999999999999700 ) ;
#79 = CARTESIAN_POINT ( 'NONE',  ( -1.370000000000000100, 0.1499999999999999700, 0.6500000000000000200 ) ) ;
#80 = AXIS2_PLACEMENT_3D ( 'NONE', #1017, #998, #4790 ) ;
#81 = FACE_OUTER_BOUND ( 'NONE', #3908, .T. ) ;
#82 = LINE ( 'NONE', #2053, #2013 ) ;
#83 = CARTESIAN_POINT ( 'NONE',  ( -0.4999999999999993300, 0.1499999999999999900, 1.199999999999999700 ) ) ;
#84 = DIRECTION ( 'NONE',  ( 0.0000000000000000000, -0.0000000000000000000, -1.000000000000000000 ) ) ;
#85 = LINE ( 'NONE', #2720, #3995 ) ;
#86 = CIRCLE ( 'NONE', #1998, 0.1499999999999999700 ) ;
#87 = VERTEX_POINT ( 'NONE', #3243 ) ;
#88 = CARTESIAN_POINT ( 'NONE',  ( 1.199999999999999500, 0.1499999999999999700, -0.3500000000000001400 ) ) ;
#89 = FACE_OUTER_BOUND ( 'NONE', #1223, .T. ) ;
#90 = DIRECTION ( 'NONE',  ( 0.0000000000000000000, -1.000000000000000000, 0.0000000000000000000 ) ) ;
#91 = ORIENTED_EDGE ( 'NONE', *, *, #2423, .F. ) ;
#92 = DIRECTION ( 'NONE',  ( 0.0000000000000000000, 0.0000000000000000000, 1.000000000000000000 ) ) ;
#93 = EDGE_LOOP ( 'NONE', ( #2823, #2339, #4002, #855 ) ) ;
#94 = ORIENTED_EDGE ( 'NONE', *, *, #2112, .T. ) ;
#95 = DIRECTION ( 'NONE',  ( -1.000000000000000000, 0.0000000000000000000, -0.0000000000000000000 ) ) ;
#96 = VECTOR ( 'NONE', #830, 1000.000000000000000 ) ;
#97 = ORIENTED_EDGE ( 'NONE', *, *, #4313, .T. ) ;
#98 = EDGE_LOOP ( 'NONE', ( #926, #4474, #2101, #3451 ) ) ;
#99 = ORIENTED_EDGE ( 'NONE', *, *, #160, .F. ) ;
#100 = ORIENTED_EDGE ( 'NONE', *, *, #2047, .F. ) ;
#101 = LINE ( 'NONE', #1964, #270 ) ;
#102 = EDGE_CURVE ( 'NONE', #3153, #4378, #2740, .T. ) ;
#103 = ADVANCED_FACE ( 'NONE', ( #3815 ), #2143, .F. ) ;
#104 = FACE_OUTER_BOUND ( 'NONE', #997, .T. ) ;
#105 = PRODUCT_DEFINITION ( 'UNKNOWN', '', #4324, #4442 ) ;
#106 = EDGE_LOOP ( 'NONE', ( #806, #1467, #3933, #491 ) ) ;
#107 = CARTESIAN_POINT ( 'NONE',  ( 1.370000000000000100, 0.1499999999999999900, 0.6500000000000000200 ) ) ;
#108 = DIRECTION ( 'NONE',  ( 0.0000000000000000000, -1.000000000000000000, 0.0000000000000000000 ) ) ;
#109 = CARTESIAN_POINT ( 'NONE',  ( 1.199999999999999500, 0.6500000000000000200, -0.1500000000000000800 ) ) ;
#110 = AXIS2_PLACEMENT_3D ( 'NONE', #2624, #1096, #367 ) ;
#111 = DIRECTION ( 'NONE',  ( 0.0000000000000000000, 1.000000000000000000, 0.0000000000000000000 ) ) ;
#112 = ORIENTED_EDGE ( 'NONE', *, *, #2551, .T. ) ;
#113 = ORIENTED_EDGE ( 'NONE', *, *, #1311, .F. ) ;
#114 = FACE_OUTER_BOUND ( 'NONE', #2441, .T. ) ;
#115 = CYLINDRICAL_SURFACE ( 'NONE', #4452, 0.1499999999999999700 ) ;
#116 = UNCERTAINTY_MEASURE_WITH_UNIT (LENGTH_MEASURE( 1.000000000000000100E-005 ), #3265, 'distance_accuracy_value', 'NONE');
#117 = DIRECTION ( 'NONE',  ( -1.000000000000000000, 0.0000000000000000000, 0.0000000000000000000 ) ) ;
#118 = ORIENTED_EDGE ( 'NONE', *, *, #2234, .T. ) ;
#119 = CARTESIAN_POINT ( 'NONE',  ( 1.370000000000000100, 0.1499999999999999900, -1.199999999999999700 ) ) ;
#120 = VECTOR ( 'NONE', #334, 1000.000000000000000 ) ;
#121 = DIRECTION ( 'NONE',  ( 1.000000000000000000, 0.0000000000000000000, -0.0000000000000000000 ) ) ;
#122 = ADVANCED_FACE ( 'NONE', ( #1794 ), #3351, .F. ) ;
#123 = ORIENTED_EDGE ( 'NONE', *, *, #1750, .F. ) ;
#124 = VECTOR ( 'NONE', #4334, 1000.000000000000000 ) ;
#125 = EDGE_CURVE ( 'NONE', #4607, #2094, #1675, .T. ) ;
#126 = PRESENTATION_LAYER_ASSIGNMENT (  '', '', ( #1643 ) ) ;
#127 = ORIENTED_EDGE ( 'NONE', *, *, #1251, .F. ) ;
#128 = DIRECTION ( 'NONE',  ( 0.0000000000000000000, 0.0000000000000000000, 1.000000000000000000 ) ) ;
#129 = PLANE ( 'NONE',  #1902 ) ;
#130 = CARTESIAN_POINT ( 'NONE',  ( 0.3500000000000009200, 0.6500000000000001300, 1.370000000000000100 ) ) ;
#131 = VECTOR ( 'NONE', #2622, 1000.000000000000000 ) ;
#132 = AXIS2_PLACEMENT_3D ( 'NONE', #4582, #4564, #10 ) ;
#133 = CARTESIAN_POINT ( 'NONE',  ( -0.1499999999999990800, 0.1499999999999999900, 1.370000000000000100 ) ) ;
#134 = AXIS2_PLACEMENT_3D ( 'NONE', #763, #3795, #4547 ) ;
#135 = LINE ( 'NONE', #4485, #4059 ) ;
#136 = DIRECTION ( 'NONE',  ( 0.0000000000000000000, 0.0000000000000000000, 1.000000000000000000 ) ) ;
#137 = DIRECTION ( 'NONE',  ( -0.0000000000000000000, -1.000000000000000000, -0.0000000000000000000 ) ) ;
#138 = FACE_OUTER_BOUND ( 'NONE', #1354, .T. ) ;
#139 = CARTESIAN_POINT ( 'NONE',  ( -1.049999999999999600, 0.8499999999999999800, -1.049999999999999800 ) ) ;
#140 = ORIENTED_EDGE ( 'NONE', *, *, #192, .F. ) ;
#141 = CARTESIAN_POINT ( 'NONE',  ( -0.6249999999999997800, 0.1000000000000000100, 0.6249999999999997800 ) ) ;
#142 = MECHANICAL_DESIGN_GEOMETRIC_PRESENTATION_REPRESENTATION (  '', ( #2700 ), #392 ) ;
#143 = ORIENTED_EDGE ( 'NONE', *, *, #223, .F. ) ;
#144 = ORIENTED_EDGE ( 'NONE', *, *, #4614, .T. ) ;
#145 = LINE ( 'NONE', #2729, #4355 ) ;
#146 = DIRECTION ( 'NONE',  ( 1.000000000000000000, -0.0000000000000000000, 0.0000000000000000000 ) ) ;
#147 = ORIENTED_EDGE ( 'NONE', *, *, #2077, .F. ) ;
#148 = ADVANCED_FACE ( 'NONE', ( #791 ), #4090, .F. ) ;
#149 = ORIENTED_EDGE ( 'NONE', *, *, #1013, .F. ) ;
#150 = COLOUR_RGB ( '',0.7960784313725489700, 0.8235294117647058400, 0.9372549019607843100 ) ;
#151 = CARTESIAN_POINT ( 'NONE',  ( -1.199999999999999500, 0.1499999999999999700, 0.1499999999999998600 ) ) ;
#152 = ORIENTED_EDGE ( 'NONE', *, *, #735, .T. ) ;
#153 = CARTESIAN_POINT ( 'NONE',  ( -0.1499999999999993000, 0.6500000000000001300, -1.370000000000000100 ) ) ;
#154 = CARTESIAN_POINT ( 'NONE',  ( -0.4999999999999993300, 0.6500000000000001300, 1.049999999999999800 ) ) ;
#155 = VECTOR ( 'NONE', #2811, 1000.000000000000000 ) ;
#156 = ORIENTED_EDGE ( 'NONE', *, *, #4555, .T. ) ;
#157 = DIRECTION ( 'NONE',  ( -1.000000000000000000, 0.0000000000000000000, -1.734723475976807100E-016 ) ) ;
#158 = EDGE_CURVE ( 'NONE', #4133, #1136, #4003, .T. ) ;
#159 = FACE_OUTER_BOUND ( 'NONE', #4479, .T. ) ;
#160 = EDGE_CURVE ( 'NONE', #21, #1521, #2974, .T. ) ;
#161 = VERTEX_POINT ( 'NONE', #4496 ) ;
#162 = AXIS2_PLACEMENT_3D ( 'NONE', #1424, #3743, #1458 ) ;
#163 = DIRECTION ( 'NONE',  ( 0.0000000000000000000, 0.0000000000000000000, 1.000000000000000000 ) ) ;
#164 = CARTESIAN_POINT ( 'NONE',  ( -0.1499999999999993000, 0.1499999999999999900, 1.199999999999999700 ) ) ;
#165 = EDGE_CURVE ( 'NONE', #4378, #381, #3883, .T. ) ;
#166 = AXIS2_PLACEMENT_3D ( 'NONE', #2457, #3967, #205 ) ;
#167 = ORIENTED_EDGE ( 'NONE', *, *, #2318, .T. ) ;
#168 = EDGE_CURVE ( 'NONE', #187, #614, #2257, .T. ) ;
#169 = DIRECTION ( 'NONE',  ( 0.0000000000000000000, 0.0000000000000000000, 1.000000000000000000 ) ) ;
#170 = CARTESIAN_POINT ( 'NONE',  ( 6.505213034913026600E-016, 0.6500000000000001300, 1.049999999999999800 ) ) ;
#171 = ORIENTED_EDGE ( 'NONE', *, *, #634, .F. ) ;
#172 = DIRECTION ( 'NONE',  ( 1.000000000000000000, -0.0000000000000000000, 0.0000000000000000000 ) ) ;
#173 = CARTESIAN_POINT ( 'NONE',  ( 1.199999999999999500, 0.6500000000000000200, -0.3500000000000001400 ) ) ;
#174 = STYLED_ITEM ( 'NONE', ( #329 ), #1503 ) ;
#175 = CARTESIAN_POINT ( 'NONE',  ( 0.3500000000000009200, 0.1499999999999999900, 1.370000000000000100 ) ) ;
#176 = ADVANCED_FACE ( 'NONE', ( #1356 ), #4856, .T. ) ;
#177 = CIRCLE ( 'NONE', #4797, 0.1499999999999999700 ) ;
#178 = SURFACE_STYLE_FILL_AREA ( #1770 ) ;
#179 = ORIENTED_EDGE ( 'NONE', *, *, #2470, .T. ) ;
#180 = ADVANCED_FACE ( 'NONE', ( #3449 ), #3313, .F. ) ;
#181 =( LENGTH_UNIT ( ) NAMED_UNIT ( * ) SI_UNIT ( .MILLI., .METRE. ) );
#182 = CIRCLE ( 'NONE', #2051, 0.1250000000000000000 ) ;
#183 = MANIFOLD_SOLID_BREP ( 'Pin 2', #1145 ) ;
#184 = ORIENTED_EDGE ( 'NONE', *, *, #2144, .F. ) ;
#185 = FACE_OUTER_BOUND ( 'NONE', #3735, .T. ) ;
#186 = DIRECTION ( 'NONE',  ( 1.000000000000000000, -0.0000000000000000000, 4.336808689942018200E-016 ) ) ;
#187 = VERTEX_POINT ( 'NONE', #2569 ) ;
#188 = DIRECTION ( 'NONE',  ( -1.000000000000000000, 0.0000000000000000000, 4.336808689942018200E-016 ) ) ;
#189 = LINE ( 'NONE', #2299, #4113 ) ;
#190 = CLOSED_SHELL ( 'NONE', ( #3388, #466, #3038, #2566, #2471, #2941, #28 ) ) ;
#191 = EDGE_CURVE ( 'NONE', #4645, #4908, #3077, .T. ) ;
#192 = EDGE_CURVE ( 'NONE', #2068, #4603, #4351, .T. ) ;
#193 = LINE ( 'NONE', #1651, #4119 ) ;
#194 = AXIS2_PLACEMENT_3D ( 'NONE', #2741, #3489, #1205 ) ;
#195 = DIRECTION ( 'NONE',  ( -1.000000000000000000, -0.0000000000000000000, -4.336808689942017700E-016 ) ) ;
#196 = CARTESIAN_POINT ( 'NONE',  ( 6.505213034913026600E-016, 0.0000000000000000000, 1.049999999999999800 ) ) ;
#197 = CARTESIAN_POINT ( 'NONE',  ( -1.199999999999999500, 0.0000000000000000000, 0.6499999999999999100 ) ) ;
#198 = CYLINDRICAL_SURFACE ( 'NONE', #3122, 0.1499999999999999700 ) ;
#199 = AXIS2_PLACEMENT_3D ( 'NONE', #1870, #3368, #4527 ) ;
#200 = LINE ( 'NONE', #1898, #3326 ) ;
#201 = DIRECTION ( 'NONE',  ( 0.0000000000000000000, -1.000000000000000000, 0.0000000000000000000 ) ) ;
#202 = CARTESIAN_POINT ( 'NONE',  ( -1.370000000000000100, 0.0000000000000000000, 0.6500000000000000200 ) ) ;
#203 = AXIS2_PLACEMENT_3D ( 'NONE', #3713, #1852, #3681 ) ;
#204 = ADVANCED_FACE ( 'NONE', ( #2079 ), #4768, .F. ) ;
#205 = DIRECTION ( 'NONE',  ( 0.0000000000000000000, 0.0000000000000000000, 1.000000000000000000 ) ) ;
#206 = FACE_OUTER_BOUND ( 'NONE', #2390, .T. ) ;
#207 = CARTESIAN_POINT ( 'NONE',  ( -0.1499999999999993000, 0.6500000000000001300, -1.199999999999999700 ) ) ;
#208 = EDGE_LOOP ( 'NONE', ( #3617, #1073, #36, #1518 ) ) ;
#209 = ORIENTED_EDGE ( 'NONE', *, *, #1586, .F. ) ;
#210 = ORIENTED_EDGE ( 'NONE', *, *, #4325, .F. ) ;
#211 = VECTOR ( 'NONE', #2184, 1000.000000000000000 ) ;
#212 = VERTEX_POINT ( 'NONE', #3001 ) ;
#213 = VERTEX_POINT ( 'NONE', #3400 ) ;
#214 = CARTESIAN_POINT ( 'NONE',  ( -0.3499999999999994200, 0.1499999999999999900, -1.370000000000000100 ) ) ;
#215 = DIRECTION ( 'NONE',  ( -1.000000000000000000, 0.0000000000000000000, -4.336808689942018200E-016 ) ) ;
#216 = ORIENTED_EDGE ( 'NONE', *, *, #4639, .T. ) ;
#217 = VERTEX_POINT ( 'NONE', #798 ) ;
#218 = ORIENTED_EDGE ( 'NONE', *, *, #3981, .F. ) ;
#219 = CARTESIAN_POINT ( 'NONE',  ( 0.1500000000000010500, 0.1499999999999999900, 1.449999999999999300 ) ) ;
#220 = DIRECTION ( 'NONE',  ( 0.0000000000000000000, 1.000000000000000000, -0.0000000000000000000 ) ) ;
#221 = ORIENTED_EDGE ( 'NONE', *, *, #2589, .F. ) ;
#222 = DIRECTION ( 'NONE',  ( 0.0000000000000000000, 0.0000000000000000000, -1.000000000000000000 ) ) ;
#223 = EDGE_CURVE ( 'NONE', #1635, #4837, #606, .T. ) ;
#224 = AXIS2_PLACEMENT_3D ( 'NONE', #1334, #1798, #245 ) ;
#225 = ADVANCED_FACE ( 'NONE', ( #313 ), #1476, .F. ) ;
#226 = EDGE_LOOP ( 'NONE', ( #1451, #502, #1509, #3959 ) ) ;
#227 = DIRECTION ( 'NONE',  ( 0.0000000000000000000, -1.000000000000000000, 0.0000000000000000000 ) ) ;
#228 = DIRECTION ( 'NONE',  ( 0.0000000000000000000, 0.0000000000000000000, -1.000000000000000000 ) ) ;
#229 = AXIS2_PLACEMENT_3D ( 'NONE', #4356, #4385, #993 ) ;
#230 = VERTEX_POINT ( 'NONE', #3780 ) ;
#231 = EDGE_CURVE ( 'NONE', #3638, #1702, #2379, .T. ) ;
#232 = VERTEX_POINT ( 'NONE', #3416 ) ;
#233 = DIRECTION ( 'NONE',  ( -0.0000000000000000000, -1.000000000000000000, -0.0000000000000000000 ) ) ;
#234 = AXIS2_PLACEMENT_3D ( 'NONE', #3755, #146, #1929 ) ;
#235 = CIRCLE ( 'NONE', #2753, 0.1499999999999999700 ) ;
#236 = CARTESIAN_POINT ( 'NONE',  ( -1.370000000000000100, 0.1499999999999999900, -1.370000000000000100 ) ) ;
#237 = ORIENTED_EDGE ( 'NONE', *, *, #3949, .F. ) ;
#238 = ORIENTED_EDGE ( 'NONE', *, *, #2781, .T. ) ;
#239 = ORIENTED_EDGE ( 'NONE', *, *, #4572, .F. ) ;
#240 = DIRECTION ( 'NONE',  ( -0.0000000000000000000, -0.0000000000000000000, 1.000000000000000000 ) ) ;
#241 = CARTESIAN_POINT ( 'NONE',  ( -0.6499999999999990200, 0.1499999999999999900, 1.449999999999999700 ) ) ;
#242 = VECTOR ( 'NONE', #2364, 1000.000000000000000 ) ;
#243 = EDGE_LOOP ( 'NONE', ( #574, #2123, #4083, #3126 ) ) ;
#244 = CARTESIAN_POINT ( 'NONE',  ( 0.6500000000000009100, 0.0000000000000000000, 1.370000000000000100 ) ) ;
#245 = DIRECTION ( 'NONE',  ( 0.0000000000000000000, 0.0000000000000000000, -1.000000000000000000 ) ) ;
#246 = DIRECTION ( 'NONE',  ( 0.0000000000000000000, 0.0000000000000000000, 1.000000000000000000 ) ) ;
#247 = FACE_OUTER_BOUND ( 'NONE', #1718, .T. ) ;
#248 = ADVANCED_FACE ( 'NONE', ( #253 ), #58, .T. ) ;
#249 = CARTESIAN_POINT ( 'NONE',  ( 0.0000000000000000000, 0.1499999999999999700, 0.0000000000000000000 ) ) ;
#250 = ORIENTED_EDGE ( 'NONE', *, *, #860, .F. ) ;
#251 = CARTESIAN_POINT ( 'NONE',  ( -0.3499999999999994200, 0.1499999999999999700, 1.199999999999999700 ) ) ;
#252 = VECTOR ( 'NONE', #3000, 1000.000000000000000 ) ;
#253 = FACE_OUTER_BOUND ( 'NONE', #2201, .T. ) ;
#254 = EDGE_CURVE ( 'NONE', #4000, #1888, #2606, .T. ) ;
#255 = AXIS2_PLACEMENT_3D ( 'NONE', #2393, #834, #4239 ) ;
#256 =( GEOMETRIC_REPRESENTATION_CONTEXT ( 3 ) GLOBAL_UNCERTAINTY_ASSIGNED_CONTEXT ( ( #2504 ) ) GLOBAL_UNIT_ASSIGNED_CONTEXT ( ( #331, #1075, #1035 ) ) REPRESENTATION_CONTEXT ( 'NONE', 'WORKASPACE' ) );
#257 = VECTOR ( 'NONE', #3738, 1000.000000000000000 ) ;
#258 = SURFACE_STYLE_USAGE ( .BOTH. , #1015 ) ;
#259 = VECTOR ( 'NONE', #581, 1000.000000000000000 ) ;
#260 = LINE ( 'NONE', #293, #1134 ) ;
#261 = PLANE ( 'NONE',  #2507 ) ;
#262 = MECHANICAL_DESIGN_GEOMETRIC_PRESENTATION_REPRESENTATION (  '', ( #2891 ), #2028 ) ;
#263 = DIRECTION ( 'NONE',  ( 1.301042606982605300E-015, -0.0000000000000000000, 1.000000000000000000 ) ) ;
#264 = EDGE_LOOP ( 'NONE', ( #2955, #3768, #3234, #1824 ) ) ;
#265 = VERTEX_POINT ( 'NONE', #4170 ) ;
#266 = CIRCLE ( 'NONE', #1621, 0.1499999999999999700 ) ;
#267 = DIRECTION ( 'NONE',  ( 0.0000000000000000000, 1.000000000000000000, 0.0000000000000000000 ) ) ;
#268 = CARTESIAN_POINT ( 'NONE',  ( 1.199999999999999500, 0.6500000000000000200, 0.3499999999999999200 ) ) ;
#269 = EDGE_LOOP ( 'NONE', ( #4242, #1535, #391, #4773 ) ) ;
#270 = VECTOR ( 'NONE', #3458, 1000.000000000000000 ) ;
#271 = DIRECTION ( 'NONE',  ( -4.336808689942018200E-016, 0.0000000000000000000, 1.000000000000000000 ) ) ;
#272 = ADVANCED_FACE ( 'NONE', ( #960 ), #3830, .F. ) ;
#273 = EDGE_LOOP ( 'NONE', ( #1627, #4440, #1172, #2227 ) ) ;
#274 = DIRECTION ( 'NONE',  ( -0.0000000000000000000, -1.000000000000000000, 0.0000000000000000000 ) ) ;
#275 = PLANE ( 'NONE',  #321 ) ;
#276 = ORIENTED_EDGE ( 'NONE', *, *, #2234, .F. ) ;
#277 = PLANE ( 'NONE',  #4749 ) ;
#278 = DIRECTION ( 'NONE',  ( 0.0000000000000000000, -0.0000000000000000000, -1.000000000000000000 ) ) ;
#279 = EDGE_LOOP ( 'NONE', ( #2283, #67, #3576, #693 ) ) ;
#280 = CARTESIAN_POINT ( 'NONE',  ( 6.505213034913026600E-016, 0.0000000000000000000, -1.199999999999999700 ) ) ;
#281 = DIRECTION ( 'NONE',  ( -1.000000000000000000, 0.0000000000000000000, -1.734723475976807100E-016 ) ) ;
#282 = EDGE_CURVE ( 'NONE', #3791, #1430, #200, .T. ) ;
#283 = DIRECTION ( 'NONE',  ( 0.0000000000000000000, -1.000000000000000000, 0.0000000000000000000 ) ) ;
#284 = EDGE_CURVE ( 'NONE', #3275, #265, #3256, .T. ) ;
#285 = VERTEX_POINT ( 'NONE', #1915 ) ;
#286 = AXIS2_PLACEMENT_3D ( 'NONE', #1931, #3054, #2647 ) ;
#287 = PLANE ( 'NONE',  #640 ) ;
#288 = VECTOR ( 'NONE', #3291, 1000.000000000000000 ) ;
#289 = DIRECTION ( 'NONE',  ( -1.000000000000000000, 0.0000000000000000000, 0.0000000000000000000 ) ) ;
#290 = LINE ( 'NONE', #3534, #4744 ) ;
#291 = ORIENTED_EDGE ( 'NONE', *, *, #2978, .F. ) ;
#292 = EDGE_CURVE ( 'NONE', #4280, #1037, #1728, .T. ) ;
#293 = CARTESIAN_POINT ( 'NONE',  ( -0.7499999999999997800, 0.1000000000000000100, 0.6249999999999997800 ) ) ;
#294 = LINE ( 'NONE', #4443, #2230 ) ;
#295 = CARTESIAN_POINT ( 'NONE',  ( -1.370000000000000100, 0.6500000000000000200, -0.1499999999999999900 ) ) ;
#296 = FACE_OUTER_BOUND ( 'NONE', #2820, .T. ) ;
#297 = ADVANCED_FACE ( 'NONE', ( #4650 ), #748, .T. ) ;
#298 = VERTEX_POINT ( 'NONE', #380 ) ;
#299 = LINE ( 'NONE', #465, #477 ) ;
#300 =( NAMED_UNIT ( * ) SI_UNIT ( $, .STERADIAN. ) SOLID_ANGLE_UNIT ( ) );
#301 = ORIENTED_EDGE ( 'NONE', *, *, #102, .T. ) ;
#302 = DIRECTION ( 'NONE',  ( -1.000000000000000000, 0.0000000000000000000, 0.0000000000000000000 ) ) ;
#303 = CARTESIAN_POINT ( 'NONE',  ( 0.3500000000000007000, 0.1499999999999999900, -1.370000000000000100 ) ) ;
#304 = ORIENTED_EDGE ( 'NONE', *, *, #3843, .T. ) ;
#305 = CARTESIAN_POINT ( 'NONE',  ( 1.370000000000000100, 0.1499999999999999900, -1.370000000000000100 ) ) ;
#306 = VECTOR ( 'NONE', #1051, 1000.000000000000000 ) ;
#307 = DIRECTION ( 'NONE',  ( 0.0000000000000000000, 1.000000000000000000, -0.0000000000000000000 ) ) ;
#308 = FACE_OUTER_BOUND ( 'NONE', #710, .T. ) ;
#309 = EDGE_CURVE ( 'NONE', #2967, #388, #1851, .T. ) ;
#310 = ORIENTED_EDGE ( 'NONE', *, *, #3613, .T. ) ;
#311 = AXIS2_PLACEMENT_3D ( 'NONE', #1581, #3590, #2838 ) ;
#312 = CARTESIAN_POINT ( 'NONE',  ( 1.199999999999999500, 0.1499999999999999700, -0.6500000000000001300 ) ) ;
#313 = FACE_OUTER_BOUND ( 'NONE', #3136, .T. ) ;
#314 = CARTESIAN_POINT ( 'NONE',  ( 6.505213034913026600E-016, 0.1499999999999999900, -1.199999999999999700 ) ) ;
#315 = ORIENTED_EDGE ( 'NONE', *, *, #1542, .F. ) ;
#316 = LINE ( 'NONE', #2354, #2439 ) ;
#317 = ORIENTED_EDGE ( 'NONE', *, *, #2318, .F. ) ;
#318 = DIRECTION ( 'NONE',  ( -0.0000000000000000000, -1.000000000000000000, -0.0000000000000000000 ) ) ;
#319 = DIRECTION ( 'NONE',  ( -1.000000000000000000, 0.0000000000000000000, 0.0000000000000000000 ) ) ;
#320 = EDGE_CURVE ( 'NONE', #4141, #4873, #727, .T. ) ;
#321 = AXIS2_PLACEMENT_3D ( 'NONE', #2913, #657, #1768 ) ;
#322 = ORIENTED_EDGE ( 'NONE', *, *, #1038, .F. ) ;
#323 = ADVANCED_FACE ( 'NONE', ( #1613 ), #2656, .T. ) ;
#324 = ORIENTED_EDGE ( 'NONE', *, *, #2515, .T. ) ;
#325 = EDGE_CURVE ( 'NONE', #3463, #968, #1485, .T. ) ;
#326 = FACE_OUTER_BOUND ( 'NONE', #2391, .T. ) ;
#327 = ORIENTED_EDGE ( 'NONE', *, *, #2521, .F. ) ;
#328 = CARTESIAN_POINT ( 'NONE',  ( -0.7499999999999997800, -0.0000000000000000000, -0.6250000000000001100 ) ) ;
#329 = PRESENTATION_STYLE_ASSIGNMENT (( #258 ) ) ;
#330 = DIRECTION ( 'NONE',  ( 0.0000000000000000000, -0.0000000000000000000, 1.000000000000000000 ) ) ;
#331 =( LENGTH_UNIT ( ) NAMED_UNIT ( * ) SI_UNIT ( .MILLI., .METRE. ) );
#332 = ORIENTED_EDGE ( 'NONE', *, *, #4203, .T. ) ;
#333 = VERTEX_POINT ( 'NONE', #3074 ) ;
#334 = DIRECTION ( 'NONE',  ( 0.0000000000000000000, -1.000000000000000000, 0.0000000000000000000 ) ) ;
#335 = CARTESIAN_POINT ( 'NONE',  ( 0.6500000000000010200, 0.0000000000000000000, 1.449999999999999300 ) ) ;
#336 = ORIENTED_EDGE ( 'NONE', *, *, #1281, .F. ) ;
#337 = ORIENTED_EDGE ( 'NONE', *, *, #3813, .F. ) ;
#338 = CARTESIAN_POINT ( 'NONE',  ( -0.4999999999999993300, 0.1499999999999999900, -1.199999999999999700 ) ) ;
#339 = ORIENTED_EDGE ( 'NONE', *, *, #3543, .T. ) ;
#340 = ORIENTED_EDGE ( 'NONE', *, *, #699, .F. ) ;
#341 = ORIENTED_EDGE ( 'NONE', *, *, #2940, .F. ) ;
#342 = CARTESIAN_POINT ( 'NONE',  ( -1.370000000000000100, -0.0000000000000000000, -0.3500000000000000300 ) ) ;
#343 = DIRECTION ( 'NONE',  ( 0.0000000000000000000, 0.0000000000000000000, -1.000000000000000000 ) ) ;
#344 = DIRECTION ( 'NONE',  ( 0.0000000000000000000, -1.000000000000000000, 0.0000000000000000000 ) ) ;
#345 = CARTESIAN_POINT ( 'NONE',  ( -0.4999999999999993300, 0.1499999999999999900, 1.370000000000000100 ) ) ;
#346 = DIRECTION ( 'NONE',  ( -0.0000000000000000000, -1.000000000000000000, -0.0000000000000000000 ) ) ;
#347 = VECTOR ( 'NONE', #344, 1000.000000000000000 ) ;
#348 = DIRECTION ( 'NONE',  ( 0.0000000000000000000, -0.0000000000000000000, -1.000000000000000000 ) ) ;
#349 = EDGE_CURVE ( 'NONE', #87, #3197, #3198, .T. ) ;
#350 = DIRECTION ( 'NONE',  ( 0.0000000000000000000, -1.000000000000000000, 0.0000000000000000000 ) ) ;
#351 = CARTESIAN_POINT ( 'NONE',  ( 1.370000000000000100, 0.0000000000000000000, 0.1499999999999999700 ) ) ;
#352 = CYLINDRICAL_SURFACE ( 'NONE', #2309, 0.1499999999999999700 ) ;
#353 = CARTESIAN_POINT ( 'NONE',  ( -0.6499999999999993600, 0.6500000000000001300, -1.199999999999999700 ) ) ;
#354 = VECTOR ( 'NONE', #2759, 1000.000000000000000 ) ;
#355 = CARTESIAN_POINT ( 'NONE',  ( 0.3500000000000010300, 0.6500000000000001300, 1.449999999999999700 ) ) ;
#356 = ORIENTED_EDGE ( 'NONE', *, *, #2521, .T. ) ;
#357 = AXIS2_PLACEMENT_3D ( 'NONE', #4379, #1307, #3190 ) ;
#358 = VERTEX_POINT ( 'NONE', #69 ) ;
#359 = CARTESIAN_POINT ( 'NONE',  ( -1.049999999999999600, 0.8499999999999999800, -1.199999999999999700 ) ) ;
#360 = CARTESIAN_POINT ( 'NONE',  ( -1.199999999999999500, 0.0000000000000000000, 0.1499999999999998600 ) ) ;
#361 = LINE ( 'NONE', #2799, #1892 ) ;
#362 = VERTEX_POINT ( 'NONE', #847 ) ;
#363 = DIRECTION ( 'NONE',  ( -1.734723475976810100E-015, 0.0000000000000000000, -1.000000000000000000 ) ) ;
#364 = LINE ( 'NONE', #4252, #3072 ) ;
#365 = CARTESIAN_POINT ( 'NONE',  ( -0.6249999999999997800, -0.0000000000000000000, -0.7500000000000002200 ) ) ;
#366 = DIRECTION ( 'NONE',  ( 0.0000000000000000000, 0.0000000000000000000, 1.000000000000000000 ) ) ;
#367 = DIRECTION ( 'NONE',  ( 0.0000000000000000000, 0.0000000000000000000, -1.000000000000000000 ) ) ;
#368 = PLANE ( 'NONE',  #1863 ) ;
#369 = VECTOR ( 'NONE', #4618, 1000.000000000000000 ) ;
#370 = EDGE_LOOP ( 'NONE', ( #4709, #301, #564, #4494 ) ) ;
#371 = LINE ( 'NONE', #2389, #2021 ) ;
#372 = CARTESIAN_POINT ( 'NONE',  ( 0.6250000000000002200, 0.0000000000000000000, 0.7500000000000000000 ) ) ;
#373 = ORIENTED_EDGE ( 'NONE', *, *, #1413, .F. ) ;
#374 = ORIENTED_EDGE ( 'NONE', *, *, #4819, .F. ) ;
#375 = EDGE_CURVE ( 'NONE', #3598, #4511, #4598, .T. ) ;
#376 = AXIS2_PLACEMENT_3D ( 'NONE', #3273, #3640, #3257 ) ;
#377 = LINE ( 'NONE', #2609, #2553 ) ;
#378 = CARTESIAN_POINT ( 'NONE',  ( 1.370000000000000100, 0.0000000000000000000, 0.6500000000000000200 ) ) ;
#379 = DIRECTION ( 'NONE',  ( 1.000000000000000000, 0.0000000000000000000, 0.0000000000000000000 ) ) ;
#380 = CARTESIAN_POINT ( 'NONE',  ( -0.6499999999999991300, 0.0000000000000000000, -1.370000000000000100 ) ) ;
#381 = VERTEX_POINT ( 'NONE', #1979 ) ;
#382 = ORIENTED_EDGE ( 'NONE', *, *, #1939, .F. ) ;
#383 = CARTESIAN_POINT ( 'NONE',  ( -0.6249999999999997800, 0.0000000000000000000, 0.6249999999999997800 ) ) ;
#384 = VECTOR ( 'NONE', #1772, 1000.000000000000000 ) ;
#385 = PLANE ( 'NONE',  #4706 ) ;
#386 = AXIS2_PLACEMENT_3D ( 'NONE', #1723, #3248, #3973 ) ;
#387 = EDGE_CURVE ( 'NONE', #2291, #1037, #3632, .T. ) ;
#388 = VERTEX_POINT ( 'NONE', #107 ) ;
#389 = DIRECTION ( 'NONE',  ( -1.495451272393799300E-016, -0.0000000000000000000, 1.000000000000000000 ) ) ;
#390 = FACE_BOUND ( 'NONE', #4621, .T. ) ;
#391 = ORIENTED_EDGE ( 'NONE', *, *, #2523, .F. ) ;
#392 =( GEOMETRIC_REPRESENTATION_CONTEXT ( 3 ) GLOBAL_UNCERTAINTY_ASSIGNED_CONTEXT ( ( #4227 ) ) GLOBAL_UNIT_ASSIGNED_CONTEXT ( ( #425, #2004, #2770 ) ) REPRESENTATION_CONTEXT ( 'NONE', 'WORKASPACE' ) );
#393 = PLANE ( 'NONE',  #3251 ) ;
#394 = ADVANCED_FACE ( 'NONE', ( #1553 ), #2706, .F. ) ;
#395 = DIRECTION ( 'NONE',  ( -1.000000000000000000, 0.0000000000000000000, 1.734723475976810100E-015 ) ) ;
#396 = DIRECTION ( 'NONE',  ( -0.0000000000000000000, -1.000000000000000000, -0.0000000000000000000 ) ) ;
#397 = CARTESIAN_POINT ( 'NONE',  ( 0.7500000000000002200, 0.0000000000000000000, -0.6250000000000000000 ) ) ;
#398 = ORIENTED_EDGE ( 'NONE', *, *, #102, .F. ) ;
#399 = EDGE_LOOP ( 'NONE', ( #1712, #1439, #113, #1571 ) ) ;
#400 = SURFACE_STYLE_USAGE ( .BOTH. , #4515 ) ;
#401 = ORIENTED_EDGE ( 'NONE', *, *, #1195, .T. ) ;
#402 = DIRECTION ( 'NONE',  ( 0.0000000000000000000, -0.0000000000000000000, -1.000000000000000000 ) ) ;
#403 = EDGE_CURVE ( 'NONE', #2921, #1287, #1186, .T. ) ;
#404 = EDGE_CURVE ( 'NONE', #4358, #2094, #4412, .T. ) ;
#405 = VECTOR ( 'NONE', #1106, 1000.000000000000000 ) ;
#406 = DIRECTION ( 'NONE',  ( -1.301042606982605500E-015, 0.0000000000000000000, -1.000000000000000000 ) ) ;
#407 = DIRECTION ( 'NONE',  ( -1.000000000000000000, 0.0000000000000000000, 0.0000000000000000000 ) ) ;
#408 = EDGE_LOOP ( 'NONE', ( #4296, #4611, #3245, #991, #2880 ) ) ;
#409 = DIRECTION ( 'NONE',  ( 0.0000000000000000000, 1.000000000000000000, 0.0000000000000000000 ) ) ;
#410 = VECTOR ( 'NONE', #1302, 1000.000000000000000 ) ;
#411 = DIRECTION ( 'NONE',  ( 0.0000000000000000000, 0.0000000000000000000, 1.000000000000000000 ) ) ;
#412 = EDGE_CURVE ( 'NONE', #3504, #2416, #4124, .T. ) ;
#413 = LINE ( 'NONE', #2732, #4103 ) ;
#414 = DIRECTION ( 'NONE',  ( 0.0000000000000000000, 0.0000000000000000000, -1.000000000000000000 ) ) ;
#415 = ORIENTED_EDGE ( 'NONE', *, *, #4202, .F. ) ;
#416 = EDGE_CURVE ( 'NONE', #3599, #2068, #85, .T. ) ;
#417 = CARTESIAN_POINT ( 'NONE',  ( 1.199999999999999500, 0.6500000000000000200, 0.1499999999999998600 ) ) ;
#418 = CARTESIAN_POINT ( 'NONE',  ( -1.049999999999999600, 0.8499999999999999800, -1.049999999999999800 ) ) ;
#419 = LINE ( 'NONE', #2106, #3304 ) ;
#420 = CARTESIAN_POINT ( 'NONE',  ( 0.6250000000000002200, 0.0000000000000000000, 0.7500000000000000000 ) ) ;
#421 = ORIENTED_EDGE ( 'NONE', *, *, #4448, .F. ) ;
#422 = DIRECTION ( 'NONE',  ( 0.0000000000000000000, 0.0000000000000000000, -1.000000000000000000 ) ) ;
#423 = AXIS2_PLACEMENT_3D ( 'NONE', #4028, #602, #3287 ) ;
#424 = LINE ( 'NONE', #4224, #3184 ) ;
#425 =( LENGTH_UNIT ( ) NAMED_UNIT ( * ) SI_UNIT ( .MILLI., .METRE. ) );
#426 = ORIENTED_EDGE ( 'NONE', *, *, #4832, .T. ) ;
#427 = CARTESIAN_POINT ( 'NONE',  ( 1.370000000000000100, 0.0000000000000000000, 1.370000000000000100 ) ) ;
#428 = DIRECTION ( 'NONE',  ( 0.0000000000000000000, 0.0000000000000000000, -1.000000000000000000 ) ) ;
#429 = LINE ( 'NONE', #3537, #2960 ) ;
#430 = DIRECTION ( 'NONE',  ( 0.0000000000000000000, 1.000000000000000000, -0.0000000000000000000 ) ) ;
#431 = LINE ( 'NONE', #3533, #2139 ) ;
#432 = DIRECTION ( 'NONE',  ( -0.0000000000000000000, -1.000000000000000000, 0.0000000000000000000 ) ) ;
#433 = VECTOR ( 'NONE', #1881, 1000.000000000000000 ) ;
#434 = DIRECTION ( 'NONE',  ( 0.0000000000000000000, -1.000000000000000000, 0.0000000000000000000 ) ) ;
#435 = ORIENTED_EDGE ( 'NONE', *, *, #3327, .T. ) ;
#436 = CIRCLE ( 'NONE', #2947, 0.1499999999999999700 ) ;
#437 = DIRECTION ( 'NONE',  ( 0.0000000000000000000, -0.0000000000000000000, 1.000000000000000000 ) ) ;
#438 = VERTEX_POINT ( 'NONE', #3847 ) ;
#439 = VERTEX_POINT ( 'NONE', #3472 ) ;
#440 = CYLINDRICAL_SURFACE ( 'NONE', #3787, 0.1499999999999999700 ) ;
#441 = CARTESIAN_POINT ( 'NONE',  ( 0.5000000000000006700, 0.1499999999999999700, -1.199999999999999700 ) ) ;
#442 = ORIENTED_EDGE ( 'NONE', *, *, #2463, .F. ) ;
#443 = EDGE_CURVE ( 'NONE', #4370, #2206, #3877, .T. ) ;
#444 = VERTEX_POINT ( 'NONE', #4249 ) ;
#445 = VECTOR ( 'NONE', #505, 1000.000000000000000 ) ;
#446 = DIRECTION ( 'NONE',  ( 0.0000000000000000000, -1.000000000000000000, 0.0000000000000000000 ) ) ;
#447 = ORIENTED_EDGE ( 'NONE', *, *, #1841, .T. ) ;
#448 = CARTESIAN_POINT ( 'NONE',  ( -0.7499999999999997800, 0.1000000000000000100, -0.6250000000000001100 ) ) ;
#449 = ORIENTED_EDGE ( 'NONE', *, *, #1988, .T. ) ;
#450 = ORIENTED_EDGE ( 'NONE', *, *, #3753, .T. ) ;
#451 = DIRECTION ( 'NONE',  ( 0.0000000000000000000, -1.000000000000000000, 0.0000000000000000000 ) ) ;
#452 = DIRECTION ( 'NONE',  ( 0.0000000000000000000, -0.0000000000000000000, 1.000000000000000000 ) ) ;
#453 = EDGE_CURVE ( 'NONE', #230, #1677, #2965, .T. ) ;
#454 = CARTESIAN_POINT ( 'NONE',  ( -1.370000000000000100, 0.0000000000000000000, -0.6500000000000000200 ) ) ;
#455 = ORIENTED_EDGE ( 'NONE', *, *, #3176, .T. ) ;
#456 = VERTEX_POINT ( 'NONE', #1957 ) ;
#457 = VERTEX_POINT ( 'NONE', #1185 ) ;
#458 = PLANE ( 'NONE',  #286 ) ;
#459 = ORIENTED_EDGE ( 'NONE', *, *, #4587, .F. ) ;
#460 = ORIENTED_EDGE ( 'NONE', *, *, #793, .T. ) ;
#461 = DIRECTION ( 'NONE',  ( -1.000000000000000000, 0.0000000000000000000, -4.336808689942018200E-016 ) ) ;
#462 = DIRECTION ( 'NONE',  ( -0.0000000000000000000, -0.0000000000000000000, 1.000000000000000000 ) ) ;
#463 = DIRECTION ( 'NONE',  ( -1.000000000000000000, 0.0000000000000000000, -2.602085213965210600E-016 ) ) ;
#464 = VECTOR ( 'NONE', #4413, 1000.000000000000000 ) ;
#465 = CARTESIAN_POINT ( 'NONE',  ( 1.199999999999999500, 0.0000000000000000000, 0.3499999999999999200 ) ) ;
#466 = ADVANCED_FACE ( 'NONE', ( #1791 ), #3859, .T. ) ;
#467 = DIRECTION ( 'NONE',  ( -1.000000000000000000, 0.0000000000000000000, 4.336808689942018200E-016 ) ) ;
#468 = LINE ( 'NONE', #2023, #3117 ) ;
#469 = LINE ( 'NONE', #1531, #1594 ) ;
#470 = EDGE_CURVE ( 'NONE', #3601, #3728, #1847, .T. ) ;
#471 = ORIENTED_EDGE ( 'NONE', *, *, #1280, .F. ) ;
#472 = AXIS2_PLACEMENT_3D ( 'NONE', #473, #889, #858 ) ;
#473 = CARTESIAN_POINT ( 'NONE',  ( 1.370000000000000100, 0.1499999999999999900, 1.370000000000000100 ) ) ;
#474 = FACE_OUTER_BOUND ( 'NONE', #1168, .T. ) ;
#475 = ORIENTED_EDGE ( 'NONE', *, *, #3312, .F. ) ;
#476 = AXIS2_PLACEMENT_3D ( 'NONE', #933, #3585, #3342 ) ;
#477 = VECTOR ( 'NONE', #1940, 1000.000000000000000 ) ;
#478 = CARTESIAN_POINT ( 'NONE',  ( -0.6499999999999991300, 0.0000000000000000000, 1.370000000000000100 ) ) ;
#479 = EDGE_CURVE ( 'NONE', #3394, #2905, #3992, .T. ) ;
#480 = DIRECTION ( 'NONE',  ( 0.0000000000000000000, -1.000000000000000000, 0.0000000000000000000 ) ) ;
#481 = VERTEX_POINT ( 'NONE', #4216 ) ;
#482 = LINE ( 'NONE', #4827, #719 ) ;
#483 = CARTESIAN_POINT ( 'NONE',  ( 1.370000000000000100, 0.1499999999999999900, 0.1499999999999999700 ) ) ;
#484 = AXIS2_PLACEMENT_3D ( 'NONE', #1164, #1592, #1942 ) ;
#485 = VECTOR ( 'NONE', #2429, 1000.000000000000000 ) ;
#486 = VECTOR ( 'NONE', #4111, 1000.000000000000000 ) ;
#487 = PLANE ( 'NONE',  #472 ) ;
#488 = CARTESIAN_POINT ( 'NONE',  ( 0.1500000000000006100, 0.0000000000000000000, -1.199999999999999700 ) ) ;
#489 = VECTOR ( 'NONE', #2738, 1000.000000000000000 ) ;
#490 = ADVANCED_FACE ( 'NONE', ( #3318 ), #2715, .T. ) ;
#491 = ORIENTED_EDGE ( 'NONE', *, *, #3809, .T. ) ;
#492 = LINE ( 'NONE', #4402, #1362 ) ;
#493 = CARTESIAN_POINT ( 'NONE',  ( 0.1500000000000008300, 0.0000000000000000000, 1.370000000000000100 ) ) ;
#494 = ORIENTED_EDGE ( 'NONE', *, *, #1156, .T. ) ;
#495 = CARTESIAN_POINT ( 'NONE',  ( -0.4999999999999993300, 0.1499999999999999900, 1.199999999999999700 ) ) ;
#496 = ORIENTED_EDGE ( 'NONE', *, *, #885, .F. ) ;
#497 = ORIENTED_EDGE ( 'NONE', *, *, #3622, .F. ) ;
#498 = EDGE_CURVE ( 'NONE', #551, #4729, #4874, .T. ) ;
#499 = CARTESIAN_POINT ( 'NONE',  ( 0.7500000000000002200, 0.1000000000000000100, 0.6250000000000000000 ) ) ;
#500 = AXIS2_PLACEMENT_3D ( 'NONE', #2074, #3193, #188 ) ;
#501 = CYLINDRICAL_SURFACE ( 'NONE', #1449, 0.1250000000000001100 ) ;
#502 = ORIENTED_EDGE ( 'NONE', *, *, #833, .T. ) ;
#503 = DIRECTION ( 'NONE',  ( 1.000000000000000000, 0.0000000000000000000, -1.301042606982605300E-015 ) ) ;
#504 = FACE_OUTER_BOUND ( 'NONE', #1756, .T. ) ;
#505 = DIRECTION ( 'NONE',  ( -0.0000000000000000000, -0.0000000000000000000, -1.000000000000000000 ) ) ;
#506 = VERTEX_POINT ( 'NONE', #1910 ) ;
#507 = EDGE_CURVE ( 'NONE', #217, #744, #1019, .T. ) ;
#508 = ORIENTED_EDGE ( 'NONE', *, *, #2486, .T. ) ;
#509 = FACE_OUTER_BOUND ( 'NONE', #273, .T. ) ;
#510 = EDGE_CURVE ( 'NONE', #3925, #797, #1726, .T. ) ;
#511 = ORIENTED_EDGE ( 'NONE', *, *, #4615, .T. ) ;
#512 = CARTESIAN_POINT ( 'NONE',  ( -0.6499999999999993600, 0.0000000000000000000, -1.199999999999999700 ) ) ;
#513 = VERTEX_POINT ( 'NONE', #4181 ) ;
#514 = CARTESIAN_POINT ( 'NONE',  ( 0.3500000000000007000, 0.0000000000000000000, 1.199999999999999700 ) ) ;
#515 = CARTESIAN_POINT ( 'NONE',  ( -0.6499999999999991300, 0.1499999999999999900, -1.370000000000000100 ) ) ;
#516 = DIRECTION ( 'NONE',  ( 0.0000000000000000000, -1.000000000000000000, 0.0000000000000000000 ) ) ;
#517 = ADVANCED_FACE ( 'NONE', ( #4764 ), #2271, .F. ) ;
#518 = VERTEX_POINT ( 'NONE', #3087 ) ;
#519 = DIRECTION ( 'NONE',  ( 1.000000000000000000, -0.0000000000000000000, -4.336808689942017700E-016 ) ) ;
#520 = EDGE_LOOP ( 'NONE', ( #808, #861, #2388, #1212 ) ) ;
#521 = VECTOR ( 'NONE', #2933, 1000.000000000000000 ) ;
#522 = DIRECTION ( 'NONE',  ( 1.000000000000000000, 0.0000000000000000000, 0.0000000000000000000 ) ) ;
#523 = CIRCLE ( 'NONE', #1807, 0.1499999999999999700 ) ;
#524 = LINE ( 'NONE', #3662, #1161 ) ;
#525 = CARTESIAN_POINT ( 'NONE',  ( -1.199999999999999500, 0.0000000000000000000, 0.1499999999999998600 ) ) ;
#526 = DIRECTION ( 'NONE',  ( 0.0000000000000000000, 1.000000000000000000, 0.0000000000000000000 ) ) ;
#527 = CLOSED_SHELL ( 'NONE', ( #2587, #394, #176, #4579, #4114, #2044 ) ) ;
#528 = DIRECTION ( 'NONE',  ( -0.0000000000000000000, -1.000000000000000000, -0.0000000000000000000 ) ) ;
#529 = CYLINDRICAL_SURFACE ( 'NONE', #2552, 0.1250000000000000000 ) ;
#530 = CARTESIAN_POINT ( 'NONE',  ( 0.6500000000000005800, 0.0000000000000000000, 1.199999999999999700 ) ) ;
#531 = LINE ( 'NONE', #1569, #4504 ) ;
#532 = VERTEX_POINT ( 'NONE', #4560 ) ;
#533 = FACE_OUTER_BOUND ( 'NONE', #2453, .T. ) ;
#534 = EDGE_CURVE ( 'NONE', #3906, #3374, #3628, .T. ) ;
#535 = EDGE_CURVE ( 'NONE', #3657, #2905, #2962, .T. ) ;
#536 = AXIS2_PLACEMENT_3D ( 'NONE', #441, #1524, #3027 ) ;
#537 = ORIENTED_EDGE ( 'NONE', *, *, #70, .F. ) ;
#538 = FILL_AREA_STYLE_COLOUR ( '', #4234 ) ;
#539 = VECTOR ( 'NONE', #4568, 1000.000000000000000 ) ;
#540 = ADVANCED_FACE ( 'NONE', ( #547 ), #393, .T. ) ;
#541 = UNCERTAINTY_MEASURE_WITH_UNIT (LENGTH_MEASURE( 1.000000000000000100E-005 ), #2705, 'distance_accuracy_value', 'NONE');
#542 = CARTESIAN_POINT ( 'NONE',  ( 0.6500000000000005800, 0.1499999999999999900, -1.199999999999999700 ) ) ;
#543 = DIRECTION ( 'NONE',  ( -1.000000000000000000, 0.0000000000000000000, -4.336808689942018200E-016 ) ) ;
#544 = AXIS2_PLACEMENT_3D ( 'NONE', #236, #1372, #1740 ) ;
#545 = ADVANCED_FACE ( 'NONE', ( #81 ), #3841, .F. ) ;
#546 = PRODUCT_DEFINITION_SHAPE ( 'NONE', 'NONE',  #105 ) ;
#547 = FACE_OUTER_BOUND ( 'NONE', #4374, .T. ) ;
#548 = PLANE ( 'NONE',  #4315 ) ;
#549 = FACE_OUTER_BOUND ( 'NONE', #3396, .T. ) ;
#550 = PLANE ( 'NONE',  #4288 ) ;
#551 = VERTEX_POINT ( 'NONE', #1946 ) ;
#552 = EDGE_LOOP ( 'NONE', ( #1734, #324, #1987, #3123 ) ) ;
#553 = CLOSED_SHELL ( 'NONE', ( #1708, #1785, #1344, #2447, #1556, #4062 ) ) ;
#554 = LINE ( 'NONE', #1558, #2446 ) ;
#555 = CARTESIAN_POINT ( 'NONE',  ( -0.7499999999999997800, 0.1000000000000000100, 0.6249999999999997800 ) ) ;
#556 = CARTESIAN_POINT ( 'NONE',  ( 1.370000000000000100, 0.1499999999999999900, -0.6500000000000000200 ) ) ;
#557 = ORIENTED_EDGE ( 'NONE', *, *, #4041, .F. ) ;
#558 = CARTESIAN_POINT ( 'NONE',  ( 1.199999999999999500, 0.1499999999999999700, 0.3499999999999999200 ) ) ;
#559 = CARTESIAN_POINT ( 'NONE',  ( 1.199999999999999500, 0.0000000000000000000, 0.6499999999999999100 ) ) ;
#560 = LINE ( 'NONE', #2313, #2335 ) ;
#561 = PLANE ( 'NONE',  #4576 ) ;
#562 = EDGE_CURVE ( 'NONE', #232, #3214, #1299, .T. ) ;
#563 = CARTESIAN_POINT ( 'NONE',  ( -1.199999999999999500, 0.6500000000000000200, 0.6499999999999999100 ) ) ;
#564 = ORIENTED_EDGE ( 'NONE', *, *, #165, .T. ) ;
#565 = VERTEX_POINT ( 'NONE', #4643 ) ;
#566 = AXIS2_PLACEMENT_3D ( 'NONE', #4375, #2808, #4745 ) ;
#567 = ADVANCED_FACE ( 'NONE', ( #2674 ), #1611, .T. ) ;
#568 = ORIENTED_EDGE ( 'NONE', *, *, #2584, .T. ) ;
#569 = CARTESIAN_POINT ( 'NONE',  ( -0.6499999999999993600, 0.1499999999999999900, -1.199999999999999700 ) ) ;
#570 = DIRECTION ( 'NONE',  ( 0.0000000000000000000, -1.000000000000000000, 0.0000000000000000000 ) ) ;
#571 = EDGE_CURVE ( 'NONE', #4087, #4289, #2196, .T. ) ;
#572 = AXIS2_PLACEMENT_3D ( 'NONE', #745, #379, #4169 ) ;
#573 = EDGE_CURVE ( 'NONE', #597, #4491, #4815, .T. ) ;
#574 = ORIENTED_EDGE ( 'NONE', *, *, #2886, .F. ) ;
#575 = DIRECTION ( 'NONE',  ( 0.0000000000000000000, 1.000000000000000000, 0.0000000000000000000 ) ) ;
#576 = VERTEX_POINT ( 'NONE', #3132 ) ;
#577 = CARTESIAN_POINT ( 'NONE',  ( -0.1499999999999993000, 0.1499999999999999900, -1.199999999999999700 ) ) ;
#578 = DIRECTION ( 'NONE',  ( 0.0000000000000000000, 0.0000000000000000000, -1.000000000000000000 ) ) ;
#579 = AXIS2_PLACEMENT_3D ( 'NONE', #3330, #1862, #1435 ) ;
#580 = DIRECTION ( 'NONE',  ( 1.000000000000000000, 0.0000000000000000000, -0.0000000000000000000 ) ) ;
#581 = DIRECTION ( 'NONE',  ( -1.000000000000000000, -0.0000000000000000000, -4.336808689942017700E-016 ) ) ;
#582 = ORIENTED_EDGE ( 'NONE', *, *, #535, .T. ) ;
#583 = DIRECTION ( 'NONE',  ( 0.0000000000000000000, 1.000000000000000000, 0.0000000000000000000 ) ) ;
#584 = DIRECTION ( 'NONE',  ( -0.0000000000000000000, -1.000000000000000000, -0.0000000000000000000 ) ) ;
#585 = VECTOR ( 'NONE', #2087, 1000.000000000000000 ) ;
#586 = CARTESIAN_POINT ( 'NONE',  ( -1.199999999999999500, 0.1499999999999999700, -1.084202172485504400E-016 ) ) ;
#587 = LINE ( 'NONE', #1549, #354 ) ;
#588 = ORIENTED_EDGE ( 'NONE', *, *, #2651, .F. ) ;
#589 = VECTOR ( 'NONE', #4186, 1000.000000000000000 ) ;
#590 = CARTESIAN_POINT ( 'NONE',  ( -0.1499999999999993000, 0.0000000000000000000, -1.199999999999999700 ) ) ;
#591 = CARTESIAN_POINT ( 'NONE',  ( 1.199999999999999500, 0.6500000000000000200, -0.1500000000000000800 ) ) ;
#592 = ADVANCED_FACE ( 'NONE', ( #3870 ), #129, .F. ) ;
#593 = VERTEX_POINT ( 'NONE', #3549 ) ;
#594 = AXIS2_PLACEMENT_3D ( 'NONE', #3477, #3851, #77 ) ;
#595 = DIRECTION ( 'NONE',  ( -1.000000000000000000, 0.0000000000000000000, 4.336808689942018200E-016 ) ) ;
#596 = LINE ( 'NONE', #3459, #242 ) ;
#597 = VERTEX_POINT ( 'NONE', #859 ) ;
#598 = EDGE_CURVE ( 'NONE', #593, #3153, #4704, .T. ) ;
#599 = LINE ( 'NONE', #109, #844 ) ;
#600 = CARTESIAN_POINT ( 'NONE',  ( -1.370000000000000100, 0.1499999999999999700, -0.3500000000000000300 ) ) ;
#601 = ORIENTED_EDGE ( 'NONE', *, *, #3410, .T. ) ;
#602 = DIRECTION ( 'NONE',  ( -0.0000000000000000000, -1.000000000000000000, -0.0000000000000000000 ) ) ;
#603 = CIRCLE ( 'NONE', #386, 0.1499999999999999700 ) ;
#604 = DIRECTION ( 'NONE',  ( 0.0000000000000000000, 0.0000000000000000000, -1.000000000000000000 ) ) ;
#605 = AXIS2_PLACEMENT_3D ( 'NONE', #2420, #2796, #3561 ) ;
#606 = LINE ( 'NONE', #45, #1301 ) ;
#607 = DIRECTION ( 'NONE',  ( -1.000000000000000000, 0.0000000000000000000, 4.336808689942017700E-016 ) ) ;
#608 = CARTESIAN_POINT ( 'NONE',  ( -0.4999999999999993300, 0.1499999999999999900, -1.199999999999999700 ) ) ;
#609 = EDGE_CURVE ( 'NONE', #1028, #4511, #1961, .T. ) ;
#610 = EDGE_LOOP ( 'NONE', ( #2103, #2556, #4756, #4609 ) ) ;
#611 = PLANE ( 'NONE',  #2120 ) ;
#612 = DIRECTION ( 'NONE',  ( 0.0000000000000000000, 0.0000000000000000000, -1.000000000000000000 ) ) ;
#613 = VERTEX_POINT ( 'NONE', #1267 ) ;
#614 = VERTEX_POINT ( 'NONE', #4703 ) ;
#615 = DIRECTION ( 'NONE',  ( 0.0000000000000000000, 0.0000000000000000000, -1.000000000000000000 ) ) ;
#616 = FACE_OUTER_BOUND ( 'NONE', #4561, .T. ) ;
#617 = PLANE ( 'NONE',  #4553 ) ;
#618 = EDGE_LOOP ( 'NONE', ( #2918, #2591, #3840, #2286 ) ) ;
#619 = ADVANCED_FACE ( 'NONE', ( #3749 ), #1628, .T. ) ;
#620 = EDGE_LOOP ( 'NONE', ( #4720, #4733, #4243, #1976 ) ) ;
#621 = PLANE ( 'NONE',  #1041 ) ;
#622 = LINE ( 'NONE', #2450, #4071 ) ;
#623 = PLANE ( 'NONE',  #4332 ) ;
#624 = DIRECTION ( 'NONE',  ( 1.000000000000000000, 0.0000000000000000000, -1.301042606982605500E-015 ) ) ;
#625 = EDGE_LOOP ( 'NONE', ( #2211, #2568, #327, #401 ) ) ;
#626 = CARTESIAN_POINT ( 'NONE',  ( 1.199999999999999500, 0.0000000000000000000, -1.084202172485504400E-016 ) ) ;
#627 = FACE_OUTER_BOUND ( 'NONE', #3857, .T. ) ;
#628 = CARTESIAN_POINT ( 'NONE',  ( -0.6499999999999990200, 0.0000000000000000000, 1.449999999999999700 ) ) ;
#629 = EDGE_LOOP ( 'NONE', ( #2983, #100, #2027, #2990 ) ) ;
#630 = LINE ( 'NONE', #691, #2989 ) ;
#631 = VERTEX_POINT ( 'NONE', #1644 ) ;
#632 = CARTESIAN_POINT ( 'NONE',  ( 0.3500000000000009200, 0.1499999999999999900, 1.370000000000000100 ) ) ;
#633 = UNCERTAINTY_MEASURE_WITH_UNIT (LENGTH_MEASURE( 1.000000000000000100E-005 ), #1822, 'distance_accuracy_value', 'NONE');
#634 = EDGE_CURVE ( 'NONE', #3343, #3864, #721, .T. ) ;
#635 =( GEOMETRIC_REPRESENTATION_CONTEXT ( 3 ) GLOBAL_UNCERTAINTY_ASSIGNED_CONTEXT ( ( #3637 ) ) GLOBAL_UNIT_ASSIGNED_CONTEXT ( ( #1020, #3688, #1401 ) ) REPRESENTATION_CONTEXT ( 'NONE', 'WORKASPACE' ) );
#636 = DIRECTION ( 'NONE',  ( -1.000000000000000000, 0.0000000000000000000, -0.0000000000000000000 ) ) ;
#637 = ORIENTED_EDGE ( 'NONE', *, *, #2112, .F. ) ;
#638 = ORIENTED_EDGE ( 'NONE', *, *, #1065, .T. ) ;
#639 = CARTESIAN_POINT ( 'NONE',  ( 6.505213034913026600E-016, 0.1499999999999999900, 1.199999999999999700 ) ) ;
#640 = AXIS2_PLACEMENT_3D ( 'NONE', #671, #1042, #2571 ) ;
#641 = AXIS2_PLACEMENT_3D ( 'NONE', #314, #3333, #4125 ) ;
#642 = ORIENTED_EDGE ( 'NONE', *, *, #573, .F. ) ;
#643 = ORIENTED_EDGE ( 'NONE', *, *, #453, .F. ) ;
#644 = CARTESIAN_POINT ( 'NONE',  ( 1.370000000000000100, 0.0000000000000000000, -1.370000000000000100 ) ) ;
#645 = DIRECTION ( 'NONE',  ( 0.0000000000000000000, 1.000000000000000000, -0.0000000000000000000 ) ) ;
#646 = ADVANCED_FACE ( 'NONE', ( #308 ), #4286, .F. ) ;
#647 = LINE ( 'NONE', #4, #59 ) ;
#648 = CARTESIAN_POINT ( 'NONE',  ( -0.7499999999999997800, 0.1000000000000000100, -0.6250000000000001100 ) ) ;
#649 = VECTOR ( 'NONE', #462, 1000.000000000000000 ) ;
#650 = PLANE ( 'NONE',  #3717 ) ;
#651 =( NAMED_UNIT ( * ) PLANE_ANGLE_UNIT ( ) SI_UNIT ( $, .RADIAN. ) );
#652 = VERTEX_POINT ( 'NONE', #2371 ) ;
#653 = DIRECTION ( 'NONE',  ( 1.000000000000000000, 0.0000000000000000000, 0.0000000000000000000 ) ) ;
#654 = LINE ( 'NONE', #3086, #3004 ) ;
#655 = ORIENTED_EDGE ( 'NONE', *, *, #1281, .T. ) ;
#656 = DIRECTION ( 'NONE',  ( 0.0000000000000000000, 0.0000000000000000000, -1.000000000000000000 ) ) ;
#657 = DIRECTION ( 'NONE',  ( 1.000000000000000000, 0.0000000000000000000, -0.0000000000000000000 ) ) ;
#658 = LINE ( 'NONE', #3629, #715 ) ;
#659 = ORIENTED_EDGE ( 'NONE', *, *, #3121, .T. ) ;
#660 = CARTESIAN_POINT ( 'NONE',  ( 1.199999999999999500, 0.6500000000000000200, -0.6500000000000001300 ) ) ;
#661 = DIRECTION ( 'NONE',  ( 0.0000000000000000000, -1.000000000000000000, 0.0000000000000000000 ) ) ;
#662 = CARTESIAN_POINT ( 'NONE',  ( 1.199999999999999500, 0.0000000000000000000, -0.3500000000000001400 ) ) ;
#663 = EDGE_CURVE ( 'NONE', #3548, #3925, #1546, .T. ) ;
#664 = AXIS2_PLACEMENT_3D ( 'NONE', #1173, #395, #1142 ) ;
#665 = EDGE_LOOP ( 'NONE', ( #3986, #2560, #1585, #4785 ) ) ;
#666 = DIRECTION ( 'NONE',  ( -0.0000000000000000000, -1.000000000000000000, -0.0000000000000000000 ) ) ;
#667 = DIRECTION ( 'NONE',  ( -0.0000000000000000000, -1.000000000000000000, -0.0000000000000000000 ) ) ;
#668 = VECTOR ( 'NONE', #3138, 1000.000000000000000 ) ;
#669 = PLANE ( 'NONE',  #4672 ) ;
#670 = VECTOR ( 'NONE', #4340, 1000.000000000000000 ) ;
#671 = CARTESIAN_POINT ( 'NONE',  ( -0.7499999999999997800, 0.1000000000000000100, -0.6250000000000001100 ) ) ;
#672 = EDGE_CURVE ( 'NONE', #680, #4358, #1668, .T. ) ;
#673 = AXIS2_PLACEMENT_3D ( 'NONE', #3801, #1520, #769 ) ;
#674 = EDGE_CURVE ( 'NONE', #3275, #3526, #1182, .T. ) ;
#675 = FACE_OUTER_BOUND ( 'NONE', #2537, .T. ) ;
#676 = CARTESIAN_POINT ( 'NONE',  ( -0.4999999999999993300, 0.1499999999999999900, 1.370000000000000100 ) ) ;
#677 = VECTOR ( 'NONE', #1529, 1000.000000000000000 ) ;
#678 = LINE ( 'NONE', #32, #1189 ) ;
#679 = DIRECTION ( 'NONE',  ( -0.0000000000000000000, -1.000000000000000000, -0.0000000000000000000 ) ) ;
#680 = VERTEX_POINT ( 'NONE', #1284 ) ;
#681 = AXIS2_PLACEMENT_3D ( 'NONE', #1605, #1951, #2678 ) ;
#682 = DIRECTION ( 'NONE',  ( 0.0000000000000000000, -0.0000000000000000000, -1.000000000000000000 ) ) ;
#683 = DIRECTION ( 'NONE',  ( 0.0000000000000000000, -1.000000000000000000, 0.0000000000000000000 ) ) ;
#684 = ORIENTED_EDGE ( 'NONE', *, *, #4480, .F. ) ;
#685 = ORIENTED_EDGE ( 'NONE', *, *, #1150, .T. ) ;
#686 = CIRCLE ( 'NONE', #1909, 0.1499999999999999700 ) ;
#687 = DIRECTION ( 'NONE',  ( 0.0000000000000000000, 1.000000000000000000, 0.0000000000000000000 ) ) ;
#688 = DIRECTION ( 'NONE',  ( 0.0000000000000000000, 0.0000000000000000000, 1.000000000000000000 ) ) ;
#689 = ORIENTED_EDGE ( 'NONE', *, *, #4259, .T. ) ;
#690 = VECTOR ( 'NONE', #2043, 1000.000000000000000 ) ;
#691 = CARTESIAN_POINT ( 'NONE',  ( -1.049999999999999600, 0.1499999999999999700, -0.6500000000000000200 ) ) ;
#692 = EDGE_LOOP ( 'NONE', ( #1737, #1564, #4898, #459, #3623 ) ) ;
#693 = ORIENTED_EDGE ( 'NONE', *, *, #1405, .T. ) ;
#694 = EDGE_LOOP ( 'NONE', ( #1738, #3500, #398, #3838, #866 ) ) ;
#695 = DIRECTION ( 'NONE',  ( 0.0000000000000000000, 1.000000000000000000, 0.0000000000000000000 ) ) ;
#696 = ADVANCED_FACE ( 'NONE', ( #2730 ), #3618, .T. ) ;
#697 = MANIFOLD_SOLID_BREP ( 'Pin 8', #4074 ) ;
#698 = CARTESIAN_POINT ( 'NONE',  ( -1.199999999999999500, 0.0000000000000000000, 0.4999999999999998900 ) ) ;
#699 = EDGE_CURVE ( 'NONE', #1361, #4617, #603, .T. ) ;
#700 = EDGE_LOOP ( 'NONE', ( #4692, #919, #1744, #3028 ) ) ;
#701 = DIRECTION ( 'NONE',  ( 0.0000000000000000000, -0.0000000000000000000, -1.000000000000000000 ) ) ;
#702 = DIRECTION ( 'NONE',  ( -1.734723475976807100E-016, 0.0000000000000000000, 1.000000000000000000 ) ) ;
#703 =( NAMED_UNIT ( * ) SI_UNIT ( $, .STERADIAN. ) SOLID_ANGLE_UNIT ( ) );
#704 = FACE_OUTER_BOUND ( 'NONE', #269, .T. ) ;
#705 = AXIS2_PLACEMENT_3D ( 'NONE', #3165, #503, #2768 ) ;
#706 = AXIS2_PLACEMENT_3D ( 'NONE', #3282, #1823, #4483 ) ;
#707 = COLOUR_RGB ( '',0.7960784313725489700, 0.8235294117647058400, 0.9372549019607843100 ) ;
#708 = CARTESIAN_POINT ( 'NONE',  ( 6.505213034913026600E-016, 0.1499999999999999900, 1.049999999999999800 ) ) ;
#709 = LINE ( 'NONE', #1992, #3488 ) ;
#710 = EDGE_LOOP ( 'NONE', ( #3070, #1858, #3135, #4425 ) ) ;
#711 = FILL_AREA_STYLE ('',( #2597 ) ) ;
#712 = LINE ( 'NONE', #3366, #4507 ) ;
#713 = DIRECTION ( 'NONE',  ( 0.0000000000000000000, -1.000000000000000000, 0.0000000000000000000 ) ) ;
#714 = EDGE_LOOP ( 'NONE', ( #2652, #339, #1994, #2683, #2519 ) ) ;
#715 = VECTOR ( 'NONE', #1735, 1000.000000000000000 ) ;
#716 = ADVANCED_FACE ( 'NONE', ( #138 ), #4739, .F. ) ;
#717 = ORIENTED_EDGE ( 'NONE', *, *, #231, .T. ) ;
#718 = CARTESIAN_POINT ( 'NONE',  ( -0.1499999999999993000, 0.0000000000000000000, 1.199999999999999700 ) ) ;
#719 = VECTOR ( 'NONE', #318, 1000.000000000000000 ) ;
#720 = PLANE ( 'NONE',  #234 ) ;
#721 = LINE ( 'NONE', #2733, #3073 ) ;
#722 = CARTESIAN_POINT ( 'NONE',  ( 0.7500000000000002200, 0.1000000000000000100, -0.6250000000000000000 ) ) ;
#723 = EDGE_CURVE ( 'NONE', #1751, #2416, #2015, .T. ) ;
#724 = COLOUR_RGB ( '',0.7960784313725489700, 0.8235294117647058400, 0.9372549019607843100 ) ;
#725 = DIRECTION ( 'NONE',  ( 0.0000000000000000000, 1.000000000000000000, 0.0000000000000000000 ) ) ;
#726 = CARTESIAN_POINT ( 'NONE',  ( -0.3499999999999994200, 0.0000000000000000000, -1.199999999999999700 ) ) ;
#727 = LINE ( 'NONE', #1111, #433 ) ;
#728 = VERTEX_POINT ( 'NONE', #569 ) ;
#729 = DIRECTION ( 'NONE',  ( 0.0000000000000000000, -1.000000000000000000, 0.0000000000000000000 ) ) ;
#730 = DIRECTION ( 'NONE',  ( -1.000000000000000000, 0.0000000000000000000, 4.336808689942018200E-016 ) ) ;
#731 = AXIS2_PLACEMENT_3D ( 'NONE', #992, #2489, #3652 ) ;
#732 = ORIENTED_EDGE ( 'NONE', *, *, #2406, .T. ) ;
#733 = ORIENTED_EDGE ( 'NONE', *, *, #3183, .F. ) ;
#734 = CARTESIAN_POINT ( 'NONE',  ( 1.199999999999999500, 0.1499999999999999700, -0.6500000000000001300 ) ) ;
#735 = EDGE_CURVE ( 'NONE', #4197, #4377, #4060, .T. ) ;
#736 = DIRECTION ( 'NONE',  ( 0.0000000000000000000, 0.0000000000000000000, -1.000000000000000000 ) ) ;
#737 = ORIENTED_EDGE ( 'NONE', *, *, #1583, .F. ) ;
#738 = ORIENTED_EDGE ( 'NONE', *, *, #886, .F. ) ;
#739 = DIRECTION ( 'NONE',  ( 0.0000000000000000000, -1.000000000000000000, 0.0000000000000000000 ) ) ;
#740 = AXIS2_PLACEMENT_3D ( 'NONE', #4570, #1148, #3818 ) ;
#741 = FACE_OUTER_BOUND ( 'NONE', #2570, .T. ) ;
#742 =( NAMED_UNIT ( * ) PLANE_ANGLE_UNIT ( ) SI_UNIT ( $, .RADIAN. ) );
#743 = ADVANCED_FACE ( 'NONE', ( #2911 ), #2545, .F. ) ;
#744 = VERTEX_POINT ( 'NONE', #4789 ) ;
#745 = CARTESIAN_POINT ( 'NONE',  ( 0.7500000000000002200, 0.1000000000000000100, -0.6250000000000000000 ) ) ;
#746 = VECTOR ( 'NONE', #4253, 1000.000000000000000 ) ;
#747 = ORIENTED_EDGE ( 'NONE', *, *, #2696, .F. ) ;
#748 = PLANE ( 'NONE',  #132 ) ;
#749 = VERTEX_POINT ( 'NONE', #214 ) ;
#750 = DIRECTION ( 'NONE',  ( 0.0000000000000000000, 0.0000000000000000000, -1.000000000000000000 ) ) ;
#751 = VECTOR ( 'NONE', #4112, 1000.000000000000000 ) ;
#752 = ORIENTED_EDGE ( 'NONE', *, *, #2432, .F. ) ;
#753 = CARTESIAN_POINT ( 'NONE',  ( -1.199999999999999500, 0.1499999999999999700, 0.1499999999999998600 ) ) ;
#754 = SURFACE_STYLE_USAGE ( .BOTH. , #2224 ) ;
#755 = DIRECTION ( 'NONE',  ( -4.336808689942018200E-016, 0.0000000000000000000, 1.000000000000000000 ) ) ;
#756 =( NAMED_UNIT ( * ) PLANE_ANGLE_UNIT ( ) SI_UNIT ( $, .RADIAN. ) );
#757 = EDGE_CURVE ( 'NONE', #2610, #749, #2798, .T. ) ;
#758 = CARTESIAN_POINT ( 'NONE',  ( -1.449999999999999700, 0.8999999999999998000, 1.450000000000000200 ) ) ;
#759 = DIRECTION ( 'NONE',  ( -1.000000000000000000, 0.0000000000000000000, 0.0000000000000000000 ) ) ;
#760 = EDGE_LOOP ( 'NONE', ( #973, #2098, #1577, #2937 ) ) ;
#761 = ORIENTED_EDGE ( 'NONE', *, *, #2855, .T. ) ;
#762 = CARTESIAN_POINT ( 'NONE',  ( 1.199999999999999500, 0.0000000000000000000, -0.1500000000000000800 ) ) ;
#763 = CARTESIAN_POINT ( 'NONE',  ( -0.1499999999999993000, 0.6500000000000001300, -1.199999999999999700 ) ) ;
#764 = EDGE_CURVE ( 'NONE', #1815, #4275, #1480, .T. ) ;
#765 = EDGE_CURVE ( 'NONE', #2261, #2361, #3379, .T. ) ;
#766 = LINE ( 'NONE', #2169, #3417 ) ;
#767 = CARTESIAN_POINT ( 'NONE',  ( -1.370000000000000100, 0.1499999999999999900, -1.370000000000000100 ) ) ;
#768 = VECTOR ( 'NONE', #4619, 1000.000000000000000 ) ;
#769 = DIRECTION ( 'NONE',  ( 0.0000000000000000000, 0.0000000000000000000, -1.000000000000000000 ) ) ;
#770 = ORIENTED_EDGE ( 'NONE', *, *, #1123, .T. ) ;
#771 = ADVANCED_FACE ( 'NONE', ( #4521 ), #550, .F. ) ;
#772 = DIRECTION ( 'NONE',  ( 0.0000000000000000000, 1.000000000000000000, 0.0000000000000000000 ) ) ;
#773 = MECHANICAL_DESIGN_GEOMETRIC_PRESENTATION_REPRESENTATION (  '', ( #174 ), #3290 ) ;
#774 = FACE_OUTER_BOUND ( 'NONE', #625, .T. ) ;
#775 = LINE ( 'NONE', #825, #4687 ) ;
#776 = ORIENTED_EDGE ( 'NONE', *, *, #4450, .F. ) ;
#777 = DIRECTION ( 'NONE',  ( 0.0000000000000000000, 0.0000000000000000000, 1.000000000000000000 ) ) ;
#778 = CARTESIAN_POINT ( 'NONE',  ( -1.199999999999999500, 0.0000000000000000000, -0.1500000000000000800 ) ) ;
#779 = VECTOR ( 'NONE', #1329, 1000.000000000000000 ) ;
#780 = ORIENTED_EDGE ( 'NONE', *, *, #1413, .T. ) ;
#781 = DIRECTION ( 'NONE',  ( 0.0000000000000000000, -1.000000000000000000, 0.0000000000000000000 ) ) ;
#782 = DIRECTION ( 'NONE',  ( 0.0000000000000000000, 1.000000000000000000, 0.0000000000000000000 ) ) ;
#783 = LINE ( 'NONE', #4175, #4585 ) ;
#784 = DIRECTION ( 'NONE',  ( 0.0000000000000000000, -0.0000000000000000000, -1.000000000000000000 ) ) ;
#785 = ORIENTED_EDGE ( 'NONE', *, *, #3024, .T. ) ;
#786 = DIRECTION ( 'NONE',  ( 0.0000000000000000000, 0.0000000000000000000, -1.000000000000000000 ) ) ;
#787 = LINE ( 'NONE', #74, #4345 ) ;
#788 = VECTOR ( 'NONE', #3825, 1000.000000000000000 ) ;
#789 = COLOUR_RGB ( '',1.000000000000000000, 1.000000000000000000, 1.000000000000000000 ) ;
#790 = DIRECTION ( 'NONE',  ( 1.301042606982605300E-015, -0.0000000000000000000, 1.000000000000000000 ) ) ;
#791 = FACE_OUTER_BOUND ( 'NONE', #838, .T. ) ;
#792 = EDGE_CURVE ( 'NONE', #2062, #2100, #1634, .T. ) ;
#793 = EDGE_CURVE ( 'NONE', #1444, #2697, #1088, .T. ) ;
#794 = ADVANCED_FACE ( 'NONE', ( #2097 ), #3182, .F. ) ;
#795 = VECTOR ( 'NONE', #3115, 1000.000000000000000 ) ;
#796 = DIRECTION ( 'NONE',  ( 0.0000000000000000000, -0.0000000000000000000, 1.000000000000000000 ) ) ;
#797 = VERTEX_POINT ( 'NONE', #2888 ) ;
#798 = CARTESIAN_POINT ( 'NONE',  ( 0.1500000000000008300, 0.1499999999999999900, 1.370000000000000100 ) ) ;
#799 = ORIENTED_EDGE ( 'NONE', *, *, #1576, .T. ) ;
#800 = ORIENTED_EDGE ( 'NONE', *, *, #4082, .T. ) ;
#801 = COLOUR_RGB ( '',0.7960784313725489700, 0.8235294117647058400, 0.9372549019607843100 ) ;
#802 = CARTESIAN_POINT ( 'NONE',  ( 1.370000000000000100, 0.1499999999999999900, 1.370000000000000100 ) ) ;
#803 = VERTEX_POINT ( 'NONE', #881 ) ;
#804 = STYLED_ITEM ( 'NONE', ( #4198 ), #902 ) ;
#805 = DIRECTION ( 'NONE',  ( 0.0000000000000000000, -1.000000000000000000, 0.0000000000000000000 ) ) ;
#806 = ORIENTED_EDGE ( 'NONE', *, *, #1122, .T. ) ;
#807 = VECTOR ( 'NONE', #3917, 1000.000000000000000 ) ;
#808 = ORIENTED_EDGE ( 'NONE', *, *, #1318, .T. ) ;
#809 = ORIENTED_EDGE ( 'NONE', *, *, #3093, .T. ) ;
#810 = DIRECTION ( 'NONE',  ( -1.734723475976810100E-015, 0.0000000000000000000, -1.000000000000000000 ) ) ;
#811 = CARTESIAN_POINT ( 'NONE',  ( 0.5000000000000006700, 0.0000000000000000000, 1.199999999999999700 ) ) ;
#812 = VERTEX_POINT ( 'NONE', #3461 ) ;
#813 =( NAMED_UNIT ( * ) SI_UNIT ( $, .STERADIAN. ) SOLID_ANGLE_UNIT ( ) );
#814 = DIRECTION ( 'NONE',  ( 0.0000000000000000000, 0.0000000000000000000, -1.000000000000000000 ) ) ;
#815 = CARTESIAN_POINT ( 'NONE',  ( -1.370000000000000100, 0.1499999999999999900, -1.370000000000000100 ) ) ;
#816 = ORIENTED_EDGE ( 'NONE', *, *, #1841, .F. ) ;
#817 = EDGE_LOOP ( 'NONE', ( #2614, #1917, #1080, #2612 ) ) ;
#818 = DIRECTION ( 'NONE',  ( -1.301042606982605500E-015, 0.0000000000000000000, -1.000000000000000000 ) ) ;
#819 = CARTESIAN_POINT ( 'NONE',  ( 0.7500000000000002200, 0.1000000000000000100, -0.6250000000000000000 ) ) ;
#820 = ORIENTED_EDGE ( 'NONE', *, *, #41, .F. ) ;
#821 = ORIENTED_EDGE ( 'NONE', *, *, #4583, .T. ) ;
#822 = CARTESIAN_POINT ( 'NONE',  ( 0.5000000000000006700, 0.1499999999999999900, 1.199999999999999700 ) ) ;
#823 = EDGE_CURVE ( 'NONE', #812, #2921, #3403, .T. ) ;
#824 = STYLED_ITEM ( 'NONE', ( #2121 ), #3542 ) ;
#825 = CARTESIAN_POINT ( 'NONE',  ( -1.450000000000000000, 5.901219330881975400, -1.449999999999999700 ) ) ;
#826 = LINE ( 'NONE', #1648, #3790 ) ;
#827 = DIRECTION ( 'NONE',  ( 0.0000000000000000000, -1.000000000000000000, 0.0000000000000000000 ) ) ;
#828 = EDGE_CURVE ( 'NONE', #2532, #4330, #3527, .T. ) ;
#829 = LINE ( 'NONE', #1157, #2061 ) ;
#830 = DIRECTION ( 'NONE',  ( 0.0000000000000000000, 0.0000000000000000000, -1.000000000000000000 ) ) ;
#831 = PLANE ( 'NONE',  #194 ) ;
#832 = ORIENTED_EDGE ( 'NONE', *, *, #3327, .F. ) ;
#833 = EDGE_CURVE ( 'NONE', #213, #3791, #1926, .T. ) ;
#834 = DIRECTION ( 'NONE',  ( -4.336808689942018200E-016, 0.0000000000000000000, 1.000000000000000000 ) ) ;
#835 = CARTESIAN_POINT ( 'NONE',  ( 0.6500000000000005800, 0.1499999999999999900, -1.370000000000000100 ) ) ;
#836 = LINE ( 'NONE', #1566, #3616 ) ;
#837 = CARTESIAN_POINT ( 'NONE',  ( 1.450000000000000000, 5.901219330881975400, -1.449999999999999700 ) ) ;
#838 = EDGE_LOOP ( 'NONE', ( #2601, #238, #1982, #3511 ) ) ;
#839 = CARTESIAN_POINT ( 'NONE',  ( 1.199999999999999500, 0.1499999999999999700, 0.4999999999999998900 ) ) ;
#840 = PRESENTATION_LAYER_ASSIGNMENT (  '', '', ( #3191 ) ) ;
#841 = VECTOR ( 'NONE', #4209, 1000.000000000000000 ) ;
#842 = ORIENTED_EDGE ( 'NONE', *, *, #292, .F. ) ;
#843 = CARTESIAN_POINT ( 'NONE',  ( 0.3500000000000007000, 0.1499999999999999700, -1.199999999999999700 ) ) ;
#844 = VECTOR ( 'NONE', #3156, 1000.000000000000000 ) ;
#845 = ADVANCED_FACE ( 'NONE', ( #3277 ), #4438, .T. ) ;
#846 = ORIENTED_EDGE ( 'NONE', *, *, #915, .T. ) ;
#847 = CARTESIAN_POINT ( 'NONE',  ( -0.4999999999999993300, 0.0000000000000000000, 1.049999999999999800 ) ) ;
#848 = CARTESIAN_POINT ( 'NONE',  ( -1.199999999999999500, 0.6500000000000000200, 0.6499999999999999100 ) ) ;
#849 = FACE_OUTER_BOUND ( 'NONE', #2325, .T. ) ;
#850 = CARTESIAN_POINT ( 'NONE',  ( 1.199999999999999500, 0.6500000000000000200, -1.084202172485504400E-016 ) ) ;
#851 = CARTESIAN_POINT ( 'NONE',  ( -1.199999999999999500, 0.1499999999999999700, 0.3499999999999999200 ) ) ;
#852 = VECTOR ( 'NONE', #4501, 1000.000000000000000 ) ;
#853 = AXIS2_PLACEMENT_3D ( 'NONE', #2125, #1788, #970 ) ;
#854 = ORIENTED_EDGE ( 'NONE', *, *, #4541, .T. ) ;
#855 = ORIENTED_EDGE ( 'NONE', *, *, #4794, .F. ) ;
#856 = ORIENTED_EDGE ( 'NONE', *, *, #534, .T. ) ;
#857 = LINE ( 'NONE', #4834, #1973 ) ;
#858 = DIRECTION ( 'NONE',  ( 1.000000000000000000, 0.0000000000000000000, -0.0000000000000000000 ) ) ;
#859 = CARTESIAN_POINT ( 'NONE',  ( -1.049999999999999600, 0.1499999999999999700, -0.6500000000000000200 ) ) ;
#860 = EDGE_CURVE ( 'NONE', #4873, #1815, #2281, .T. ) ;
#861 = ORIENTED_EDGE ( 'NONE', *, *, #3354, .F. ) ;
#862 = ORIENTED_EDGE ( 'NONE', *, *, #2727, .F. ) ;
#863 = ORIENTED_EDGE ( 'NONE', *, *, #1707, .F. ) ;
#864 = CARTESIAN_POINT ( 'NONE',  ( -0.4999999999999993300, 0.6500000000000001300, 1.199999999999999700 ) ) ;
#865 = ORIENTED_EDGE ( 'NONE', *, *, #3716, .F. ) ;
#866 = ORIENTED_EDGE ( 'NONE', *, *, #4259, .F. ) ;
#867 = CARTESIAN_POINT ( 'NONE',  ( 1.199999999999999500, 0.6500000000000000200, 0.6499999999999999100 ) ) ;
#868 = CARTESIAN_POINT ( 'NONE',  ( 1.450000000000000000, 0.8999999999999998000, -1.449999999999999700 ) ) ;
#869 = LINE ( 'NONE', #1114, #4786 ) ;
#870 = AXIS2_PLACEMENT_3D ( 'NONE', #2883, #942, #1705 ) ;
#871 = LINE ( 'NONE', #4148, #4787 ) ;
#872 = DIRECTION ( 'NONE',  ( -1.000000000000000000, 0.0000000000000000000, -1.734723475976807100E-016 ) ) ;
#873 = ORIENTED_EDGE ( 'NONE', *, *, #4490, .F. ) ;
#874 = DIRECTION ( 'NONE',  ( 0.0000000000000000000, 0.0000000000000000000, 1.000000000000000000 ) ) ;
#875 = DIRECTION ( 'NONE',  ( 1.301042606982605300E-015, -0.0000000000000000000, 1.000000000000000000 ) ) ;
#876 = ORIENTED_EDGE ( 'NONE', *, *, #1684, .T. ) ;
#877 = CARTESIAN_POINT ( 'NONE',  ( 1.199999999999999500, 0.0000000000000000000, -0.3500000000000001400 ) ) ;
#878 = ORIENTED_EDGE ( 'NONE', *, *, #3035, .T. ) ;
#879 = CARTESIAN_POINT ( 'NONE',  ( 0.1500000000000006100, 0.0000000000000000000, 1.199999999999999700 ) ) ;
#880 = DIRECTION ( 'NONE',  ( 0.0000000000000000000, -1.000000000000000000, 0.0000000000000000000 ) ) ;
#881 = CARTESIAN_POINT ( 'NONE',  ( -1.049999999999999600, 0.9000000000000000200, -0.8999999999999998000 ) ) ;
#882 = CARTESIAN_POINT ( 'NONE',  ( 0.6500000000000005800, 0.0000000000000000000, -1.199999999999999700 ) ) ;
#883 = VECTOR ( 'NONE', #263, 1000.000000000000000 ) ;
#884 = VECTOR ( 'NONE', #543, 1000.000000000000000 ) ;
#885 = EDGE_CURVE ( 'NONE', #3587, #2404, #3217, .T. ) ;
#886 = EDGE_CURVE ( 'NONE', #3663, #2701, #1324, .T. ) ;
#887 = ORIENTED_EDGE ( 'NONE', *, *, #2651, .T. ) ;
#888 = AXIS2_PLACEMENT_3D ( 'NONE', #2892, #661, #1729 ) ;
#889 = DIRECTION ( 'NONE',  ( 0.0000000000000000000, -0.0000000000000000000, 1.000000000000000000 ) ) ;
#890 = LINE ( 'NONE', #2925, #4804 ) ;
#891 = ADVANCED_FACE ( 'NONE', ( #2039 ), #1030, .F. ) ;
#892 = EDGE_LOOP ( 'NONE', ( #1830, #3536, #4601, #780 ) ) ;
#893 = VECTOR ( 'NONE', #434, 1000.000000000000000 ) ;
#894 = DIRECTION ( 'NONE',  ( 0.0000000000000000000, 0.0000000000000000000, -1.000000000000000000 ) ) ;
#895 = ORIENTED_EDGE ( 'NONE', *, *, #1149, .T. ) ;
#896 = CARTESIAN_POINT ( 'NONE',  ( 1.370000000000000100, 0.0000000000000000000, -1.370000000000000100 ) ) ;
#897 = SURFACE_STYLE_FILL_AREA ( #1146 ) ;
#898 = VECTOR ( 'NONE', #346, 1000.000000000000000 ) ;
#899 = CARTESIAN_POINT ( 'NONE',  ( -1.049999999999999600, 0.1499999999999999700, -0.3500000000000000300 ) ) ;
#900 = VECTOR ( 'NONE', #790, 1000.000000000000000 ) ;
#901 = DIRECTION ( 'NONE',  ( 0.0000000000000000000, 1.000000000000000000, 0.0000000000000000000 ) ) ;
#902 = MANIFOLD_SOLID_BREP ( 'Pin 11', #1516 ) ;
#903 = PRESENTATION_STYLE_ASSIGNMENT (( #980 ) ) ;
#904 = ORIENTED_EDGE ( 'NONE', *, *, #2406, .F. ) ;
#905 = DIRECTION ( 'NONE',  ( 0.0000000000000000000, 0.0000000000000000000, -1.000000000000000000 ) ) ;
#906 = CARTESIAN_POINT ( 'NONE',  ( 0.6500000000000010200, 0.1499999999999999700, 1.449999999999999300 ) ) ;
#907 = VECTOR ( 'NONE', #1265, 1000.000000000000000 ) ;
#908 = DIRECTION ( 'NONE',  ( 0.0000000000000000000, 0.0000000000000000000, -1.000000000000000000 ) ) ;
#909 = EDGE_LOOP ( 'NONE', ( #3356, #2266, #3249, #2862 ) ) ;
#910 = PLANE ( 'NONE',  #2367 ) ;
#911 = ORIENTED_EDGE ( 'NONE', *, *, #470, .F. ) ;
#912 = ADVANCED_FACE ( 'NONE', ( #509 ), #617, .T. ) ;
#913 = ORIENTED_EDGE ( 'NONE', *, *, #1103, .F. ) ;
#914 = EDGE_CURVE ( 'NONE', #21, #3221, #1757, .T. ) ;
#915 = EDGE_CURVE ( 'NONE', #597, #3334, #630, .T. ) ;
#916 = DIRECTION ( 'NONE',  ( 0.0000000000000000000, 0.0000000000000000000, 1.000000000000000000 ) ) ;
#917 = AXIS2_PLACEMENT_3D ( 'NONE', #3828, #4562, #68 ) ;
#918 = LINE ( 'NONE', #1117, #4482 ) ;
#919 = ORIENTED_EDGE ( 'NONE', *, *, #4509, .F. ) ;
#920 = ORIENTED_EDGE ( 'NONE', *, *, #4648, .T. ) ;
#921 = LINE ( 'NONE', #1573, #4608 ) ;
#922 = EDGE_CURVE ( 'NONE', #1677, #3490, #47, .T. ) ;
#923 = AXIS2_PLACEMENT_3D ( 'NONE', #4460, #624, #2167 ) ;
#924 = EDGE_CURVE ( 'NONE', #4092, #3657, #3152, .T. ) ;
#925 = ORIENTED_EDGE ( 'NONE', *, *, #3852, .T. ) ;
#926 = ORIENTED_EDGE ( 'NONE', *, *, #3183, .T. ) ;
#927 = CARTESIAN_POINT ( 'NONE',  ( 1.370000000000000100, 0.1499999999999999900, 1.370000000000000100 ) ) ;
#928 = CARTESIAN_POINT ( 'NONE',  ( 1.370000000000000100, 0.6500000000000000200, -0.6500000000000000200 ) ) ;
#929 = DIRECTION ( 'NONE',  ( 4.336808689942018200E-016, 0.0000000000000000000, -1.000000000000000000 ) ) ;
#930 = ORIENTED_EDGE ( 'NONE', *, *, #1373, .T. ) ;
#931 = VERTEX_POINT ( 'NONE', #2929 ) ;
#932 = VERTEX_POINT ( 'NONE', #4828 ) ;
#933 = CARTESIAN_POINT ( 'NONE',  ( 6.505213034913026600E-016, 0.0000000000000000000, -1.199999999999999700 ) ) ;
#934 = CARTESIAN_POINT ( 'NONE',  ( 1.199999999999999500, 0.1499999999999999700, 0.6499999999999999100 ) ) ;
#935 =( NAMED_UNIT ( * ) SI_UNIT ( $, .STERADIAN. ) SOLID_ANGLE_UNIT ( ) );
#936 = ADVANCED_FACE ( 'NONE', ( #2216 ), #287, .T. ) ;
#937 = CARTESIAN_POINT ( 'NONE',  ( -1.199999999999999500, 0.1499999999999999700, 0.4999999999999998900 ) ) ;
#938 = DIRECTION ( 'NONE',  ( 0.0000000000000000000, 1.000000000000000000, -0.0000000000000000000 ) ) ;
#939 = ADVANCED_FACE ( 'NONE', ( #104 ), #2602, .T. ) ;
#940 = DIRECTION ( 'NONE',  ( 1.000000000000000000, 0.0000000000000000000, 0.0000000000000000000 ) ) ;
#941 = DIRECTION ( 'NONE',  ( 0.0000000000000000000, -1.000000000000000000, 0.0000000000000000000 ) ) ;
#942 = DIRECTION ( 'NONE',  ( 0.0000000000000000000, -1.000000000000000000, 0.0000000000000000000 ) ) ;
#943 = ORIENTED_EDGE ( 'NONE', *, *, #4818, .T. ) ;
#944 = CARTESIAN_POINT ( 'NONE',  ( -0.4999999999999993300, 0.1499999999999999900, -1.199999999999999700 ) ) ;
#945 = VECTOR ( 'NONE', #4446, 1000.000000000000000 ) ;
#946 = EDGE_CURVE ( 'NONE', #4603, #4197, #1872, .T. ) ;
#947 = ORIENTED_EDGE ( 'NONE', *, *, #1009, .F. ) ;
#948 = CYLINDRICAL_SURFACE ( 'NONE', #71, 0.1499999999999999700 ) ;
#949 = ORIENTED_EDGE ( 'NONE', *, *, #4884, .T. ) ;
#950 = AXIS2_PLACEMENT_3D ( 'NONE', #27, #1589, #786 ) ;
#951 = DIRECTION ( 'NONE',  ( 1.000000000000000000, 0.0000000000000000000, -4.336808689942018200E-016 ) ) ;
#952 = PRESENTATION_LAYER_ASSIGNMENT (  '', '', ( #3224 ) ) ;
#953 = LINE ( 'NONE', #2677, #3745 ) ;
#954 = CARTESIAN_POINT ( 'NONE',  ( 1.370000000000000100, 0.1499999999999999900, -1.370000000000000100 ) ) ;
#955 = DIRECTION ( 'NONE',  ( -0.0000000000000000000, -0.0000000000000000000, -1.000000000000000000 ) ) ;
#956 = VERTEX_POINT ( 'NONE', #4174 ) ;
#957 = CARTESIAN_POINT ( 'NONE',  ( -0.3499999999999991500, 0.1499999999999999700, 1.370000000000000100 ) ) ;
#958 = LINE ( 'NONE', #1416, #4122 ) ;
#959 = ORIENTED_EDGE ( 'NONE', *, *, #3455, .T. ) ;
#960 = FACE_OUTER_BOUND ( 'NONE', #2265, .T. ) ;
#961 = ADVANCED_FACE ( 'NONE', ( #978 ), #385, .T. ) ;
#962 = LINE ( 'NONE', #2134, #3329 ) ;
#963 = CARTESIAN_POINT ( 'NONE',  ( -1.049999999999999600, 0.1499999999999999700, -0.3500000000000000300 ) ) ;
#964 = ORIENTED_EDGE ( 'NONE', *, *, #1832, .T. ) ;
#965 = ORIENTED_EDGE ( 'NONE', *, *, #387, .F. ) ;
#966 = CIRCLE ( 'NONE', #1713, 0.1499999999999999700 ) ;
#967 = CARTESIAN_POINT ( 'NONE',  ( 1.199999999999999500, 0.1499999999999999700, -0.3500000000000001400 ) ) ;
#968 = VERTEX_POINT ( 'NONE', #4552 ) ;
#969 = ORIENTED_EDGE ( 'NONE', *, *, #3283, .F. ) ;
#970 = DIRECTION ( 'NONE',  ( -1.000000000000000000, 0.0000000000000000000, -0.0000000000000000000 ) ) ;
#971 = EDGE_CURVE ( 'NONE', #728, #2610, #1264, .T. ) ;
#972 = CARTESIAN_POINT ( 'NONE',  ( 0.6250000000000002200, 0.1000000000000000100, -0.6250000000000000000 ) ) ;
#973 = ORIENTED_EDGE ( 'NONE', *, *, #375, .T. ) ;
#974 = EDGE_CURVE ( 'NONE', #1366, #1702, #871, .T. ) ;
#975 = ORIENTED_EDGE ( 'NONE', *, *, #2470, .F. ) ;
#976 = FACE_OUTER_BOUND ( 'NONE', #3950, .T. ) ;
#977 = ORIENTED_EDGE ( 'NONE', *, *, #1771, .F. ) ;
#978 = FACE_OUTER_BOUND ( 'NONE', #2030, .T. ) ;
#979 = ORIENTED_EDGE ( 'NONE', *, *, #571, .T. ) ;
#980 = SURFACE_STYLE_USAGE ( .BOTH. , #3570 ) ;
#981 = EDGE_CURVE ( 'NONE', #4173, #3374, #3956, .T. ) ;
#982 = DIRECTION ( 'NONE',  ( 0.0000000000000000000, 0.0000000000000000000, 1.000000000000000000 ) ) ;
#983 = PLANE ( 'NONE',  #376 ) ;
#984 = DIRECTION ( 'NONE',  ( 0.0000000000000000000, -1.000000000000000000, 0.0000000000000000000 ) ) ;
#985 = ADVANCED_FACE ( 'NONE', ( #159 ), #16, .T. ) ;
#986 = CARTESIAN_POINT ( 'NONE',  ( 1.450000000000000000, 5.901219330881975400, 1.450000000000000200 ) ) ;
#987 = AXIS2_PLACEMENT_3D ( 'NONE', #1364, #4099, #982 ) ;
#988 = CARTESIAN_POINT ( 'NONE',  ( 0.1500000000000008300, 0.0000000000000000000, 1.370000000000000100 ) ) ;
#989 = CARTESIAN_POINT ( 'NONE',  ( -1.199999999999999500, 0.0000000000000000000, -0.3500000000000001400 ) ) ;
#990 = MANIFOLD_SOLID_BREP ( 'Pin 7', #527 ) ;
#991 = ORIENTED_EDGE ( 'NONE', *, *, #510, .F. ) ;
#992 = CARTESIAN_POINT ( 'NONE',  ( 0.5000000000000006700, 0.0000000000000000000, -1.199999999999999700 ) ) ;
#993 = DIRECTION ( 'NONE',  ( -1.000000000000000000, 0.0000000000000000000, -4.336808689942018200E-016 ) ) ;
#994 = FACE_OUTER_BOUND ( 'NONE', #2719, .T. ) ;
#995 = DIRECTION ( 'NONE',  ( 1.000000000000000000, 0.0000000000000000000, 4.336808689942018200E-016 ) ) ;
#996 = LINE ( 'NONE', #88, #2832 ) ;
#997 = EDGE_LOOP ( 'NONE', ( #856, #3207, #4759, #4836 ) ) ;
#998 = DIRECTION ( 'NONE',  ( 0.0000000000000000000, 1.000000000000000000, 0.0000000000000000000 ) ) ;
#999 = VECTOR ( 'NONE', #4845, 1000.000000000000000 ) ;
#1000 = CARTESIAN_POINT ( 'NONE',  ( 6.505213034913026600E-016, 0.0000000000000000000, 1.199999999999999700 ) ) ;
#1001 = VECTOR ( 'NONE', #810, 1000.000000000000000 ) ;
#1002 = EDGE_CURVE ( 'NONE', #4574, #1787, #2930, .T. ) ;
#1003 = VERTEX_POINT ( 'NONE', #2210 ) ;
#1004 = CARTESIAN_POINT ( 'NONE',  ( -0.6499999999999993600, 0.6500000000000001300, -1.199999999999999700 ) ) ;
#1005 = AXIS2_PLACEMENT_3D ( 'NONE', #3030, #781, #1935 ) ;
#1006 = PLANE ( 'NONE',  #853 ) ;
#1007 = FACE_OUTER_BOUND ( 'NONE', #3714, .T. ) ;
#1008 = ORIENTED_EDGE ( 'NONE', *, *, #1805, .F. ) ;
#1009 = EDGE_CURVE ( 'NONE', #2108, #4428, #4409, .T. ) ;
#1010 = VECTOR ( 'NONE', #2091, 1000.000000000000000 ) ;
#1011 = ADVANCED_FACE ( 'NONE', ( #3023 ), #4907, .T. ) ;
#1012 = PRODUCT_RELATED_PRODUCT_CATEGORY ( 'part', '', ( #3566 ) ) ;
#1013 = EDGE_CURVE ( 'NONE', #4377, #4133, #869, .T. ) ;
#1014 = ORIENTED_EDGE ( 'NONE', *, *, #3552, .F. ) ;
#1015 = SURFACE_SIDE_STYLE ('',( #4012 ) ) ;
#1016 = FACE_OUTER_BOUND ( 'NONE', #4520, .T. ) ;
#1017 = CARTESIAN_POINT ( 'NONE',  ( -0.4999999999999993300, 0.1499999999999999900, -1.199999999999999700 ) ) ;
#1018 = AXIS2_PLACEMENT_3D ( 'NONE', #3658, #2494, #4459 ) ;
#1019 = LINE ( 'NONE', #4577, #1064 ) ;
#1020 =( LENGTH_UNIT ( ) NAMED_UNIT ( * ) SI_UNIT ( .MILLI., .METRE. ) );
#1021 =( NAMED_UNIT ( * ) SI_UNIT ( $, .STERADIAN. ) SOLID_ANGLE_UNIT ( ) );
#1022 = EDGE_LOOP ( 'NONE', ( #1014, #4420 ) ) ;
#1023 = LINE ( 'NONE', #3551, #2676 ) ;
#1024 = DIRECTION ( 'NONE',  ( 0.0000000000000000000, 0.0000000000000000000, -1.000000000000000000 ) ) ;
#1025 = EDGE_LOOP ( 'NONE', ( #1045, #2573, #3454, #1743 ) ) ;
#1026 = DIRECTION ( 'NONE',  ( 0.0000000000000000000, 0.0000000000000000000, -1.000000000000000000 ) ) ;
#1027 = CIRCLE ( 'NONE', #2592, 0.1250000000000000000 ) ;
#1028 = VERTEX_POINT ( 'NONE', #2638 ) ;
#1029 = DIRECTION ( 'NONE',  ( 0.0000000000000000000, 0.0000000000000000000, -1.000000000000000000 ) ) ;
#1030 = PLANE ( 'NONE',  #4208 ) ;
#1031 = VERTEX_POINT ( 'NONE', #2243 ) ;
#1032 = ORIENTED_EDGE ( 'NONE', *, *, #4082, .F. ) ;
#1033 = ORIENTED_EDGE ( 'NONE', *, *, #609, .F. ) ;
#1034 = FACE_BOUND ( 'NONE', #3213, .T. ) ;
#1035 =( NAMED_UNIT ( * ) SI_UNIT ( $, .STERADIAN. ) SOLID_ANGLE_UNIT ( ) );
#1036 = ADVANCED_FACE ( 'NONE', ( #2987 ), #3897, .F. ) ;
#1037 = VERTEX_POINT ( 'NONE', #4486 ) ;
#1038 = EDGE_CURVE ( 'NONE', #2882, #4173, #1984, .T. ) ;
#1039 = EDGE_CURVE ( 'NONE', #4682, #1693, #3704, .T. ) ;
#1040 = EDGE_LOOP ( 'NONE', ( #3782, #4782, #2836, #3882 ) ) ;
#1041 = AXIS2_PLACEMENT_3D ( 'NONE', #927, #4891, #4549 ) ;
#1042 = DIRECTION ( 'NONE',  ( -1.000000000000000000, 0.0000000000000000000, 0.0000000000000000000 ) ) ;
#1043 = ORIENTED_EDGE ( 'NONE', *, *, #325, .T. ) ;
#1044 = AXIS2_PLACEMENT_3D ( 'NONE', #3649, #2936, #1026 ) ;
#1045 = ORIENTED_EDGE ( 'NONE', *, *, #4070, .T. ) ;
#1046 = ORIENTED_EDGE ( 'NONE', *, *, #1103, .T. ) ;
#1047 = CIRCLE ( 'NONE', #2718, 0.1499999999999999700 ) ;
#1048 = PLANE ( 'NONE',  #1443 ) ;
#1049 = LINE ( 'NONE', #4018, #883 ) ;
#1050 = LINE ( 'NONE', #3137, #3418 ) ;
#1051 = DIRECTION ( 'NONE',  ( 1.301042606982605300E-015, -0.0000000000000000000, 1.000000000000000000 ) ) ;
#1052 = CARTESIAN_POINT ( 'NONE',  ( -1.199999999999999500, 0.0000000000000000000, 0.3499999999999999200 ) ) ;
#1053 = ORIENTED_EDGE ( 'NONE', *, *, #974, .F. ) ;
#1054 = CYLINDRICAL_SURFACE ( 'NONE', #1314, 0.1499999999999999700 ) ;
#1055 = ORIENTED_EDGE ( 'NONE', *, *, #1650, .T. ) ;
#1056 = CARTESIAN_POINT ( 'NONE',  ( 0.0000000000000000000, 0.0000000000000000000, 0.0000000000000000000 ) ) ;
#1057 = LINE ( 'NONE', #734, #4226 ) ;
#1058 = EDGE_CURVE ( 'NONE', #614, #457, #101, .T. ) ;
#1059 = AXIS2_PLACEMENT_3D ( 'NONE', #3078, #3866, #92 ) ;
#1060 = CLOSED_SHELL ( 'NONE', ( #4271, #3129, #2822, #4184, #1762, #3339 ) ) ;
#1061 = CARTESIAN_POINT ( 'NONE',  ( -0.3499999999999989800, 0.0000000000000000000, 1.449999999999999300 ) ) ;
#1062 = CARTESIAN_POINT ( 'NONE',  ( -0.4999999999999993300, 0.0000000000000000000, -1.199999999999999700 ) ) ;
#1063 = VECTOR ( 'NONE', #3099, 1000.000000000000000 ) ;
#1064 = VECTOR ( 'NONE', #1139, 1000.000000000000000 ) ;
#1065 = EDGE_CURVE ( 'NONE', #1659, #2138, #2756, .T. ) ;
#1066 = STYLED_ITEM ( 'NONE', ( #3564 ), #2957 ) ;
#1067 = EDGE_CURVE ( 'NONE', #2580, #1132, #2036, .T. ) ;
#1068 = VECTOR ( 'NONE', #3335, 1000.000000000000000 ) ;
#1069 = DIRECTION ( 'NONE',  ( -0.0000000000000000000, -1.000000000000000000, -0.0000000000000000000 ) ) ;
#1070 = CARTESIAN_POINT ( 'NONE',  ( 1.370000000000000100, 0.0000000000000000000, -1.370000000000000100 ) ) ;
#1071 = ORIENTED_EDGE ( 'NONE', *, *, #2145, .T. ) ;
#1072 = LINE ( 'NONE', #4441, #4826 ) ;
#1073 = ORIENTED_EDGE ( 'NONE', *, *, #2348, .T. ) ;
#1074 = DIRECTION ( 'NONE',  ( 1.301042606982605300E-015, -0.0000000000000000000, 1.000000000000000000 ) ) ;
#1075 =( NAMED_UNIT ( * ) PLANE_ANGLE_UNIT ( ) SI_UNIT ( $, .RADIAN. ) );
#1076 = EDGE_LOOP ( 'NONE', ( #42, #4230, #568, #2407 ) ) ;
#1077 = VERTEX_POINT ( 'NONE', #835 ) ;
#1078 = CIRCLE ( 'NONE', #4591, 0.1499999999999999700 ) ;
#1079 = CARTESIAN_POINT ( 'NONE',  ( -0.6499999999999993600, 0.1499999999999999900, 1.199999999999999700 ) ) ;
#1080 = ORIENTED_EDGE ( 'NONE', *, *, #3938, .F. ) ;
#1081 = EDGE_LOOP ( 'NONE', ( #4676, #4068, #1779, #1358 ) ) ;
#1082 = CARTESIAN_POINT ( 'NONE',  ( -0.4999999999999993300, 0.6500000000000001300, 1.199999999999999700 ) ) ;
#1083 = ORIENTED_EDGE ( 'NONE', *, *, #2817, .T. ) ;
#1084 = ORIENTED_EDGE ( 'NONE', *, *, #4422, .F. ) ;
#1085 = ORIENTED_EDGE ( 'NONE', *, *, #4321, .F. ) ;
#1086 = CARTESIAN_POINT ( 'NONE',  ( 0.7500000000000002200, 0.0000000000000000000, 0.6250000000000000000 ) ) ;
#1087 = FACE_OUTER_BOUND ( 'NONE', #552, .T. ) ;
#1088 = LINE ( 'NONE', #600, #4145 ) ;
#1089 = ORIENTED_EDGE ( 'NONE', *, *, #2853, .F. ) ;
#1090 = CARTESIAN_POINT ( 'NONE',  ( -0.6499999999999991300, 0.1499999999999999900, 1.370000000000000100 ) ) ;
#1091 = PLANE ( 'NONE',  #3377 ) ;
#1092 = EDGE_CURVE ( 'NONE', #2291, #1197, #2690, .T. ) ;
#1093 = CARTESIAN_POINT ( 'NONE',  ( -1.370000000000000100, 0.6500000000000000200, 0.6500000000000000200 ) ) ;
#1094 = EDGE_LOOP ( 'NONE', ( #4414, #3020, #317, #2660 ) ) ;
#1095 = DIRECTION ( 'NONE',  ( 0.0000000000000000000, 1.000000000000000000, 0.0000000000000000000 ) ) ;
#1096 = DIRECTION ( 'NONE',  ( 1.000000000000000000, 0.0000000000000000000, 0.0000000000000000000 ) ) ;
#1097 = ADVANCED_FACE ( 'NONE', ( #1567 ), #2725, .F. ) ;
#1098 = CARTESIAN_POINT ( 'NONE',  ( 0.6500000000000009100, 0.6500000000000001300, 1.370000000000000100 ) ) ;
#1099 = VERTEX_POINT ( 'NONE', #3066 ) ;
#1100 = ORIENTED_EDGE ( 'NONE', *, *, #1871, .T. ) ;
#1101 = LINE ( 'NONE', #3237, #3229 ) ;
#1102 = AXIS2_PLACEMENT_3D ( 'NONE', #3999, #2506, #1369 ) ;
#1103 = EDGE_CURVE ( 'NONE', #2361, #1003, #3829, .T. ) ;
#1104 = CARTESIAN_POINT ( 'NONE',  ( -1.370000000000000100, 0.1499999999999999700, -0.3500000000000000300 ) ) ;
#1105 = CIRCLE ( 'NONE', #4702, 0.1499999999999999700 ) ;
#1106 = DIRECTION ( 'NONE',  ( -1.000000000000000000, 0.0000000000000000000, 0.0000000000000000000 ) ) ;
#1107 = VECTOR ( 'NONE', #4565, 1000.000000000000000 ) ;
#1108 = ORIENTED_EDGE ( 'NONE', *, *, #1013, .T. ) ;
#1109 = CARTESIAN_POINT ( 'NONE',  ( -1.199999999999999500, 0.6500000000000000200, 0.4999999999999998900 ) ) ;
#1110 = DIRECTION ( 'NONE',  ( 0.0000000000000000000, -1.000000000000000000, 0.0000000000000000000 ) ) ;
#1111 = CARTESIAN_POINT ( 'NONE',  ( 0.3500000000000007000, 0.6500000000000001300, -1.199999999999999700 ) ) ;
#1112 = DIRECTION ( 'NONE',  ( 0.0000000000000000000, 0.0000000000000000000, 1.000000000000000000 ) ) ;
#1113 = ORIENTED_EDGE ( 'NONE', *, *, #192, .T. ) ;
#1114 = CARTESIAN_POINT ( 'NONE',  ( 0.7500000000000002200, 0.0000000000000000000, -0.6250000000000000000 ) ) ;
#1115 = CYLINDRICAL_SURFACE ( 'NONE', #3645, 0.1499999999999999700 ) ;
#1116 = ORIENTED_EDGE ( 'NONE', *, *, #1313, .F. ) ;
#1117 = CARTESIAN_POINT ( 'NONE',  ( 1.199999999999999500, 0.6500000000000000200, 0.1499999999999998600 ) ) ;
#1118 = LINE ( 'NONE', #4400, #20 ) ;
#1119 = ORIENTED_EDGE ( 'NONE', *, *, #4292, .T. ) ;
#1120 = CARTESIAN_POINT ( 'NONE',  ( 1.199999999999999500, 0.6500000000000000200, 0.4999999999999998900 ) ) ;
#1121 = ADVANCED_FACE ( 'NONE', ( #2564 ), #1869, .T. ) ;
#1122 = EDGE_CURVE ( 'NONE', #4602, #3638, #3272, .T. ) ;
#1123 = EDGE_CURVE ( 'NONE', #3332, #3033, #1691, .T. ) ;
#1124 = ADVANCED_FACE ( 'NONE', ( #3586 ), #1533, .F. ) ;
#1125 = AXIS2_PLACEMENT_3D ( 'NONE', #1421, #2982, #343 ) ;
#1126 = DIRECTION ( 'NONE',  ( -0.0000000000000000000, -0.0000000000000000000, -1.000000000000000000 ) ) ;
#1127 = VECTOR ( 'NONE', #3487, 1000.000000000000000 ) ;
#1128 = DIRECTION ( 'NONE',  ( 0.0000000000000000000, -1.000000000000000000, 0.0000000000000000000 ) ) ;
#1129 = VECTOR ( 'NONE', #3445, 1000.000000000000000 ) ;
#1130 = DIRECTION ( 'NONE',  ( 0.0000000000000000000, 0.0000000000000000000, -1.000000000000000000 ) ) ;
#1131 = ORIENTED_EDGE ( 'NONE', *, *, #2267, .F. ) ;
#1132 = VERTEX_POINT ( 'NONE', #4207 ) ;
#1133 = EDGE_LOOP ( 'NONE', ( #171, #684, #1900, #3199 ) ) ;
#1134 = VECTOR ( 'NONE', #2187, 1000.000000000000000 ) ;
#1135 = CARTESIAN_POINT ( 'NONE',  ( 0.5000000000000006700, 0.6500000000000001300, -1.199999999999999700 ) ) ;
#1136 = VERTEX_POINT ( 'NONE', #1901 ) ;
#1137 = VERTEX_POINT ( 'NONE', #4567 ) ;
#1138 = LINE ( 'NONE', #2482, #1257 ) ;
#1139 = DIRECTION ( 'NONE',  ( -1.000000000000000000, 0.0000000000000000000, 0.0000000000000000000 ) ) ;
#1140 = ORIENTED_EDGE ( 'NONE', *, *, #3653, .F. ) ;
#1141 = ORIENTED_EDGE ( 'NONE', *, *, #3175, .F. ) ;
#1142 = DIRECTION ( 'NONE',  ( 1.734723475976810100E-015, 0.0000000000000000000, 1.000000000000000000 ) ) ;
#1143 = VECTOR ( 'NONE', #137, 1000.000000000000000 ) ;
#1144 = DIRECTION ( 'NONE',  ( 0.0000000000000000000, -0.0000000000000000000, 1.000000000000000000 ) ) ;
#1145 = CLOSED_SHELL ( 'NONE', ( #771, #646, #4008, #2272, #1121, #939 ) ) ;
#1146 = FILL_AREA_STYLE ('',( #3021 ) ) ;
#1147 = ADVANCED_FACE ( 'NONE', ( #1087 ), #3049, .F. ) ;
#1148 = DIRECTION ( 'NONE',  ( 0.0000000000000000000, 1.000000000000000000, 0.0000000000000000000 ) ) ;
#1149 = EDGE_CURVE ( 'NONE', #4725, #4717, #4722, .T. ) ;
#1150 = EDGE_CURVE ( 'NONE', #1444, #2160, #4899, .T. ) ;
#1151 = AXIS2_PLACEMENT_3D ( 'NONE', #3846, #827, #3061 ) ;
#1152 = CARTESIAN_POINT ( 'NONE',  ( -0.4999999999999993300, 0.1499999999999999700, 1.199999999999999700 ) ) ;
#1153 = VERTEX_POINT ( 'NONE', #1652 ) ;
#1154 = ORIENTED_EDGE ( 'NONE', *, *, #4700, .F. ) ;
#1155 = CARTESIAN_POINT ( 'NONE',  ( -1.370000000000000100, 0.1499999999999999900, 0.3499999999999998100 ) ) ;
#1156 = EDGE_CURVE ( 'NONE', #812, #75, #1375, .T. ) ;
#1157 = CARTESIAN_POINT ( 'NONE',  ( 0.7500000000000002200, 0.1000000000000000100, -0.6250000000000000000 ) ) ;
#1158 = EDGE_CURVE ( 'NONE', #358, #4603, #2395, .T. ) ;
#1159 = FACE_OUTER_BOUND ( 'NONE', #1374, .T. ) ;
#1160 = DIRECTION ( 'NONE',  ( 0.0000000000000000000, 1.000000000000000000, 0.0000000000000000000 ) ) ;
#1161 = VECTOR ( 'NONE', #2088, 1000.000000000000000 ) ;
#1162 = CARTESIAN_POINT ( 'NONE',  ( 1.199999999999999500, 0.6500000000000000200, -0.6500000000000001300 ) ) ;
#1163 = EDGE_LOOP ( 'NONE', ( #3742, #747, #1595, #3928 ) ) ;
#1164 = CARTESIAN_POINT ( 'NONE',  ( -1.449999999999999700, 5.901219330881975400, 1.450000000000000200 ) ) ;
#1165 = AXIS2_PLACEMENT_3D ( 'NONE', #4095, #4848, #3303 ) ;
#1166 = VECTOR ( 'NONE', #3996, 1000.000000000000000 ) ;
#1167 = LINE ( 'NONE', #3858, #2414 ) ;
#1168 = EDGE_LOOP ( 'NONE', ( #4212, #2618, #4683, #2952, #218 ) ) ;
#1169 = CARTESIAN_POINT ( 'NONE',  ( 0.6250000000000002200, 0.1000000000000000100, 0.6250000000000000000 ) ) ;
#1170 = CARTESIAN_POINT ( 'NONE',  ( -0.1499999999999993000, 0.1499999999999999900, 1.370000000000000100 ) ) ;
#1171 = DIRECTION ( 'NONE',  ( -1.000000000000000000, -0.0000000000000000000, -4.336808689942017700E-016 ) ) ;
#1172 = ORIENTED_EDGE ( 'NONE', *, *, #2816, .T. ) ;
#1173 = CARTESIAN_POINT ( 'NONE',  ( 0.1500000000000010500, 0.6500000000000001300, 1.449999999999999300 ) ) ;
#1174 = CARTESIAN_POINT ( 'NONE',  ( -1.199999999999999500, 0.6500000000000000200, 0.3499999999999999200 ) ) ;
#1175 = CIRCLE ( 'NONE', #2105, 0.1499999999999999700 ) ;
#1176 = CARTESIAN_POINT ( 'NONE',  ( -0.6499999999999993600, 0.0000000000000000000, -1.199999999999999700 ) ) ;
#1177 = CARTESIAN_POINT ( 'NONE',  ( -0.3499999999999994200, 0.1499999999999999900, -1.199999999999999700 ) ) ;
#1178 = ORIENTED_EDGE ( 'NONE', *, *, #2486, .F. ) ;
#1179 = PLANE ( 'NONE',  #2 ) ;
#1180 = VECTOR ( 'NONE', #3608, 1000.000000000000000 ) ;
#1181 = DIRECTION ( 'NONE',  ( 0.0000000000000000000, 0.0000000000000000000, -1.000000000000000000 ) ) ;
#1182 = LINE ( 'NONE', #1974, #670 ) ;
#1183 = VECTOR ( 'NONE', #1110, 1000.000000000000000 ) ;
#1184 = DIRECTION ( 'NONE',  ( 1.000000000000000000, 0.0000000000000000000, 4.336808689942017700E-016 ) ) ;
#1185 = CARTESIAN_POINT ( 'NONE',  ( 1.370000000000000100, 0.1499999999999999900, 0.1499999999999999700 ) ) ;
#1186 = CIRCLE ( 'NONE', #4862, 0.1499999999999999700 ) ;
#1187 = EDGE_CURVE ( 'NONE', #2045, #1206, #921, .T. ) ;
#1188 = VERTEX_POINT ( 'NONE', #3902 ) ;
#1189 = VECTOR ( 'NONE', #3853, 1000.000000000000000 ) ;
#1190 = ORIENTED_EDGE ( 'NONE', *, *, #2788, .T. ) ;
#1191 = UNCERTAINTY_MEASURE_WITH_UNIT (LENGTH_MEASURE( 1.000000000000000100E-005 ), #1415, 'distance_accuracy_value', 'NONE');
#1192 = VECTOR ( 'NONE', #713, 1000.000000000000000 ) ;
#1193 = CARTESIAN_POINT ( 'NONE',  ( -1.370000000000000100, 0.1499999999999999700, -0.6500000000000000200 ) ) ;
#1194 = PRESENTATION_LAYER_ASSIGNMENT (  '', '', ( #174 ) ) ;
#1195 = EDGE_CURVE ( 'NONE', #3033, #4396, #3651, .T. ) ;
#1196 = ADVANCED_FACE ( 'NONE', ( #627 ), #3953, .T. ) ;
#1197 = VERTEX_POINT ( 'NONE', #3507 ) ;
#1198 = LINE ( 'NONE', #3250, #211 ) ;
#1199 = ORIENTED_EDGE ( 'NONE', *, *, #915, .F. ) ;
#1200 = ORIENTED_EDGE ( 'NONE', *, *, #793, .F. ) ;
#1201 = DIRECTION ( 'NONE',  ( -0.0000000000000000000, -1.000000000000000000, -0.0000000000000000000 ) ) ;
#1202 = DIRECTION ( 'NONE',  ( -1.000000000000000000, 0.0000000000000000000, 0.0000000000000000000 ) ) ;
#1203 = ORIENTED_EDGE ( 'NONE', *, *, #2434, .T. ) ;
#1204 = DIRECTION ( 'NONE',  ( -0.0000000000000000000, -0.0000000000000000000, 1.000000000000000000 ) ) ;
#1205 = DIRECTION ( 'NONE',  ( 0.0000000000000000000, -0.0000000000000000000, 1.000000000000000000 ) ) ;
#1206 = VERTEX_POINT ( 'NONE', #4693 ) ;
#1207 = DIRECTION ( 'NONE',  ( 0.0000000000000000000, 1.000000000000000000, 0.0000000000000000000 ) ) ;
#1208 = DIRECTION ( 'NONE',  ( 0.0000000000000000000, 0.0000000000000000000, -1.000000000000000000 ) ) ;
#1209 = CARTESIAN_POINT ( 'NONE',  ( -0.3499999999999994200, 0.0000000000000000000, -1.199999999999999700 ) ) ;
#1210 = EDGE_LOOP ( 'NONE', ( #1259, #94, #2631, #1386 ) ) ;
#1211 = EDGE_LOOP ( 'NONE', ( #1154, #3517, #1319, #1084 ) ) ;
#1212 = ORIENTED_EDGE ( 'NONE', *, *, #4292, .F. ) ;
#1213 = CARTESIAN_POINT ( 'NONE',  ( -1.199999999999999500, 0.1499999999999999700, 0.1499999999999998600 ) ) ;
#1214 = EDGE_CURVE ( 'NONE', #2985, #2505, #2509, .T. ) ;
#1215 = EDGE_CURVE ( 'NONE', #2149, #4716, #4667, .T. ) ;
#1216 = VERTEX_POINT ( 'NONE', #868 ) ;
#1217 = CARTESIAN_POINT ( 'NONE',  ( 1.199999999999999500, 0.1499999999999999700, -1.084202172485504400E-016 ) ) ;
#1218 = CARTESIAN_POINT ( 'NONE',  ( -0.6499999999999990200, 0.0000000000000000000, 1.449999999999999700 ) ) ;
#1219 = ADVANCED_FACE ( 'NONE', ( #4546 ), #3157, .F. ) ;
#1220 = CIRCLE ( 'NONE', #2237, 0.1250000000000000000 ) ;
#1221 = AXIS2_PLACEMENT_3D ( 'NONE', #3201, #584, #3604 ) ;
#1222 = CARTESIAN_POINT ( 'NONE',  ( 1.370000000000000100, 0.1499999999999999900, 1.370000000000000100 ) ) ;
#1223 = EDGE_LOOP ( 'NONE', ( #496, #3370, #4830, #1270 ) ) ;
#1224 = EDGE_CURVE ( 'NONE', #4339, #4146, #4196, .T. ) ;
#1225 = PLANE ( 'NONE',  #255 ) ;
#1226 = LINE ( 'NONE', #345, #2003 ) ;
#1227 = CARTESIAN_POINT ( 'NONE',  ( -0.1499999999999990800, 0.6500000000000001300, 1.370000000000000100 ) ) ;
#1228 = ORIENTED_EDGE ( 'NONE', *, *, #3785, .T. ) ;
#1229 = DIRECTION ( 'NONE',  ( 0.0000000000000000000, 1.000000000000000000, 0.0000000000000000000 ) ) ;
#1230 = VECTOR ( 'NONE', #880, 1000.000000000000000 ) ;
#1231 = EDGE_LOOP ( 'NONE', ( #2427, #3008, #3474, #1953 ) ) ;
#1232 = CARTESIAN_POINT ( 'NONE',  ( 6.505213034913026600E-016, 0.6500000000000001300, 1.199999999999999700 ) ) ;
#1233 = LINE ( 'NONE', #1877, #2539 ) ;
#1234 = EDGE_LOOP ( 'NONE', ( #4069, #4451, #4336, #3016 ) ) ;
#1235 = CARTESIAN_POINT ( 'NONE',  ( 1.370000000000000100, 0.6500000000000000200, -0.6500000000000000200 ) ) ;
#1236 = LINE ( 'NONE', #4453, #2133 ) ;
#1237 = CARTESIAN_POINT ( 'NONE',  ( 0.6500000000000005800, 0.1499999999999999700, -1.199999999999999700 ) ) ;
#1238 = CARTESIAN_POINT ( 'NONE',  ( -0.6249999999999997800, 0.1000000000000000100, -0.7500000000000002200 ) ) ;
#1239 = PRESENTATION_STYLE_ASSIGNMENT (( #1804 ) ) ;
#1240 = CARTESIAN_POINT ( 'NONE',  ( -1.199999999999999500, 0.6500000000000000200, 0.1499999999999998600 ) ) ;
#1241 = ADVANCED_FACE ( 'NONE', ( #976 ), #1995, .F. ) ;
#1242 = EDGE_CURVE ( 'NONE', #2985, #3601, #1261, .T. ) ;
#1243 = DIRECTION ( 'NONE',  ( 0.0000000000000000000, 0.0000000000000000000, 1.000000000000000000 ) ) ;
#1244 = VERTEX_POINT ( 'NONE', #515 ) ;
#1245 = CLOSED_SHELL ( 'NONE', ( #2540, #2150, #2351, #3625, #3675, #4297, #4323 ) ) ;
#1246 = CYLINDRICAL_SURFACE ( 'NONE', #4300, 0.1499999999999999700 ) ;
#1247 = DIRECTION ( 'NONE',  ( -0.0000000000000000000, -1.000000000000000000, -0.0000000000000000000 ) ) ;
#1248 = DIRECTION ( 'NONE',  ( 0.0000000000000000000, 1.000000000000000000, 0.0000000000000000000 ) ) ;
#1249 = VERTEX_POINT ( 'NONE', #2743 ) ;
#1250 = DIRECTION ( 'NONE',  ( 1.301042606982605300E-015, -0.0000000000000000000, 1.000000000000000000 ) ) ;
#1251 = EDGE_CURVE ( 'NONE', #3031, #362, #1506, .T. ) ;
#1252 = STYLED_ITEM ( 'NONE', ( #903 ), #2294 ) ;
#1253 = ORIENTED_EDGE ( 'NONE', *, *, #2549, .T. ) ;
#1254 = ORIENTED_EDGE ( 'NONE', *, *, #498, .T. ) ;
#1255 = STYLED_ITEM ( 'NONE', ( #3056 ), #4742 ) ;
#1256 = EDGE_CURVE ( 'NONE', #956, #2616, #4076, .T. ) ;
#1257 = VECTOR ( 'NONE', #955, 1000.000000000000000 ) ;
#1258 = DIRECTION ( 'NONE',  ( 0.0000000000000000000, -0.0000000000000000000, 1.000000000000000000 ) ) ;
#1259 = ORIENTED_EDGE ( 'NONE', *, *, #757, .T. ) ;
#1260 = DIRECTION ( 'NONE',  ( 0.0000000000000000000, -1.000000000000000000, 0.0000000000000000000 ) ) ;
#1261 = LINE ( 'NONE', #4713, #155 ) ;
#1262 = ORIENTED_EDGE ( 'NONE', *, *, #4383, .T. ) ;
#1263 = PLANE ( 'NONE',  #3971 ) ;
#1264 = CIRCLE ( 'NONE', #3325, 0.1499999999999999700 ) ;
#1265 = DIRECTION ( 'NONE',  ( 0.0000000000000000000, -1.000000000000000000, 0.0000000000000000000 ) ) ;
#1266 = VERTEX_POINT ( 'NONE', #4311 ) ;
#1267 = CARTESIAN_POINT ( 'NONE',  ( -1.199999999999999500, 0.1499999999999999700, -0.1500000000000000800 ) ) ;
#1268 = CARTESIAN_POINT ( 'NONE',  ( -0.4999999999999993300, 0.1499999999999999900, -1.199999999999999700 ) ) ;
#1269 = ADVANCED_FACE ( 'NONE', ( #504 ), #1276, .F. ) ;
#1270 = ORIENTED_EDGE ( 'NONE', *, *, #4487, .T. ) ;
#1271 = ORIENTED_EDGE ( 'NONE', *, *, #4383, .F. ) ;
#1272 = CARTESIAN_POINT ( 'NONE',  ( 6.505213034913026600E-016, 0.0000000000000000000, 1.199999999999999700 ) ) ;
#1273 = ORIENTED_EDGE ( 'NONE', *, *, #479, .F. ) ;
#1274 = ORIENTED_EDGE ( 'NONE', *, *, #1893, .T. ) ;
#1275 = DIRECTION ( 'NONE',  ( 0.0000000000000000000, 0.0000000000000000000, -1.000000000000000000 ) ) ;
#1276 = PLANE ( 'NONE',  #605 ) ;
#1277 = CARTESIAN_POINT ( 'NONE',  ( 1.199999999999999500, 0.1499999999999999700, 0.6499999999999999100 ) ) ;
#1278 = LINE ( 'NONE', #427, #3167 ) ;
#1279 = VECTOR ( 'NONE', #526, 1000.000000000000000 ) ;
#1280 = EDGE_CURVE ( 'NONE', #362, #1028, #4431, .T. ) ;
#1281 = EDGE_CURVE ( 'NONE', #3288, #1888, #1629, .T. ) ;
#1282 = ORIENTED_EDGE ( 'NONE', *, *, #4699, .T. ) ;
#1283 = AXIS2_PLACEMENT_3D ( 'NONE', #1272, #1687, #4708 ) ;
#1284 = CARTESIAN_POINT ( 'NONE',  ( -0.6249999999999997800, 0.1000000000000000100, -0.7500000000000002200 ) ) ;
#1285 = VECTOR ( 'NONE', #3306, 1000.000000000000000 ) ;
#1286 = CIRCLE ( 'NONE', #1474, 0.1499999999999999700 ) ;
#1287 = VERTEX_POINT ( 'NONE', #559 ) ;
#1288 = PRESENTATION_LAYER_ASSIGNMENT (  '', '', ( #804 ) ) ;
#1289 = LINE ( 'NONE', #1277, #779 ) ;
#1290 = FILL_AREA_STYLE_COLOUR ( '', #3547 ) ;
#1291 = AXIS2_PLACEMENT_3D ( 'NONE', #972, #3630, #615 ) ;
#1292 = PLANE ( 'NONE',  #1937 ) ;
#1293 = EDGE_LOOP ( 'NONE', ( #2075, #3860, #537, #1332 ) ) ;
#1294 = FACE_OUTER_BOUND ( 'NONE', #1211, .T. ) ;
#1295 = ADVANCED_FACE ( 'NONE', ( #3525 ), #3952, .F. ) ;
#1296 = ORIENTED_EDGE ( 'NONE', *, *, #507, .T. ) ;
#1297 = ADVANCED_FACE ( 'NONE', ( #3042, #3399, #1034, #390, #3149, #44, #2928, #1924, #2812, #4839, #1746, #2152, #1625, #4893 ), #4263, .F. ) ;
#1298 =( LENGTH_UNIT ( ) NAMED_UNIT ( * ) SI_UNIT ( .MILLI., .METRE. ) );
#1299 = LINE ( 'NONE', #488, #4472 ) ;
#1300 = ORIENTED_EDGE ( 'NONE', *, *, #3753, .F. ) ;
#1301 = VECTOR ( 'NONE', #396, 1000.000000000000000 ) ;
#1302 = DIRECTION ( 'NONE',  ( 0.0000000000000000000, -1.000000000000000000, 0.0000000000000000000 ) ) ;
#1303 = CARTESIAN_POINT ( 'NONE',  ( 0.6250000000000002200, 0.1000000000000000100, -0.7500000000000000000 ) ) ;
#1304 = ORIENTED_EDGE ( 'NONE', *, *, #2183, .T. ) ;
#1305 = DIRECTION ( 'NONE',  ( 0.0000000000000000000, 1.000000000000000000, 0.0000000000000000000 ) ) ;
#1306 = VECTOR ( 'NONE', #872, 1000.000000000000000 ) ;
#1307 = DIRECTION ( 'NONE',  ( 0.0000000000000000000, 1.000000000000000000, -0.0000000000000000000 ) ) ;
#1308 = CARTESIAN_POINT ( 'NONE',  ( -0.3499999999999994200, 0.1499999999999999900, -1.199999999999999700 ) ) ;
#1309 = ORIENTED_EDGE ( 'NONE', *, *, #1343, .F. ) ;
#1310 = VERTEX_POINT ( 'NONE', #3932 ) ;
#1311 = EDGE_CURVE ( 'NONE', #3281, #3426, #2749, .T. ) ;
#1312 = PLANE ( 'NONE',  #3155 ) ;
#1313 = EDGE_CURVE ( 'NONE', #2236, #358, #3336, .T. ) ;
#1314 = AXIS2_PLACEMENT_3D ( 'NONE', #2141, #666, #612 ) ;
#1315 = VECTOR ( 'NONE', #2542, 1000.000000000000000 ) ;
#1316 = ORIENTED_EDGE ( 'NONE', *, *, #1158, .F. ) ;
#1317 = LINE ( 'NONE', #1326, #3646 ) ;
#1318 = EDGE_CURVE ( 'NONE', #1811, #4574, #1138, .T. ) ;
#1319 = ORIENTED_EDGE ( 'NONE', *, *, #412, .F. ) ;
#1320 = EDGE_CURVE ( 'NONE', #3426, #2669, #266, .T. ) ;
#1321 = ORIENTED_EDGE ( 'NONE', *, *, #3443, .F. ) ;
#1322 = SURFACE_SIDE_STYLE ('',( #178 ) ) ;
#1323 = ADVANCED_FACE ( 'NONE', ( #3519, #3268 ), #2060, .T. ) ;
#1324 = CIRCLE ( 'NONE', #3006, 0.1250000000000000000 ) ;
#1325 = PLANE ( 'NONE',  #4322 ) ;
#1326 = CARTESIAN_POINT ( 'NONE',  ( 1.370000000000000100, 0.0000000000000000000, -1.370000000000000100 ) ) ;
#1327 = ORIENTED_EDGE ( 'NONE', *, *, #2307, .F. ) ;
#1328 = AXIS2_PLACEMENT_3D ( 'NONE', #1536, #2301, #402 ) ;
#1329 = DIRECTION ( 'NONE',  ( 1.000000000000000000, -0.0000000000000000000, 4.336808689942018200E-016 ) ) ;
#1330 = DIRECTION ( 'NONE',  ( 1.000000000000000000, 0.0000000000000000000, -0.0000000000000000000 ) ) ;
#1331 = ORIENTED_EDGE ( 'NONE', *, *, #4282, .T. ) ;
#1332 = ORIENTED_EDGE ( 'NONE', *, *, #4803, .F. ) ;
#1333 = LINE ( 'NONE', #628, #1459 ) ;
#1334 = CARTESIAN_POINT ( 'NONE',  ( 6.505213034913026600E-016, 0.6500000000000001300, -1.199999999999999700 ) ) ;
#1335 = DIRECTION ( 'NONE',  ( 0.0000000000000000000, 0.0000000000000000000, -1.000000000000000000 ) ) ;
#1336 = DIRECTION ( 'NONE',  ( 0.0000000000000000000, 0.0000000000000000000, 1.000000000000000000 ) ) ;
#1337 = AXIS2_PLACEMENT_3D ( 'NONE', #3692, #3664, #1407 ) ;
#1338 = CIRCLE ( 'NONE', #311, 0.1499999999999999700 ) ;
#1339 = CARTESIAN_POINT ( 'NONE',  ( -1.049999999999999600, -0.0000000000000000000, -0.6500000000000000200 ) ) ;
#1340 = CYLINDRICAL_SURFACE ( 'NONE', #4284, 0.1499999999999999700 ) ;
#1341 = UNCERTAINTY_MEASURE_WITH_UNIT (LENGTH_MEASURE( 1.000000000000000100E-005 ), #4193, 'distance_accuracy_value', 'NONE');
#1342 = ORIENTED_EDGE ( 'NONE', *, *, #598, .T. ) ;
#1343 = EDGE_CURVE ( 'NONE', #1132, #3047, #4366, .T. ) ;
#1344 = ADVANCED_FACE ( 'NONE', ( #3091 ), #611, .F. ) ;
#1345 = AXIS2_PLACEMENT_3D ( 'NONE', #2455, #2007, #2793 ) ;
#1346 = EDGE_LOOP ( 'NONE', ( #4499, #949, #3722, #4698 ) ) ;
#1347 = CARTESIAN_POINT ( 'NONE',  ( 0.6500000000000005800, 0.1499999999999999900, -1.199999999999999700 ) ) ;
#1348 = VECTOR ( 'NONE', #2421, 1000.000000000000000 ) ;
#1349 = ORIENTED_EDGE ( 'NONE', *, *, #4238, .T. ) ;
#1350 = CARTESIAN_POINT ( 'NONE',  ( 0.5000000000000006700, 0.0000000000000000000, 1.199999999999999700 ) ) ;
#1351 = SURFACE_SIDE_STYLE ('',( #2948 ) ) ;
#1352 = CIRCLE ( 'NONE', #3094, 0.1499999999999999700 ) ;
#1353 = DIRECTION ( 'NONE',  ( 0.0000000000000000000, -0.0000000000000000000, 1.000000000000000000 ) ) ;
#1354 = EDGE_LOOP ( 'NONE', ( #3697, #2142, #3588, #2451 ) ) ;
#1355 = DIRECTION ( 'NONE',  ( 0.0000000000000000000, 0.0000000000000000000, 1.000000000000000000 ) ) ;
#1356 = FACE_OUTER_BOUND ( 'NONE', #3108, .T. ) ;
#1357 = FILL_AREA_STYLE_COLOUR ( '', #1986 ) ;
#1358 = ORIENTED_EDGE ( 'NONE', *, *, #672, .T. ) ;
#1359 = LINE ( 'NONE', #1487, #257 ) ;
#1360 = FILL_AREA_STYLE ('',( #2116 ) ) ;
#1361 = VERTEX_POINT ( 'NONE', #2829 ) ;
#1362 = VECTOR ( 'NONE', #2474, 1000.000000000000000 ) ;
#1363 = LINE ( 'NONE', #644, #3940 ) ;
#1364 = CARTESIAN_POINT ( 'NONE',  ( 6.505213034913026600E-016, 0.0000000000000000000, -1.199999999999999700 ) ) ;
#1365 = DIRECTION ( 'NONE',  ( 1.000000000000000000, 0.0000000000000000000, 4.336808689942017700E-016 ) ) ;
#1366 = VERTEX_POINT ( 'NONE', #3609 ) ;
#1367 = ADVANCED_FACE ( 'NONE', ( #741 ), #2124, .F. ) ;
#1368 = ORIENTED_EDGE ( 'NONE', *, *, #3347, .T. ) ;
#1369 = DIRECTION ( 'NONE',  ( 0.0000000000000000000, 0.0000000000000000000, -1.000000000000000000 ) ) ;
#1370 = CARTESIAN_POINT ( 'NONE',  ( -1.049999999999999600, 0.9000000000000000200, -1.049999999999999800 ) ) ;
#1371 = EDGE_CURVE ( 'NONE', #1751, #3526, #1317, .T. ) ;
#1372 = DIRECTION ( 'NONE',  ( -1.000000000000000000, 0.0000000000000000000, 0.0000000000000000000 ) ) ;
#1373 = EDGE_CURVE ( 'NONE', #3791, #1077, #2623, .T. ) ;
#1374 = EDGE_LOOP ( 'NONE', ( #1387, #2332, #4050, #123 ) ) ;
#1375 = CIRCLE ( 'NONE', #3918, 0.1499999999999999700 ) ;
#1376 = CARTESIAN_POINT ( 'NONE',  ( 1.199999999999999500, 0.6500000000000000200, 0.3499999999999999200 ) ) ;
#1377 = ORIENTED_EDGE ( 'NONE', *, *, #282, .F. ) ;
#1378 = VECTOR ( 'NONE', #4498, 1000.000000000000000 ) ;
#1379 = ORIENTED_EDGE ( 'NONE', *, *, #4151, .T. ) ;
#1380 = AXIS2_PLACEMENT_3D ( 'NONE', #2755, #3532, #4670 ) ;
#1381 = ORIENTED_EDGE ( 'NONE', *, *, #4353, .T. ) ;
#1382 = EDGE_CURVE ( 'NONE', #3047, #232, #3144, .T. ) ;
#1383 = DIRECTION ( 'NONE',  ( 0.0000000000000000000, 0.0000000000000000000, -1.000000000000000000 ) ) ;
#1384 = DIRECTION ( 'NONE',  ( 0.0000000000000000000, 1.000000000000000000, -0.0000000000000000000 ) ) ;
#1385 = CARTESIAN_POINT ( 'NONE',  ( -0.3499999999999994200, 0.1499999999999999700, -1.199999999999999700 ) ) ;
#1386 = ORIENTED_EDGE ( 'NONE', *, *, #3314, .F. ) ;
#1387 = ORIENTED_EDGE ( 'NONE', *, *, #1679, .F. ) ;
#1388 = CARTESIAN_POINT ( 'NONE',  ( -1.370000000000000100, 0.6500000000000000200, -0.3500000000000000900 ) ) ;
#1389 = AXIS2_PLACEMENT_3D ( 'NONE', #1268, #3943, #3823 ) ;
#1390 = CARTESIAN_POINT ( 'NONE',  ( 1.370000000000000100, 0.1499999999999999900, -1.370000000000000100 ) ) ;
#1391 = ORIENTED_EDGE ( 'NONE', *, *, #4710, .T. ) ;
#1392 = LINE ( 'NONE', #3258, #3483 ) ;
#1393 = CARTESIAN_POINT ( 'NONE',  ( -0.1499999999999993000, 0.6500000000000001300, 1.199999999999999700 ) ) ;
#1394 = ADVANCED_FACE ( 'NONE', ( #2093 ), #501, .T. ) ;
#1395 = FACE_OUTER_BOUND ( 'NONE', #4831, .T. ) ;
#1396 = PLANE ( 'NONE',  #4398 ) ;
#1397 = VECTOR ( 'NONE', #246, 1000.000000000000000 ) ;
#1398 = ORIENTED_EDGE ( 'NONE', *, *, #924, .F. ) ;
#1399 = DIRECTION ( 'NONE',  ( -1.000000000000000000, 0.0000000000000000000, -4.336808689942018200E-016 ) ) ;
#1400 = LINE ( 'NONE', #295, #1285 ) ;
#1401 =( NAMED_UNIT ( * ) SI_UNIT ( $, .STERADIAN. ) SOLID_ANGLE_UNIT ( ) );
#1402 = PRODUCT_CONTEXT ( 'NONE', #4155, 'mechanical' ) ;
#1403 = VECTOR ( 'NONE', #1579, 1000.000000000000000 ) ;
#1404 = MANIFOLD_SOLID_BREP ( 'Pin 10', #1060 ) ;
#1405 = EDGE_CURVE ( 'NONE', #1099, #1787, #3210, .T. ) ;
#1406 = ORIENTED_EDGE ( 'NONE', *, *, #2081, .T. ) ;
#1407 = DIRECTION ( 'NONE',  ( 0.0000000000000000000, 0.0000000000000000000, 1.000000000000000000 ) ) ;
#1408 = CARTESIAN_POINT ( 'NONE',  ( 0.6250000000000002200, 0.0000000000000000000, 0.6250000000000000000 ) ) ;
#1409 = ORIENTED_EDGE ( 'NONE', *, *, #3521, .F. ) ;
#1410 = EDGE_CURVE ( 'NONE', #1099, #1811, #2872, .T. ) ;
#1411 = AXIS2_PLACEMENT_3D ( 'NONE', #3371, #1095, #366 ) ;
#1412 = FACE_OUTER_BOUND ( 'NONE', #4669, .T. ) ;
#1413 = EDGE_CURVE ( 'NONE', #4617, #4463, #4301, .T. ) ;
#1414 = ORIENTED_EDGE ( 'NONE', *, *, #2908, .T. ) ;
#1415 =( LENGTH_UNIT ( ) NAMED_UNIT ( * ) SI_UNIT ( .MILLI., .METRE. ) );
#1416 = CARTESIAN_POINT ( 'NONE',  ( -0.3499999999999989800, 0.0000000000000000000, 1.449999999999999300 ) ) ;
#1417 = FACE_OUTER_BOUND ( 'NONE', #4656, .T. ) ;
#1418 = DIRECTION ( 'NONE',  ( 1.000000000000000000, 0.0000000000000000000, -0.0000000000000000000 ) ) ;
#1419 = AXIS2_PLACEMENT_3D ( 'NONE', #4605, #432, #3814 ) ;
#1420 = SURFACE_STYLE_FILL_AREA ( #2114 ) ;
#1421 = CARTESIAN_POINT ( 'NONE',  ( -1.199999999999999500, 0.6500000000000000200, -1.084202172485504400E-016 ) ) ;
#1422 =( NAMED_UNIT ( * ) SI_UNIT ( $, .STERADIAN. ) SOLID_ANGLE_UNIT ( ) );
#1423 = LINE ( 'NONE', #130, #1129 ) ;
#1424 = CARTESIAN_POINT ( 'NONE',  ( -1.049999999999999600, 0.9000000000000000200, -1.049999999999999800 ) ) ;
#1425 = CARTESIAN_POINT ( 'NONE',  ( -0.3499999999999989800, 0.6500000000000001300, 1.449999999999999300 ) ) ;
#1426 = LINE ( 'NONE', #4265, #3029 ) ;
#1427 = CARTESIAN_POINT ( 'NONE',  ( 1.450000000000000000, 0.8999999999999998000, 1.450000000000000200 ) ) ;
#1428 =( NAMED_UNIT ( * ) PLANE_ANGLE_UNIT ( ) SI_UNIT ( $, .RADIAN. ) );
#1429 = VERTEX_POINT ( 'NONE', #3467 ) ;
#1430 = VERTEX_POINT ( 'NONE', #3088 ) ;
#1431 = FACE_OUTER_BOUND ( 'NONE', #399, .T. ) ;
#1432 = CARTESIAN_POINT ( 'NONE',  ( -0.6499999999999993600, 0.1499999999999999900, -1.199999999999999700 ) ) ;
#1433 = DIRECTION ( 'NONE',  ( -4.336808689942018200E-016, 0.0000000000000000000, 1.000000000000000000 ) ) ;
#1434 = ORIENTED_EDGE ( 'NONE', *, *, #1541, .T. ) ;
#1435 = DIRECTION ( 'NONE',  ( -0.0000000000000000000, 0.0000000000000000000, -1.000000000000000000 ) ) ;
#1436 = DIRECTION ( 'NONE',  ( -1.000000000000000000, 0.0000000000000000000, 0.0000000000000000000 ) ) ;
#1437 = ORIENTED_EDGE ( 'NONE', *, *, #1614, .T. ) ;
#1438 = ORIENTED_EDGE ( 'NONE', *, *, #3709, .T. ) ;
#1439 = ORIENTED_EDGE ( 'NONE', *, *, #4041, .T. ) ;
#1440 = CARTESIAN_POINT ( 'NONE',  ( -0.1499999999999993000, 0.1499999999999999900, 1.199999999999999700 ) ) ;
#1441 = DIRECTION ( 'NONE',  ( 0.0000000000000000000, 0.0000000000000000000, 1.000000000000000000 ) ) ;
#1442 = EDGE_CURVE ( 'NONE', #1310, #1702, #4248, .T. ) ;
#1443 = AXIS2_PLACEMENT_3D ( 'NONE', #3726, #683, #2547 ) ;
#1444 = VERTEX_POINT ( 'NONE', #2037 ) ;
#1445 = CARTESIAN_POINT ( 'NONE',  ( -0.4999999999999993300, 0.1499999999999999900, 1.199999999999999700 ) ) ;
#1446 = CARTESIAN_POINT ( 'NONE',  ( -1.199999999999999500, 0.0000000000000000000, -0.1500000000000000800 ) ) ;
#1447 = ORIENTED_EDGE ( 'NONE', *, *, #3556, .F. ) ;
#1448 = DIRECTION ( 'NONE',  ( 0.0000000000000000000, 1.000000000000000000, -0.0000000000000000000 ) ) ;
#1449 = AXIS2_PLACEMENT_3D ( 'NONE', #2861, #3239, #1024 ) ;
#1450 = AXIS2_PLACEMENT_3D ( 'NONE', #4107, #4888, #348 ) ;
#1451 = ORIENTED_EDGE ( 'NONE', *, *, #2278, .F. ) ;
#1452 = ORIENTED_EDGE ( 'NONE', *, *, #1993, .F. ) ;
#1453 = PLANE ( 'NONE',  #2409 ) ;
#1454 = PLANE ( 'NONE',  #2181 ) ;
#1455 = DIRECTION ( 'NONE',  ( 0.0000000000000000000, 0.0000000000000000000, 1.000000000000000000 ) ) ;
#1456 = APPLICATION_PROTOCOL_DEFINITION ( 'draft international standard', 'automotive_design', 1998, #4155 ) ;
#1457 = ORIENTED_EDGE ( 'NONE', *, *, #3410, .F. ) ;
#1458 = DIRECTION ( 'NONE',  ( 0.0000000000000000000, 0.0000000000000000000, 1.000000000000000000 ) ) ;
#1459 = VECTOR ( 'NONE', #2469, 1000.000000000000000 ) ;
#1460 = CARTESIAN_POINT ( 'NONE',  ( 0.1500000000000006100, 0.0000000000000000000, -1.199999999999999700 ) ) ;
#1461 = CARTESIAN_POINT ( 'NONE',  ( 1.199999999999999500, 0.0000000000000000000, -0.3500000000000001400 ) ) ;
#1462 = CARTESIAN_POINT ( 'NONE',  ( -1.370000000000000100, 0.6500000000000000200, -0.6500000000000000200 ) ) ;
#1463 = LINE ( 'NONE', #3831, #1948 ) ;
#1464 = VERTEX_POINT ( 'NONE', #934 ) ;
#1465 = SURFACE_STYLE_USAGE ( .BOTH. , #4116 ) ;
#1466 = LINE ( 'NONE', #1061, #4270 ) ;
#1467 = ORIENTED_EDGE ( 'NONE', *, *, #3312, .T. ) ;
#1468 = DIRECTION ( 'NONE',  ( -0.0000000000000000000, -0.0000000000000000000, 1.000000000000000000 ) ) ;
#1469 = DIRECTION ( 'NONE',  ( 0.0000000000000000000, 0.0000000000000000000, -1.000000000000000000 ) ) ;
#1470 = CARTESIAN_POINT ( 'NONE',  ( -0.6499999999999993600, 0.1499999999999999900, -1.199999999999999700 ) ) ;
#1471 = LINE ( 'NONE', #3140, #3679 ) ;
#1472 = EDGE_CURVE ( 'NONE', #1496, #2695, #560, .T. ) ;
#1473 = EDGE_CURVE ( 'NONE', #3906, #551, #622, .T. ) ;
#1474 = AXIS2_PLACEMENT_3D ( 'NONE', #1853, #3385, #1112 ) ;
#1475 = VERTEX_POINT ( 'NONE', #196 ) ;
#1476 = PLANE ( 'NONE',  #134 ) ;
#1477 = LINE ( 'NONE', #4365, #1180 ) ;
#1478 = DIRECTION ( 'NONE',  ( 0.0000000000000000000, 0.0000000000000000000, -1.000000000000000000 ) ) ;
#1479 = DIRECTION ( 'NONE',  ( 0.0000000000000000000, 0.0000000000000000000, -1.000000000000000000 ) ) ;
#1480 = LINE ( 'NONE', #1709, #485 ) ;
#1481 = DIRECTION ( 'NONE',  ( 0.0000000000000000000, 1.000000000000000000, 0.0000000000000000000 ) ) ;
#1482 = EDGE_CURVE ( 'NONE', #2094, #481, #1864, .T. ) ;
#1483 = VECTOR ( 'NONE', #4187, 1000.000000000000000 ) ;
#1484 = CARTESIAN_POINT ( 'NONE',  ( 0.1500000000000006100, 0.1499999999999999900, 1.199999999999999700 ) ) ;
#1485 = LINE ( 'NONE', #25, #2135 ) ;
#1486 = VECTOR ( 'NONE', #739, 1000.000000000000000 ) ;
#1487 = CARTESIAN_POINT ( 'NONE',  ( 0.7500000000000002200, 0.0000000000000000000, -0.6250000000000000000 ) ) ;
#1488 = EDGE_LOOP ( 'NONE', ( #2575, #1799, #1941, #911 ) ) ;
#1489 = AXIS2_PLACEMENT_3D ( 'NONE', #1845, #2229, #4902 ) ;
#1490 = CARTESIAN_POINT ( 'NONE',  ( -0.1499999999999990800, 0.0000000000000000000, 1.370000000000000100 ) ) ;
#1491 = CARTESIAN_POINT ( 'NONE',  ( 6.505213034913026600E-016, 0.0000000000000000000, 1.199999999999999700 ) ) ;
#1492 = ORIENTED_EDGE ( 'NONE', *, *, #2727, .T. ) ;
#1493 = VERTEX_POINT ( 'NONE', #3942 ) ;
#1494 = ORIENTED_EDGE ( 'NONE', *, *, #3709, .F. ) ;
#1495 = CIRCLE ( 'NONE', #3163, 0.1499999999999999700 ) ;
#1496 = VERTEX_POINT ( 'NONE', #1661 ) ;
#1497 = CARTESIAN_POINT ( 'NONE',  ( -1.199999999999999500, 0.6500000000000000200, -0.6500000000000001300 ) ) ;
#1498 = VERTEX_POINT ( 'NONE', #2413 ) ;
#1499 = EDGE_LOOP ( 'NONE', ( #1609, #4631 ) ) ;
#1500 = DIRECTION ( 'NONE',  ( -1.000000000000000000, 0.0000000000000000000, 4.336808689942017700E-016 ) ) ;
#1501 = ORIENTED_EDGE ( 'NONE', *, *, #3707, .T. ) ;
#1502 = ADVANCED_FACE ( 'NONE', ( #4192 ), #1793, .T. ) ;
#1503 = MANIFOLD_SOLID_BREP ( 'Pin 9', #2310 ) ;
#1504 = ORIENTED_EDGE ( 'NONE', *, *, #1442, .F. ) ;
#1505 = PLANE ( 'NONE',  #2924 ) ;
#1506 = LINE ( 'NONE', #154, #807 ) ;
#1507 = ORIENTED_EDGE ( 'NONE', *, *, #4509, .T. ) ;
#1508 = EDGE_CURVE ( 'NONE', #3263, #652, #1198, .T. ) ;
#1509 = ORIENTED_EDGE ( 'NONE', *, *, #282, .T. ) ;
#1510 = AXIS2_PLACEMENT_3D ( 'NONE', #43, #409, #796 ) ;
#1511 = DIRECTION ( 'NONE',  ( 0.0000000000000000000, 0.0000000000000000000, -1.000000000000000000 ) ) ;
#1512 = DIRECTION ( 'NONE',  ( -0.0000000000000000000, -0.0000000000000000000, -1.000000000000000000 ) ) ;
#1513 = CARTESIAN_POINT ( 'NONE',  ( 6.505213034913026600E-016, 0.1499999999999999900, 1.049999999999999800 ) ) ;
#1514 = EDGE_CURVE ( 'NONE', #3464, #1896, #3701, .T. ) ;
#1515 = CARTESIAN_POINT ( 'NONE',  ( -0.6249999999999997800, 0.1000000000000000100, 0.6249999999999997800 ) ) ;
#1516 = CLOSED_SHELL ( 'NONE', ( #794, #3174, #225, #1097, #3927, #1655 ) ) ;
#1517 = EDGE_CURVE ( 'NONE', #1693, #4275, #2975, .T. ) ;
#1518 = ORIENTED_EDGE ( 'NONE', *, *, #1936, .F. ) ;
#1519 = CARTESIAN_POINT ( 'NONE',  ( -1.199999999999999500, 0.6500000000000000200, 0.6499999999999999100 ) ) ;
#1520 = DIRECTION ( 'NONE',  ( -0.0000000000000000000, -1.000000000000000000, 0.0000000000000000000 ) ) ;
#1521 = VERTEX_POINT ( 'NONE', #1763 ) ;
#1522 = FILL_AREA_STYLE ('',( #3910 ) ) ;
#1523 = CIRCLE ( 'NONE', #2998, 0.1499999999999999700 ) ;
#1524 = DIRECTION ( 'NONE',  ( -0.0000000000000000000, -1.000000000000000000, 0.0000000000000000000 ) ) ;
#1525 = ADVANCED_FACE ( 'NONE', ( #326 ), #623, .T. ) ;
#1526 = ORIENTED_EDGE ( 'NONE', *, *, #4819, .T. ) ;
#1527 = PLANE ( 'NONE',  #1674 ) ;
#1528 = CIRCLE ( 'NONE', #566, 0.1499999999999999700 ) ;
#1529 = DIRECTION ( 'NONE',  ( 0.0000000000000000000, -1.000000000000000000, 0.0000000000000000000 ) ) ;
#1530 = CYLINDRICAL_SURFACE ( 'NONE', #2910, 0.1250000000000000000 ) ;
#1531 = CARTESIAN_POINT ( 'NONE',  ( -0.6499999999999993600, 0.1499999999999999900, -1.199999999999999700 ) ) ;
#1532 = EDGE_LOOP ( 'NONE', ( #2089, #3555, #4894, #4251 ) ) ;
#1533 = PLANE ( 'NONE',  #1943 ) ;
#1534 = LINE ( 'NONE', #2744, #2245 ) ;
#1535 = ORIENTED_EDGE ( 'NONE', *, *, #3719, .T. ) ;
#1536 = CARTESIAN_POINT ( 'NONE',  ( 1.199999999999999500, 0.0000000000000000000, -0.5000000000000001100 ) ) ;
#1537 = CIRCLE ( 'NONE', #2082, 0.1250000000000000000 ) ;
#1538 = PLANE ( 'NONE',  #2854 ) ;
#1539 = EDGE_LOOP ( 'NONE', ( #341, #3878, #4091, #2186 ) ) ;
#1540 = DIRECTION ( 'NONE',  ( 0.0000000000000000000, 0.0000000000000000000, -1.000000000000000000 ) ) ;
#1541 = EDGE_CURVE ( 'NONE', #1968, #3160, #857, .T. ) ;
#1542 = EDGE_CURVE ( 'NONE', #3221, #3598, #3887, .T. ) ;
#1543 = VECTOR ( 'NONE', #2008, 1000.000000000000000 ) ;
#1544 = AXIS2_PLACEMENT_3D ( 'NONE', #3369, #2599, #3781 ) ;
#1545 = PLANE ( 'NONE',  #664 ) ;
#1546 = LINE ( 'NONE', #1660, #4348 ) ;
#1547 = DIRECTION ( 'NONE',  ( -0.0000000000000000000, -0.0000000000000000000, 1.000000000000000000 ) ) ;
#1548 = VERTEX_POINT ( 'NONE', #3232 ) ;
#1549 = CARTESIAN_POINT ( 'NONE',  ( -0.4999999999999993300, 0.1499999999999999900, 1.049999999999999800 ) ) ;
#1550 = VECTOR ( 'NONE', #2644, 1000.000000000000000 ) ;
#1551 = CARTESIAN_POINT ( 'NONE',  ( -1.370000000000000100, 0.1499999999999999700, -0.3500000000000000300 ) ) ;
#1552 = MECHANICAL_DESIGN_GEOMETRIC_PRESENTATION_REPRESENTATION (  '', ( #804 ), #2316 ) ;
#1553 = FACE_OUTER_BOUND ( 'NONE', #4009, .T. ) ;
#1554 = CARTESIAN_POINT ( 'NONE',  ( -0.1499999999999993000, 0.0000000000000000000, -1.199999999999999700 ) ) ;
#1555 = AXIS2_PLACEMENT_3D ( 'NONE', #1497, #4188, #3433 ) ;
#1556 = ADVANCED_FACE ( 'NONE', ( #89 ), #2868, .T. ) ;
#1557 = CIRCLE ( 'NONE', #3725, 0.1499999999999999700 ) ;
#1558 = CARTESIAN_POINT ( 'NONE',  ( 0.1500000000000006100, 0.1499999999999999700, -1.199999999999999700 ) ) ;
#1559 = ORIENTED_EDGE ( 'NONE', *, *, #2011, .F. ) ;
#1560 = ORIENTED_EDGE ( 'NONE', *, *, #2048, .T. ) ;
#1561 = ORIENTED_EDGE ( 'NONE', *, *, #2338, .F. ) ;
#1562 = LINE ( 'NONE', #2710, #4360 ) ;
#1563 = DIRECTION ( 'NONE',  ( -0.0000000000000000000, -1.000000000000000000, 0.0000000000000000000 ) ) ;
#1564 = ORIENTED_EDGE ( 'NONE', *, *, #479, .T. ) ;
#1565 = ORIENTED_EDGE ( 'NONE', *, *, #1472, .T. ) ;
#1566 = CARTESIAN_POINT ( 'NONE',  ( 0.6500000000000005800, 0.6500000000000001300, -1.199999999999999700 ) ) ;
#1567 = FACE_OUTER_BOUND ( 'NONE', #1865, .T. ) ;
#1568 = CARTESIAN_POINT ( 'NONE',  ( 0.1500000000000006100, 0.0000000000000000000, -1.199999999999999700 ) ) ;
#1569 = CARTESIAN_POINT ( 'NONE',  ( -1.370000000000000100, 0.1499999999999999700, -0.6500000000000000200 ) ) ;
#1570 = EDGE_LOOP ( 'NONE', ( #4257, #144, #3186, #1398 ) ) ;
#1571 = ORIENTED_EDGE ( 'NONE', *, *, #2562, .F. ) ;
#1572 = DIRECTION ( 'NONE',  ( 0.0000000000000000000, -1.000000000000000000, 0.0000000000000000000 ) ) ;
#1573 = CARTESIAN_POINT ( 'NONE',  ( 1.370000000000000100, 0.0000000000000000000, -1.370000000000000100 ) ) ;
#1574 = PLANE ( 'NONE',  #484 ) ;
#1575 = ORIENTED_EDGE ( 'NONE', *, *, #1927, .T. ) ;
#1576 = EDGE_CURVE ( 'NONE', #3945, #4000, #4775, .T. ) ;
#1577 = ORIENTED_EDGE ( 'NONE', *, *, #3556, .T. ) ;
#1578 = AXIS2_PLACEMENT_3D ( 'NONE', #1109, #3381, #2193 ) ;
#1579 = DIRECTION ( 'NONE',  ( -0.0000000000000000000, -1.000000000000000000, -0.0000000000000000000 ) ) ;
#1580 = ADVANCED_FACE ( 'NONE', ( #1859 ), #4130, .T. ) ;
#1581 = CARTESIAN_POINT ( 'NONE',  ( 1.199999999999999500, 0.0000000000000000000, 0.4999999999999998900 ) ) ;
#1582 = CARTESIAN_POINT ( 'NONE',  ( 1.199999999999999500, 0.6500000000000000200, -0.6500000000000001300 ) ) ;
#1583 = EDGE_CURVE ( 'NONE', #3548, #565, #1078, .T. ) ;
#1584 = MECHANICAL_DESIGN_GEOMETRIC_PRESENTATION_REPRESENTATION (  '', ( #1066 ), #1840 ) ;
#1585 = ORIENTED_EDGE ( 'NONE', *, *, #2179, .T. ) ;
#1586 = EDGE_CURVE ( 'NONE', #680, #4607, #1919, .T. ) ;
#1587 = ORIENTED_EDGE ( 'NONE', *, *, #168, .T. ) ;
#1588 = DIRECTION ( 'NONE',  ( 0.0000000000000000000, 0.0000000000000000000, -1.000000000000000000 ) ) ;
#1589 = DIRECTION ( 'NONE',  ( 0.0000000000000000000, -1.000000000000000000, 0.0000000000000000000 ) ) ;
#1590 = FACE_OUTER_BOUND ( 'NONE', #3386, .T. ) ;
#1591 = DIRECTION ( 'NONE',  ( 0.0000000000000000000, -0.0000000000000000000, 1.000000000000000000 ) ) ;
#1592 = DIRECTION ( 'NONE',  ( 1.000000000000000000, 0.0000000000000000000, -7.477256361968997700E-017 ) ) ;
#1593 = LINE ( 'NONE', #967, #4454 ) ;
#1594 = VECTOR ( 'NONE', #3766, 1000.000000000000000 ) ;
#1595 = ORIENTED_EDGE ( 'NONE', *, *, #3032, .T. ) ;
#1596 = CARTESIAN_POINT ( 'NONE',  ( -0.7499999999999997800, 0.1000000000000000100, 0.6249999999999997800 ) ) ;
#1597 = DIRECTION ( 'NONE',  ( 0.0000000000000000000, -1.000000000000000000, 0.0000000000000000000 ) ) ;
#1598 = FACE_OUTER_BOUND ( 'NONE', #1040, .T. ) ;
#1599 = ORIENTED_EDGE ( 'NONE', *, *, #1382, .F. ) ;
#1600 = CARTESIAN_POINT ( 'NONE',  ( -0.6499999999999991300, 0.6500000000000001300, 1.370000000000000100 ) ) ;
#1601 = VECTOR ( 'NONE', #516, 1000.000000000000000 ) ;
#1602 = DIRECTION ( 'NONE',  ( 1.000000000000000000, -0.0000000000000000000, 4.336808689942018200E-016 ) ) ;
#1603 = CARTESIAN_POINT ( 'NONE',  ( -1.449999999999999700, 0.8999999999999998000, 1.450000000000000200 ) ) ;
#1604 = ORIENTED_EDGE ( 'NONE', *, *, #1939, .T. ) ;
#1605 = CARTESIAN_POINT ( 'NONE',  ( 6.505213034913026600E-016, 0.1499999999999999700, 1.199999999999999700 ) ) ;
#1606 = PLANE ( 'NONE',  #2517 ) ;
#1607 = LINE ( 'NONE', #3715, #2848 ) ;
#1608 = ADVANCED_FACE ( 'NONE', ( #2615 ), #1396, .T. ) ;
#1609 = ORIENTED_EDGE ( 'NONE', *, *, #3409, .T. ) ;
#1610 = SURFACE_STYLE_FILL_AREA ( #2945 ) ;
#1611 = PLANE ( 'NONE',  #705 ) ;
#1612 = ORIENTED_EDGE ( 'NONE', *, *, #4699, .F. ) ;
#1613 = FACE_OUTER_BOUND ( 'NONE', #106, .T. ) ;
#1614 = EDGE_CURVE ( 'NONE', #2724, #3270, #966, .T. ) ;
#1615 = ORIENTED_EDGE ( 'NONE', *, *, #3185, .T. ) ;
#1616 = ORIENTED_EDGE ( 'NONE', *, *, #403, .F. ) ;
#1617 = CARTESIAN_POINT ( 'NONE',  ( -0.4999999999999993300, 0.0000000000000000000, -1.199999999999999700 ) ) ;
#1618 = CARTESIAN_POINT ( 'NONE',  ( -0.4999999999999993300, 0.1499999999999999900, -1.199999999999999700 ) ) ;
#1619 = PRESENTATION_STYLE_ASSIGNMENT (( #1465 ) ) ;
#1620 = DIRECTION ( 'NONE',  ( 0.0000000000000000000, -1.000000000000000000, 0.0000000000000000000 ) ) ;
#1621 = AXIS2_PLACEMENT_3D ( 'NONE', #3226, #4036, #578 ) ;
#1622 = DIRECTION ( 'NONE',  ( -1.000000000000000000, 0.0000000000000000000, 0.0000000000000000000 ) ) ;
#1623 = ORIENTED_EDGE ( 'NONE', *, *, #1343, .T. ) ;
#1624 = ORIENTED_EDGE ( 'NONE', *, *, #125, .T. ) ;
#1625 = FACE_BOUND ( 'NONE', #2814, .T. ) ;
#1626 = VERTEX_POINT ( 'NONE', #3392 ) ;
#1627 = ORIENTED_EDGE ( 'NONE', *, *, #2907, .F. ) ;
#1628 = PLANE ( 'NONE',  #3784 ) ;
#1629 = CIRCLE ( 'NONE', #4679, 0.1499999999999999700 ) ;
#1630 = ORIENTED_EDGE ( 'NONE', *, *, #4743, .F. ) ;
#1631 = ORIENTED_EDGE ( 'NONE', *, *, #1739, .T. ) ;
#1632 = ADVANCED_FACE ( 'NONE', ( #1801 ), #2605, .T. ) ;
#1633 = MANIFOLD_SOLID_BREP ( 'Pin 1', #2737 ) ;
#1634 = LINE ( 'NONE', #4027, #4307 ) ;
#1635 = VERTEX_POINT ( 'NONE', #4517 ) ;
#1636 = DIRECTION ( 'NONE',  ( 0.0000000000000000000, -1.000000000000000000, 0.0000000000000000000 ) ) ;
#1637 = CARTESIAN_POINT ( 'NONE',  ( -0.4999999999999993300, 0.1499999999999999700, -1.199999999999999700 ) ) ;
#1638 = CARTESIAN_POINT ( 'NONE',  ( -0.4999999999999993300, 0.1499999999999999900, -1.199999999999999700 ) ) ;
#1639 = DIRECTION ( 'NONE',  ( 0.0000000000000000000, -1.000000000000000000, 0.0000000000000000000 ) ) ;
#1640 = EDGE_CURVE ( 'NONE', #614, #1188, #918, .T. ) ;
#1641 = EDGE_CURVE ( 'NONE', #3945, #3288, #3761, .T. ) ;
#1642 = EDGE_LOOP ( 'NONE', ( #4660, #4015, #1623, #3522 ) ) ;
#1643 = STYLED_ITEM ( 'NONE', ( #62 ), #3856 ) ;
#1644 = CARTESIAN_POINT ( 'NONE',  ( -1.049999999999999600, 0.8499999999999999800, -0.8999999999999998000 ) ) ;
#1645 = VECTOR ( 'NONE', #1074, 1000.000000000000000 ) ;
#1646 = LINE ( 'NONE', #1235, #2709 ) ;
#1647 = AXIS2_PLACEMENT_3D ( 'NONE', #3482, #2289, #428 ) ;
#1648 = CARTESIAN_POINT ( 'NONE',  ( 0.7500000000000002200, 0.1000000000000000100, -0.6250000000000000000 ) ) ;
#1649 = VERTEX_POINT ( 'NONE', #718 ) ;
#1650 = EDGE_CURVE ( 'NONE', #4636, #4150, #4535, .T. ) ;
#1651 = CARTESIAN_POINT ( 'NONE',  ( -0.6249999999999997800, 0.1000000000000000100, 0.7499999999999997800 ) ) ;
#1652 = CARTESIAN_POINT ( 'NONE',  ( 0.7500000000000002200, 0.1000000000000000100, 0.6250000000000000000 ) ) ;
#1653 = FACE_OUTER_BOUND ( 'NONE', #2376, .T. ) ;
#1654 = LINE ( 'NONE', #1754, #2894 ) ;
#1655 = ADVANCED_FACE ( 'NONE', ( #616 ), #1505, .T. ) ;
#1656 = ORIENTED_EDGE ( 'NONE', *, *, #4743, .T. ) ;
#1657 = AXIS2_PLACEMENT_3D ( 'NONE', #1169, #2431, #604 ) ;
#1658 = VECTOR ( 'NONE', #3509, 1000.000000000000000 ) ;
#1659 = VERTEX_POINT ( 'NONE', #1086 ) ;
#1660 = CARTESIAN_POINT ( 'NONE',  ( 0.5000000000000006700, 0.6500000000000001300, 1.049999999999999800 ) ) ;
#1661 = CARTESIAN_POINT ( 'NONE',  ( -0.6249999999999997800, 0.1000000000000000100, 0.7499999999999997800 ) ) ;
#1662 = DIRECTION ( 'NONE',  ( 1.000000000000000000, 0.0000000000000000000, 0.0000000000000000000 ) ) ;
#1663 = LINE ( 'NONE', #3398, #131 ) ;
#1664 = VERTEX_POINT ( 'NONE', #4152 ) ;
#1665 = CARTESIAN_POINT ( 'NONE',  ( -1.370000000000000100, 0.1499999999999999900, 0.1499999999999999700 ) ) ;
#1666 = FACE_OUTER_BOUND ( 'NONE', #2182, .T. ) ;
#1667 = CARTESIAN_POINT ( 'NONE',  ( 1.199999999999999500, 0.1499999999999999700, 0.4999999999999998900 ) ) ;
#1668 = LINE ( 'NONE', #4318, #3442 ) ;
#1669 = CARTESIAN_POINT ( 'NONE',  ( 1.199999999999999500, 0.6500000000000000200, -0.1500000000000000800 ) ) ;
#1670 = EDGE_CURVE ( 'NONE', #3160, #1548, #2686, .T. ) ;
#1671 = EDGE_LOOP ( 'NONE', ( #2607, #920, #1800, #3407 ) ) ;
#1672 = EDGE_CURVE ( 'NONE', #4000, #2241, #686, .T. ) ;
#1673 = SURFACE_STYLE_FILL_AREA ( #1710 ) ;
#1674 = AXIS2_PLACEMENT_3D ( 'NONE', #1880, #3397, #2654 ) ;
#1675 = LINE ( 'NONE', #2222, #1192 ) ;
#1676 = VECTOR ( 'NONE', #3012, 1000.000000000000000 ) ;
#1677 = VERTEX_POINT ( 'NONE', #2944 ) ;
#1678 = CARTESIAN_POINT ( 'NONE',  ( -1.049999999999999600, 0.9000000000000000200, -0.8999999999999998000 ) ) ;
#1679 = EDGE_CURVE ( 'NONE', #2033, #1464, #1495, .T. ) ;
#1680 = AXIS2_PLACEMENT_3D ( 'NONE', #3125, #1572, #4731 ) ;
#1681 = ORIENTED_EDGE ( 'NONE', *, *, #1777, .F. ) ;
#1682 = ADVANCED_FACE ( 'NONE', ( #3457 ), #1574, .F. ) ;
#1683 = EDGE_LOOP ( 'NONE', ( #865, #1656, #3650, #48 ) ) ;
#1684 = EDGE_CURVE ( 'NONE', #1664, #2511, #4833, .T. ) ;
#1685 = VECTOR ( 'NONE', #2666, 1000.000000000000000 ) ;
#1686 = CARTESIAN_POINT ( 'NONE',  ( 0.5000000000000006700, 0.1499999999999999900, 1.199999999999999700 ) ) ;
#1687 = DIRECTION ( 'NONE',  ( 0.0000000000000000000, 1.000000000000000000, -0.0000000000000000000 ) ) ;
#1688 = ADVANCED_FACE ( 'NONE', ( #3514 ), #4625, .T. ) ;
#1689 = ORIENTED_EDGE ( 'NONE', *, *, #764, .T. ) ;
#1690 = AXIS2_PLACEMENT_3D ( 'NONE', #49, #3100, #1208 ) ;
#1691 = CIRCLE ( 'NONE', #681, 0.1499999999999999700 ) ;
#1692 = CARTESIAN_POINT ( 'NONE',  ( 1.199999999999999500, 0.6500000000000000200, 0.1499999999999998600 ) ) ;
#1693 = VERTEX_POINT ( 'NONE', #2681 ) ;
#1694 = EDGE_LOOP ( 'NONE', ( #34, #2365, #3320, #4247 ) ) ;
#1695 = EDGE_LOOP ( 'NONE', ( #4134, #4796, #2806, #1331 ) ) ;
#1696 = SURFACE_STYLE_USAGE ( .BOTH. , #2850 ) ;
#1697 = CARTESIAN_POINT ( 'NONE',  ( -1.049999999999999600, 0.8499999999999999800, -1.049999999999999800 ) ) ;
#1698 = EDGE_LOOP ( 'NONE', ( #3051, #4244, #785, #4824 ) ) ;
#1699 = ORIENTED_EDGE ( 'NONE', *, *, #3085, .T. ) ;
#1700 = CARTESIAN_POINT ( 'NONE',  ( -1.049999999999999600, 0.9000000000000000200, -1.199999999999999700 ) ) ;
#1701 = ORIENTED_EDGE ( 'NONE', *, *, #3357, .T. ) ;
#1702 = VERTEX_POINT ( 'NONE', #3040 ) ;
#1703 = CARTESIAN_POINT ( 'NONE',  ( 0.0000000000000000000, 0.0000000000000000000, 0.0000000000000000000 ) ) ;
#1704 = CARTESIAN_POINT ( 'NONE',  ( 0.1500000000000006100, 0.0000000000000000000, 1.199999999999999700 ) ) ;
#1705 = DIRECTION ( 'NONE',  ( 0.0000000000000000000, 0.0000000000000000000, -1.000000000000000000 ) ) ;
#1706 = VECTOR ( 'NONE', #4746, 1000.000000000000000 ) ;
#1707 = EDGE_CURVE ( 'NONE', #631, #2062, #3580, .T. ) ;
#1708 = ADVANCED_FACE ( 'NONE', ( #2558 ), #2642, .F. ) ;
#1709 = CARTESIAN_POINT ( 'NONE',  ( 0.6500000000000005800, 0.0000000000000000000, -1.199999999999999700 ) ) ;
#1710 = FILL_AREA_STYLE ('',( #2804 ) ) ;
#1711 = LINE ( 'NONE', #448, #4456 ) ;
#1712 = ORIENTED_EDGE ( 'NONE', *, *, #4855, .T. ) ;
#1713 = AXIS2_PLACEMENT_3D ( 'NONE', #1826, #1448, #3359 ) ;
#1714 = VECTOR ( 'NONE', #4123, 1000.000000000000000 ) ;
#1715 = DIRECTION ( 'NONE',  ( -1.000000000000000000, 0.0000000000000000000, -0.0000000000000000000 ) ) ;
#1716 = AXIS2_PLACEMENT_3D ( 'NONE', #2518, #3597, #2128 ) ;
#1717 = CARTESIAN_POINT ( 'NONE',  ( -1.370000000000000100, -0.0000000000000000000, -1.370000000000000100 ) ) ;
#1718 = EDGE_LOOP ( 'NONE', ( #3266, #147, #4014, #1956 ) ) ;
#1719 = DIRECTION ( 'NONE',  ( 0.0000000000000000000, 0.0000000000000000000, -1.000000000000000000 ) ) ;
#1720 = CYLINDRICAL_SURFACE ( 'NONE', #1930, 0.1499999999999999700 ) ;
#1721 = ORIENTED_EDGE ( 'NONE', *, *, #2750, .T. ) ;
#1722 = VECTOR ( 'NONE', #2991, 1000.000000000000000 ) ;
#1723 = CARTESIAN_POINT ( 'NONE',  ( 0.5000000000000006700, 0.0000000000000000000, -1.199999999999999700 ) ) ;
#1724 = VERTEX_POINT ( 'NONE', #79 ) ;
#1725 = DIRECTION ( 'NONE',  ( 0.0000000000000000000, -0.0000000000000000000, 1.000000000000000000 ) ) ;
#1726 = CIRCLE ( 'NONE', #3589, 0.1499999999999999700 ) ;
#1727 = VECTOR ( 'NONE', #4129, 1000.000000000000000 ) ;
#1728 = LINE ( 'NONE', #4220, #1965 ) ;
#1729 = DIRECTION ( 'NONE',  ( 0.0000000000000000000, 0.0000000000000000000, -1.000000000000000000 ) ) ;
#1730 = CARTESIAN_POINT ( 'NONE',  ( 0.6250000000000002200, 0.1000000000000000100, -0.6250000000000000000 ) ) ;
#1731 = ADVANCED_FACE ( 'NONE', ( #1431 ), #440, .F. ) ;
#1732 = LINE ( 'NONE', #1, #1486 ) ;
#1733 = DIRECTION ( 'NONE',  ( 1.000000000000000000, 0.0000000000000000000, -0.0000000000000000000 ) ) ;
#1734 = ORIENTED_EDGE ( 'NONE', *, *, #4710, .F. ) ;
#1735 = DIRECTION ( 'NONE',  ( -0.0000000000000000000, -1.000000000000000000, -0.0000000000000000000 ) ) ;
#1736 = DIRECTION ( 'NONE',  ( -4.336808689942018200E-016, 0.0000000000000000000, -1.000000000000000000 ) ) ;
#1737 = ORIENTED_EDGE ( 'NONE', *, *, #3253, .F. ) ;
#1738 = ORIENTED_EDGE ( 'NONE', *, *, #4462, .T. ) ;
#1739 = EDGE_CURVE ( 'NONE', #931, #2580, #554, .T. ) ;
#1740 = DIRECTION ( 'NONE',  ( 0.0000000000000000000, 0.0000000000000000000, 1.000000000000000000 ) ) ;
#1741 = EDGE_CURVE ( 'NONE', #3516, #797, #1562, .T. ) ;
#1742 = AXIS2_PLACEMENT_3D ( 'NONE', #3002, #4157, #4528 ) ;
#1743 = ORIENTED_EDGE ( 'NONE', *, *, #1741, .F. ) ;
#1744 = ORIENTED_EDGE ( 'NONE', *, *, #63, .T. ) ;
#1745 = EDGE_LOOP ( 'NONE', ( #2588, #1391, #689, #3702 ) ) ;
#1746 = FACE_BOUND ( 'NONE', #892, .T. ) ;
#1747 = DIRECTION ( 'NONE',  ( 0.0000000000000000000, 0.0000000000000000000, -1.000000000000000000 ) ) ;
#1748 = ORIENTED_EDGE ( 'NONE', *, *, #3981, .T. ) ;
#1749 = PRESENTATION_LAYER_ASSIGNMENT (  '', '', ( #1814 ) ) ;
#1750 = EDGE_CURVE ( 'NONE', #1464, #1031, #3204, .T. ) ;
#1751 = VERTEX_POINT ( 'NONE', #3868 ) ;
#1752 = DIRECTION ( 'NONE',  ( 4.336808689942018200E-016, -0.0000000000000000000, 1.000000000000000000 ) ) ;
#1753 = VECTOR ( 'NONE', #3834, 1000.000000000000000 ) ;
#1754 = CARTESIAN_POINT ( 'NONE',  ( 1.199999999999999500, 0.0000000000000000000, 0.1499999999999998600 ) ) ;
#1755 = CARTESIAN_POINT ( 'NONE',  ( 1.370000000000000100, 0.6500000000000000200, -0.1499999999999999900 ) ) ;
#1756 = EDGE_LOOP ( 'NONE', ( #3089, #2248, #2300, #659 ) ) ;
#1757 = LINE ( 'NONE', #1776, #4900 ) ;
#1758 = ORIENTED_EDGE ( 'NONE', *, *, #3885, .F. ) ;
#1759 = AXIS2_PLACEMENT_3D ( 'NONE', #1432, #2976, #736 ) ;
#1760 = CARTESIAN_POINT ( 'NONE',  ( 0.5000000000000006700, 0.0000000000000000000, 1.049999999999999800 ) ) ;
#1761 = CARTESIAN_POINT ( 'NONE',  ( 0.6250000000000002200, 0.1000000000000000100, 0.6250000000000000000 ) ) ;
#1762 = ADVANCED_FACE ( 'NONE', ( #3139 ), #1246, .T. ) ;
#1763 = CARTESIAN_POINT ( 'NONE',  ( -0.3499999999999994200, 0.0000000000000000000, 1.199999999999999700 ) ) ;
#1764 =( NAMED_UNIT ( * ) PLANE_ANGLE_UNIT ( ) SI_UNIT ( $, .RADIAN. ) );
#1765 = ORIENTED_EDGE ( 'NONE', *, *, #4139, .F. ) ;
#1766 = ORIENTED_EDGE ( 'NONE', *, *, #4541, .F. ) ;
#1767 = ORIENTED_EDGE ( 'NONE', *, *, #1650, .F. ) ;
#1768 = DIRECTION ( 'NONE',  ( -0.0000000000000000000, 0.0000000000000000000, -1.000000000000000000 ) ) ;
#1769 = DIRECTION ( 'NONE',  ( -0.0000000000000000000, -0.0000000000000000000, 1.000000000000000000 ) ) ;
#1770 = FILL_AREA_STYLE ('',( #1290 ) ) ;
#1771 = EDGE_CURVE ( 'NONE', #2532, #230, #1912, .T. ) ;
#1772 = DIRECTION ( 'NONE',  ( -0.0000000000000000000, -0.0000000000000000000, -1.000000000000000000 ) ) ;
#1773 = AXIS2_PLACEMENT_3D ( 'NONE', #4823, #4765, #1719 ) ;
#1774 = FACE_OUTER_BOUND ( 'NONE', #1488, .T. ) ;
#1775 = CLOSED_SHELL ( 'NONE', ( #2849, #1731, #3955, #3180, #1682, #2900, #1295, #3059, #1323, #272, #1147, #148, #2096, #4138, #3984, #3364, #4696, #545, #1831, #3259, #891, #3979, #2514, #103, #2746, #3800, #4211, #2717, #1036, #3440, #204, #3655, #1934, #4817, #1977, #1297, #985, #1525, #540, #3826, #4730, #3309, #3206, #2827, #3600, #912, #4724, #1903, #2122, #2639, #567, #490, #1241, #696, #2273, #592, #4354, #2800, #3230, #248, #1219, #4556, #2049, #3698, #1810, #1632, #517, #1608, #1502, #2490, #3571, #3727, #3079, #743, #2415, #4800, #122, #4673, #1269, #4868, #2171 ) ) ;
#1776 = CARTESIAN_POINT ( 'NONE',  ( -0.3499999999999989800, 0.1499999999999999700, 1.449999999999999300 ) ) ;
#1777 = EDGE_CURVE ( 'NONE', #4150, #652, #316, .T. ) ;
#1778 =( GEOMETRIC_REPRESENTATION_CONTEXT ( 3 ) GLOBAL_UNCERTAINTY_ASSIGNED_CONTEXT ( ( #3321 ) ) GLOBAL_UNIT_ASSIGNED_CONTEXT ( ( #2170, #742, #1422 ) ) REPRESENTATION_CONTEXT ( 'NONE', 'WORKASPACE' ) );
#1779 = ORIENTED_EDGE ( 'NONE', *, *, #40, .T. ) ;
#1780 = EDGE_CURVE ( 'NONE', #1244, #749, #678, .T. ) ;
#1781 = LINE ( 'NONE', #2396, #1601 ) ;
#1782 = VERTEX_POINT ( 'NONE', #61 ) ;
#1783 = AXIS2_PLACEMENT_3D ( 'NONE', #249, #2842, #3209 ) ;
#1784 = DIRECTION ( 'NONE',  ( 0.0000000000000000000, -1.000000000000000000, 0.0000000000000000000 ) ) ;
#1785 = ADVANCED_FACE ( 'NONE', ( #206 ), #4195, .F. ) ;
#1786 = DIRECTION ( 'NONE',  ( 0.0000000000000000000, 1.000000000000000000, 0.0000000000000000000 ) ) ;
#1787 = VERTEX_POINT ( 'NONE', #454 ) ;
#1788 = DIRECTION ( 'NONE',  ( 0.0000000000000000000, 0.0000000000000000000, -1.000000000000000000 ) ) ;
#1789 = CYLINDRICAL_SURFACE ( 'NONE', #3284, 0.1499999999999999700 ) ;
#1790 = DIRECTION ( 'NONE',  ( 0.0000000000000000000, 0.0000000000000000000, -1.000000000000000000 ) ) ;
#1791 = FACE_OUTER_BOUND ( 'NONE', #408, .T. ) ;
#1792 = PLANE ( 'NONE',  #3978 ) ;
#1793 = PLANE ( 'NONE',  #1018 ) ;
#1794 = FACE_OUTER_BOUND ( 'NONE', #3305, .T. ) ;
#1795 = LINE ( 'NONE', #1213, #795 ) ;
#1796 = PLANE ( 'NONE',  #3104 ) ;
#1797 = EDGE_LOOP ( 'NONE', ( #854, #4140, #373, #2739 ) ) ;
#1798 = DIRECTION ( 'NONE',  ( -0.0000000000000000000, -1.000000000000000000, -0.0000000000000000000 ) ) ;
#1799 = ORIENTED_EDGE ( 'NONE', *, *, #1214, .T. ) ;
#1800 = ORIENTED_EDGE ( 'NONE', *, *, #443, .F. ) ;
#1801 = FACE_OUTER_BOUND ( 'NONE', #1231, .T. ) ;
#1802 = CARTESIAN_POINT ( 'NONE',  ( 0.6500000000000005800, 0.1499999999999999700, -1.199999999999999700 ) ) ;
#1803 = EDGE_CURVE ( 'NONE', #1310, #2349, #4599, .T. ) ;
#1804 = SURFACE_STYLE_USAGE ( .BOTH. , #3694 ) ;
#1805 = EDGE_CURVE ( 'NONE', #3270, #2669, #2198, .T. ) ;
#1806 = ORIENTED_EDGE ( 'NONE', *, *, #2916, .T. ) ;
#1807 = AXIS2_PLACEMENT_3D ( 'NONE', #1491, #1878, #2254 ) ;
#1808 = VECTOR ( 'NONE', #1160, 1000.000000000000000 ) ;
#1809 = DIRECTION ( 'NONE',  ( -0.0000000000000000000, -1.000000000000000000, -0.0000000000000000000 ) ) ;
#1810 = ADVANCED_FACE ( 'NONE', ( #3391 ), #4718, .T. ) ;
#1811 = VERTEX_POINT ( 'NONE', #3544 ) ;
#1812 = ORIENTED_EDGE ( 'NONE', *, *, #3592, .F. ) ;
#1813 = FILL_AREA_STYLE_COLOUR ( '', #724 ) ;
#1814 = STYLED_ITEM ( 'NONE', ( #2851 ), #697 ) ;
#1815 = VERTEX_POINT ( 'NONE', #882 ) ;
#1816 = AXIS2_PLACEMENT_3D ( 'NONE', #4073, #1128, #411 ) ;
#1817 = ORIENTED_EDGE ( 'NONE', *, *, #3582, .T. ) ;
#1818 = PLANE ( 'NONE',  #4544 ) ;
#1819 = CARTESIAN_POINT ( 'NONE',  ( 0.3500000000000007000, 0.0000000000000000000, -1.199999999999999700 ) ) ;
#1820 = ORIENTED_EDGE ( 'NONE', *, *, #3938, .T. ) ;
#1821 = ORIENTED_EDGE ( 'NONE', *, *, #3176, .F. ) ;
#1822 =( LENGTH_UNIT ( ) NAMED_UNIT ( * ) SI_UNIT ( .MILLI., .METRE. ) );
#1823 = DIRECTION ( 'NONE',  ( 2.602085213965210600E-016, 0.0000000000000000000, -1.000000000000000000 ) ) ;
#1824 = ORIENTED_EDGE ( 'NONE', *, *, #4321, .T. ) ;
#1825 = DIRECTION ( 'NONE',  ( 0.0000000000000000000, -1.000000000000000000, 0.0000000000000000000 ) ) ;
#1826 = CARTESIAN_POINT ( 'NONE',  ( 0.5000000000000006700, 0.1499999999999999900, 1.199999999999999700 ) ) ;
#1827 = VECTOR ( 'NONE', #2137, 1000.000000000000000 ) ;
#1828 = DIRECTION ( 'NONE',  ( 1.000000000000000000, 0.0000000000000000000, 0.0000000000000000000 ) ) ;
#1829 = LINE ( 'NONE', #2637, #2712 ) ;
#1830 = ORIENTED_EDGE ( 'NONE', *, *, #2617, .F. ) ;
#1831 = ADVANCED_FACE ( 'NONE', ( #2385 ), #3130, .F. ) ;
#1832 = EDGE_CURVE ( 'NONE', #2701, #1496, #3080, .T. ) ;
#1833 = ORIENTED_EDGE ( 'NONE', *, *, #1002, .T. ) ;
#1834 = AXIS2_PLACEMENT_3D ( 'NONE', #83, #3447, #2714 ) ;
#1835 = LINE ( 'NONE', #2275, #3010 ) ;
#1836 = ORIENTED_EDGE ( 'NONE', *, *, #309, .F. ) ;
#1837 = DIRECTION ( 'NONE',  ( 0.0000000000000000000, 0.0000000000000000000, -1.000000000000000000 ) ) ;
#1838 = FILL_AREA_STYLE_COLOUR ( '', #3344 ) ;
#1839 = EDGE_CURVE ( 'NONE', #3663, #1659, #4185, .T. ) ;
#1840 =( GEOMETRIC_REPRESENTATION_CONTEXT ( 3 ) GLOBAL_UNCERTAINTY_ASSIGNED_CONTEXT ( ( #3159 ) ) GLOBAL_UNIT_ASSIGNED_CONTEXT ( ( #3816, #2226, #4896 ) ) REPRESENTATION_CONTEXT ( 'NONE', 'WORKASPACE' ) );
#1841 = EDGE_CURVE ( 'NONE', #652, #1249, #2147, .T. ) ;
#1842 = EDGE_LOOP ( 'NONE', ( #3098, #4864, #977, #2786 ) ) ;
#1843 = DIRECTION ( 'NONE',  ( 0.0000000000000000000, 0.0000000000000000000, -1.000000000000000000 ) ) ;
#1844 = FACE_OUTER_BOUND ( 'NONE', #2896, .T. ) ;
#1845 = CARTESIAN_POINT ( 'NONE',  ( 0.1500000000000010500, 0.1499999999999999900, 1.449999999999999300 ) ) ;
#1846 = DIRECTION ( 'NONE',  ( -1.000000000000000000, 0.0000000000000000000, 0.0000000000000000000 ) ) ;
#1847 = CIRCLE ( 'NONE', #1647, 0.1499999999999999700 ) ;
#1848 = PLANE ( 'NONE',  #3349 ) ;
#1849 = FACE_OUTER_BOUND ( 'NONE', #4516, .T. ) ;
#1850 = CARTESIAN_POINT ( 'NONE',  ( -0.3499999999999991500, 0.6500000000000001300, 1.370000000000000100 ) ) ;
#1851 = LINE ( 'NONE', #3763, #4178 ) ;
#1852 = DIRECTION ( 'NONE',  ( 1.000000000000000000, 0.0000000000000000000, -0.0000000000000000000 ) ) ;
#1853 = CARTESIAN_POINT ( 'NONE',  ( -1.049999999999999600, 0.9000000000000000200, -1.049999999999999800 ) ) ;
#1854 = EDGE_LOOP ( 'NONE', ( #3798, #913, #1406, #685 ) ) ;
#1855 = DIRECTION ( 'NONE',  ( 0.0000000000000000000, -1.000000000000000000, 0.0000000000000000000 ) ) ;
#1856 = ORIENTED_EDGE ( 'NONE', *, *, #1771, .T. ) ;
#1857 = CIRCLE ( 'NONE', #1291, 0.1250000000000000000 ) ;
#1858 = ORIENTED_EDGE ( 'NONE', *, *, #3775, .T. ) ;
#1859 = FACE_OUTER_BOUND ( 'NONE', #3560, .T. ) ;
#1860 = VERTEX_POINT ( 'NONE', #2763 ) ;
#1861 = VERTEX_POINT ( 'NONE', #4697 ) ;
#1862 = DIRECTION ( 'NONE',  ( 1.000000000000000000, 0.0000000000000000000, -0.0000000000000000000 ) ) ;
#1863 = AXIS2_PLACEMENT_3D ( 'NONE', #1162, #755, #1904 ) ;
#1864 = CIRCLE ( 'NONE', #2528, 0.1250000000000000000 ) ;
#1865 = EDGE_LOOP ( 'NONE', ( #2419, #1178, #4272, #2022 ) ) ;
#1866 = ORIENTED_EDGE ( 'NONE', *, *, #2011, .T. ) ;
#1867 = ORIENTED_EDGE ( 'NONE', *, *, #2855, .F. ) ;
#1868 = CARTESIAN_POINT ( 'NONE',  ( 1.370000000000000100, 0.0000000000000000000, -0.3500000000000000300 ) ) ;
#1869 = CYLINDRICAL_SURFACE ( 'NONE', #1690, 0.1499999999999999700 ) ;
#1870 = CARTESIAN_POINT ( 'NONE',  ( 1.370000000000000100, 0.1499999999999999900, 1.370000000000000100 ) ) ;
#1871 = EDGE_CURVE ( 'NONE', #631, #2353, #1426, .T. ) ;
#1872 = LINE ( 'NONE', #2992, #2343 ) ;
#1873 = ORIENTED_EDGE ( 'NONE', *, *, #1684, .F. ) ;
#1874 = DIRECTION ( 'NONE',  ( -1.301042606982605500E-015, 0.0000000000000000000, -1.000000000000000000 ) ) ;
#1875 = CARTESIAN_POINT ( 'NONE',  ( -1.449999999999999500, -0.0000000000000000000, -1.449999999999998800 ) ) ;
#1876 = CARTESIAN_POINT ( 'NONE',  ( 0.6250000000000002200, 0.1000000000000000100, -0.7500000000000000000 ) ) ;
#1877 = CARTESIAN_POINT ( 'NONE',  ( 0.1500000000000010500, 0.0000000000000000000, 1.449999999999999300 ) ) ;
#1878 = DIRECTION ( 'NONE',  ( 0.0000000000000000000, 1.000000000000000000, -0.0000000000000000000 ) ) ;
#1879 = ORIENTED_EDGE ( 'NONE', *, *, #4450, .T. ) ;
#1880 = CARTESIAN_POINT ( 'NONE',  ( -0.4999999999999993300, 0.1499999999999999900, 1.199999999999999700 ) ) ;
#1881 = DIRECTION ( 'NONE',  ( -0.0000000000000000000, -1.000000000000000000, -0.0000000000000000000 ) ) ;
#1882 = FACE_OUTER_BOUND ( 'NONE', #1642, .T. ) ;
#1883 = VECTOR ( 'NONE', #1636, 1000.000000000000000 ) ;
#1884 = DIRECTION ( 'NONE',  ( -1.000000000000000000, 0.0000000000000000000, -4.336808689942018200E-016 ) ) ;
#1885 = ORIENTED_EDGE ( 'NONE', *, *, #723, .F. ) ;
#1886 = LINE ( 'NONE', #4506, #3919 ) ;
#1887 = LINE ( 'NONE', #4154, #2899 ) ;
#1888 = VERTEX_POINT ( 'NONE', #2031 ) ;
#1889 = DIRECTION ( 'NONE',  ( 1.000000000000000000, -0.0000000000000000000, 4.336808689942018200E-016 ) ) ;
#1890 = CARTESIAN_POINT ( 'NONE',  ( 0.5000000000000006700, 0.1499999999999999900, -1.199999999999999700 ) ) ;
#1891 = DIRECTION ( 'NONE',  ( 0.0000000000000000000, 1.000000000000000000, 0.0000000000000000000 ) ) ;
#1892 = VECTOR ( 'NONE', #3563, 1000.000000000000000 ) ;
#1893 = EDGE_CURVE ( 'NONE', #4717, #2572, #1795, .T. ) ;
#1894 = EDGE_CURVE ( 'NONE', #4729, #613, #436, .T. ) ;
#1895 = AXIS2_PLACEMENT_3D ( 'NONE', #4164, #4851, #4522 ) ;
#1896 = VERTEX_POINT ( 'NONE', #483 ) ;
#1897 = CARTESIAN_POINT ( 'NONE',  ( -0.6499999999999991300, 0.1499999999999999900, 1.370000000000000100 ) ) ;
#1898 = CARTESIAN_POINT ( 'NONE',  ( 0.3500000000000007000, 0.1499999999999999900, -1.199999999999999700 ) ) ;
#1899 = CIRCLE ( 'NONE', #673, 0.1499999999999999700 ) ;
#1900 = ORIENTED_EDGE ( 'NONE', *, *, #2172, .T. ) ;
#1901 = CARTESIAN_POINT ( 'NONE',  ( 0.6250000000000002200, 0.0000000000000000000, 0.7500000000000000000 ) ) ;
#1902 = AXIS2_PLACEMENT_3D ( 'NONE', #3515, #1248, #1991 ) ;
#1903 = ADVANCED_FACE ( 'NONE', ( #3200 ), #3957, .T. ) ;
#1904 = DIRECTION ( 'NONE',  ( 1.000000000000000000, 0.0000000000000000000, 4.336808689942018200E-016 ) ) ;
#1905 = EDGE_CURVE ( 'NONE', #230, #1498, #145, .T. ) ;
#1906 = LINE ( 'NONE', #4512, #1068 ) ;
#1907 = VECTOR ( 'NONE', #1855, 1000.000000000000000 ) ;
#1908 = DIRECTION ( 'NONE',  ( 0.0000000000000000000, -1.000000000000000000, 0.0000000000000000000 ) ) ;
#1909 = AXIS2_PLACEMENT_3D ( 'NONE', #4861, #2959, #1843 ) ;
#1910 = CARTESIAN_POINT ( 'NONE',  ( -1.449999999999999500, 0.8999999999999998000, -1.449999999999999700 ) ) ;
#1911 = ORIENTED_EDGE ( 'NONE', *, *, #2551, .F. ) ;
#1912 = CIRCLE ( 'NONE', #740, 0.1499999999999999700 ) ;
#1913 = DIRECTION ( 'NONE',  ( 1.000000000000000000, 0.0000000000000000000, 4.336808689942017700E-016 ) ) ;
#1914 = ORIENTED_EDGE ( 'NONE', *, *, #3852, .F. ) ;
#1915 = CARTESIAN_POINT ( 'NONE',  ( 0.6250000000000002200, 0.1000000000000000100, 0.7500000000000000000 ) ) ;
#1916 = ORIENTED_EDGE ( 'NONE', *, *, #4518, .F. ) ;
#1917 = ORIENTED_EDGE ( 'NONE', *, *, #4734, .T. ) ;
#1918 = DIRECTION ( 'NONE',  ( -1.000000000000000000, 0.0000000000000000000, 1.734723475976810100E-015 ) ) ;
#1919 = LINE ( 'NONE', #2166, #4245 ) ;
#1920 = CARTESIAN_POINT ( 'NONE',  ( -0.4999999999999993300, 0.1499999999999999900, 1.199999999999999700 ) ) ;
#1921 = CARTESIAN_POINT ( 'NONE',  ( 1.370000000000000100, 0.1499999999999999900, 0.6500000000000000200 ) ) ;
#1922 = ORIENTED_EDGE ( 'NONE', *, *, #2790, .F. ) ;
#1923 = CARTESIAN_POINT ( 'NONE',  ( -0.3499999999999994200, 0.6500000000000001300, -1.199999999999999700 ) ) ;
#1924 = FACE_BOUND ( 'NONE', #714, .T. ) ;
#1925 = EDGE_CURVE ( 'NONE', #1496, #3737, #1027, .T. ) ;
#1926 = LINE ( 'NONE', #303, #751 ) ;
#1927 = EDGE_CURVE ( 'NONE', #438, #4873, #4879, .T. ) ;
#1928 = ORIENTED_EDGE ( 'NONE', *, *, #4818, .F. ) ;
#1929 = DIRECTION ( 'NONE',  ( 0.0000000000000000000, 0.0000000000000000000, -1.000000000000000000 ) ) ;
#1930 = AXIS2_PLACEMENT_3D ( 'NONE', #139, #4001, #3987 ) ;
#1931 = CARTESIAN_POINT ( 'NONE',  ( -1.370000000000000100, 0.1499999999999999900, -1.370000000000000100 ) ) ;
#1932 = CARTESIAN_POINT ( 'NONE',  ( -1.370000000000000100, 0.6500000000000000200, -0.1499999999999999900 ) ) ;
#1933 = ORIENTED_EDGE ( 'NONE', *, *, #914, .F. ) ;
#1934 = ADVANCED_FACE ( 'NONE', ( #4712 ), #3102, .F. ) ;
#1935 = DIRECTION ( 'NONE',  ( 0.0000000000000000000, 0.0000000000000000000, -1.000000000000000000 ) ) ;
#1936 = EDGE_CURVE ( 'NONE', #1197, #4146, #2080, .T. ) ;
#1937 = AXIS2_PLACEMENT_3D ( 'NONE', #577, #940, #1275 ) ;
#1938 = PLANE ( 'NONE',  #3148 ) ;
#1939 = EDGE_CURVE ( 'NONE', #513, #1188, #1557, .T. ) ;
#1940 = DIRECTION ( 'NONE',  ( -1.000000000000000000, -0.0000000000000000000, -4.336808689942017700E-016 ) ) ;
#1941 = ORIENTED_EDGE ( 'NONE', *, *, #3911, .F. ) ;
#1942 = DIRECTION ( 'NONE',  ( -7.477256361968997700E-017, 0.0000000000000000000, -1.000000000000000000 ) ) ;
#1943 = AXIS2_PLACEMENT_3D ( 'NONE', #418, #3491, #3888 ) ;
#1944 = VECTOR ( 'NONE', #4626, 1000.000000000000000 ) ;
#1945 = DIRECTION ( 'NONE',  ( -0.0000000000000000000, -1.000000000000000000, -0.0000000000000000000 ) ) ;
#1946 = CARTESIAN_POINT ( 'NONE',  ( -1.370000000000000100, 0.1499999999999999700, 0.1499999999999999400 ) ) ;
#1947 = DIRECTION ( 'NONE',  ( 1.000000000000000000, 0.0000000000000000000, 2.602085213965210600E-016 ) ) ;
#1948 = VECTOR ( 'NONE', #3064, 1000.000000000000000 ) ;
#1949 = ORIENTED_EDGE ( 'NONE', *, *, #404, .T. ) ;
#1950 = DIRECTION ( 'NONE',  ( -0.0000000000000000000, -1.000000000000000000, -0.0000000000000000000 ) ) ;
#1951 = DIRECTION ( 'NONE',  ( -0.0000000000000000000, -1.000000000000000000, 0.0000000000000000000 ) ) ;
#1952 = CARTESIAN_POINT ( 'NONE',  ( 0.6500000000000009100, 0.1499999999999999900, 1.370000000000000100 ) ) ;
#1953 = ORIENTED_EDGE ( 'NONE', *, *, #4897, .T. ) ;
#1954 = DIRECTION ( 'NONE',  ( 0.0000000000000000000, 0.0000000000000000000, 1.000000000000000000 ) ) ;
#1955 = VECTOR ( 'NONE', #3296, 1000.000000000000000 ) ;
#1956 = ORIENTED_EDGE ( 'NONE', *, *, #2816, .F. ) ;
#1957 = CARTESIAN_POINT ( 'NONE',  ( -0.6499999999999993600, 0.1499999999999999700, 1.199999999999999700 ) ) ;
#1958 = EDGE_CURVE ( 'NONE', #3341, #3602, #1072, .T. ) ;
#1959 = CIRCLE ( 'NONE', #1411, 0.1499999999999999700 ) ;
#1960 = ORIENTED_EDGE ( 'NONE', *, *, #404, .F. ) ;
#1961 = LINE ( 'NONE', #1218, #3687 ) ;
#1962 = CARTESIAN_POINT ( 'NONE',  ( 1.199999999999999500, 0.6500000000000000200, 0.6499999999999999100 ) ) ;
#1963 = CARTESIAN_POINT ( 'NONE',  ( 1.199999999999999500, 0.6500000000000000200, -0.3500000000000001400 ) ) ;
#1964 = CARTESIAN_POINT ( 'NONE',  ( 1.199999999999999500, 0.1499999999999999700, 0.1499999999999998600 ) ) ;
#1965 = VECTOR ( 'NONE', #2636, 1000.000000000000000 ) ;
#1966 = CARTESIAN_POINT ( 'NONE',  ( 0.6500000000000005800, 0.6500000000000001300, -1.199999999999999700 ) ) ;
#1967 = MECHANICAL_DESIGN_GEOMETRIC_PRESENTATION_REPRESENTATION (  '', ( #3224 ), #2215 ) ;
#1968 = VERTEX_POINT ( 'NONE', #4838 ) ;
#1969 = CIRCLE ( 'NONE', #987, 0.1499999999999999700 ) ;
#1970 = ORIENTED_EDGE ( 'NONE', *, *, #52, .F. ) ;
#1971 = ORIENTED_EDGE ( 'NONE', *, *, #4108, .F. ) ;
#1972 = VECTOR ( 'NONE', #667, 1000.000000000000000 ) ;
#1973 = VECTOR ( 'NONE', #2932, 1000.000000000000000 ) ;
#1974 = CARTESIAN_POINT ( 'NONE',  ( 1.370000000000000100, 0.6500000000000000200, -0.3500000000000000900 ) ) ;
#1975 = EDGE_LOOP ( 'NONE', ( #4167, #33, #2619, #3169 ) ) ;
#1976 = ORIENTED_EDGE ( 'NONE', *, *, #4639, .F. ) ;
#1977 = ADVANCED_FACE ( 'NONE', ( #4475 ), #3255, .F. ) ;
#1978 = ORIENTED_EDGE ( 'NONE', *, *, #3970, .T. ) ;
#1979 = CARTESIAN_POINT ( 'NONE',  ( -0.6499999999999993600, 0.0000000000000000000, 1.199999999999999700 ) ) ;
#1980 = CARTESIAN_POINT ( 'NONE',  ( -1.199999999999999500, 0.1499999999999999700, 0.3499999999999999200 ) ) ;
#1981 = VERTEX_POINT ( 'NONE', #244 ) ;
#1982 = ORIENTED_EDGE ( 'NONE', *, *, #3719, .F. ) ;
#1983 = DIRECTION ( 'NONE',  ( 0.0000000000000000000, 1.000000000000000000, 0.0000000000000000000 ) ) ;
#1984 = CIRCLE ( 'NONE', #3492, 0.1499999999999999700 ) ;
#1985 = ORIENTED_EDGE ( 'NONE', *, *, #3145, .F. ) ;
#1986 = COLOUR_RGB ( '',0.7960784313725489700, 0.8235294117647058400, 0.9372549019607843100 ) ;
#1987 = ORIENTED_EDGE ( 'NONE', *, *, #4884, .F. ) ;
#1988 = EDGE_CURVE ( 'NONE', #932, #3925, #86, .T. ) ;
#1989 = AXIS2_PLACEMENT_3D ( 'NONE', #3045, #3789, #2270 ) ;
#1990 = DIRECTION ( 'NONE',  ( 1.301042606982605300E-015, -0.0000000000000000000, 1.000000000000000000 ) ) ;
#1991 = DIRECTION ( 'NONE',  ( 0.0000000000000000000, -0.0000000000000000000, 1.000000000000000000 ) ) ;
#1992 = CARTESIAN_POINT ( 'NONE',  ( 1.370000000000000100, 0.0000000000000000000, 1.370000000000000100 ) ) ;
#1993 = EDGE_CURVE ( 'NONE', #3737, #576, #260, .T. ) ;
#1994 = ORIENTED_EDGE ( 'NONE', *, *, #2760, .T. ) ;
#1995 = PLANE ( 'NONE',  #3562 ) ;
#1996 = PLANE ( 'NONE',  #3545 ) ;
#1997 = DIRECTION ( 'NONE',  ( 0.0000000000000000000, -1.000000000000000000, 0.0000000000000000000 ) ) ;
#1998 = AXIS2_PLACEMENT_3D ( 'NONE', #1350, #4476, #4085 ) ;
#1999 = CIRCLE ( 'NONE', #536, 0.1499999999999999700 ) ;
#2000 = LINE ( 'NONE', #2879, #5 ) ;
#2001 = ORIENTED_EDGE ( 'NONE', *, *, #3622, .T. ) ;
#2002 = DIRECTION ( 'NONE',  ( 0.0000000000000000000, -1.000000000000000000, 0.0000000000000000000 ) ) ;
#2003 = VECTOR ( 'NONE', #7, 1000.000000000000000 ) ;
#2004 =( NAMED_UNIT ( * ) PLANE_ANGLE_UNIT ( ) SI_UNIT ( $, .RADIAN. ) );
#2005 = ORIENTED_EDGE ( 'NONE', *, *, #3032, .F. ) ;
#2006 = FACE_OUTER_BOUND ( 'NONE', #629, .T. ) ;
#2007 = DIRECTION ( 'NONE',  ( 0.0000000000000000000, 1.000000000000000000, 0.0000000000000000000 ) ) ;
#2008 = DIRECTION ( 'NONE',  ( 0.0000000000000000000, 0.0000000000000000000, -1.000000000000000000 ) ) ;
#2009 = ORIENTED_EDGE ( 'NONE', *, *, #764, .F. ) ;
#2010 = CYLINDRICAL_SURFACE ( 'NONE', #166, 0.1499999999999999700 ) ;
#2011 = EDGE_CURVE ( 'NONE', #1493, #3090, #4241, .T. ) ;
#2012 = AXIS2_PLACEMENT_3D ( 'NONE', #4105, #687, #2986 ) ;
#2013 = VECTOR ( 'NONE', #4723, 1000.000000000000000 ) ;
#2014 = DIRECTION ( 'NONE',  ( -4.336808689942018200E-016, 0.0000000000000000000, -1.000000000000000000 ) ) ;
#2015 = LINE ( 'NONE', #2821, #3569 ) ;
#2016 = CARTESIAN_POINT ( 'NONE',  ( -0.6249999999999997800, -0.0000000000000000000, -0.6250000000000001100 ) ) ;
#2017 = EDGE_CURVE ( 'NONE', #1037, #4370, #1969, .T. ) ;
#2018 = AXIS2_PLACEMENT_3D ( 'NONE', #2242, #1918, #3003 ) ;
#2019 = ADVANCED_FACE ( 'NONE', ( #4419 ), #261, .F. ) ;
#2020 = EDGE_CURVE ( 'NONE', #3581, #931, #962, .T. ) ;
#2021 = VECTOR ( 'NONE', #3427, 1000.000000000000000 ) ;
#2022 = ORIENTED_EDGE ( 'NONE', *, *, #1739, .F. ) ;
#2023 = CARTESIAN_POINT ( 'NONE',  ( -1.370000000000000100, 0.6500000000000000200, 0.3499999999999999800 ) ) ;
#2024 = CARTESIAN_POINT ( 'NONE',  ( -1.199999999999999500, 0.0000000000000000000, 0.6499999999999999100 ) ) ;
#2025 = VECTOR ( 'NONE', #2381, 1000.000000000000000 ) ;
#2026 = DIRECTION ( 'NONE',  ( 0.0000000000000000000, 1.000000000000000000, 0.0000000000000000000 ) ) ;
#2027 = ORIENTED_EDGE ( 'NONE', *, *, #3067, .T. ) ;
#2028 =( GEOMETRIC_REPRESENTATION_CONTEXT ( 3 ) GLOBAL_UNCERTAINTY_ASSIGNED_CONTEXT ( ( #4080 ) ) GLOBAL_UNIT_ASSIGNED_CONTEXT ( ( #2161, #2140, #4435 ) ) REPRESENTATION_CONTEXT ( 'NONE', 'WORKASPACE' ) );
#2029 = EDGE_LOOP ( 'NONE', ( #887, #4250, #1599, #1914 ) ) ;
#2030 = EDGE_LOOP ( 'NONE', ( #291, #4538, #964, #1565 ) ) ;
#2031 = CARTESIAN_POINT ( 'NONE',  ( 6.505213034913026600E-016, 0.0000000000000000000, 1.049999999999999800 ) ) ;
#2032 = COLOUR_RGB ( '',0.7960784313725489700, 0.8235294117647058400, 0.9372549019607843100 ) ;
#2033 = VERTEX_POINT ( 'NONE', #4411 ) ;
#2034 = ORIENTED_EDGE ( 'NONE', *, *, #2696, .T. ) ;
#2035 = DIRECTION ( 'NONE',  ( 0.0000000000000000000, 0.0000000000000000000, 1.000000000000000000 ) ) ;
#2036 = CIRCLE ( 'NONE', #1419, 0.1499999999999999700 ) ;
#2037 = CARTESIAN_POINT ( 'NONE',  ( -1.370000000000000100, 0.1499999999999999700, -0.3500000000000000300 ) ) ;
#2038 = DIRECTION ( 'NONE',  ( 0.0000000000000000000, 0.0000000000000000000, -1.000000000000000000 ) ) ;
#2039 = FACE_OUTER_BOUND ( 'NONE', #610, .T. ) ;
#2040 = EDGE_LOOP ( 'NONE', ( #210, #4657, #1916, #237 ) ) ;
#2041 = DIRECTION ( 'NONE',  ( 4.336808689942018200E-016, 0.0000000000000000000, 1.000000000000000000 ) ) ;
#2042 = CARTESIAN_POINT ( 'NONE',  ( 0.3500000000000007000, 0.1499999999999999700, -1.370000000000000100 ) ) ;
#2043 = DIRECTION ( 'NONE',  ( 0.0000000000000000000, 1.000000000000000000, -0.0000000000000000000 ) ) ;
#2044 = ADVANCED_FACE ( 'NONE', ( #3695 ), #1796, .T. ) ;
#2045 = VERTEX_POINT ( 'NONE', #4429 ) ;
#2046 = CARTESIAN_POINT ( 'NONE',  ( 0.3500000000000007000, 0.0000000000000000000, -1.199999999999999700 ) ) ;
#2047 = EDGE_CURVE ( 'NONE', #438, #4275, #1363, .T. ) ;
#2048 = EDGE_CURVE ( 'NONE', #3181, #4377, #2326, .T. ) ;
#2049 = ADVANCED_FACE ( 'NONE', ( #3817 ), #2917, .T. ) ;
#2050 = ORIENTED_EDGE ( 'NONE', *, *, #443, .T. ) ;
#2051 = AXIS2_PLACEMENT_3D ( 'NONE', #383, #2659, #26 ) ;
#2052 = CARTESIAN_POINT ( 'NONE',  ( -0.3499999999999994200, 0.1499999999999999900, -1.199999999999999700 ) ) ;
#2053 = CARTESIAN_POINT ( 'NONE',  ( 1.370000000000000100, 0.0000000000000000000, -1.370000000000000100 ) ) ;
#2054 = ORIENTED_EDGE ( 'NONE', *, *, #562, .T. ) ;
#2055 = CYLINDRICAL_SURFACE ( 'NONE', #1125, 0.1499999999999999700 ) ;
#2056 = FACE_OUTER_BOUND ( 'NONE', #4882, .T. ) ;
#2057 = AXIS2_PLACEMENT_3D ( 'NONE', #2324, #2670, #3448 ) ;
#2058 = DIRECTION ( 'NONE',  ( 0.0000000000000000000, 1.000000000000000000, -0.0000000000000000000 ) ) ;
#2059 = PLANE ( 'NONE',  #4109 ) ;
#2060 = PLANE ( 'NONE',  #2188 ) ;
#2061 = VECTOR ( 'NONE', #4510, 1000.000000000000000 ) ;
#2062 = VERTEX_POINT ( 'NONE', #359 ) ;
#2063 = FACE_OUTER_BOUND ( 'NONE', #3670, .T. ) ;
#2064 = ORIENTED_EDGE ( 'NONE', *, *, #1482, .F. ) ;
#2065 = DIRECTION ( 'NONE',  ( -0.0000000000000000000, 0.0000000000000000000, 1.000000000000000000 ) ) ;
#2066 = DIRECTION ( 'NONE',  ( 0.0000000000000000000, 1.000000000000000000, -0.0000000000000000000 ) ) ;
#2067 = COLOUR_RGB ( '',0.7960784313725489700, 0.8235294117647058400, 0.9372549019607843100 ) ;
#2068 = VERTEX_POINT ( 'NONE', #328 ) ;
#2069 = DIRECTION ( 'NONE',  ( 0.0000000000000000000, 1.000000000000000000, 0.0000000000000000000 ) ) ;
#2070 = CYLINDRICAL_SURFACE ( 'NONE', #4488, 0.1499999999999999700 ) ;
#2071 = ADVANCED_FACE ( 'NONE', ( #2263 ), #277, .T. ) ;
#2072 = DIRECTION ( 'NONE',  ( -0.0000000000000000000, -1.000000000000000000, -0.0000000000000000000 ) ) ;
#2073 = DIRECTION ( 'NONE',  ( 1.000000000000000000, -0.0000000000000000000, 0.0000000000000000000 ) ) ;
#2074 = CARTESIAN_POINT ( 'NONE',  ( -1.199999999999999500, 0.6500000000000000200, -0.3500000000000001400 ) ) ;
#2075 = ORIENTED_EDGE ( 'NONE', *, *, #1936, .T. ) ;
#2076 = UNCERTAINTY_MEASURE_WITH_UNIT (LENGTH_MEASURE( 1.000000000000000100E-005 ), #1298, 'distance_accuracy_value', 'NONE');
#2077 = EDGE_CURVE ( 'NONE', #75, #388, #3574, .T. ) ;
#2078 = LINE ( 'NONE', #335, #3254 ) ;
#2079 = FACE_OUTER_BOUND ( 'NONE', #4688, .T. ) ;
#2080 = LINE ( 'NONE', #3289, #4294 ) ;
#2081 = EDGE_CURVE ( 'NONE', #2361, #1444, #2680, .T. ) ;
#2082 = AXIS2_PLACEMENT_3D ( 'NONE', #2993, #805, #3037 ) ;
#2083 = ORIENTED_EDGE ( 'NONE', *, *, #2372, .F. ) ;
#2084 = ORIENTED_EDGE ( 'NONE', *, *, #2348, .F. ) ;
#2085 = EDGE_CURVE ( 'NONE', #3334, #3643, #377, .T. ) ;
#2086 = ORIENTED_EDGE ( 'NONE', *, *, #4070, .F. ) ;
#2087 = DIRECTION ( 'NONE',  ( -1.734723475976810100E-015, 0.0000000000000000000, -1.000000000000000000 ) ) ;
#2088 = DIRECTION ( 'NONE',  ( -0.0000000000000000000, 1.000000000000000000, -0.0000000000000000000 ) ) ;
#2089 = ORIENTED_EDGE ( 'NONE', *, *, #3146, .F. ) ;
#2090 = ORIENTED_EDGE ( 'NONE', *, *, #3035, .F. ) ;
#2091 = DIRECTION ( 'NONE',  ( -0.0000000000000000000, -0.0000000000000000000, -1.000000000000000000 ) ) ;
#2092 = AXIS2_PLACEMENT_3D ( 'NONE', #3891, #3907, #3162 ) ;
#2093 = FACE_OUTER_BOUND ( 'NONE', #1081, .T. ) ;
#2094 = VERTEX_POINT ( 'NONE', #4120 ) ;
#2095 = VERTEX_POINT ( 'NONE', #1876 ) ;
#2096 = ADVANCED_FACE ( 'NONE', ( #549 ), #2268, .F. ) ;
#2097 = FACE_OUTER_BOUND ( 'NONE', #2029, .T. ) ;
#2098 = ORIENTED_EDGE ( 'NONE', *, *, #4106, .F. ) ;
#2099 = DIRECTION ( 'NONE',  ( 0.0000000000000000000, 0.0000000000000000000, 1.000000000000000000 ) ) ;
#2100 = VERTEX_POINT ( 'NONE', #4162 ) ;
#2101 = ORIENTED_EDGE ( 'NONE', *, *, #4487, .F. ) ;
#2102 = CARTESIAN_POINT ( 'NONE',  ( 0.6250000000000002200, 0.1000000000000000100, 0.7500000000000000000 ) ) ;
#2103 = ORIENTED_EDGE ( 'NONE', *, *, #833, .F. ) ;
#2104 = DIRECTION ( 'NONE',  ( 0.0000000000000000000, 1.000000000000000000, 0.0000000000000000000 ) ) ;
#2105 = AXIS2_PLACEMENT_3D ( 'NONE', #2246, #4554, #3050 ) ;
#2106 = CARTESIAN_POINT ( 'NONE',  ( 1.370000000000000100, 0.0000000000000000000, 1.370000000000000100 ) ) ;
#2107 = CARTESIAN_POINT ( 'NONE',  ( 1.199999999999999500, 0.1499999999999999700, 0.6499999999999999100 ) ) ;
#2108 = VERTEX_POINT ( 'NONE', #2218 ) ;
#2109 = EDGE_LOOP ( 'NONE', ( #4390, #1349, #4484, #4368 ) ) ;
#2110 = CIRCLE ( 'NONE', #3746, 0.1499999999999999700 ) ;
#2111 = DIRECTION ( 'NONE',  ( -0.0000000000000000000, 0.0000000000000000000, 1.000000000000000000 ) ) ;
#2112 = EDGE_CURVE ( 'NONE', #749, #3068, #1732, .T. ) ;
#2113 = AXIS2_PLACEMENT_3D ( 'NONE', #3591, #2069, #1258 ) ;
#2114 = FILL_AREA_STYLE ('',( #538 ) ) ;
#2115 = SURFACE_STYLE_FILL_AREA ( #2292 ) ;
#2116 = FILL_AREA_STYLE_COLOUR ( '', #2032 ) ;
#2117 = CARTESIAN_POINT ( 'NONE',  ( -1.370000000000000100, 0.1499999999999999900, 0.6500000000000000200 ) ) ;
#2118 = LINE ( 'NONE', #2280, #4159 ) ;
#2119 = EDGE_LOOP ( 'NONE', ( #4763, #2034, #4620, #2436 ) ) ;
#2120 = AXIS2_PLACEMENT_3D ( 'NONE', #1004, #2073, #4748 ) ;
#2121 = PRESENTATION_STYLE_ASSIGNMENT (( #2238 ) ) ;
#2122 = ADVANCED_FACE ( 'NONE', ( #4180 ), #3346, .T. ) ;
#2123 = ORIENTED_EDGE ( 'NONE', *, *, #3009, .T. ) ;
#2124 = PLANE ( 'NONE',  #1783 ) ;
#2125 = CARTESIAN_POINT ( 'NONE',  ( 1.370000000000000100, 0.1499999999999999900, -1.370000000000000100 ) ) ;
#2126 = DIRECTION ( 'NONE',  ( 1.000000000000000000, 0.0000000000000000000, 4.336808689942017700E-016 ) ) ;
#2127 = LINE ( 'NONE', #2779, #3179 ) ;
#2128 = DIRECTION ( 'NONE',  ( 0.0000000000000000000, 0.0000000000000000000, 1.000000000000000000 ) ) ;
#2129 = ORIENTED_EDGE ( 'NONE', *, *, #2760, .F. ) ;
#2130 = SURFACE_SIDE_STYLE ('',( #4255 ) ) ;
#2131 = FACE_OUTER_BOUND ( 'NONE', #2040, .T. ) ;
#2132 = ORIENTED_EDGE ( 'NONE', *, *, #3513, .F. ) ;
#2133 = VECTOR ( 'NONE', #302, 1000.000000000000000 ) ;
#2134 = CARTESIAN_POINT ( 'NONE',  ( -0.4999999999999993300, 0.1499999999999999900, -1.370000000000000100 ) ) ;
#2135 = VECTOR ( 'NONE', #2312, 1000.000000000000000 ) ;
#2136 = CARTESIAN_POINT ( 'NONE',  ( 0.1500000000000006100, 0.6500000000000001300, -1.199999999999999700 ) ) ;
#2137 = DIRECTION ( 'NONE',  ( -0.0000000000000000000, -1.000000000000000000, -0.0000000000000000000 ) ) ;
#2138 = VERTEX_POINT ( 'NONE', #372 ) ;
#2139 = VECTOR ( 'NONE', #522, 1000.000000000000000 ) ;
#2140 =( NAMED_UNIT ( * ) PLANE_ANGLE_UNIT ( ) SI_UNIT ( $, .RADIAN. ) );
#2141 = CARTESIAN_POINT ( 'NONE',  ( 0.5000000000000006700, 0.6500000000000001300, 1.199999999999999700 ) ) ;
#2142 = ORIENTED_EDGE ( 'NONE', *, *, #4583, .F. ) ;
#2143 = CYLINDRICAL_SURFACE ( 'NONE', #870, 0.1499999999999999700 ) ;
#2144 = EDGE_CURVE ( 'NONE', #481, #1659, #1359, .T. ) ;
#2145 = EDGE_CURVE ( 'NONE', #506, #2713, #3026, .T. ) ;
#2146 = AXIS2_PLACEMENT_3D ( 'NONE', #1217, #2386, #128 ) ;
#2147 = LINE ( 'NONE', #2783, #2025 ) ;
#2148 = DIRECTION ( 'NONE',  ( -1.000000000000000000, 0.0000000000000000000, 4.336808689942017700E-016 ) ) ;
#2149 = VERTEX_POINT ( 'NONE', #4558 ) ;
#2150 = ADVANCED_FACE ( 'NONE', ( #4594 ), #1453, .T. ) ;
#2151 = ORIENTED_EDGE ( 'NONE', *, *, #2579, .T. ) ;
#2152 = FACE_BOUND ( 'NONE', #3836, .T. ) ;
#2153 = DIRECTION ( 'NONE',  ( 4.336808689942018200E-016, 0.0000000000000000000, 1.000000000000000000 ) ) ;
#2154 = CARTESIAN_POINT ( 'NONE',  ( -1.049999999999999600, 0.8499999999999999800, -0.8999999999999998000 ) ) ;
#2155 = AXIS2_PLACEMENT_3D ( 'NONE', #2464, #227, #2493 ) ;
#2156 = EDGE_CURVE ( 'NONE', #4716, #444, #3879, .T. ) ;
#2157 = ORIENTED_EDGE ( 'NONE', *, *, #3775, .F. ) ;
#2158 = VECTOR ( 'NONE', #1260, 1000.000000000000000 ) ;
#2159 =( NAMED_UNIT ( * ) PLANE_ANGLE_UNIT ( ) SI_UNIT ( $, .RADIAN. ) );
#2160 = VERTEX_POINT ( 'NONE', #342 ) ;
#2161 =( LENGTH_UNIT ( ) NAMED_UNIT ( * ) SI_UNIT ( .MILLI., .METRE. ) );
#2162 = ORIENTED_EDGE ( 'NONE', *, *, #922, .F. ) ;
#2163 = CARTESIAN_POINT ( 'NONE',  ( -0.3499999999999994200, 0.0000000000000000000, 1.199999999999999700 ) ) ;
#2164 = CARTESIAN_POINT ( 'NONE',  ( -0.6499999999999990200, 0.6500000000000001300, 1.449999999999999700 ) ) ;
#2165 = VERTEX_POINT ( 'NONE', #4880 ) ;
#2166 = CARTESIAN_POINT ( 'NONE',  ( 0.6250000000000002200, 0.1000000000000000100, -0.7499999999999998900 ) ) ;
#2167 = DIRECTION ( 'NONE',  ( -1.301042606982605500E-015, 0.0000000000000000000, -1.000000000000000000 ) ) ;
#2168 = VERTEX_POINT ( 'NONE', #2981 ) ;
#2169 = CARTESIAN_POINT ( 'NONE',  ( -1.199999999999999500, 0.1499999999999999700, 0.6499999999999999100 ) ) ;
#2170 =( LENGTH_UNIT ( ) NAMED_UNIT ( * ) SI_UNIT ( .MILLI., .METRE. ) );
#2171 = ADVANCED_FACE ( 'NONE', ( #675 ), #720, .F. ) ;
#2172 = EDGE_CURVE ( 'NONE', #2697, #2261, #431, .T. ) ;
#2173 = EDGE_CURVE ( 'NONE', #3197, #1861, #1423, .T. ) ;
#2174 = FACE_OUTER_BOUND ( 'NONE', #3279, .T. ) ;
#2175 = DIRECTION ( 'NONE',  ( 0.0000000000000000000, 1.000000000000000000, 0.0000000000000000000 ) ) ;
#2176 = LINE ( 'NONE', #133, #1883 ) ;
#2177 = VERTEX_POINT ( 'NONE', #4200 ) ;
#2178 = CIRCLE ( 'NONE', #65, 0.1499999999999999700 ) ;
#2179 = EDGE_CURVE ( 'NONE', #4602, #1366, #3134, .T. ) ;
#2180 = VECTOR ( 'NONE', #1990, 1000.000000000000000 ) ;
#2181 = AXIS2_PLACEMENT_3D ( 'NONE', #4136, #1846, #4503 ) ;
#2182 = EDGE_LOOP ( 'NONE', ( #2462, #3941, #4489, #3203 ) ) ;
#2183 = EDGE_CURVE ( 'NONE', #2701, #2138, #4653, .T. ) ;
#2184 = DIRECTION ( 'NONE',  ( -0.0000000000000000000, -1.000000000000000000, -0.0000000000000000000 ) ) ;
#2185 = VECTOR ( 'NONE', #3294, 1000.000000000000000 ) ;
#2186 = ORIENTED_EDGE ( 'NONE', *, *, #2424, .T. ) ;
#2187 = DIRECTION ( 'NONE',  ( 0.0000000000000000000, -1.000000000000000000, 0.0000000000000000000 ) ) ;
#2188 = AXIS2_PLACEMENT_3D ( 'NONE', #2458, #2104, #4415 ) ;
#2189 = CARTESIAN_POINT ( 'NONE',  ( -1.370000000000000100, 0.1499999999999999900, -1.370000000000000100 ) ) ;
#2190 = CARTESIAN_POINT ( 'NONE',  ( -0.3499999999999994200, 0.0000000000000000000, -1.199999999999999700 ) ) ;
#2191 = LINE ( 'NONE', #2884, #2904 ) ;
#2192 = ORIENTED_EDGE ( 'NONE', *, *, #4235, .T. ) ;
#2193 = DIRECTION ( 'NONE',  ( 0.0000000000000000000, 0.0000000000000000000, -1.000000000000000000 ) ) ;
#2194 = CARTESIAN_POINT ( 'NONE',  ( -0.3499999999999994200, 0.6500000000000001300, 1.199999999999999700 ) ) ;
#2195 = VECTOR ( 'NONE', #3189, 1000.000000000000000 ) ;
#2196 = CIRCLE ( 'NONE', #2244, 0.1499999999999999700 ) ;
#2197 = CYLINDRICAL_SURFACE ( 'NONE', #2586, 0.1499999999999999700 ) ;
#2198 = LINE ( 'NONE', #4314, #4066 ) ;
#2199 = FILL_AREA_STYLE ('',( #2232 ) ) ;
#2200 = EDGE_LOOP ( 'NONE', ( #4371, #4569, #3340, #3267 ) ) ;
#2201 = EDGE_LOOP ( 'NONE', ( #2679, #1833, #3889, #1199 ) ) ;
#2202 = DIRECTION ( 'NONE',  ( 0.0000000000000000000, -0.0000000000000000000, -1.000000000000000000 ) ) ;
#2203 = ORIENTED_EDGE ( 'NONE', *, *, #1614, .F. ) ;
#2204 = DIRECTION ( 'NONE',  ( 0.0000000000000000000, 0.0000000000000000000, -1.000000000000000000 ) ) ;
#2205 = EDGE_CURVE ( 'NONE', #968, #4358, #3572, .T. ) ;
#2206 = VERTEX_POINT ( 'NONE', #2287 ) ;
#2207 = MECHANICAL_DESIGN_GEOMETRIC_PRESENTATION_REPRESENTATION (  '', ( #2887 ), #256 ) ;
#2208 = CARTESIAN_POINT ( 'NONE',  ( 1.370000000000000100, 0.0000000000000000000, 0.1499999999999999700 ) ) ;
#2209 = PRESENTATION_STYLE_ASSIGNMENT (( #4821 ) ) ;
#2210 = CARTESIAN_POINT ( 'NONE',  ( -1.049999999999999600, -0.0000000000000000000, -0.3500000000000000300 ) ) ;
#2211 = ORIENTED_EDGE ( 'NONE', *, *, #3185, .F. ) ;
#2212 = ORIENTED_EDGE ( 'NONE', *, *, #158, .F. ) ;
#2213 = DIRECTION ( 'NONE',  ( 0.0000000000000000000, -1.000000000000000000, 0.0000000000000000000 ) ) ;
#2214 = AXIS2_PLACEMENT_3D ( 'NONE', #1920, #451, #60 ) ;
#2215 =( GEOMETRIC_REPRESENTATION_CONTEXT ( 3 ) GLOBAL_UNCERTAINTY_ASSIGNED_CONTEXT ( ( #4166 ) ) GLOBAL_UNIT_ASSIGNED_CONTEXT ( ( #2550, #651, #300 ) ) REPRESENTATION_CONTEXT ( 'NONE', 'WORKASPACE' ) );
#2216 = FACE_OUTER_BOUND ( 'NONE', #3150, .T. ) ;
#2217 = EDGE_LOOP ( 'NONE', ( #4901, #1434, #4467, #4258 ) ) ;
#2218 = CARTESIAN_POINT ( 'NONE',  ( -0.6499999999999993600, 0.1499999999999999700, -1.199999999999999700 ) ) ;
#2219 = CARTESIAN_POINT ( 'NONE',  ( -1.199999999999999500, 0.0000000000000000000, 0.4999999999999998900 ) ) ;
#2220 = ORIENTED_EDGE ( 'NONE', *, *, #885, .T. ) ;
#2221 = CARTESIAN_POINT ( 'NONE',  ( 0.1500000000000006100, 0.1499999999999999900, -1.199999999999999700 ) ) ;
#2222 = CARTESIAN_POINT ( 'NONE',  ( 0.6250000000000002200, 0.1000000000000000100, -0.7500000000000000000 ) ) ;
#2223 = EDGE_LOOP ( 'NONE', ( #1587, #2809, #382, #862 ) ) ;
#2224 = SURFACE_SIDE_STYLE ('',( #3771 ) ) ;
#2225 = MANIFOLD_SOLID_BREP ( 'Pin 3', #3636 ) ;
#2226 =( NAMED_UNIT ( * ) PLANE_ANGLE_UNIT ( ) SI_UNIT ( $, .RADIAN. ) );
#2227 = ORIENTED_EDGE ( 'NONE', *, *, #823, .T. ) ;
#2228 = DIRECTION ( 'NONE',  ( 1.000000000000000000, 0.0000000000000000000, -1.301042606982605300E-015 ) ) ;
#2229 = DIRECTION ( 'NONE',  ( -1.000000000000000000, 0.0000000000000000000, 1.734723475976810100E-015 ) ) ;
#2230 = VECTOR ( 'NONE', #3661, 1000.000000000000000 ) ;
#2231 = DIRECTION ( 'NONE',  ( 0.0000000000000000000, -1.000000000000000000, 0.0000000000000000000 ) ) ;
#2232 = FILL_AREA_STYLE_COLOUR ( '', #4032 ) ;
#2233 = LINE ( 'NONE', #2754, #2359 ) ;
#2234 = EDGE_CURVE ( 'NONE', #1896, #1493, #371, .T. ) ;
#2235 = EDGE_CURVE ( 'NONE', #4378, #1137, #1023, .T. ) ;
#2236 = VERTEX_POINT ( 'NONE', #4595 ) ;
#2237 = AXIS2_PLACEMENT_3D ( 'NONE', #3402, #4206, #750 ) ;
#2238 = SURFACE_STYLE_USAGE ( .BOTH. , #3350 ) ;
#2239 = FACE_OUTER_BOUND ( 'NONE', #3627, .T. ) ;
#2240 = DIRECTION ( 'NONE',  ( 0.0000000000000000000, 0.0000000000000000000, 1.000000000000000000 ) ) ;
#2241 = VERTEX_POINT ( 'NONE', #164 ) ;
#2242 = CARTESIAN_POINT ( 'NONE',  ( 0.6500000000000010200, 0.6500000000000001300, 1.449999999999999300 ) ) ;
#2243 = CARTESIAN_POINT ( 'NONE',  ( 1.199999999999999500, 0.0000000000000000000, 0.6499999999999999100 ) ) ;
#2244 = AXIS2_PLACEMENT_3D ( 'NONE', #3106, #2357, #163 ) ;
#2245 = VECTOR ( 'NONE', #2380, 1000.000000000000000 ) ;
#2246 = CARTESIAN_POINT ( 'NONE',  ( 1.199999999999999500, 0.1499999999999999700, -0.5000000000000001100 ) ) ;
#2247 = EDGE_CURVE ( 'NONE', #3478, #551, #2435, .T. ) ;
#2248 = ORIENTED_EDGE ( 'NONE', *, *, #2844, .F. ) ;
#2249 = CARTESIAN_POINT ( 'NONE',  ( 0.6500000000000010200, 0.1499999999999999900, 1.449999999999999300 ) ) ;
#2250 = VECTOR ( 'NONE', #3101, 1000.000000000000000 ) ;
#2251 = CARTESIAN_POINT ( 'NONE',  ( 1.370000000000000100, 0.1499999999999999900, -1.370000000000000100 ) ) ;
#2252 = PRESENTATION_LAYER_ASSIGNMENT (  '', '', ( #2700 ) ) ;
#2253 = ORIENTED_EDGE ( 'NONE', *, *, #2886, .T. ) ;
#2254 = DIRECTION ( 'NONE',  ( 0.0000000000000000000, 0.0000000000000000000, -1.000000000000000000 ) ) ;
#2255 = VECTOR ( 'NONE', #1126, 1000.000000000000000 ) ;
#2256 = DIRECTION ( 'NONE',  ( 0.0000000000000000000, 0.0000000000000000000, -1.000000000000000000 ) ) ;
#2257 = CIRCLE ( 'NONE', #4020, 0.1499999999999999700 ) ;
#2258 = DIRECTION ( 'NONE',  ( 0.0000000000000000000, -1.000000000000000000, 0.0000000000000000000 ) ) ;
#2259 = DIRECTION ( 'NONE',  ( 0.0000000000000000000, 0.0000000000000000000, 1.000000000000000000 ) ) ;
#2260 = ORIENTED_EDGE ( 'NONE', *, *, #860, .T. ) ;
#2261 = VERTEX_POINT ( 'NONE', #4686 ) ;
#2262 = DIRECTION ( 'NONE',  ( 0.0000000000000000000, 1.000000000000000000, 0.0000000000000000000 ) ) ;
#2263 = FACE_OUTER_BOUND ( 'NONE', #4126, .T. ) ;
#2264 = ORIENTED_EDGE ( 'NONE', *, *, #4171, .T. ) ;
#2265 = EDGE_LOOP ( 'NONE', ( #3765, #4847, #1928, #1985 ) ) ;
#2266 = ORIENTED_EDGE ( 'NONE', *, *, #757, .F. ) ;
#2267 = EDGE_CURVE ( 'NONE', #4623, #3490, #4771, .T. ) ;
#2268 = PLANE ( 'NONE',  #579 ) ;
#2269 = AXIS2_PLACEMENT_3D ( 'NONE', #4240, #111, #452 ) ;
#2270 = DIRECTION ( 'NONE',  ( 0.0000000000000000000, 0.0000000000000000000, 1.000000000000000000 ) ) ;
#2271 = PLANE ( 'NONE',  #4622 ) ;
#2272 = ADVANCED_FACE ( 'NONE', ( #3935 ), #2403, .T. ) ;
#2273 = ADVANCED_FACE ( 'NONE', ( #3444 ), #1538, .T. ) ;
#2274 = ORIENTED_EDGE ( 'NONE', *, *, #3976, .T. ) ;
#2275 = CARTESIAN_POINT ( 'NONE',  ( -0.6499999999999993600, 0.6500000000000001300, -1.370000000000000100 ) ) ;
#2276 = VECTOR ( 'NONE', #90, 1000.000000000000000 ) ;
#2277 = CARTESIAN_POINT ( 'NONE',  ( -1.370000000000000100, 0.6500000000000000200, 0.3499999999999999800 ) ) ;
#2278 = EDGE_CURVE ( 'NONE', #213, #1361, #2860, .T. ) ;
#2279 = AXIS2_PLACEMENT_3D ( 'NONE', #1445, #729, #701 ) ;
#2280 = CARTESIAN_POINT ( 'NONE',  ( -0.7499999999999997800, 0.1000000000000000100, -0.6250000000000001100 ) ) ;
#2281 = CIRCLE ( 'NONE', #731, 0.1499999999999999700 ) ;
#2282 = EDGE_CURVE ( 'NONE', #1153, #285, #2608, .T. ) ;
#2283 = ORIENTED_EDGE ( 'NONE', *, *, #1002, .F. ) ;
#2284 = DIRECTION ( 'NONE',  ( 0.0000000000000000000, -1.000000000000000000, 0.0000000000000000000 ) ) ;
#2285 = DIRECTION ( 'NONE',  ( 1.000000000000000000, 0.0000000000000000000, -1.301042606982605500E-015 ) ) ;
#2286 = ORIENTED_EDGE ( 'NONE', *, *, #1371, .F. ) ;
#2287 = CARTESIAN_POINT ( 'NONE',  ( 0.1500000000000006100, 0.0000000000000000000, -1.370000000000000100 ) ) ;
#2288 = CARTESIAN_POINT ( 'NONE',  ( -1.370000000000000100, 0.0000000000000000000, -0.1499999999999999700 ) ) ;
#2289 = DIRECTION ( 'NONE',  ( 0.0000000000000000000, 1.000000000000000000, -0.0000000000000000000 ) ) ;
#2290 = ORIENTED_EDGE ( 'NONE', *, *, #2995, .F. ) ;
#2291 = VERTEX_POINT ( 'NONE', #3408 ) ;
#2292 = FILL_AREA_STYLE ('',( #3792 ) ) ;
#2293 = CARTESIAN_POINT ( 'NONE',  ( -0.4999999999999993300, 0.1499999999999999900, -1.199999999999999700 ) ) ;
#2294 = MANIFOLD_SOLID_BREP ( 'Pin 1 Mark', #4308 ) ;
#2295 = DIRECTION ( 'NONE',  ( 0.0000000000000000000, -1.000000000000000000, 0.0000000000000000000 ) ) ;
#2296 = LINE ( 'NONE', #722, #4807 ) ;
#2297 = CARTESIAN_POINT ( 'NONE',  ( -0.4999999999999993300, 0.1499999999999999900, -1.370000000000000100 ) ) ;
#2298 = LINE ( 'NONE', #1176, #649 ) ;
#2299 = CARTESIAN_POINT ( 'NONE',  ( 1.370000000000000100, 0.0000000000000000000, -1.370000000000000100 ) ) ;
#2300 = ORIENTED_EDGE ( 'NONE', *, *, #4353, .F. ) ;
#2301 = DIRECTION ( 'NONE',  ( 0.0000000000000000000, -1.000000000000000000, 0.0000000000000000000 ) ) ;
#2302 = LINE ( 'NONE', #219, #585 ) ;
#2303 = CYLINDRICAL_SURFACE ( 'NONE', #2653, 0.1250000000000000000 ) ;
#2304 = CARTESIAN_POINT ( 'NONE',  ( -1.370000000000000100, 0.6500000000000000200, 0.1499999999999999400 ) ) ;
#2305 = CARTESIAN_POINT ( 'NONE',  ( 0.6500000000000010200, 0.0000000000000000000, 1.449999999999999300 ) ) ;
#2306 = CIRCLE ( 'NONE', #3280, 0.1499999999999999700 ) ;
#2307 = EDGE_CURVE ( 'NONE', #1153, #4133, #4705, .T. ) ;
#2308 = EDGE_CURVE ( 'NONE', #2062, #631, #4283, .T. ) ;
#2309 = AXIS2_PLACEMENT_3D ( 'NONE', #1686, #201, #905 ) ;
#2310 = CLOSED_SHELL ( 'NONE', ( #3015, #716, #1688, #3151, #2771, #4035 ) ) ;
#2311 = SURFACE_SIDE_STYLE ('',( #2115 ) ) ;
#2312 = DIRECTION ( 'NONE',  ( 0.0000000000000000000, -1.000000000000000000, 0.0000000000000000000 ) ) ;
#2313 = CARTESIAN_POINT ( 'NONE',  ( -0.6249999999999997800, 0.1000000000000000100, 0.7499999999999997800 ) ) ;
#2314 = DIRECTION ( 'NONE',  ( 0.0000000000000000000, 1.000000000000000000, 0.0000000000000000000 ) ) ;
#2315 = ORIENTED_EDGE ( 'NONE', *, *, #4573, .T. ) ;
#2316 =( GEOMETRIC_REPRESENTATION_CONTEXT ( 3 ) GLOBAL_UNCERTAINTY_ASSIGNED_CONTEXT ( ( #116 ) ) GLOBAL_UNIT_ASSIGNED_CONTEXT ( ( #3265, #1428, #4799 ) ) REPRESENTATION_CONTEXT ( 'NONE', 'WORKASPACE' ) );
#2317 = CARTESIAN_POINT ( 'NONE',  ( 1.370000000000000100, 0.1499999999999999900, 1.370000000000000100 ) ) ;
#2318 = EDGE_CURVE ( 'NONE', #2572, #212, #3873, .T. ) ;
#2319 = FACE_OUTER_BOUND ( 'NONE', #64, .T. ) ;
#2320 = DIRECTION ( 'NONE',  ( 0.0000000000000000000, 0.0000000000000000000, 1.000000000000000000 ) ) ;
#2321 = VECTOR ( 'NONE', #407, 1000.000000000000000 ) ;
#2322 = LINE ( 'NONE', #3620, #3631 ) ;
#2323 = CARTESIAN_POINT ( 'NONE',  ( 0.6250000000000002200, 0.0000000000000000000, -0.7500000000000000000 ) ) ;
#2324 = CARTESIAN_POINT ( 'NONE',  ( 0.6500000000000010200, 0.1499999999999999900, 1.449999999999999300 ) ) ;
#2325 = EDGE_LOOP ( 'NONE', ( #1630, #2355, #1083, #2875 ) ) ;
#2326 = LINE ( 'NONE', #3671, #31 ) ;
#2327 = CARTESIAN_POINT ( 'NONE',  ( 0.6500000000000005800, 0.0000000000000000000, -1.199999999999999700 ) ) ;
#2328 = ORIENTED_EDGE ( 'NONE', *, *, #4203, .F. ) ;
#2329 = CARTESIAN_POINT ( 'NONE',  ( -1.370000000000000100, 0.1499999999999999900, -0.6500000000000000200 ) ) ;
#2330 = CARTESIAN_POINT ( 'NONE',  ( 1.199999999999999500, 0.0000000000000000000, -0.3500000000000001400 ) ) ;
#2331 = DIRECTION ( 'NONE',  ( 0.0000000000000000000, 0.0000000000000000000, 1.000000000000000000 ) ) ;
#2332 = ORIENTED_EDGE ( 'NONE', *, *, #2401, .T. ) ;
#2333 = DIRECTION ( 'NONE',  ( 0.0000000000000000000, 0.0000000000000000000, 1.000000000000000000 ) ) ;
#2334 = ORIENTED_EDGE ( 'NONE', *, *, #4042, .F. ) ;
#2335 = VECTOR ( 'NONE', #570, 1000.000000000000000 ) ;
#2336 = EDGE_CURVE ( 'NONE', #518, #2033, #2322, .T. ) ;
#2337 = ORIENTED_EDGE ( 'NONE', *, *, #2144, .T. ) ;
#2338 = EDGE_CURVE ( 'NONE', #2815, #2616, #3807, .T. ) ;
#2339 = ORIENTED_EDGE ( 'NONE', *, *, #2579, .F. ) ;
#2340 = AXIS2_PLACEMENT_3D ( 'NONE', #3895, #3131, #3531 ) ;
#2341 = DIRECTION ( 'NONE',  ( -0.0000000000000000000, -1.000000000000000000, -0.0000000000000000000 ) ) ;
#2342 = ORIENTED_EDGE ( 'NONE', *, *, #3175, .T. ) ;
#2343 = VECTOR ( 'NONE', #3337, 1000.000000000000000 ) ;
#2344 = VERTEX_POINT ( 'NONE', #2117 ) ;
#2345 = EDGE_CURVE ( 'NONE', #1981, #1861, #3750, .T. ) ;
#2346 = PRESENTATION_LAYER_ASSIGNMENT (  '', '', ( #3453 ) ) ;
#2347 = DIRECTION ( 'NONE',  ( 1.000000000000000000, 0.0000000000000000000, 4.336808689942017700E-016 ) ) ;
#2348 = EDGE_CURVE ( 'NONE', #2291, #2206, #82, .T. ) ;
#2349 = VERTEX_POINT ( 'NONE', #197 ) ;
#2350 = CARTESIAN_POINT ( 'NONE',  ( 0.6250000000000002200, 0.1000000000000000100, 0.7500000000000000000 ) ) ;
#2351 = ADVANCED_FACE ( 'NONE', ( #1849 ), #4373, .F. ) ;
#2352 = EDGE_LOOP ( 'NONE', ( #1758, #1089, #2775, #1046 ) ) ;
#2353 = VERTEX_POINT ( 'NONE', #1678 ) ;
#2354 = CARTESIAN_POINT ( 'NONE',  ( 1.449999999999999500, 0.0000000000000000000, 1.450000000000000000 ) ) ;
#2355 = ORIENTED_EDGE ( 'NONE', *, *, #3785, .F. ) ;
#2356 = PLANE ( 'NONE',  #2340 ) ;
#2357 = DIRECTION ( 'NONE',  ( 0.0000000000000000000, 1.000000000000000000, 0.0000000000000000000 ) ) ;
#2358 = VECTOR ( 'NONE', #3861, 1000.000000000000000 ) ;
#2359 = VECTOR ( 'NONE', #3481, 1000.000000000000000 ) ;
#2360 = CARTESIAN_POINT ( 'NONE',  ( 0.6500000000000005800, 0.0000000000000000000, -1.370000000000000100 ) ) ;
#2361 = VERTEX_POINT ( 'NONE', #4835 ) ;
#2362 = DIRECTION ( 'NONE',  ( 4.336808689942018200E-016, 0.0000000000000000000, -1.000000000000000000 ) ) ;
#2363 = VECTOR ( 'NONE', #267, 1000.000000000000000 ) ;
#2364 = DIRECTION ( 'NONE',  ( 0.0000000000000000000, 1.000000000000000000, -0.0000000000000000000 ) ) ;
#2365 = ORIENTED_EDGE ( 'NONE', *, *, #1251, .T. ) ;
#2366 = CARTESIAN_POINT ( 'NONE',  ( -1.199999999999999500, 0.0000000000000000000, 0.6499999999999999100 ) ) ;
#2367 = AXIS2_PLACEMENT_3D ( 'NONE', #1692, #929, #2813 ) ;
#2368 = LINE ( 'NONE', #3158, #124 ) ;
#2369 = ORIENTED_EDGE ( 'NONE', *, *, #2372, .T. ) ;
#2370 = DIRECTION ( 'NONE',  ( 0.0000000000000000000, 0.0000000000000000000, -1.000000000000000000 ) ) ;
#2371 = CARTESIAN_POINT ( 'NONE',  ( 1.449999999999999500, 0.0000000000000000000, 1.450000000000000000 ) ) ;
#2372 = EDGE_CURVE ( 'NONE', #4302, #1521, #958, .T. ) ;
#2373 = FACE_OUTER_BOUND ( 'NONE', #4652, .T. ) ;
#2374 = ADVANCED_FACE ( 'NONE', ( #1016 ), #4096, .F. ) ;
#2375 = PRESENTATION_LAYER_ASSIGNMENT (  '', '', ( #1255 ) ) ;
#2376 = EDGE_LOOP ( 'NONE', ( #4121, #3993, #1085, #3228 ) ) ;
#2377 = DIRECTION ( 'NONE',  ( 0.0000000000000000000, 0.0000000000000000000, -1.000000000000000000 ) ) ;
#2378 = AXIS2_PLACEMENT_3D ( 'NONE', #1703, #2440, #1353 ) ;
#2379 = LINE ( 'NONE', #2277, #677 ) ;
#2380 = DIRECTION ( 'NONE',  ( -1.000000000000000000, -0.0000000000000000000, -0.0000000000000000000 ) ) ;
#2381 = DIRECTION ( 'NONE',  ( -1.000000000000000000, -0.0000000000000000000, 7.477256361968998900E-017 ) ) ;
#2382 = EDGE_LOOP ( 'NONE', ( #1526, #1055, #3578, #447 ) ) ;
#2383 = MANIFOLD_SOLID_BREP ( 'Thermal Pad ', #3634 ) ;
#2384 = ORIENTED_EDGE ( 'NONE', *, *, #4006, .T. ) ;
#2385 = FACE_OUTER_BOUND ( 'NONE', #1975, .T. ) ;
#2386 = DIRECTION ( 'NONE',  ( 0.0000000000000000000, 1.000000000000000000, 0.0000000000000000000 ) ) ;
#2387 = DIRECTION ( 'NONE',  ( 0.0000000000000000000, -0.0000000000000000000, -1.000000000000000000 ) ) ;
#2388 = ORIENTED_EDGE ( 'NONE', *, *, #573, .T. ) ;
#2389 = CARTESIAN_POINT ( 'NONE',  ( 1.370000000000000100, 0.1499999999999999900, -1.199999999999999700 ) ) ;
#2390 = EDGE_LOOP ( 'NONE', ( #2477, #3579, #2220, #310 ) ) ;
#2391 = EDGE_LOOP ( 'NONE', ( #4013, #450, #2162, #643 ) ) ;
#2392 = ORIENTED_EDGE ( 'NONE', *, *, #1839, .F. ) ;
#2393 = CARTESIAN_POINT ( 'NONE',  ( 1.199999999999999500, 0.6500000000000000200, 0.3499999999999999200 ) ) ;
#2394 = DIRECTION ( 'NONE',  ( 0.0000000000000000000, -0.0000000000000000000, 1.000000000000000000 ) ) ;
#2395 = LINE ( 'NONE', #1238, #1143 ) ;
#2396 = CARTESIAN_POINT ( 'NONE',  ( 0.6500000000000005800, 0.1499999999999999900, -1.199999999999999700 ) ) ;
#2397 = ORIENTED_EDGE ( 'NONE', *, *, #3145, .T. ) ;
#2398 = ADVANCED_FACE ( 'NONE', ( #24 ), #275, .T. ) ;
#2399 = VECTOR ( 'NONE', #2148, 1000.000000000000000 ) ;
#2400 = VERTEX_POINT ( 'NONE', #2154 ) ;
#2401 = EDGE_CURVE ( 'NONE', #2033, #1782, #3994, .T. ) ;
#2402 = EDGE_CURVE ( 'NONE', #1968, #3281, #2078, .T. ) ;
#2403 = PLANE ( 'NONE',  #1389 ) ;
#2404 = VERTEX_POINT ( 'NONE', #726 ) ;
#2405 = DIRECTION ( 'NONE',  ( 0.0000000000000000000, 0.0000000000000000000, -1.000000000000000000 ) ) ;
#2406 = EDGE_CURVE ( 'NONE', #285, #1136, #2487, .T. ) ;
#2407 = ORIENTED_EDGE ( 'NONE', *, *, #3911, .T. ) ;
#2408 = DIRECTION ( 'NONE',  ( -1.000000000000000000, 0.0000000000000000000, 0.0000000000000000000 ) ) ;
#2409 = AXIS2_PLACEMENT_3D ( 'NONE', #2961, #3395, #4135 ) ;
#2410 = FACE_OUTER_BOUND ( 'NONE', #618, .T. ) ;
#2411 = VECTOR ( 'NONE', #3641, 1000.000000000000000 ) ;
#2412 = ORIENTED_EDGE ( 'NONE', *, *, #3842, .T. ) ;
#2413 = CARTESIAN_POINT ( 'NONE',  ( -1.370000000000000100, 0.1499999999999999900, 0.3500000000000000300 ) ) ;
#2414 = VECTOR ( 'NONE', #1247, 1000.000000000000000 ) ;
#2415 = ADVANCED_FACE ( 'NONE', ( #4649 ), #2635, .F. ) ;
#2416 = VERTEX_POINT ( 'NONE', #3793 ) ;
#2417 = DIRECTION ( 'NONE',  ( 0.0000000000000000000, 1.000000000000000000, 0.0000000000000000000 ) ) ;
#2418 = DIRECTION ( 'NONE',  ( 0.0000000000000000000, 0.0000000000000000000, -1.000000000000000000 ) ) ;
#2419 = ORIENTED_EDGE ( 'NONE', *, *, #2020, .F. ) ;
#2420 = CARTESIAN_POINT ( 'NONE',  ( -0.7499999999999997800, 0.1000000000000000100, -0.6250000000000001100 ) ) ;
#2421 = DIRECTION ( 'NONE',  ( -0.0000000000000000000, -1.000000000000000000, -0.0000000000000000000 ) ) ;
#2422 = FACE_OUTER_BOUND ( 'NONE', #1695, .T. ) ;
#2423 = EDGE_CURVE ( 'NONE', #2160, #3343, #3380, .T. ) ;
#2424 = EDGE_CURVE ( 'NONE', #1626, #2815, #2731, .T. ) ;
#2425 = DIRECTION ( 'NONE',  ( 0.0000000000000000000, 0.0000000000000000000, -1.000000000000000000 ) ) ;
#2426 = PRESENTATION_LAYER_ASSIGNMENT (  '', '', ( #3446 ) ) ;
#2427 = ORIENTED_EDGE ( 'NONE', *, *, #3872, .F. ) ;
#2428 = LINE ( 'NONE', #4331, #2794 ) ;
#2429 = DIRECTION ( 'NONE',  ( 0.0000000000000000000, 0.0000000000000000000, -1.000000000000000000 ) ) ;
#2430 = VECTOR ( 'NONE', #4372, 1000.000000000000000 ) ;
#2431 = DIRECTION ( 'NONE',  ( 0.0000000000000000000, -1.000000000000000000, 0.0000000000000000000 ) ) ;
#2432 = EDGE_CURVE ( 'NONE', #4717, #333, #4767, .T. ) ;
#2433 = AXIS2_PLACEMENT_3D ( 'NONE', #2495, #2066, #3962 ) ;
#2434 = EDGE_CURVE ( 'NONE', #4883, #4869, #3930, .T. ) ;
#2435 = LINE ( 'NONE', #2304, #3633 ) ;
#2436 = ORIENTED_EDGE ( 'NONE', *, *, #1679, .T. ) ;
#2437 = COLOUR_RGB ( '',0.7960784313725489700, 0.8235294117647058400, 0.9372549019607843100 ) ;
#2438 = CARTESIAN_POINT ( 'NONE',  ( 1.199999999999999500, 0.0000000000000000000, 0.1499999999999998600 ) ) ;
#2439 = VECTOR ( 'NONE', #389, 1000.000000000000000 ) ;
#2440 = DIRECTION ( 'NONE',  ( 0.0000000000000000000, 1.000000000000000000, 0.0000000000000000000 ) ) ;
#2441 = EDGE_LOOP ( 'NONE', ( #3893, #3990, #4359, #4218 ) ) ;
#2442 = DIRECTION ( 'NONE',  ( 0.0000000000000000000, -0.0000000000000000000, 1.000000000000000000 ) ) ;
#2443 = ORIENTED_EDGE ( 'NONE', *, *, #1925, .F. ) ;
#2444 = ADVANCED_FACE ( 'NONE', ( #2909 ), #4176, .T. ) ;
#2445 = ORIENTED_EDGE ( 'NONE', *, *, #2934, .F. ) ;
#2446 = VECTOR ( 'NONE', #2320, 1000.000000000000000 ) ;
#2447 = ADVANCED_FACE ( 'NONE', ( #4410 ), #2582, .F. ) ;
#2448 = ORIENTED_EDGE ( 'NONE', *, *, #3215, .F. ) ;
#2449 = VECTOR ( 'NONE', #1786, 1000.000000000000000 ) ;
#2450 = CARTESIAN_POINT ( 'NONE',  ( -1.370000000000000100, 0.1499999999999999900, -1.199999999999999700 ) ) ;
#2451 = ORIENTED_EDGE ( 'NONE', *, *, #4490, .T. ) ;
#2452 = ORIENTED_EDGE ( 'NONE', *, *, #284, .T. ) ;
#2453 = EDGE_LOOP ( 'NONE', ( #56, #2765, #4533, #1689 ) ) ;
#2454 = CARTESIAN_POINT ( 'NONE',  ( 1.370000000000000100, 0.6500000000000000200, 0.1499999999999999400 ) ) ;
#2455 = CARTESIAN_POINT ( 'NONE',  ( -0.4999999999999993300, 0.1499999999999999900, -1.199999999999999700 ) ) ;
#2456 = EDGE_LOOP ( 'NONE', ( #2997, #2253, #655, #97, #1820 ) ) ;
#2457 = CARTESIAN_POINT ( 'NONE',  ( -1.049999999999999600, 0.8499999999999999800, -1.049999999999999800 ) ) ;
#2458 = CARTESIAN_POINT ( 'NONE',  ( 0.0000000000000000000, 0.9000000000000000200, 0.0000000000000000000 ) ) ;
#2459 = EDGE_LOOP ( 'NONE', ( #799, #3111, #336, #3683 ) ) ;
#2460 = DIRECTION ( 'NONE',  ( 0.0000000000000000000, 1.000000000000000000, 0.0000000000000000000 ) ) ;
#2461 = CARTESIAN_POINT ( 'NONE',  ( 1.370000000000000100, 0.6500000000000000200, 0.6500000000000000200 ) ) ;
#2462 = ORIENTED_EDGE ( 'NONE', *, *, #254, .F. ) ;
#2463 = EDGE_CURVE ( 'NONE', #2713, #3263, #3075, .T. ) ;
#2464 = CARTESIAN_POINT ( 'NONE',  ( 0.6250000000000002200, 0.0000000000000000000, -0.6250000000000000000 ) ) ;
#2465 = CARTESIAN_POINT ( 'NONE',  ( 0.7500000000000002200, 0.1000000000000000100, 0.6250000000000000000 ) ) ;
#2466 = CYLINDRICAL_SURFACE ( 'NONE', #4081, 0.1250000000000000000 ) ;
#2467 = STYLED_ITEM ( 'NONE', ( #3656 ), #990 ) ;
#2468 = CARTESIAN_POINT ( 'NONE',  ( 1.370000000000000100, 0.6500000000000000200, -0.3500000000000000900 ) ) ;
#2469 = DIRECTION ( 'NONE',  ( 1.301042606982605300E-015, -0.0000000000000000000, 1.000000000000000000 ) ) ;
#2470 = EDGE_CURVE ( 'NONE', #4491, #3643, #1906, .T. ) ;
#2471 = ADVANCED_FACE ( 'NONE', ( #4814 ), #669, .F. ) ;
#2472 = CARTESIAN_POINT ( 'NONE',  ( 1.199999999999999500, 0.1499999999999999700, 0.1499999999999998600 ) ) ;
#2473 = FACE_OUTER_BOUND ( 'NONE', #760, .T. ) ;
#2474 = DIRECTION ( 'NONE',  ( -0.0000000000000000000, -1.000000000000000000, -0.0000000000000000000 ) ) ;
#2475 = ORIENTED_EDGE ( 'NONE', *, *, #609, .T. ) ;
#2476 = FACE_OUTER_BOUND ( 'NONE', #4128, .T. ) ;
#2477 = ORIENTED_EDGE ( 'NONE', *, *, #2498, .F. ) ;
#2478 = FACE_OUTER_BOUND ( 'NONE', #4057, .T. ) ;
#2479 = EDGE_LOOP ( 'NONE', ( #2931, #3565, #3898, #1949, #3081, #2337, #638, #3871 ) ) ;
#2480 = CARTESIAN_POINT ( 'NONE',  ( 0.6500000000000005800, 0.1499999999999999900, -1.370000000000000100 ) ) ;
#2481 = CYLINDRICAL_SURFACE ( 'NONE', #1680, 0.1499999999999999700 ) ;
#2482 = CARTESIAN_POINT ( 'NONE',  ( -1.370000000000000100, 0.1499999999999999900, -1.370000000000000100 ) ) ;
#2483 = ORIENTED_EDGE ( 'NONE', *, *, #3843, .F. ) ;
#2484 = VECTOR ( 'NONE', #4531, 1000.000000000000000 ) ;
#2485 = DIRECTION ( 'NONE',  ( -1.000000000000000000, 0.0000000000000000000, 0.0000000000000000000 ) ) ;
#2486 = EDGE_CURVE ( 'NONE', #1132, #3581, #3322, .T. ) ;
#2487 = LINE ( 'NONE', #2102, #252 ) ;
#2488 = SURFACE_STYLE_FILL_AREA ( #4825 ) ;
#2489 = DIRECTION ( 'NONE',  ( 0.0000000000000000000, 1.000000000000000000, 0.0000000000000000000 ) ) ;
#2490 = ADVANCED_FACE ( 'NONE', ( #849 ), #2197, .F. ) ;
#2491 = ORIENTED_EDGE ( 'NONE', *, *, #2966, .F. ) ;
#2492 = VECTOR ( 'NONE', #4287, 1000.000000000000000 ) ;
#2493 = DIRECTION ( 'NONE',  ( 0.0000000000000000000, 0.0000000000000000000, -1.000000000000000000 ) ) ;
#2494 = DIRECTION ( 'NONE',  ( -1.000000000000000000, 0.0000000000000000000, 1.734723475976810100E-015 ) ) ;
#2495 = CARTESIAN_POINT ( 'NONE',  ( 1.199999999999999500, 0.0000000000000000000, -0.5000000000000001100 ) ) ;
#2496 = ORIENTED_EDGE ( 'NONE', *, *, #2267, .T. ) ;
#2497 = ORIENTED_EDGE ( 'NONE', *, *, #4049, .F. ) ;
#2498 = EDGE_CURVE ( 'NONE', #4869, #3412, #135, .T. ) ;
#2499 = CARTESIAN_POINT ( 'NONE',  ( 1.199999999999999500, 0.1499999999999999700, -0.1500000000000000800 ) ) ;
#2500 = EDGE_LOOP ( 'NONE', ( #184, #4478, #2735, #3404 ) ) ;
#2501 = PLANE ( 'NONE',  #2581 ) ;
#2502 = DIRECTION ( 'NONE',  ( 0.0000000000000000000, 0.0000000000000000000, -1.000000000000000000 ) ) ;
#2503 = ORIENTED_EDGE ( 'NONE', *, *, #924, .T. ) ;
#2504 = UNCERTAINTY_MEASURE_WITH_UNIT (LENGTH_MEASURE( 1.000000000000000100E-005 ), #331, 'distance_accuracy_value', 'NONE');
#2505 = VERTEX_POINT ( 'NONE', #2208 ) ;
#2506 = DIRECTION ( 'NONE',  ( 0.0000000000000000000, 1.000000000000000000, -0.0000000000000000000 ) ) ;
#2507 = AXIS2_PLACEMENT_3D ( 'NONE', #3639, #1752, #4051 ) ;
#2508 = ORIENTED_EDGE ( 'NONE', *, *, #1871, .F. ) ;
#2509 = LINE ( 'NONE', #896, #4304 ) ;
#2510 = VECTOR ( 'NONE', #1809, 1000.000000000000000 ) ;
#2511 = VERTEX_POINT ( 'NONE', #351 ) ;
#2512 = CARTESIAN_POINT ( 'NONE',  ( -0.6499999999999991300, 0.0000000000000000000, 1.370000000000000100 ) ) ;
#2513 = DIRECTION ( 'NONE',  ( -0.0000000000000000000, -1.000000000000000000, -0.0000000000000000000 ) ) ;
#2514 = ADVANCED_FACE ( 'NONE', ( #3022 ), #198, .F. ) ;
#2515 = EDGE_CURVE ( 'NONE', #2168, #3890, #1236, .T. ) ;
#2516 = SURFACE_SIDE_STYLE ('',( #4539 ) ) ;
#2517 = AXIS2_PLACEMENT_3D ( 'NONE', #1966, #4264, #2333 ) ;
#2518 = CARTESIAN_POINT ( 'NONE',  ( 6.505213034913026600E-016, 0.1499999999999999900, -1.199999999999999700 ) ) ;
#2519 = ORIENTED_EDGE ( 'NONE', *, *, #4829, .T. ) ;
#2520 = ORIENTED_EDGE ( 'NONE', *, *, #3443, .T. ) ;
#2521 = EDGE_CURVE ( 'NONE', #3033, #2688, #482, .T. ) ;
#2522 = AXIS2_PLACEMENT_3D ( 'NONE', #850, #3506, #2377 ) ;
#2523 = EDGE_CURVE ( 'NONE', #2616, #1266, #4470, .T. ) ;
#2524 = FACE_OUTER_BOUND ( 'NONE', #4364, .T. ) ;
#2525 = FACE_OUTER_BOUND ( 'NONE', #3470, .T. ) ;
#2526 = EDGE_LOOP ( 'NONE', ( #2869, #904, #3414, #2704 ) ) ;
#2527 = DIRECTION ( 'NONE',  ( 0.0000000000000000000, 0.0000000000000000000, 1.000000000000000000 ) ) ;
#2528 = AXIS2_PLACEMENT_3D ( 'NONE', #3619, #4387, #228 ) ;
#2529 = CARTESIAN_POINT ( 'NONE',  ( -1.049999999999999600, -0.0000000000000000000, -0.6500000000000000200 ) ) ;
#2530 = DIRECTION ( 'NONE',  ( 7.477256361968998900E-017, -0.0000000000000000000, -1.000000000000000000 ) ) ;
#2531 = LINE ( 'NONE', #4612, #1403 ) ;
#2532 = VERTEX_POINT ( 'NONE', #3352 ) ;
#2533 = FILL_AREA_STYLE_COLOUR ( '', #150 ) ;
#2534 = CARTESIAN_POINT ( 'NONE',  ( 6.505213034913026600E-016, 0.1499999999999999700, 1.049999999999999800 ) ) ;
#2535 = VECTOR ( 'NONE', #595, 1000.000000000000000 ) ;
#2536 = CARTESIAN_POINT ( 'NONE',  ( 1.199999999999999500, 0.1499999999999999700, -1.084202172485504400E-016 ) ) ;
#2537 = EDGE_LOOP ( 'NONE', ( #642, #846, #2874, #975 ) ) ;
#2538 = CARTESIAN_POINT ( 'NONE',  ( -0.4999999999999993300, 0.1499999999999999900, 1.199999999999999700 ) ) ;
#2539 = VECTOR ( 'NONE', #3378, 1000.000000000000000 ) ;
#2540 = ADVANCED_FACE ( 'NONE', ( #4589 ), #2070, .T. ) ;
#2541 = VERTEX_POINT ( 'NONE', #2163 ) ;
#2542 = DIRECTION ( 'NONE',  ( 1.000000000000000000, -0.0000000000000000000, 4.336808689942018200E-016 ) ) ;
#2543 = LINE ( 'NONE', #119, #1543 ) ;
#2544 = DIRECTION ( 'NONE',  ( 1.000000000000000000, 0.0000000000000000000, 0.0000000000000000000 ) ) ;
#2545 = CYLINDRICAL_SURFACE ( 'NONE', #1221, 0.1250000000000000000 ) ;
#2546 = CARTESIAN_POINT ( 'NONE',  ( -1.370000000000000100, 0.1499999999999999900, -0.1500000000000001900 ) ) ;
#2547 = DIRECTION ( 'NONE',  ( 0.0000000000000000000, -0.0000000000000000000, -1.000000000000000000 ) ) ;
#2548 = COLOUR_RGB ( '',0.7960784313725489700, 0.8235294117647058400, 0.9372549019607843100 ) ;
#2549 = EDGE_CURVE ( 'NONE', #2669, #2567, #4404, .T. ) ;
#2550 =( LENGTH_UNIT ( ) NAMED_UNIT ( * ) SI_UNIT ( .MILLI., .METRE. ) );
#2551 = EDGE_CURVE ( 'NONE', #3504, #1635, #1959, .T. ) ;
#2552 = AXIS2_PLACEMENT_3D ( 'NONE', #4361, #2857, #2792 ) ;
#2553 = VECTOR ( 'NONE', #1468, 1000.000000000000000 ) ;
#2554 = ORIENTED_EDGE ( 'NONE', *, *, #125, .F. ) ;
#2555 = DIRECTION ( 'NONE',  ( 0.0000000000000000000, -1.000000000000000000, 0.0000000000000000000 ) ) ;
#2556 = ORIENTED_EDGE ( 'NONE', *, *, #2617, .T. ) ;
#2557 = EDGE_LOOP ( 'NONE', ( #3944, #1381, #4802, #959, #3480, #2384, #2699, #2520 ) ) ;
#2558 = FACE_OUTER_BOUND ( 'NONE', #98, .T. ) ;
#2559 = SURFACE_SIDE_STYLE ('',( #1610 ) ) ;
#2560 = ORIENTED_EDGE ( 'NONE', *, *, #1122, .F. ) ;
#2561 = AXIS2_PLACEMENT_3D ( 'NONE', #767, #319, #3405 ) ;
#2562 = EDGE_CURVE ( 'NONE', #1548, #3281, #1607, .T. ) ;
#2563 = ORIENTED_EDGE ( 'NONE', *, *, #1320, .T. ) ;
#2564 = FACE_OUTER_BOUND ( 'NONE', #2109, .T. ) ;
#2565 = CARTESIAN_POINT ( 'NONE',  ( -0.4999999999999993300, 0.0000000000000000000, 1.199999999999999700 ) ) ;
#2566 = ADVANCED_FACE ( 'NONE', ( #2373 ), #4530, .F. ) ;
#2567 = VERTEX_POINT ( 'NONE', #4471 ) ;
#2568 = ORIENTED_EDGE ( 'NONE', *, *, #3253, .T. ) ;
#2569 = CARTESIAN_POINT ( 'NONE',  ( 1.199999999999999500, 0.1499999999999999700, -0.1500000000000000800 ) ) ;
#2570 = EDGE_LOOP ( 'NONE', ( #1200, #15, #4532, #3966 ) ) ;
#2571 = DIRECTION ( 'NONE',  ( 0.0000000000000000000, 0.0000000000000000000, 1.000000000000000000 ) ) ;
#2572 = VERTEX_POINT ( 'NONE', #753 ) ;
#2573 = ORIENTED_EDGE ( 'NONE', *, *, #663, .T. ) ;
#2574 = ORIENTED_EDGE ( 'NONE', *, *, #1058, .T. ) ;
#2575 = ORIENTED_EDGE ( 'NONE', *, *, #1242, .F. ) ;
#2576 = DIRECTION ( 'NONE',  ( 1.000000000000000000, 0.0000000000000000000, 0.0000000000000000000 ) ) ;
#2577 = PLANE ( 'NONE',  #2818 ) ;
#2578 = SURFACE_STYLE_USAGE ( .BOTH. , #2950 ) ;
#2579 = EDGE_CURVE ( 'NONE', #2108, #4883, #953, .T. ) ;
#2580 = VERTEX_POINT ( 'NONE', #3048 ) ;
#2581 = AXIS2_PLACEMENT_3D ( 'NONE', #4033, #1784, #682 ) ;
#2582 = PLANE ( 'NONE',  #2279 ) ;
#2583 =( NAMED_UNIT ( * ) PLANE_ANGLE_UNIT ( ) SI_UNIT ( $, .RADIAN. ) );
#2584 = EDGE_CURVE ( 'NONE', #3464, #3728, #3376, .T. ) ;
#2585 = VECTOR ( 'NONE', #4663, 1000.000000000000000 ) ;
#2586 = AXIS2_PLACEMENT_3D ( 'NONE', #4497, #3747, #4858 ) ;
#2587 = ADVANCED_FACE ( 'NONE', ( #4519 ), #1225, .F. ) ;
#2588 = ORIENTED_EDGE ( 'NONE', *, *, #3543, .F. ) ;
#2589 = EDGE_CURVE ( 'NONE', #3598, #456, #364, .T. ) ;
#2590 = VECTOR ( 'NONE', #4142, 1000.000000000000000 ) ;
#2591 = ORIENTED_EDGE ( 'NONE', *, *, #284, .F. ) ;
#2592 = AXIS2_PLACEMENT_3D ( 'NONE', #141, #1997, #2425 ) ;
#2593 = CARTESIAN_POINT ( 'NONE',  ( -1.199999999999999500, 0.1499999999999999700, 0.6499999999999999100 ) ) ;
#2594 = CARTESIAN_POINT ( 'NONE',  ( 1.370000000000000100, 0.1499999999999999900, -1.370000000000000100 ) ) ;
#2595 = VECTOR ( 'NONE', #3227, 1000.000000000000000 ) ;
#2596 = ORIENTED_EDGE ( 'NONE', *, *, #41, .T. ) ;
#2597 = FILL_AREA_STYLE_COLOUR ( '', #2778 ) ;
#2598 = FACE_OUTER_BOUND ( 'NONE', #2223, .T. ) ;
#2599 = DIRECTION ( 'NONE',  ( 0.0000000000000000000, 1.000000000000000000, 0.0000000000000000000 ) ) ;
#2600 = CARTESIAN_POINT ( 'NONE',  ( -1.199999999999999500, 0.6500000000000000200, 0.4999999999999998900 ) ) ;
#2601 = ORIENTED_EDGE ( 'NONE', *, *, #1215, .F. ) ;
#2602 = PLANE ( 'NONE',  #2561 ) ;
#2603 = CARTESIAN_POINT ( 'NONE',  ( 1.370000000000000100, 0.6500000000000000200, 0.3499999999999999800 ) ) ;
#2604 = VECTOR ( 'NONE', #3975, 1000.000000000000000 ) ;
#2605 = PLANE ( 'NONE',  #1759 ) ;
#2606 = LINE ( 'NONE', #1513, #3752 ) ;
#2607 = ORIENTED_EDGE ( 'NONE', *, *, #1224, .T. ) ;
#2608 = CIRCLE ( 'NONE', #1657, 0.1250000000000000000 ) ;
#2609 = CARTESIAN_POINT ( 'NONE',  ( -1.049999999999999600, -0.0000000000000000000, -0.3500000000000000300 ) ) ;
#2610 = VERTEX_POINT ( 'NONE', #1177 ) ;
#2611 = DIRECTION ( 'NONE',  ( 0.0000000000000000000, 0.0000000000000000000, 1.000000000000000000 ) ) ;
#2612 = ORIENTED_EDGE ( 'NONE', *, *, #3484, .F. ) ;
#2613 = EDGE_LOOP ( 'NONE', ( #3107, #4342, #2791, #2508 ) ) ;
#2614 = ORIENTED_EDGE ( 'NONE', *, *, #4042, .T. ) ;
#2615 = FACE_OUTER_BOUND ( 'NONE', #1346, .T. ) ;
#2616 = VERTEX_POINT ( 'NONE', #2330 ) ;
#2617 = EDGE_CURVE ( 'NONE', #213, #4463, #787, .T. ) ;
#2618 = ORIENTED_EDGE ( 'NONE', *, *, #1195, .F. ) ;
#2619 = ORIENTED_EDGE ( 'NONE', *, *, #4734, .F. ) ;
#2620 = DIRECTION ( 'NONE',  ( -0.0000000000000000000, -0.0000000000000000000, -1.000000000000000000 ) ) ;
#2621 = AXIS2_PLACEMENT_3D ( 'NONE', #3223, #3673, #278 ) ;
#2622 = DIRECTION ( 'NONE',  ( 0.0000000000000000000, -1.000000000000000000, 0.0000000000000000000 ) ) ;
#2623 = LINE ( 'NONE', #4022, #3892 ) ;
#2624 = CARTESIAN_POINT ( 'NONE',  ( -1.049999999999999600, 0.1499999999999999700, -0.3500000000000000300 ) ) ;
#2625 = ORIENTED_EDGE ( 'NONE', *, *, #3970, .F. ) ;
#2626 = ORIENTED_EDGE ( 'NONE', *, *, #1158, .T. ) ;
#2627 = AXIS2_PLACEMENT_3D ( 'NONE', #280, #3278, #4055 ) ;
#2628 = VECTOR ( 'NONE', #3968, 1000.000000000000000 ) ;
#2629 = ORIENTED_EDGE ( 'NONE', *, *, #1927, .F. ) ;
#2630 = VERTEX_POINT ( 'NONE', #3901 ) ;
#2631 = ORIENTED_EDGE ( 'NONE', *, *, #3093, .F. ) ;
#2632 = DIRECTION ( 'NONE',  ( 0.0000000000000000000, 0.0000000000000000000, -1.000000000000000000 ) ) ;
#2633 = DIRECTION ( 'NONE',  ( 0.0000000000000000000, 0.0000000000000000000, -1.000000000000000000 ) ) ;
#2634 = CARTESIAN_POINT ( 'NONE',  ( -0.3499999999999994200, 0.1499999999999999700, -1.199999999999999700 ) ) ;
#2635 = PLANE ( 'NONE',  #572 ) ;
#2636 = DIRECTION ( 'NONE',  ( 0.0000000000000000000, -1.000000000000000000, 0.0000000000000000000 ) ) ;
#2637 = CARTESIAN_POINT ( 'NONE',  ( 1.199999999999999500, 0.1499999999999999700, -0.6500000000000001300 ) ) ;
#2638 = CARTESIAN_POINT ( 'NONE',  ( -0.6499999999999993600, 0.0000000000000000000, 1.199999999999999700 ) ) ;
#2639 = ADVANCED_FACE ( 'NONE', ( #4871 ), #3475, .F. ) ;
#2640 = ADVANCED_FACE ( 'NONE', ( #3567 ), #4262, .F. ) ;
#2641 = ORIENTED_EDGE ( 'NONE', *, *, #320, .F. ) ;
#2642 = PLANE ( 'NONE',  #3261 ) ;
#2643 = VECTOR ( 'NONE', #2513, 1000.000000000000000 ) ;
#2644 = DIRECTION ( 'NONE',  ( 7.477256361968997700E-017, -0.0000000000000000000, 1.000000000000000000 ) ) ;
#2645 = LINE ( 'NONE', #2878, #3788 ) ;
#2646 = DIRECTION ( 'NONE',  ( 1.000000000000000000, 0.0000000000000000000, -4.336808689942018200E-016 ) ) ;
#2647 = DIRECTION ( 'NONE',  ( 0.0000000000000000000, 0.0000000000000000000, 1.000000000000000000 ) ) ;
#2648 = DIRECTION ( 'NONE',  ( 0.0000000000000000000, 1.000000000000000000, -0.0000000000000000000 ) ) ;
#2649 = VECTOR ( 'NONE', #3948, 1000.000000000000000 ) ;
#2650 = EDGE_CURVE ( 'NONE', #1693, #3529, #3439, .T. ) ;
#2651 = EDGE_CURVE ( 'NONE', #3759, #3214, #3188, .T. ) ;
#2652 = ORIENTED_EDGE ( 'NONE', *, *, #2515, .F. ) ;
#2653 = AXIS2_PLACEMENT_3D ( 'NONE', #4144, #350, #1478 ) ;
#2654 = DIRECTION ( 'NONE',  ( 0.0000000000000000000, -0.0000000000000000000, -1.000000000000000000 ) ) ;
#2655 = FACE_OUTER_BOUND ( 'NONE', #4890, .T. ) ;
#2656 = PLANE ( 'NONE',  #2824 ) ;
#2657 = CIRCLE ( 'NONE', #3615, 0.1499999999999999700 ) ;
#2658 = UNCERTAINTY_MEASURE_WITH_UNIT (LENGTH_MEASURE( 1.000000000000000100E-005 ), #181, 'distance_accuracy_value', 'NONE');
#2659 = DIRECTION ( 'NONE',  ( 0.0000000000000000000, -1.000000000000000000, 0.0000000000000000000 ) ) ;
#2660 = ORIENTED_EDGE ( 'NONE', *, *, #1893, .F. ) ;
#2661 = AXIS2_PLACEMENT_3D ( 'NONE', #811, #4246, #84 ) ;
#2662 = LINE ( 'NONE', #1209, #2902 ) ;
#2663 = PLANE ( 'NONE',  #4737 ) ;
#2664 = AXIS2_PLACEMENT_3D ( 'NONE', #1408, #283, #2204 ) ;
#2665 = ORIENTED_EDGE ( 'NONE', *, *, #4518, .T. ) ;
#2666 = DIRECTION ( 'NONE',  ( 0.0000000000000000000, 0.0000000000000000000, 1.000000000000000000 ) ) ;
#2667 = LINE ( 'NONE', #420, #2721 ) ;
#2668 = DIRECTION ( 'NONE',  ( -0.0000000000000000000, -0.0000000000000000000, -1.000000000000000000 ) ) ;
#2669 = VERTEX_POINT ( 'NONE', #514 ) ;
#2670 = DIRECTION ( 'NONE',  ( -1.000000000000000000, 0.0000000000000000000, 1.734723475976810100E-015 ) ) ;
#2671 = LINE ( 'NONE', #558, #2195 ) ;
#2672 = ADVANCED_FACE ( 'NONE', ( #1844 ), #3863, .T. ) ;
#2673 = CARTESIAN_POINT ( 'NONE',  ( -0.3499999999999994200, 0.0000000000000000000, -1.199999999999999700 ) ) ;
#2674 = FACE_OUTER_BOUND ( 'NONE', #3177, .T. ) ;
#2675 = PLANE ( 'NONE',  #1544 ) ;
#2676 = VECTOR ( 'NONE', #1250, 1000.000000000000000 ) ;
#2677 = CARTESIAN_POINT ( 'NONE',  ( -0.6499999999999993600, 0.1499999999999999700, -1.199999999999999700 ) ) ;
#2678 = DIRECTION ( 'NONE',  ( 0.0000000000000000000, 0.0000000000000000000, -1.000000000000000000 ) ) ;
#2679 = ORIENTED_EDGE ( 'NONE', *, *, #3354, .T. ) ;
#2680 = LINE ( 'NONE', #1104, #1676 ) ;
#2681 = CARTESIAN_POINT ( 'NONE',  ( 0.6500000000000008000, 0.1499999999999999900, -1.370000000000000100 ) ) ;
#2682 = ORIENTED_EDGE ( 'NONE', *, *, #160, .T. ) ;
#2683 = ORIENTED_EDGE ( 'NONE', *, *, #4740, .T. ) ;
#2684 = ORIENTED_EDGE ( 'NONE', *, *, #3776, .F. ) ;
#2685 = EDGE_CURVE ( 'NONE', #3587, #2108, #1352, .T. ) ;
#2686 = LINE ( 'NONE', #2249, #38 ) ;
#2687 = CARTESIAN_POINT ( 'NONE',  ( 1.199999999999999500, 0.6500000000000000200, 0.4999999999999998900 ) ) ;
#2688 = VERTEX_POINT ( 'NONE', #879 ) ;
#2689 = DIRECTION ( 'NONE',  ( 0.0000000000000000000, 1.000000000000000000, 0.0000000000000000000 ) ) ;
#2690 = LINE ( 'NONE', #2708, #1808 ) ;
#2691 = CARTESIAN_POINT ( 'NONE',  ( 1.370000000000000100, 0.1499999999999999900, -1.199999999999999700 ) ) ;
#2692 = EDGE_CURVE ( 'NONE', #75, #1287, #4232, .T. ) ;
#2693 = AXIS2_PLACEMENT_3D ( 'NONE', #586, #3220, #2099 ) ;
#2694 = DIRECTION ( 'NONE',  ( 4.336808689942018200E-016, 0.0000000000000000000, -1.000000000000000000 ) ) ;
#2695 = VERTEX_POINT ( 'NONE', #4665 ) ;
#2696 = EDGE_CURVE ( 'NONE', #3034, #518, #2543, .T. ) ;
#2697 = VERTEX_POINT ( 'NONE', #1193 ) ;
#2698 = PLANE ( 'NONE',  #1059 ) ;
#2699 = ORIENTED_EDGE ( 'NONE', *, *, #2282, .T. ) ;
#2700 = STYLED_ITEM ( 'NONE', ( #2736 ), #2225 ) ;
#2701 = VERTEX_POINT ( 'NONE', #4293 ) ;
#2702 = CARTESIAN_POINT ( 'NONE',  ( 0.3500000000000007000, 0.1499999999999999700, -1.199999999999999700 ) ) ;
#2703 = ORIENTED_EDGE ( 'NONE', *, *, #2145, .F. ) ;
#2704 = ORIENTED_EDGE ( 'NONE', *, *, #2307, .T. ) ;
#2705 =( LENGTH_UNIT ( ) NAMED_UNIT ( * ) SI_UNIT ( .MILLI., .METRE. ) );
#2706 = PLANE ( 'NONE',  #4117 ) ;
#2707 = DIRECTION ( 'NONE',  ( -0.0000000000000000000, -1.000000000000000000, -0.0000000000000000000 ) ) ;
#2708 = CARTESIAN_POINT ( 'NONE',  ( -0.1499999999999993000, 0.1499999999999999900, -1.370000000000000100 ) ) ;
#2709 = VECTOR ( 'NONE', #938, 1000.000000000000000 ) ;
#2710 = CARTESIAN_POINT ( 'NONE',  ( 0.3500000000000007000, 0.6500000000000001300, 1.199999999999999700 ) ) ;
#2711 = COLOUR_RGB ( '',0.2509803921568627400, 0.2509803921568627400, 0.2509803921568627400 ) ;
#2712 = VECTOR ( 'NONE', #3811, 1000.000000000000000 ) ;
#2713 = VERTEX_POINT ( 'NONE', #1603 ) ;
#2714 = DIRECTION ( 'NONE',  ( 0.0000000000000000000, -0.0000000000000000000, -1.000000000000000000 ) ) ;
#2715 = PLANE ( 'NONE',  #2057 ) ;
#2716 = EDGE_CURVE ( 'NONE', #1430, #1361, #4761, .T. ) ;
#2717 = ADVANCED_FACE ( 'NONE', ( #2598 ), #3991, .F. ) ;
#2718 = AXIS2_PLACEMENT_3D ( 'NONE', #4102, #4867, #4477 ) ;
#2719 = EDGE_LOOP ( 'NONE', ( #494, #3194, #1616, #2903 ) ) ;
#2720 = CARTESIAN_POINT ( 'NONE',  ( -0.7499999999999997800, -0.0000000000000000000, -0.6250000000000001100 ) ) ;
#2721 = VECTOR ( 'NONE', #3420, 1000.000000000000000 ) ;
#2722 = DIRECTION ( 'NONE',  ( -1.000000000000000000, 0.0000000000000000000, 4.336808689942018200E-016 ) ) ;
#2723 = DIRECTION ( 'NONE',  ( 0.0000000000000000000, -0.0000000000000000000, 1.000000000000000000 ) ) ;
#2724 = VERTEX_POINT ( 'NONE', #3523 ) ;
#2725 = PLANE ( 'NONE',  #2214 ) ;
#2726 = DIRECTION ( 'NONE',  ( 1.000000000000000000, 0.0000000000000000000, 1.734723475976807100E-016 ) ) ;
#2727 = EDGE_CURVE ( 'NONE', #187, #513, #599, .T. ) ;
#2728 = FACE_OUTER_BOUND ( 'NONE', #4005, .T. ) ;
#2729 = CARTESIAN_POINT ( 'NONE',  ( -1.199999999999999500, 0.1499999999999999700, 0.3499999999999999200 ) ) ;
#2730 = FACE_OUTER_BOUND ( 'NONE', #1797, .T. ) ;
#2731 = LINE ( 'NONE', #4545, #1183 ) ;
#2732 = CARTESIAN_POINT ( 'NONE',  ( 1.199999999999999500, 0.0000000000000000000, 0.6499999999999999100 ) ) ;
#2733 = CARTESIAN_POINT ( 'NONE',  ( -1.370000000000000100, -0.0000000000000000000, -0.6500000000000000200 ) ) ;
#2734 = VECTOR ( 'NONE', #4156, 1000.000000000000000 ) ;
#2735 = ORIENTED_EDGE ( 'NONE', *, *, #4448, .T. ) ;
#2736 = PRESENTATION_STYLE_ASSIGNMENT (( #37 ) ) ;
#2737 = CLOSED_SHELL ( 'NONE', ( #3960, #845, #1011, #4781, #1367, #3904 ) ) ;
#2738 = DIRECTION ( 'NONE',  ( 0.0000000000000000000, 0.0000000000000000000, -1.000000000000000000 ) ) ;
#2739 = ORIENTED_EDGE ( 'NONE', *, *, #3276, .F. ) ;
#2740 = CIRCLE ( 'NONE', #1044, 0.1499999999999999700 ) ;
#2741 = CARTESIAN_POINT ( 'NONE',  ( -0.4999999999999993300, 0.1499999999999999900, -1.199999999999999700 ) ) ;
#2742 = SURFACE_STYLE_FILL_AREA ( #3375 ) ;
#2743 = CARTESIAN_POINT ( 'NONE',  ( -1.449999999999999700, 0.0000000000000000000, 1.450000000000000200 ) ) ;
#2744 = CARTESIAN_POINT ( 'NONE',  ( -1.370000000000000100, -0.0000000000000000000, -0.3500000000000000300 ) ) ;
#2745 = ORIENTED_EDGE ( 'NONE', *, *, #4325, .T. ) ;
#2746 = ADVANCED_FACE ( 'NONE', ( #1666 ), #2481, .F. ) ;
#2747 = EDGE_LOOP ( 'NONE', ( #820, #3389, #216, #1492 ) ) ;
#2748 = DIRECTION ( 'NONE',  ( 0.0000000000000000000, 1.000000000000000000, 0.0000000000000000000 ) ) ;
#2749 = CIRCLE ( 'NONE', #1102, 0.1499999999999999700 ) ;
#2750 = EDGE_CURVE ( 'NONE', #3759, #3581, #3247, .T. ) ;
#2751 = EDGE_CURVE ( 'NONE', #161, #532, #193, .T. ) ;
#2752 = EDGE_LOOP ( 'NONE', ( #863, #4735 ) ) ;
#2753 = AXIS2_PLACEMENT_3D ( 'NONE', #1617, #2314, #4604 ) ;
#2754 = CARTESIAN_POINT ( 'NONE',  ( -1.199999999999999500, 0.1499999999999999700, -0.3500000000000001400 ) ) ;
#2755 = CARTESIAN_POINT ( 'NONE',  ( -0.4999999999999993300, 0.1499999999999999900, 1.199999999999999700 ) ) ;
#2756 = CIRCLE ( 'NONE', #950, 0.1250000000000000000 ) ;
#2757 = ORIENTED_EDGE ( 'NONE', *, *, #3357, .F. ) ;
#2758 = AXIS2_PLACEMENT_3D ( 'NONE', #2939, #2111, #653 ) ;
#2759 = DIRECTION ( 'NONE',  ( 0.0000000000000000000, -1.000000000000000000, 0.0000000000000000000 ) ) ;
#2760 = EDGE_CURVE ( 'NONE', #2541, #1429, #78, .T. ) ;
#2761 = CARTESIAN_POINT ( 'NONE',  ( 0.6250000000000002200, 0.1000000000000000100, -0.6250000000000000000 ) ) ;
#2762 = CARTESIAN_POINT ( 'NONE',  ( -0.7499999999999997800, 0.1000000000000000100, 0.6249999999999997800 ) ) ;
#2763 = CARTESIAN_POINT ( 'NONE',  ( -1.199999999999999500, 0.1499999999999999700, 0.6499999999999999100 ) ) ;
#2764 = AXIS2_PLACEMENT_3D ( 'NONE', #944, #583, #1725 ) ;
#2765 = ORIENTED_EDGE ( 'NONE', *, *, #2650, .T. ) ;
#2766 = EDGE_LOOP ( 'NONE', ( #1342, #156, #2129, #2497 ) ) ;
#2767 = CARTESIAN_POINT ( 'NONE',  ( -0.1499999999999993000, 0.1499999999999999900, -1.199999999999999700 ) ) ;
#2768 = DIRECTION ( 'NONE',  ( -1.301042606982605300E-015, 0.0000000000000000000, -1.000000000000000000 ) ) ;
#2769 = LINE ( 'NONE', #1755, #464 ) ;
#2770 =( NAMED_UNIT ( * ) SI_UNIT ( $, .STERADIAN. ) SOLID_ANGLE_UNIT ( ) );
#2771 = ADVANCED_FACE ( 'NONE', ( #2728 ), #1789, .T. ) ;
#2772 = LINE ( 'NONE', #2136, #3293 ) ;
#2773 = CIRCLE ( 'NONE', #3316, 0.1499999999999999700 ) ;
#2774 = DIRECTION ( 'NONE',  ( 1.000000000000000000, -0.0000000000000000000, -4.336808689942017700E-016 ) ) ;
#2775 = ORIENTED_EDGE ( 'NONE', *, *, #765, .T. ) ;
#2776 = CARTESIAN_POINT ( 'NONE',  ( 0.3500000000000007000, 0.1499999999999999900, -1.199999999999999700 ) ) ;
#2777 = CARTESIAN_POINT ( 'NONE',  ( -0.4999999999999993300, 0.1499999999999999900, -1.199999999999999700 ) ) ;
#2778 = COLOUR_RGB ( '',0.7960784313725489700, 0.8235294117647058400, 0.9372549019607843100 ) ;
#2779 = CARTESIAN_POINT ( 'NONE',  ( 0.1500000000000009100, 0.6500000000000001300, 1.370000000000000100 ) ) ;
#2780 = LINE ( 'NONE', #2305, #1001 ) ;
#2781 = EDGE_CURVE ( 'NONE', #2149, #1266, #2428, .T. ) ;
#2782 = ORIENTED_EDGE ( 'NONE', *, *, #1410, .T. ) ;
#2783 = CARTESIAN_POINT ( 'NONE',  ( -1.449999999999999700, 0.0000000000000000000, 1.450000000000000200 ) ) ;
#2784 = PRESENTATION_LAYER_ASSIGNMENT (  '', '', ( #824 ) ) ;
#2785 = LINE ( 'NONE', #1227, #1230 ) ;
#2786 = ORIENTED_EDGE ( 'NONE', *, *, #2908, .F. ) ;
#2787 = CARTESIAN_POINT ( 'NONE',  ( -1.199999999999999500, 0.6500000000000000200, 0.3499999999999999200 ) ) ;
#2788 = EDGE_CURVE ( 'NONE', #1896, #2505, #4701, .T. ) ;
#2789 = AXIS2_PLACEMENT_3D ( 'NONE', #1082, #4872, #1837 ) ;
#2790 = EDGE_CURVE ( 'NONE', #2177, #457, #3315, .T. ) ;
#2791 = ORIENTED_EDGE ( 'NONE', *, *, #3409, .F. ) ;
#2792 = DIRECTION ( 'NONE',  ( 0.0000000000000000000, 0.0000000000000000000, -1.000000000000000000 ) ) ;
#2793 = DIRECTION ( 'NONE',  ( 0.0000000000000000000, -0.0000000000000000000, 1.000000000000000000 ) ) ;
#2794 = VECTOR ( 'NONE', #3559, 1000.000000000000000 ) ;
#2795 = DIRECTION ( 'NONE',  ( 0.0000000000000000000, -1.000000000000000000, 0.0000000000000000000 ) ) ;
#2796 = DIRECTION ( 'NONE',  ( -1.000000000000000000, 0.0000000000000000000, 0.0000000000000000000 ) ) ;
#2797 = AXIS2_PLACEMENT_3D ( 'NONE', #3372, #3005, #1130 ) ;
#2798 = LINE ( 'NONE', #2052, #2430 ) ;
#2799 = CARTESIAN_POINT ( 'NONE',  ( 0.1500000000000010500, 0.0000000000000000000, 1.449999999999999300 ) ) ;
#2800 = ADVANCED_FACE ( 'NONE', ( #1417 ), #1292, .T. ) ;
#2801 = DIRECTION ( 'NONE',  ( -1.301042606982605500E-015, 0.0000000000000000000, -1.000000000000000000 ) ) ;
#2802 = VECTOR ( 'NONE', #4795, 1000.000000000000000 ) ;
#2803 = VECTOR ( 'NONE', #1889, 1000.000000000000000 ) ;
#2804 = FILL_AREA_STYLE_COLOUR ( '', #789 ) ;
#2805 = ORIENTED_EDGE ( 'NONE', *, *, #3682, .F. ) ;
#2806 = ORIENTED_EDGE ( 'NONE', *, *, #1741, .T. ) ;
#2807 = VECTOR ( 'NONE', #4064, 1000.000000000000000 ) ;
#2808 = DIRECTION ( 'NONE',  ( 0.0000000000000000000, 1.000000000000000000, 0.0000000000000000000 ) ) ;
#2809 = ORIENTED_EDGE ( 'NONE', *, *, #1640, .T. ) ;
#2810 = CARTESIAN_POINT ( 'NONE',  ( 1.199999999999999500, 0.0000000000000000000, -0.6500000000000001300 ) ) ;
#2811 = DIRECTION ( 'NONE',  ( -1.000000000000000000, -0.0000000000000000000, -4.336808689942017700E-016 ) ) ;
#2812 = FACE_BOUND ( 'NONE', #2456, .T. ) ;
#2813 = DIRECTION ( 'NONE',  ( -1.000000000000000000, 0.0000000000000000000, -4.336808689942018200E-016 ) ) ;
#2814 = EDGE_LOOP ( 'NONE', ( #2090, #4298, #2870, #809 ) ) ;
#2815 = VERTEX_POINT ( 'NONE', #2810 ) ;
#2816 = EDGE_CURVE ( 'NONE', #2967, #812, #2671, .T. ) ;
#2817 = EDGE_CURVE ( 'NONE', #2400, #803, #429, .T. ) ;
#2818 = AXIS2_PLACEMENT_3D ( 'NONE', #3757, #2633, #759 ) ;
#2819 = DIRECTION ( 'NONE',  ( -1.000000000000000000, -0.0000000000000000000, -4.336808689942017700E-016 ) ) ;
#2820 = EDGE_LOOP ( 'NONE', ( #4844, #3025, #4026, #4260 ) ) ;
#2821 = CARTESIAN_POINT ( 'NONE',  ( 1.199999999999999500, 0.0000000000000000000, -0.6500000000000001300 ) ) ;
#2822 = ADVANCED_FACE ( 'NONE', ( #2319 ), #3951, .F. ) ;
#2823 = ORIENTED_EDGE ( 'NONE', *, *, #2434, .F. ) ;
#2824 = AXIS2_PLACEMENT_3D ( 'NONE', #2293, #782, #1144 ) ;
#2825 = CARTESIAN_POINT ( 'NONE',  ( -1.049999999999999600, 0.8499999999999999800, -1.049999999999999800 ) ) ;
#2826 = EDGE_CURVE ( 'NONE', #456, #1028, #1477, .T. ) ;
#2827 = ADVANCED_FACE ( 'NONE', ( #247 ), #1325, .F. ) ;
#2828 = ORIENTED_EDGE ( 'NONE', *, *, #1442, .T. ) ;
#2829 = CARTESIAN_POINT ( 'NONE',  ( 0.3500000000000007000, 0.0000000000000000000, -1.199999999999999700 ) ) ;
#2830 = PLANE ( 'NONE',  #500 ) ;
#2831 = ORIENTED_EDGE ( 'NONE', *, *, #4281, .T. ) ;
#2832 = VECTOR ( 'NONE', #1602, 1000.000000000000000 ) ;
#2833 =( NAMED_UNIT ( * ) SI_UNIT ( $, .STERADIAN. ) SOLID_ANGLE_UNIT ( ) );
#2834 = VECTOR ( 'NONE', #1913, 1000.000000000000000 ) ;
#2835 = LINE ( 'NONE', #1222, #2585 ) ;
#2836 = ORIENTED_EDGE ( 'NONE', *, *, #971, .T. ) ;
#2837 = LINE ( 'NONE', #1850, #1714 ) ;
#2838 = DIRECTION ( 'NONE',  ( 0.0000000000000000000, 0.0000000000000000000, -1.000000000000000000 ) ) ;
#2839 = CARTESIAN_POINT ( 'NONE',  ( 1.199999999999999500, 0.1499999999999999700, -0.1500000000000000800 ) ) ;
#2840 = DIRECTION ( 'NONE',  ( -0.0000000000000000000, 1.000000000000000000, -0.0000000000000000000 ) ) ;
#2841 = ORIENTED_EDGE ( 'NONE', *, *, #387, .T. ) ;
#2842 = DIRECTION ( 'NONE',  ( 0.0000000000000000000, -1.000000000000000000, 0.0000000000000000000 ) ) ;
#2843 = VECTOR ( 'NONE', #2646, 1000.000000000000000 ) ;
#2844 = EDGE_CURVE ( 'NONE', #2236, #2068, #3988, .T. ) ;
#2845 = CARTESIAN_POINT ( 'NONE',  ( 1.370000000000000100, 0.1499999999999999900, 1.370000000000000100 ) ) ;
#2846 = AXIS2_PLACEMENT_3D ( 'NONE', #1000, #1384, #4816 ) ;
#2847 = ORIENTED_EDGE ( 'NONE', *, *, #2589, .T. ) ;
#2848 = VECTOR ( 'NONE', #1825, 1000.000000000000000 ) ;
#2849 = ADVANCED_FACE ( 'NONE', ( #4172 ), #2010, .F. ) ;
#2850 = SURFACE_SIDE_STYLE ('',( #1420 ) ) ;
#2851 = PRESENTATION_STYLE_ASSIGNMENT (( #1696 ) ) ;
#2852 = DIRECTION ( 'NONE',  ( 0.0000000000000000000, 1.000000000000000000, 0.0000000000000000000 ) ) ;
#2853 = EDGE_CURVE ( 'NONE', #2261, #3864, #1663, .T. ) ;
#2854 = AXIS2_PLACEMENT_3D ( 'NONE', #4213, #1662, #2038 ) ;
#2855 = EDGE_CURVE ( 'NONE', #1099, #3643, #3803, .T. ) ;
#2856 = VECTOR ( 'NONE', #4508, 1000.000000000000000 ) ;
#2857 = DIRECTION ( 'NONE',  ( -0.0000000000000000000, -1.000000000000000000, -0.0000000000000000000 ) ) ;
#2858 = DIRECTION ( 'NONE',  ( 0.0000000000000000000, 1.000000000000000000, 0.0000000000000000000 ) ) ;
#2859 = DIRECTION ( 'NONE',  ( 0.0000000000000000000, 0.0000000000000000000, -1.000000000000000000 ) ) ;
#2860 = LINE ( 'NONE', #4320, #3754 ) ;
#2861 = CARTESIAN_POINT ( 'NONE',  ( -0.6249999999999997800, 0.1000000000000000100, -0.6250000000000001100 ) ) ;
#2862 = ORIENTED_EDGE ( 'NONE', *, *, #4352, .F. ) ;
#2863 = AXIS2_PLACEMENT_3D ( 'NONE', #3462, #3052, #4590 ) ;
#2864 = DIRECTION ( 'NONE',  ( -1.000000000000000000, 0.0000000000000000000, 0.0000000000000000000 ) ) ;
#2865 = ORIENTED_EDGE ( 'NONE', *, *, #70, .T. ) ;
#2866 = ORIENTED_EDGE ( 'NONE', *, *, #1803, .F. ) ;
#2867 = CARTESIAN_POINT ( 'NONE',  ( -0.4999999999999993300, 0.1499999999999999700, 1.199999999999999700 ) ) ;
#2868 = CYLINDRICAL_SURFACE ( 'NONE', #423, 0.1499999999999999700 ) ;
#2869 = ORIENTED_EDGE ( 'NONE', *, *, #158, .T. ) ;
#2870 = ORIENTED_EDGE ( 'NONE', *, *, #191, .T. ) ;
#2871 = DIRECTION ( 'NONE',  ( 0.0000000000000000000, 1.000000000000000000, 0.0000000000000000000 ) ) ;
#2872 = LINE ( 'NONE', #1388, #2449 ) ;
#2873 = CARTESIAN_POINT ( 'NONE',  ( 1.199999999999999500, 0.1499999999999999700, 0.1499999999999998600 ) ) ;
#2874 = ORIENTED_EDGE ( 'NONE', *, *, #2085, .T. ) ;
#2875 = ORIENTED_EDGE ( 'NONE', *, *, #3552, .T. ) ;
#2876 = EDGE_LOOP ( 'NONE', ( #2192, #816, #55, #442 ) ) ;
#2877 = VECTOR ( 'NONE', #2284, 1000.000000000000000 ) ;
#2878 = CARTESIAN_POINT ( 'NONE',  ( -1.199999999999999500, 0.0000000000000000000, -0.6500000000000001300 ) ) ;
#2879 = CARTESIAN_POINT ( 'NONE',  ( -0.1499999999999993000, 0.1499999999999999900, -1.199999999999999700 ) ) ;
#2880 = ORIENTED_EDGE ( 'NONE', *, *, #1988, .F. ) ;
#2881 = ADVANCED_FACE ( 'NONE', ( #2131 ), #650, .F. ) ;
#2882 = VERTEX_POINT ( 'NONE', #4040 ) ;
#2883 = CARTESIAN_POINT ( 'NONE',  ( -0.4999999999999993300, 0.1499999999999999900, 1.199999999999999700 ) ) ;
#2884 = CARTESIAN_POINT ( 'NONE',  ( 1.199999999999999500, 0.0000000000000000000, -0.6500000000000001300 ) ) ;
#2885 = DIRECTION ( 'NONE',  ( -0.0000000000000000000, -1.000000000000000000, -0.0000000000000000000 ) ) ;
#2886 = EDGE_CURVE ( 'NONE', #4536, #3288, #1233, .T. ) ;
#2887 = STYLED_ITEM ( 'NONE', ( #4563 ), #4593 ) ;
#2888 = CARTESIAN_POINT ( 'NONE',  ( 0.3500000000000007000, 0.0000000000000000000, 1.199999999999999700 ) ) ;
#2889 =( NAMED_UNIT ( * ) PLANE_ANGLE_UNIT ( ) SI_UNIT ( $, .RADIAN. ) );
#2890 = ORIENTED_EDGE ( 'NONE', *, *, #1405, .F. ) ;
#2891 = STYLED_ITEM ( 'NONE', ( #2209 ), #1404 ) ;
#2892 = CARTESIAN_POINT ( 'NONE',  ( 6.505213034913026600E-016, 0.1499999999999999900, 1.199999999999999700 ) ) ;
#2893 = DIRECTION ( 'NONE',  ( 0.0000000000000000000, 1.000000000000000000, -0.0000000000000000000 ) ) ;
#2894 = VECTOR ( 'NONE', #1365, 1000.000000000000000 ) ;
#2895 = CIRCLE ( 'NONE', #1283, 0.1499999999999999700 ) ;
#2896 = EDGE_LOOP ( 'NONE', ( #1960, #4736, #4492, #1624 ) ) ;
#2897 = LINE ( 'NONE', #4038, #945 ) ;
#2898 = CARTESIAN_POINT ( 'NONE',  ( -0.3499999999999994200, 0.6500000000000001300, -1.199999999999999700 ) ) ;
#2899 = VECTOR ( 'NONE', #4881, 1000.000000000000000 ) ;
#2900 = ADVANCED_FACE ( 'NONE', ( #4466 ), #1454, .F. ) ;
#2901 = EDGE_LOOP ( 'NONE', ( #3899, #1271, #2448, #2212, #149, #3161, #3666, #140 ) ) ;
#2902 = VECTOR ( 'NONE', #4668, 1000.000000000000000 ) ;
#2903 = ORIENTED_EDGE ( 'NONE', *, *, #823, .F. ) ;
#2904 = VECTOR ( 'NONE', #2819, 1000.000000000000000 ) ;
#2905 = VERTEX_POINT ( 'NONE', #1490 ) ;
#2906 = CARTESIAN_POINT ( 'NONE',  ( 0.6250000000000002200, 0.1000000000000000100, 0.7500000000000000000 ) ) ;
#2907 = EDGE_CURVE ( 'NONE', #2045, #2921, #3018, .T. ) ;
#2908 = EDGE_CURVE ( 'NONE', #2344, #2532, #4341, .T. ) ;
#2909 = FACE_OUTER_BOUND ( 'NONE', #1694, .T. ) ;
#2910 = AXIS2_PLACEMENT_3D ( 'NONE', #4586, #2295, #414 ) ;
#2911 = FACE_OUTER_BOUND ( 'NONE', #2526, .T. ) ;
#2912 = DIRECTION ( 'NONE',  ( 0.0000000000000000000, 1.000000000000000000, -0.0000000000000000000 ) ) ;
#2913 = CARTESIAN_POINT ( 'NONE',  ( 0.7500000000000002200, 0.1000000000000000100, -0.6250000000000000000 ) ) ;
#2914 = AXIS2_PLACEMENT_3D ( 'NONE', #1347, #4772, #2065 ) ;
#2915 = ORIENTED_EDGE ( 'NONE', *, *, #3286, .F. ) ;
#2916 = EDGE_CURVE ( 'NONE', #3478, #3374, #4054, .T. ) ;
#2917 = PLANE ( 'NONE',  #3360 ) ;
#2918 = ORIENTED_EDGE ( 'NONE', *, *, #4700, .T. ) ;
#2919 = FILL_AREA_STYLE_COLOUR ( '', #707 ) ;
#2920 = CARTESIAN_POINT ( 'NONE',  ( -1.370000000000000100, 0.1499999999999999700, -0.6500000000000000200 ) ) ;
#2921 = VERTEX_POINT ( 'NONE', #4089 ) ;
#2922 = ADVANCED_FACE ( 'NONE', ( #2956 ), #1792, .F. ) ;
#2923 = ORIENTED_EDGE ( 'NONE', *, *, #886, .T. ) ;
#2924 = AXIS2_PLACEMENT_3D ( 'NONE', #305, #4910, #3721 ) ;
#2925 = CARTESIAN_POINT ( 'NONE',  ( 0.6250000000000002200, 0.1000000000000000100, -0.7499999999999998900 ) ) ;
#2926 = ORIENTED_EDGE ( 'NONE', *, *, #1473, .T. ) ;
#2927 = DIRECTION ( 'NONE',  ( 0.0000000000000000000, -0.0000000000000000000, -1.000000000000000000 ) ) ;
#2928 = FACE_BOUND ( 'NONE', #3421, .T. ) ;
#2929 = CARTESIAN_POINT ( 'NONE',  ( 0.1500000000000006100, 0.1499999999999999900, -1.370000000000000100 ) ) ;
#2930 = LINE ( 'NONE', #1462, #1907 ) ;
#2931 = ORIENTED_EDGE ( 'NONE', *, *, #4391, .T. ) ;
#2932 = DIRECTION ( 'NONE',  ( 0.0000000000000000000, 1.000000000000000000, 0.0000000000000000000 ) ) ;
#2933 = DIRECTION ( 'NONE',  ( 0.0000000000000000000, -1.000000000000000000, 0.0000000000000000000 ) ) ;
#2934 = EDGE_CURVE ( 'NONE', #1031, #3602, #1118, .T. ) ;
#2935 = EDGE_LOOP ( 'NONE', ( #91, #3958, #460, #3786 ) ) ;
#2936 = DIRECTION ( 'NONE',  ( 0.0000000000000000000, 1.000000000000000000, -0.0000000000000000000 ) ) ;
#2937 = ORIENTED_EDGE ( 'NONE', *, *, #1542, .T. ) ;
#2938 = EDGE_LOOP ( 'NONE', ( #127, #332, #2682, #2274 ) ) ;
#2939 = CARTESIAN_POINT ( 'NONE',  ( -1.370000000000000100, 0.1499999999999999700, -0.3500000000000000300 ) ) ;
#2940 = EDGE_CURVE ( 'NONE', #2149, #2815, #2191, .T. ) ;
#2941 = ADVANCED_FACE ( 'NONE', ( #3434 ), #948, .T. ) ;
#2942 = EDGE_CURVE ( 'NONE', #4092, #3332, #1899, .T. ) ;
#2943 = LINE ( 'NONE', #2702, #1944 ) ;
#2944 = CARTESIAN_POINT ( 'NONE',  ( -1.199999999999999500, 0.0000000000000000000, 0.3499999999999999200 ) ) ;
#2945 = FILL_AREA_STYLE ('',( #1813 ) ) ;
#2946 = LINE ( 'NONE', #4728, #1279 ) ;
#2947 = AXIS2_PLACEMENT_3D ( 'NONE', #4654, #1229, #916 ) ;
#2948 = SURFACE_STYLE_FILL_AREA ( #4777 ) ;
#2949 = DIRECTION ( 'NONE',  ( 0.0000000000000000000, 1.000000000000000000, -0.0000000000000000000 ) ) ;
#2950 = SURFACE_SIDE_STYLE ('',( #4798 ) ) ;
#2951 = LINE ( 'NONE', #877, #4859 ) ;
#2952 = ORIENTED_EDGE ( 'NONE', *, *, #2942, .F. ) ;
#2953 = PLANE ( 'NONE',  #2012 ) ;
#2954 = LINE ( 'NONE', #2221, #120 ) ;
#2955 = ORIENTED_EDGE ( 'NONE', *, *, #1187, .F. ) ;
#2956 = FACE_OUTER_BOUND ( 'NONE', #2979, .T. ) ;
#2957 = MANIFOLD_SOLID_BREP ( 'Pin 4', #3603 ) ;
#2958 = ORIENTED_EDGE ( 'NONE', *, *, #2751, .F. ) ;
#2959 = DIRECTION ( 'NONE',  ( 0.0000000000000000000, 1.000000000000000000, -0.0000000000000000000 ) ) ;
#2960 = VECTOR ( 'NONE', #2840, 1000.000000000000000 ) ;
#2961 = CARTESIAN_POINT ( 'NONE',  ( 6.505213034913026600E-016, 0.0000000000000000000, 1.199999999999999700 ) ) ;
#2962 = LINE ( 'NONE', #23, #900 ) ;
#2963 = DIRECTION ( 'NONE',  ( 0.0000000000000000000, -1.000000000000000000, 0.0000000000000000000 ) ) ;
#2964 = DIRECTION ( 'NONE',  ( 0.0000000000000000000, 1.000000000000000000, 0.0000000000000000000 ) ) ;
#2965 = LINE ( 'NONE', #1174, #4878 ) ;
#2966 = EDGE_CURVE ( 'NONE', #2045, #2967, #4695, .T. ) ;
#2967 = VERTEX_POINT ( 'NONE', #3835 ) ;
#2968 = AXIS2_PLACEMENT_3D ( 'NONE', #3965, #3205, #894 ) ;
#2969 = VECTOR ( 'NONE', #1399, 1000.000000000000000 ) ;
#2970 = EDGE_LOOP ( 'NONE', ( #1108, #1327, #4369, #1560 ) ) ;
#2971 = DIRECTION ( 'NONE',  ( 0.0000000000000000000, -1.000000000000000000, 0.0000000000000000000 ) ) ;
#2972 = DIRECTION ( 'NONE',  ( -4.336808689942018200E-016, 0.0000000000000000000, -1.000000000000000000 ) ) ;
#2973 = ORIENTED_EDGE ( 'NONE', *, *, #52, .T. ) ;
#2974 = LINE ( 'NONE', #2194, #1972 ) ;
#2975 = LINE ( 'NONE', #4084, #2807 ) ;
#2976 = DIRECTION ( 'NONE',  ( 1.000000000000000000, 0.0000000000000000000, 0.0000000000000000000 ) ) ;
#2977 = PRESENTATION_LAYER_ASSIGNMENT (  '', '', ( #2467 ) ) ;
#2978 = EDGE_CURVE ( 'NONE', #2138, #2695, #2667, .T. ) ;
#2979 = EDGE_LOOP ( 'NONE', ( #2980, #2847, #3832, #2475 ) ) ;
#2980 = ORIENTED_EDGE ( 'NONE', *, *, #375, .F. ) ;
#2981 = CARTESIAN_POINT ( 'NONE',  ( -0.3499999999999992000, 0.0000000000000000000, 1.370000000000000100 ) ) ;
#2982 = DIRECTION ( 'NONE',  ( 0.0000000000000000000, -1.000000000000000000, 0.0000000000000000000 ) ) ;
#2983 = ORIENTED_EDGE ( 'NONE', *, *, #1517, .T. ) ;
#2984 = ORIENTED_EDGE ( 'NONE', *, *, #3804, .F. ) ;
#2985 = VERTEX_POINT ( 'NONE', #3007 ) ;
#2986 = DIRECTION ( 'NONE',  ( 0.0000000000000000000, -0.0000000000000000000, 1.000000000000000000 ) ) ;
#2987 = FACE_OUTER_BOUND ( 'NONE', #3497, .T. ) ;
#2988 = PLANE ( 'NONE',  #1742 ) ;
#2989 = VECTOR ( 'NONE', #4812, 1000.000000000000000 ) ;
#2990 = ORIENTED_EDGE ( 'NONE', *, *, #1039, .T. ) ;
#2991 = DIRECTION ( 'NONE',  ( 1.000000000000000000, 0.0000000000000000000, 4.336808689942017700E-016 ) ) ;
#2992 = CARTESIAN_POINT ( 'NONE',  ( 0.6250000000000002200, 0.0000000000000000000, -0.7499999999999998900 ) ) ;
#2993 = CARTESIAN_POINT ( 'NONE',  ( -0.6249999999999997800, 0.1000000000000000100, 0.6249999999999997800 ) ) ;
#2994 =( LENGTH_UNIT ( ) NAMED_UNIT ( * ) SI_UNIT ( .MILLI., .METRE. ) );
#2995 = EDGE_CURVE ( 'NONE', #161, #4317, #1537, .T. ) ;
#2996 = ORIENTED_EDGE ( 'NONE', *, *, #4202, .T. ) ;
#2997 = ORIENTED_EDGE ( 'NONE', *, *, #4542, .F. ) ;
#2998 = AXIS2_PLACEMENT_3D ( 'NONE', #1152, #1563, #4231 ) ;
#2999 = CARTESIAN_POINT ( 'NONE',  ( 0.5000000000000006700, 0.1499999999999999700, 1.049999999999999800 ) ) ;
#3000 = DIRECTION ( 'NONE',  ( -0.0000000000000000000, -1.000000000000000000, -0.0000000000000000000 ) ) ;
#3001 = CARTESIAN_POINT ( 'NONE',  ( -1.199999999999999500, 0.1499999999999999700, -0.1500000000000000800 ) ) ;
#3002 = CARTESIAN_POINT ( 'NONE',  ( 0.1500000000000006100, 0.1499999999999999900, -1.199999999999999700 ) ) ;
#3003 = DIRECTION ( 'NONE',  ( 1.734723475976810100E-015, 0.0000000000000000000, 1.000000000000000000 ) ) ;
#3004 = VECTOR ( 'NONE', #406, 1000.000000000000000 ) ;
#3005 = DIRECTION ( 'NONE',  ( 0.0000000000000000000, -1.000000000000000000, 0.0000000000000000000 ) ) ;
#3006 = AXIS2_PLACEMENT_3D ( 'NONE', #1761, #3300, #3246 ) ;
#3007 = CARTESIAN_POINT ( 'NONE',  ( 1.370000000000000100, 0.0000000000000000000, -0.1499999999999999700 ) ) ;
#3008 = ORIENTED_EDGE ( 'NONE', *, *, #3452, .T. ) ;
#3009 = EDGE_CURVE ( 'NONE', #4536, #217, #783, .T. ) ;
#3010 = VECTOR ( 'NONE', #2689, 1000.000000000000000 ) ;
#3011 = ORIENTED_EDGE ( 'NONE', *, *, #320, .T. ) ;
#3012 = DIRECTION ( 'NONE',  ( -1.000000000000000000, -0.0000000000000000000, -0.0000000000000000000 ) ) ;
#3013 = CARTESIAN_POINT ( 'NONE',  ( -0.3499999999999994200, 0.1499999999999999900, 1.199999999999999700 ) ) ;
#3014 = VECTOR ( 'NONE', #1622, 1000.000000000000000 ) ;
#3015 = ADVANCED_FACE ( 'NONE', ( #1294 ), #368, .F. ) ;
#3016 = ORIENTED_EDGE ( 'NONE', *, *, #2523, .T. ) ;
#3017 = CARTESIAN_POINT ( 'NONE',  ( -0.4999999999999993300, 0.1499999999999999900, -1.370000000000000100 ) ) ;
#3018 = LINE ( 'NONE', #4143, #3926 ) ;
#3019 = CARTESIAN_POINT ( 'NONE',  ( 0.1500000000000006100, 0.1499999999999999900, -1.199999999999999700 ) ) ;
#3020 = ORIENTED_EDGE ( 'NONE', *, *, #3347, .F. ) ;
#3021 = FILL_AREA_STYLE_COLOUR ( '', #2067 ) ;
#3022 = FACE_OUTER_BOUND ( 'NONE', #3748, .T. ) ;
#3023 = FACE_OUTER_BOUND ( 'NONE', #2352, .T. ) ;
#3024 = EDGE_CURVE ( 'NONE', #1981, #87, #3308, .T. ) ;
#3025 = ORIENTED_EDGE ( 'NONE', *, *, #1472, .F. ) ;
#3026 = LINE ( 'NONE', #758, #1550 ) ;
#3027 = DIRECTION ( 'NONE',  ( 0.0000000000000000000, 0.0000000000000000000, -1.000000000000000000 ) ) ;
#3028 = ORIENTED_EDGE ( 'NONE', *, *, #981, .T. ) ;
#3029 = VECTOR ( 'NONE', #2748, 1000.000000000000000 ) ;
#3030 = CARTESIAN_POINT ( 'NONE',  ( 0.6250000000000002200, 0.1000000000000000100, -0.6250000000000000000 ) ) ;
#3031 = VERTEX_POINT ( 'NONE', #3767 ) ;
#3032 = EDGE_CURVE ( 'NONE', #3034, #3602, #424, .T. ) ;
#3033 = VERTEX_POINT ( 'NONE', #3390 ) ;
#3034 = VERTEX_POINT ( 'NONE', #1921 ) ;
#3035 = EDGE_CURVE ( 'NONE', #4225, #3068, #189, .T. ) ;
#3036 = CARTESIAN_POINT ( 'NONE',  ( -1.199999999999999500, 0.0000000000000000000, -1.084202172485504400E-016 ) ) ;
#3037 = DIRECTION ( 'NONE',  ( 0.0000000000000000000, 0.0000000000000000000, -1.000000000000000000 ) ) ;
#3038 = ADVANCED_FACE ( 'NONE', ( #2422 ), #2663, .F. ) ;
#3039 = ORIENTED_EDGE ( 'NONE', *, *, #2020, .T. ) ;
#3040 = CARTESIAN_POINT ( 'NONE',  ( -1.370000000000000100, 0.0000000000000000000, 0.3500000000000000300 ) ) ;
#3041 = AXIS2_PLACEMENT_3D ( 'NONE', #802, #2331, #3437 ) ;
#3042 = FACE_BOUND ( 'NONE', #2901, .T. ) ;
#3043 = ORIENTED_EDGE ( 'NONE', *, *, #828, .F. ) ;
#3044 = CARTESIAN_POINT ( 'NONE',  ( -1.370000000000000100, -0.0000000000000000000, -1.370000000000000100 ) ) ;
#3045 = CARTESIAN_POINT ( 'NONE',  ( -1.199999999999999500, 0.0000000000000000000, 0.4999999999999998900 ) ) ;
#3046 = DIRECTION ( 'NONE',  ( 0.0000000000000000000, -0.0000000000000000000, 1.000000000000000000 ) ) ;
#3047 = VERTEX_POINT ( 'NONE', #1554 ) ;
#3048 = CARTESIAN_POINT ( 'NONE',  ( 0.1500000000000006100, 0.1499999999999999700, -1.199999999999999700 ) ) ;
#3049 = PLANE ( 'NONE',  #3041 ) ;
#3050 = DIRECTION ( 'NONE',  ( 0.0000000000000000000, 0.0000000000000000000, 1.000000000000000000 ) ) ;
#3051 = ORIENTED_EDGE ( 'NONE', *, *, #2173, .T. ) ;
#3052 = DIRECTION ( 'NONE',  ( 0.0000000000000000000, 1.000000000000000000, 0.0000000000000000000 ) ) ;
#3053 = CYLINDRICAL_SURFACE ( 'NONE', #4886, 0.1499999999999999700 ) ;
#3054 = DIRECTION ( 'NONE',  ( -1.000000000000000000, 0.0000000000000000000, 0.0000000000000000000 ) ) ;
#3055 = CARTESIAN_POINT ( 'NONE',  ( -1.199999999999999500, 0.6500000000000000200, 0.1499999999999998600 ) ) ;
#3056 = PRESENTATION_STYLE_ASSIGNMENT (( #4034 ) ) ;
#3057 = EDGE_CURVE ( 'NONE', #1626, #956, #1175, .T. ) ;
#3058 = EDGE_CURVE ( 'NONE', #4716, #1626, #1057, .T. ) ;
#3059 = ADVANCED_FACE ( 'NONE', ( #3741 ), #1179, .F. ) ;
#3060 = AXIS2_PLACEMENT_3D ( 'NONE', #1120, #3465, #1511 ) ;
#3061 = DIRECTION ( 'NONE',  ( 0.0000000000000000000, 0.0000000000000000000, -1.000000000000000000 ) ) ;
#3062 = FACE_OUTER_BOUND ( 'NONE', #4557, .T. ) ;
#3063 = FACE_OUTER_BOUND ( 'NONE', #2938, .T. ) ;
#3064 = DIRECTION ( 'NONE',  ( 0.0000000000000000000, 0.0000000000000000000, -1.000000000000000000 ) ) ;
#3065 = ORIENTED_EDGE ( 'NONE', *, *, #1514, .T. ) ;
#3066 = CARTESIAN_POINT ( 'NONE',  ( -1.370000000000000100, 0.0000000000000000000, -0.3500000000000000300 ) ) ;
#3067 = EDGE_CURVE ( 'NONE', #438, #4682, #4758, .T. ) ;
#3068 = VERTEX_POINT ( 'NONE', #4534 ) ;
#3069 = CARTESIAN_POINT ( 'NONE',  ( 1.199999999999999500, 0.6500000000000000200, 0.6499999999999999100 ) ) ;
#3070 = ORIENTED_EDGE ( 'NONE', *, *, #2247, .F. ) ;
#3071 = CARTESIAN_POINT ( 'NONE',  ( -1.370000000000000100, 0.1499999999999999900, -1.370000000000000100 ) ) ;
#3072 = VECTOR ( 'NONE', #818, 1000.000000000000000 ) ;
#3073 = VECTOR ( 'NONE', #4659, 1000.000000000000000 ) ;
#3074 = CARTESIAN_POINT ( 'NONE',  ( -1.370000000000000100, 0.1499999999999999900, -0.1499999999999999700 ) ) ;
#3075 = LINE ( 'NONE', #1427, #1727 ) ;
#3076 = CARTESIAN_POINT ( 'NONE',  ( 1.370000000000000100, 0.0000000000000000000, -1.370000000000000100 ) ) ;
#3077 = CIRCLE ( 'NONE', #3495, 0.1499999999999999700 ) ;
#3078 = CARTESIAN_POINT ( 'NONE',  ( 0.1500000000000006100, 0.6500000000000001300, -1.199999999999999700 ) ) ;
#3079 = ADVANCED_FACE ( 'NONE', ( #1412 ), #1996, .F. ) ;
#3080 = LINE ( 'NONE', #3923, #1306 ) ;
#3081 = ORIENTED_EDGE ( 'NONE', *, *, #1482, .T. ) ;
#3082 = ORIENTED_EDGE ( 'NONE', *, *, #2498, .T. ) ;
#3083 = LINE ( 'NONE', #2461, #2802 ) ;
#3084 = EDGE_CURVE ( 'NONE', #3341, #1782, #299, .T. ) ;
#3085 = EDGE_CURVE ( 'NONE', #2416, #4837, #3499, .T. ) ;
#3086 = CARTESIAN_POINT ( 'NONE',  ( 0.3500000000000010300, 0.1499999999999999700, 1.449999999999999700 ) ) ;
#3087 = CARTESIAN_POINT ( 'NONE',  ( 1.370000000000000100, 0.1499999999999999700, 0.3499999999999999800 ) ) ;
#3088 = CARTESIAN_POINT ( 'NONE',  ( 0.3500000000000007000, 0.1499999999999999900, -1.199999999999999700 ) ) ;
#3089 = ORIENTED_EDGE ( 'NONE', *, *, #416, .T. ) ;
#3090 = VERTEX_POINT ( 'NONE', #4606 ) ;
#3091 = FACE_OUTER_BOUND ( 'NONE', #4031, .T. ) ;
#3092 = DIRECTION ( 'NONE',  ( -0.0000000000000000000, -0.0000000000000000000, -1.000000000000000000 ) ) ;
#3093 = EDGE_CURVE ( 'NONE', #4908, #3068, #2662, .T. ) ;
#3094 = AXIS2_PLACEMENT_3D ( 'NONE', #1637, #3112, #1588 ) ;
#3095 = CARTESIAN_POINT ( 'NONE',  ( -1.049999999999999600, 0.1499999999999999700, -0.3500000000000000300 ) ) ;
#3096 = ORIENTED_EDGE ( 'NONE', *, *, #571, .F. ) ;
#3097 = EDGE_CURVE ( 'NONE', #1003, #2160, #1534, .T. ) ;
#3098 = ORIENTED_EDGE ( 'NONE', *, *, #4572, .T. ) ;
#3099 = DIRECTION ( 'NONE',  ( 0.0000000000000000000, -1.000000000000000000, 0.0000000000000000000 ) ) ;
#3100 = DIRECTION ( 'NONE',  ( -0.0000000000000000000, -1.000000000000000000, -0.0000000000000000000 ) ) ;
#3101 = DIRECTION ( 'NONE',  ( 0.0000000000000000000, 1.000000000000000000, 0.0000000000000000000 ) ) ;
#3102 = PLANE ( 'NONE',  #2764 ) ;
#3103 = EDGE_LOOP ( 'NONE', ( #6, #2392, #2923, #1304 ) ) ;
#3104 = AXIS2_PLACEMENT_3D ( 'NONE', #4850, #2544, #3235 ) ;
#3105 = DIRECTION ( 'NONE',  ( 0.0000000000000000000, 1.000000000000000000, 0.0000000000000000000 ) ) ;
#3106 = CARTESIAN_POINT ( 'NONE',  ( -1.199999999999999500, 0.0000000000000000000, -1.084202172485504400E-016 ) ) ;
#3107 = ORIENTED_EDGE ( 'NONE', *, *, #1707, .T. ) ;
#3108 = EDGE_LOOP ( 'NONE', ( #3876, #3821, #2445, #2684 ) ) ;
#3109 = CARTESIAN_POINT ( 'NONE',  ( 1.199999999999999500, 0.0000000000000000000, 0.4999999999999998900 ) ) ;
#3110 = DIRECTION ( 'NONE',  ( -0.0000000000000000000, -1.000000000000000000, -0.0000000000000000000 ) ) ;
#3111 = ORIENTED_EDGE ( 'NONE', *, *, #254, .T. ) ;
#3112 = DIRECTION ( 'NONE',  ( -0.0000000000000000000, -1.000000000000000000, 0.0000000000000000000 ) ) ;
#3113 = LINE ( 'NONE', #1090, #347 ) ;
#3114 = CARTESIAN_POINT ( 'NONE',  ( -0.4999999999999993300, 0.1499999999999999900, 1.049999999999999800 ) ) ;
#3115 = DIRECTION ( 'NONE',  ( 1.000000000000000000, 0.0000000000000000000, -4.336808689942018200E-016 ) ) ;
#3116 = MECHANICAL_DESIGN_GEOMETRIC_PRESENTATION_REPRESENTATION (  '', ( #824 ), #4229 ) ;
#3117 = VECTOR ( 'NONE', #3606, 1000.000000000000000 ) ;
#3118 = FACE_OUTER_BOUND ( 'NONE', #1499, .T. ) ;
#3119 = EDGE_LOOP ( 'NONE', ( #1885, #4909, #873, #3690 ) ) ;
#3120 = CIRCLE ( 'NONE', #162, 0.1499999999999999700 ) ;
#3121 = EDGE_CURVE ( 'NONE', #4317, #3599, #3924, .T. ) ;
#3122 = AXIS2_PLACEMENT_3D ( 'NONE', #2600, #2971, #1029 ) ;
#3123 = ORIENTED_EDGE ( 'NONE', *, *, #4462, .F. ) ;
#3124 = VECTOR ( 'NONE', #2442, 1000.000000000000000 ) ;
#3125 = CARTESIAN_POINT ( 'NONE',  ( 6.505213034913026600E-016, 0.1499999999999999900, 1.199999999999999700 ) ) ;
#3126 = ORIENTED_EDGE ( 'NONE', *, *, #1641, .T. ) ;
#3127 = DIRECTION ( 'NONE',  ( 0.0000000000000000000, 0.0000000000000000000, 1.000000000000000000 ) ) ;
#3128 = AXIS2_PLACEMENT_3D ( 'NONE', #1519, #2972, #730 ) ;
#3129 = ADVANCED_FACE ( 'NONE', ( #533 ), #1606, .F. ) ;
#3130 = PLANE ( 'NONE',  #4153 ) ;
#3131 = DIRECTION ( 'NONE',  ( 0.0000000000000000000, 1.000000000000000000, 0.0000000000000000000 ) ) ;
#3132 = CARTESIAN_POINT ( 'NONE',  ( -0.7499999999999997800, 0.0000000000000000000, 0.6249999999999997800 ) ) ;
#3133 = DIRECTION ( 'NONE',  ( -0.0000000000000000000, -1.000000000000000000, -0.0000000000000000000 ) ) ;
#3134 = LINE ( 'NONE', #2787, #3691 ) ;
#3135 = ORIENTED_EDGE ( 'NONE', *, *, #4238, .F. ) ;
#3136 = EDGE_LOOP ( 'NONE', ( #3147, #925, #1309, #508 ) ) ;
#3137 = CARTESIAN_POINT ( 'NONE',  ( 1.450000000000000000, 0.8999999999999998000, 1.450000000000000200 ) ) ;
#3138 = DIRECTION ( 'NONE',  ( 0.0000000000000000000, 0.0000000000000000000, 1.000000000000000000 ) ) ;
#3139 = FACE_OUTER_BOUND ( 'NONE', #3693, .T. ) ;
#3140 = CARTESIAN_POINT ( 'NONE',  ( 0.6250000000000002200, 0.0000000000000000000, 0.7500000000000000000 ) ) ;
#3141 = ORIENTED_EDGE ( 'NONE', *, *, #3024, .F. ) ;
#3142 = ORIENTED_EDGE ( 'NONE', *, *, #2716, .F. ) ;
#3143 = DIRECTION ( 'NONE',  ( 0.0000000000000000000, -1.000000000000000000, 0.0000000000000000000 ) ) ;
#3144 = CIRCLE ( 'NONE', #2627, 0.1499999999999999700 ) ;
#3145 = EDGE_CURVE ( 'NONE', #3160, #3460, #4401, .T. ) ;
#3146 = EDGE_CURVE ( 'NONE', #3341, #518, #596, .T. ) ;
#3147 = ORIENTED_EDGE ( 'NONE', *, *, #2750, .F. ) ;
#3148 = AXIS2_PLACEMENT_3D ( 'NONE', #1963, #2694, #3884 ) ;
#3149 = FACE_BOUND ( 'NONE', #264, .T. ) ;
#3150 = EDGE_LOOP ( 'NONE', ( #1812, #1452, #1879, #1043 ) ) ;
#3151 = ADVANCED_FACE ( 'NONE', ( #4338 ), #4651, .T. ) ;
#3152 = LINE ( 'NONE', #1393, #4434 ) ;
#3153 = VERTEX_POINT ( 'NONE', #3114 ) ;
#3154 = CARTESIAN_POINT ( 'NONE',  ( 0.3500000000000007000, 0.1499999999999999900, -1.370000000000000100 ) ) ;
#3155 = AXIS2_PLACEMENT_3D ( 'NONE', #2845, #4058, #1330 ) ;
#3156 = DIRECTION ( 'NONE',  ( 0.0000000000000000000, -1.000000000000000000, 0.0000000000000000000 ) ) ;
#3157 = PLANE ( 'NONE',  #4177 ) ;
#3158 = CARTESIAN_POINT ( 'NONE',  ( -1.370000000000000100, -0.0000000000000000000, -1.370000000000000100 ) ) ;
#3159 = UNCERTAINTY_MEASURE_WITH_UNIT (LENGTH_MEASURE( 1.000000000000000100E-005 ), #3816, 'distance_accuracy_value', 'NONE');
#3160 = VERTEX_POINT ( 'NONE', #1952 ) ;
#3161 = ORIENTED_EDGE ( 'NONE', *, *, #735, .F. ) ;
#3162 = DIRECTION ( 'NONE',  ( -1.301042606982605300E-015, 0.0000000000000000000, -1.000000000000000000 ) ) ;
#3163 = AXIS2_PLACEMENT_3D ( 'NONE', #839, #772, #1954 ) ;
#3164 = ORIENTED_EDGE ( 'NONE', *, *, #2048, .F. ) ;
#3165 = CARTESIAN_POINT ( 'NONE',  ( 0.3500000000000010300, 0.1499999999999999900, 1.449999999999999700 ) ) ;
#3166 = DIRECTION ( 'NONE',  ( 0.0000000000000000000, 0.0000000000000000000, 1.000000000000000000 ) ) ;
#3167 = VECTOR ( 'NONE', #4559, 1000.000000000000000 ) ;
#3168 = LINE ( 'NONE', #170, #1706 ) ;
#3169 = ORIENTED_EDGE ( 'NONE', *, *, #507, .F. ) ;
#3170 = DIRECTION ( 'NONE',  ( 0.0000000000000000000, -0.0000000000000000000, 1.000000000000000000 ) ) ;
#3171 = CARTESIAN_POINT ( 'NONE',  ( 0.1500000000000010500, 0.1499999999999999700, 1.449999999999999300 ) ) ;
#3172 = CARTESIAN_POINT ( 'NONE',  ( 1.370000000000000100, 0.1499999999999999900, -1.370000000000000100 ) ) ;
#3173 = CIRCLE ( 'NONE', #2146, 0.1499999999999999700 ) ;
#3174 = ADVANCED_FACE ( 'NONE', ( #3557 ), #2698, .F. ) ;
#3175 = EDGE_CURVE ( 'NONE', #4190, #2905, #2785, .T. ) ;
#3176 = EDGE_CURVE ( 'NONE', #2572, #4087, #4223, .T. ) ;
#3177 = EDGE_LOOP ( 'NONE', ( #4624, #943, #4616, #1008 ) ) ;
#3178 = MECHANICAL_DESIGN_GEOMETRIC_PRESENTATION_REPRESENTATION (  '', ( #3446 ), #4481 ) ;
#3179 = VECTOR ( 'NONE', #2460, 1000.000000000000000 ) ;
#3180 = ADVANCED_FACE ( 'NONE', ( #3373 ), #1115, .F. ) ;
#3181 = VERTEX_POINT ( 'NONE', #819 ) ;
#3182 = PLANE ( 'NONE',  #476 ) ;
#3183 = EDGE_CURVE ( 'NONE', #298, #3412, #4810, .T. ) ;
#3184 = VECTOR ( 'NONE', #30, 1000.000000000000000 ) ;
#3185 = EDGE_CURVE ( 'NONE', #3394, #4396, #2127, .T. ) ;
#3186 = ORIENTED_EDGE ( 'NONE', *, *, #4587, .T. ) ;
#3187 = DIRECTION ( 'NONE',  ( 0.0000000000000000000, 0.0000000000000000000, 1.000000000000000000 ) ) ;
#3188 = LINE ( 'NONE', #3076, #4278 ) ;
#3189 = DIRECTION ( 'NONE',  ( -1.000000000000000000, 0.0000000000000000000, -4.336808689942018200E-016 ) ) ;
#3190 = DIRECTION ( 'NONE',  ( 0.0000000000000000000, 0.0000000000000000000, -1.000000000000000000 ) ) ;
#3191 = STYLED_ITEM ( 'NONE', ( #1619 ), #1633 ) ;
#3192 = VECTOR ( 'NONE', #4597, 1000.000000000000000 ) ;
#3193 = DIRECTION ( 'NONE',  ( -4.336808689942018200E-016, 0.0000000000000000000, -1.000000000000000000 ) ) ;
#3194 = ORIENTED_EDGE ( 'NONE', *, *, #2692, .T. ) ;
#3195 = CARTESIAN_POINT ( 'NONE',  ( -0.6249999999999997800, 0.1000000000000000100, -0.6250000000000001100 ) ) ;
#3196 = VECTOR ( 'NONE', #2256, 1000.000000000000000 ) ;
#3197 = VERTEX_POINT ( 'NONE', #175 ) ;
#3198 = LINE ( 'NONE', #4646, #1127 ) ;
#3199 = ORIENTED_EDGE ( 'NONE', *, *, #2853, .T. ) ;
#3200 = FACE_OUTER_BOUND ( 'NONE', #817, .T. ) ;
#3201 = CARTESIAN_POINT ( 'NONE',  ( 0.6250000000000002200, 0.1000000000000000100, 0.6250000000000000000 ) ) ;
#3202 = EDGE_LOOP ( 'NONE', ( #1494, #1631, #4183, #2054 ) ) ;
#3203 = ORIENTED_EDGE ( 'NONE', *, *, #4313, .F. ) ;
#3204 = LINE ( 'NONE', #3069, #3998 ) ;
#3205 = DIRECTION ( 'NONE',  ( -0.0000000000000000000, -1.000000000000000000, -0.0000000000000000000 ) ) ;
#3206 = ADVANCED_FACE ( 'NONE', ( #4273 ), #1263, .T. ) ;
#3207 = ORIENTED_EDGE ( 'NONE', *, *, #2916, .F. ) ;
#3208 = CARTESIAN_POINT ( 'NONE',  ( 1.370000000000000100, 0.6500000000000000200, 0.1499999999999999400 ) ) ;
#3209 = DIRECTION ( 'NONE',  ( 0.0000000000000000000, -0.0000000000000000000, -1.000000000000000000 ) ) ;
#3210 = LINE ( 'NONE', #4444, #384 ) ;
#3211 = DIRECTION ( 'NONE',  ( -0.0000000000000000000, 0.0000000000000000000, -1.000000000000000000 ) ) ;
#3212 = ORIENTED_EDGE ( 'NONE', *, *, #1214, .F. ) ;
#3213 = EDGE_LOOP ( 'NONE', ( #3216, #435, #979, #601 ) ) ;
#3214 = VERTEX_POINT ( 'NONE', #3540 ) ;
#3215 = EDGE_CURVE ( 'NONE', #1136, #532, #1471, .T. ) ;
#3216 = ORIENTED_EDGE ( 'NONE', *, *, #3242, .F. ) ;
#3217 = LINE ( 'NONE', #2898, #2510 ) ;
#3218 = ORIENTED_EDGE ( 'NONE', *, *, #4640, .T. ) ;
#3219 = CARTESIAN_POINT ( 'NONE',  ( -1.199999999999999500, 0.6500000000000000200, -0.1500000000000000800 ) ) ;
#3220 = DIRECTION ( 'NONE',  ( 0.0000000000000000000, 1.000000000000000000, 0.0000000000000000000 ) ) ;
#3221 = VERTEX_POINT ( 'NONE', #957 ) ;
#3222 = MECHANICAL_DESIGN_GEOMETRIC_PRESENTATION_REPRESENTATION (  '', ( #2467 ), #4430 ) ;
#3223 = CARTESIAN_POINT ( 'NONE',  ( 1.199999999999999500, 0.0000000000000000000, -1.084202172485504400E-016 ) ) ;
#3224 = STYLED_ITEM ( 'NONE', ( #1239 ), #183 ) ;
#3225 = ORIENTED_EDGE ( 'NONE', *, *, #4106, .T. ) ;
#3226 = CARTESIAN_POINT ( 'NONE',  ( 0.5000000000000006700, 0.0000000000000000000, 1.199999999999999700 ) ) ;
#3227 = DIRECTION ( 'NONE',  ( 1.000000000000000000, -0.0000000000000000000, -4.336808689942017700E-016 ) ) ;
#3228 = ORIENTED_EDGE ( 'NONE', *, *, #2692, .F. ) ;
#3229 = VECTOR ( 'NONE', #984, 1000.000000000000000 ) ;
#3230 = ADVANCED_FACE ( 'NONE', ( #1007 ), #2830, .T. ) ;
#3231 = LINE ( 'NONE', #2468, #410 ) ;
#3232 = CARTESIAN_POINT ( 'NONE',  ( 0.6500000000000005800, 0.1499999999999999900, 1.199999999999999700 ) ) ;
#3233 = LINE ( 'NONE', #4642, #3425 ) ;
#3234 = ORIENTED_EDGE ( 'NONE', *, *, #403, .T. ) ;
#3235 = DIRECTION ( 'NONE',  ( 0.0000000000000000000, 0.0000000000000000000, -1.000000000000000000 ) ) ;
#3236 = CARTESIAN_POINT ( 'NONE',  ( 0.5000000000000006700, 0.0000000000000000000, 1.049999999999999800 ) ) ;
#3237 = CARTESIAN_POINT ( 'NONE',  ( 0.3500000000000009200, 0.1499999999999999900, 1.370000000000000100 ) ) ;
#3238 = ORIENTED_EDGE ( 'NONE', *, *, #73, .F. ) ;
#3239 = DIRECTION ( 'NONE',  ( 0.0000000000000000000, -1.000000000000000000, 0.0000000000000000000 ) ) ;
#3240 = CARTESIAN_POINT ( 'NONE',  ( -0.3499999999999994200, 0.0000000000000000000, -1.370000000000000100 ) ) ;
#3241 = FACE_OUTER_BOUND ( 'NONE', #4199, .T. ) ;
#3242 = EDGE_CURVE ( 'NONE', #4725, #4194, #2368, .T. ) ;
#3243 = CARTESIAN_POINT ( 'NONE',  ( 0.6500000000000009100, 0.1499999999999999700, 1.370000000000000100 ) ) ;
#3244 = AXIS2_PLACEMENT_3D ( 'NONE', #1515, #4191, #784 ) ;
#3245 = ORIENTED_EDGE ( 'NONE', *, *, #4282, .F. ) ;
#3246 = DIRECTION ( 'NONE',  ( 0.0000000000000000000, 0.0000000000000000000, -1.000000000000000000 ) ) ;
#3247 = LINE ( 'NONE', #153, #3503 ) ;
#3248 = DIRECTION ( 'NONE',  ( 0.0000000000000000000, 1.000000000000000000, 0.0000000000000000000 ) ) ;
#3249 = ORIENTED_EDGE ( 'NONE', *, *, #971, .F. ) ;
#3250 = CARTESIAN_POINT ( 'NONE',  ( 1.450000000000000000, 5.901219330881975400, 1.450000000000000200 ) ) ;
#3251 = AXIS2_PLACEMENT_3D ( 'NONE', #3055, #4627, #3429 ) ;
#3252 = UNCERTAINTY_MEASURE_WITH_UNIT (LENGTH_MEASURE( 1.000000000000000100E-005 ), #4792, 'distance_accuracy_value', 'NONE');
#3253 = EDGE_CURVE ( 'NONE', #3394, #2688, #361, .T. ) ;
#3254 = VECTOR ( 'NONE', #4395, 1000.000000000000000 ) ;
#3255 = PLANE ( 'NONE',  #80 ) ;
#3256 = LINE ( 'NONE', #2691, #2734 ) ;
#3257 = DIRECTION ( 'NONE',  ( -0.0000000000000000000, 0.0000000000000000000, 1.000000000000000000 ) ) ;
#3258 = CARTESIAN_POINT ( 'NONE',  ( -1.449999999999999700, 0.0000000000000000000, 1.450000000000000200 ) ) ;
#3259 = ADVANCED_FACE ( 'NONE', ( #3799 ), #548, .F. ) ;
#3260 = DIRECTION ( 'NONE',  ( -0.0000000000000000000, -1.000000000000000000, -0.0000000000000000000 ) ) ;
#3261 = AXIS2_PLACEMENT_3D ( 'NONE', #3441, #3406, #437 ) ;
#3262 = CARTESIAN_POINT ( 'NONE',  ( -1.199999999999999500, 0.1499999999999999700, -0.1500000000000000800 ) ) ;
#3263 = VERTEX_POINT ( 'NONE', #4715 ) ;
#3264 = VECTOR ( 'NONE', #4279, 1000.000000000000000 ) ;
#3265 =( LENGTH_UNIT ( ) NAMED_UNIT ( * ) SI_UNIT ( .MILLI., .METRE. ) );
#3266 = ORIENTED_EDGE ( 'NONE', *, *, #309, .T. ) ;
#3267 = ORIENTED_EDGE ( 'NONE', *, *, #3058, .F. ) ;
#3268 = FACE_OUTER_BOUND ( 'NONE', #4842, .T. ) ;
#3269 = CARTESIAN_POINT ( 'NONE',  ( 0.5000000000000006700, 0.1499999999999999700, 1.199999999999999700 ) ) ;
#3270 = VERTEX_POINT ( 'NONE', #3577 ) ;
#3271 = DIRECTION ( 'NONE',  ( 1.000000000000000000, 0.0000000000000000000, -0.0000000000000000000 ) ) ;
#3272 = LINE ( 'NONE', #851, #1753 ) ;
#3273 = CARTESIAN_POINT ( 'NONE',  ( -1.370000000000000100, 0.1499999999999999700, -0.3500000000000000300 ) ) ;
#3274 = DIRECTION ( 'NONE',  ( 0.0000000000000000000, 0.0000000000000000000, -1.000000000000000000 ) ) ;
#3275 = VERTEX_POINT ( 'NONE', #4694 ) ;
#3276 = EDGE_CURVE ( 'NONE', #3833, #4617, #1781, .T. ) ;
#3277 = FACE_OUTER_BOUND ( 'NONE', #1854, .T. ) ;
#3278 = DIRECTION ( 'NONE',  ( 0.0000000000000000000, 1.000000000000000000, 0.0000000000000000000 ) ) ;
#3279 = EDGE_LOOP ( 'NONE', ( #167, #2412, #3096, #1821 ) ) ;
#3280 = AXIS2_PLACEMENT_3D ( 'NONE', #1370, #3647, #1355 ) ;
#3281 = VERTEX_POINT ( 'NONE', #530 ) ;
#3282 = CARTESIAN_POINT ( 'NONE',  ( 0.6250000000000002200, 0.1000000000000000100, -0.7499999999999998900 ) ) ;
#3283 = EDGE_CURVE ( 'NONE', #1464, #3034, #1289, .T. ) ;
#3284 = AXIS2_PLACEMENT_3D ( 'NONE', #4346, #3931, #2418 ) ;
#3285 = ADVANCED_FACE ( 'NONE', ( #4165 ), #1720, .T. ) ;
#3286 = EDGE_CURVE ( 'NONE', #2095, #4197, #4461, .T. ) ;
#3287 = DIRECTION ( 'NONE',  ( 0.0000000000000000000, 0.0000000000000000000, -1.000000000000000000 ) ) ;
#3288 = VERTEX_POINT ( 'NONE', #1704 ) ;
#3289 = CARTESIAN_POINT ( 'NONE',  ( 1.370000000000000100, 0.1499999999999999900, -1.370000000000000100 ) ) ;
#3290 =( GEOMETRIC_REPRESENTATION_CONTEXT ( 3 ) GLOBAL_UNCERTAINTY_ASSIGNED_CONTEXT ( ( #1191 ) ) GLOBAL_UNIT_ASSIGNED_CONTEXT ( ( #1415, #2889, #4045 ) ) REPRESENTATION_CONTEXT ( 'NONE', 'WORKASPACE' ) );
#3291 = DIRECTION ( 'NONE',  ( -0.0000000000000000000, -0.0000000000000000000, 1.000000000000000000 ) ) ;
#3292 = CARTESIAN_POINT ( 'NONE',  ( 0.6500000000000005800, 0.6500000000000001300, 1.199999999999999700 ) ) ;
#3293 = VECTOR ( 'NONE', #4805, 1000.000000000000000 ) ;
#3294 = DIRECTION ( 'NONE',  ( -1.000000000000000000, 0.0000000000000000000, 4.336808689942018200E-016 ) ) ;
#3295 = LINE ( 'NONE', #815, #768 ) ;
#3296 = DIRECTION ( 'NONE',  ( 1.000000000000000000, -0.0000000000000000000, -4.336808689942017700E-016 ) ) ;
#3297 = FILL_AREA_STYLE_COLOUR ( '', #2437 ) ;
#3298 = ORIENTED_EDGE ( 'NONE', *, *, #1256, .T. ) ;
#3299 = LINE ( 'NONE', #3964, #3610 ) ;
#3300 = DIRECTION ( 'NONE',  ( 0.0000000000000000000, -1.000000000000000000, 0.0000000000000000000 ) ) ;
#3301 = FACE_OUTER_BOUND ( 'NONE', #4458, .T. ) ;
#3302 = ORIENTED_EDGE ( 'NONE', *, *, #4228, .T. ) ;
#3303 = DIRECTION ( 'NONE',  ( 0.0000000000000000000, 0.0000000000000000000, -1.000000000000000000 ) ) ;
#3304 = VECTOR ( 'NONE', #2485, 1000.000000000000000 ) ;
#3305 = EDGE_LOOP ( 'NONE', ( #3676, #2915, #3596, #2626 ) ) ;
#3306 = DIRECTION ( 'NONE',  ( 0.0000000000000000000, -1.000000000000000000, 0.0000000000000000000 ) ) ;
#3307 = CARTESIAN_POINT ( 'NONE',  ( -0.6499999999999993600, 0.1499999999999999700, -1.370000000000000100 ) ) ;
#3308 = LINE ( 'NONE', #1098, #539 ) ;
#3309 = ADVANCED_FACE ( 'NONE', ( #3241 ), #910, .T. ) ;
#3310 = ORIENTED_EDGE ( 'NONE', *, *, #1805, .T. ) ;
#3311 =( NAMED_UNIT ( * ) SI_UNIT ( $, .STERADIAN. ) SOLID_ANGLE_UNIT ( ) );
#3312 = EDGE_CURVE ( 'NONE', #3638, #1724, #17, .T. ) ;
#3313 = PLANE ( 'NONE',  #3422 ) ;
#3314 = EDGE_CURVE ( 'NONE', #2610, #4908, #4514, .T. ) ;
#3315 = LINE ( 'NONE', #954, #668 ) ;
#3316 = AXIS2_PLACEMENT_3D ( 'NONE', #4432, #645, #3274 ) ;
#3317 = CARTESIAN_POINT ( 'NONE',  ( 0.3500000000000010300, 0.0000000000000000000, 1.449999999999999700 ) ) ;
#3318 = FACE_OUTER_BOUND ( 'NONE', #2217, .T. ) ;
#3319 = SURFACE_STYLE_USAGE ( .BOTH. , #2130 ) ;
#3320 = ORIENTED_EDGE ( 'NONE', *, *, #1280, .T. ) ;
#3321 = UNCERTAINTY_MEASURE_WITH_UNIT (LENGTH_MEASURE( 1.000000000000000100E-005 ), #2170, 'distance_accuracy_value', 'NONE');
#3322 = LINE ( 'NONE', #4892, #486 ) ;
#3323 = DIRECTION ( 'NONE',  ( -1.734723475976810100E-015, 0.0000000000000000000, -1.000000000000000000 ) ) ;
#3324 = SURFACE_STYLE_USAGE ( .BOTH. , #2559 ) ;
#3325 = AXIS2_PLACEMENT_3D ( 'NONE', #338, #1481, #2259 ) ;
#3326 = VECTOR ( 'NONE', #1547, 1000.000000000000000 ) ;
#3327 = EDGE_CURVE ( 'NONE', #4725, #4087, #4689, .T. ) ;
#3328 = ORIENTED_EDGE ( 'NONE', *, *, #1780, .F. ) ;
#3329 = VECTOR ( 'NONE', #4464, 1000.000000000000000 ) ;
#3330 = CARTESIAN_POINT ( 'NONE',  ( 1.370000000000000100, 0.1499999999999999900, -1.370000000000000100 ) ) ;
#3331 = CARTESIAN_POINT ( 'NONE',  ( -1.199999999999999500, 0.0000000000000000000, -1.084202172485504400E-016 ) ) ;
#3332 = VERTEX_POINT ( 'NONE', #2534 ) ;
#3333 = DIRECTION ( 'NONE',  ( 0.0000000000000000000, -1.000000000000000000, 0.0000000000000000000 ) ) ;
#3334 = VERTEX_POINT ( 'NONE', #1339 ) ;
#3335 = DIRECTION ( 'NONE',  ( -0.0000000000000000000, -1.000000000000000000, -0.0000000000000000000 ) ) ;
#3336 = CIRCLE ( 'NONE', #19, 0.1250000000000001100 ) ;
#3337 = DIRECTION ( 'NONE',  ( 1.000000000000000000, 0.0000000000000000000, 2.602085213965210600E-016 ) ) ;
#3338 = ORIENTED_EDGE ( 'NONE', *, *, #3057, .T. ) ;
#3339 = ADVANCED_FACE ( 'NONE', ( #2006 ), #561, .T. ) ;
#3340 = ORIENTED_EDGE ( 'NONE', *, *, #3057, .F. ) ;
#3341 = VERTEX_POINT ( 'NONE', #4024 ) ;
#3342 = DIRECTION ( 'NONE',  ( 0.0000000000000000000, -0.0000000000000000000, 1.000000000000000000 ) ) ;
#3343 = VERTEX_POINT ( 'NONE', #4072 ) ;
#3344 = COLOUR_RGB ( '',0.7960784313725489700, 0.8235294117647058400, 0.9372549019607843100 ) ;
#3345 = EDGE_LOOP ( 'NONE', ( #1131, #3218, #4661, #4098 ) ) ;
#3346 = PLANE ( 'NONE',  #1489 ) ;
#3347 = EDGE_CURVE ( 'NONE', #212, #333, #4048, .T. ) ;
#3348 = ORIENTED_EDGE ( 'NONE', *, *, #1242, .T. ) ;
#3349 = AXIS2_PLACEMENT_3D ( 'NONE', #2594, #1828, #3362 ) ;
#3350 = SURFACE_SIDE_STYLE ('',( #4863 ) ) ;
#3351 = PLANE ( 'NONE',  #706 ) ;
#3352 = CARTESIAN_POINT ( 'NONE',  ( -1.199999999999999500, 0.1499999999999999700, 0.6499999999999999100 ) ) ;
#3353 =( NAMED_UNIT ( * ) SI_UNIT ( $, .STERADIAN. ) SOLID_ANGLE_UNIT ( ) );
#3354 = EDGE_CURVE ( 'NONE', #597, #4574, #4578, .T. ) ;
#3355 = PRESENTATION_LAYER_ASSIGNMENT (  '', '', ( #1252 ) ) ;
#3356 = ORIENTED_EDGE ( 'NONE', *, *, #1780, .T. ) ;
#3357 = EDGE_CURVE ( 'NONE', #1216, #4150, #658, .T. ) ;
#3358 = ORIENTED_EDGE ( 'NONE', *, *, #292, .T. ) ;
#3359 = DIRECTION ( 'NONE',  ( 0.0000000000000000000, 0.0000000000000000000, -1.000000000000000000 ) ) ;
#3360 = AXIS2_PLACEMENT_3D ( 'NONE', #660, #4493, #3773 ) ;
#3361 = LINE ( 'NONE', #525, #2358 ) ;
#3362 = DIRECTION ( 'NONE',  ( 0.0000000000000000000, 0.0000000000000000000, -1.000000000000000000 ) ) ;
#3363 = FACE_OUTER_BOUND ( 'NONE', #3642, .T. ) ;
#3364 = ADVANCED_FACE ( 'NONE', ( #2478 ), #1006, .F. ) ;
#3365 = ORIENTED_EDGE ( 'NONE', *, *, #4281, .F. ) ;
#3366 = CARTESIAN_POINT ( 'NONE',  ( -0.7499999999999997800, -0.0000000000000000000, -0.6250000000000001100 ) ) ;
#3367 = VECTOR ( 'NONE', #281, 1000.000000000000000 ) ;
#3368 = DIRECTION ( 'NONE',  ( 0.0000000000000000000, 0.0000000000000000000, 1.000000000000000000 ) ) ;
#3369 = CARTESIAN_POINT ( 'NONE',  ( -1.049999999999999600, 0.9000000000000000200, -1.049999999999999800 ) ) ;
#3370 = ORIENTED_EDGE ( 'NONE', *, *, #2685, .T. ) ;
#3371 = CARTESIAN_POINT ( 'NONE',  ( 1.199999999999999500, 0.1499999999999999700, -0.5000000000000001100 ) ) ;
#3372 = CARTESIAN_POINT ( 'NONE',  ( 1.199999999999999500, 0.6500000000000000200, -0.5000000000000001100 ) ) ;
#3373 = FACE_OUTER_BOUND ( 'NONE', #2766, .T. ) ;
#3374 = VERTEX_POINT ( 'NONE', #4399 ) ;
#3375 = FILL_AREA_STYLE ('',( #3635 ) ) ;
#3376 = LINE ( 'NONE', #417, #3867 ) ;
#3377 = AXIS2_PLACEMENT_3D ( 'NONE', #3778, #725, #4088 ) ;
#3378 = DIRECTION ( 'NONE',  ( -1.734723475976810100E-015, 0.0000000000000000000, -1.000000000000000000 ) ) ;
#3379 = LINE ( 'NONE', #963, #3505 ) ;
#3380 = LINE ( 'NONE', #3779, #3196 ) ;
#3381 = DIRECTION ( 'NONE',  ( -0.0000000000000000000, -1.000000000000000000, -0.0000000000000000000 ) ) ;
#3382 = VECTOR ( 'NONE', #1947, 1000.000000000000000 ) ;
#3383 = EDGE_CURVE ( 'NONE', #1968, #2567, #419, .T. ) ;
#3384 = AXIS2_PLACEMENT_3D ( 'NONE', #4677, #2362, #3456 ) ;
#3385 = DIRECTION ( 'NONE',  ( 0.0000000000000000000, 1.000000000000000000, 0.0000000000000000000 ) ) ;
#3386 = EDGE_LOOP ( 'NONE', ( #152, #3164, #2805, #3393 ) ) ;
#3387 = ORIENTED_EDGE ( 'NONE', *, *, #2650, .F. ) ;
#3388 = ADVANCED_FACE ( 'NONE', ( #3430 ), #1054, .T. ) ;
#3389 = ORIENTED_EDGE ( 'NONE', *, *, #3813, .T. ) ;
#3390 = CARTESIAN_POINT ( 'NONE',  ( 0.1500000000000006100, 0.1499999999999999700, 1.199999999999999700 ) ) ;
#3391 = FACE_OUTER_BOUND ( 'NONE', #1210, .T. ) ;
#3392 = CARTESIAN_POINT ( 'NONE',  ( 1.199999999999999500, 0.1499999999999999700, -0.6500000000000001300 ) ) ;
#3393 = ORIENTED_EDGE ( 'NONE', *, *, #3286, .T. ) ;
#3394 = VERTEX_POINT ( 'NONE', #988 ) ;
#3395 = DIRECTION ( 'NONE',  ( 0.0000000000000000000, -1.000000000000000000, 0.0000000000000000000 ) ) ;
#3396 = EDGE_LOOP ( 'NONE', ( #2491, #3700, #3238, #1836 ) ) ;
#3397 = DIRECTION ( 'NONE',  ( 0.0000000000000000000, -1.000000000000000000, 0.0000000000000000000 ) ) ;
#3398 = CARTESIAN_POINT ( 'NONE',  ( -1.049999999999999600, 0.1499999999999999700, -0.6500000000000000200 ) ) ;
#3399 = FACE_BOUND ( 'NONE', #3345, .T. ) ;
#3400 = CARTESIAN_POINT ( 'NONE',  ( 0.3500000000000007000, 0.0000000000000000000, -1.370000000000000100 ) ) ;
#3401 = ORIENTED_EDGE ( 'NONE', *, *, #453, .T. ) ;
#3402 = CARTESIAN_POINT ( 'NONE',  ( -0.6249999999999997800, 0.0000000000000000000, 0.6249999999999997800 ) ) ;
#3403 = LINE ( 'NONE', #268, #4550 ) ;
#3404 = ORIENTED_EDGE ( 'NONE', *, *, #1839, .T. ) ;
#3405 = DIRECTION ( 'NONE',  ( 0.0000000000000000000, 0.0000000000000000000, 1.000000000000000000 ) ) ;
#3406 = DIRECTION ( 'NONE',  ( 0.0000000000000000000, 1.000000000000000000, 0.0000000000000000000 ) ) ;
#3407 = ORIENTED_EDGE ( 'NONE', *, *, #3582, .F. ) ;
#3408 = CARTESIAN_POINT ( 'NONE',  ( -0.1499999999999993000, 0.0000000000000000000, -1.370000000000000100 ) ) ;
#3409 = EDGE_CURVE ( 'NONE', #2353, #2100, #2306, .T. ) ;
#3410 = EDGE_CURVE ( 'NONE', #4289, #4194, #2897, .T. ) ;
#3411 = ADVANCED_FACE ( 'NONE', ( #185 ), #4392, .T. ) ;
#3412 = VERTEX_POINT ( 'NONE', #3240 ) ;
#3413 = AXIS2_PLACEMENT_3D ( 'NONE', #4760, #2041, #951 ) ;
#3414 = ORIENTED_EDGE ( 'NONE', *, *, #2282, .F. ) ;
#3415 = PLANE ( 'NONE',  #917 ) ;
#3416 = CARTESIAN_POINT ( 'NONE',  ( 0.1500000000000006100, 0.0000000000000000000, -1.199999999999999700 ) ) ;
#3417 = VECTOR ( 'NONE', #4840, 1000.000000000000000 ) ;
#3418 = VECTOR ( 'NONE', #3929, 1000.000000000000000 ) ;
#3419 = AXIS2_PLACEMENT_3D ( 'NONE', #3071, #1202, #2035 ) ;
#3420 = DIRECTION ( 'NONE',  ( -1.000000000000000000, 0.0000000000000000000, -1.734723475976807100E-016 ) ) ;
#3421 = EDGE_LOOP ( 'NONE', ( #3703, #4436, #4889, #2563, #1253 ) ) ;
#3422 = AXIS2_PLACEMENT_3D ( 'NONE', #1425, #4846, #4469 ) ;
#3423 = DIRECTION ( 'NONE',  ( -0.0000000000000000000, -1.000000000000000000, -0.0000000000000000000 ) ) ;
#3424 = VECTOR ( 'NONE', #4343, 1000.000000000000000 ) ;
#3425 = VECTOR ( 'NONE', #3501, 1000.000000000000000 ) ;
#3426 = VERTEX_POINT ( 'NONE', #1760 ) ;
#3427 = DIRECTION ( 'NONE',  ( 0.0000000000000000000, 0.0000000000000000000, -1.000000000000000000 ) ) ;
#3428 = CARTESIAN_POINT ( 'NONE',  ( -0.6499999999999991300, 0.0000000000000000000, -1.370000000000000100 ) ) ;
#3429 = DIRECTION ( 'NONE',  ( -1.000000000000000000, 0.0000000000000000000, 4.336808689942018200E-016 ) ) ;
#3430 = FACE_OUTER_BOUND ( 'NONE', #1025, .T. ) ;
#3431 = ORIENTED_EDGE ( 'NONE', *, *, #4769, .F. ) ;
#3432 = SURFACE_STYLE_USAGE ( .BOTH. , #2311 ) ;
#3433 = DIRECTION ( 'NONE',  ( 1.000000000000000000, 0.0000000000000000000, -4.336808689942018200E-016 ) ) ;
#3434 = FACE_OUTER_BOUND ( 'NONE', #4551, .T. ) ;
#3435 = CARTESIAN_POINT ( 'NONE',  ( -0.6499999999999993600, 0.1499999999999999900, 1.199999999999999700 ) ) ;
#3436 = ORIENTED_EDGE ( 'NONE', *, *, #1149, .F. ) ;
#3437 = DIRECTION ( 'NONE',  ( 1.000000000000000000, 0.0000000000000000000, -0.0000000000000000000 ) ) ;
#3438 = DIRECTION ( 'NONE',  ( 1.000000000000000000, 0.0000000000000000000, -0.0000000000000000000 ) ) ;
#3439 = LINE ( 'NONE', #1237, #4644 ) ;
#3440 = ADVANCED_FACE ( 'NONE', ( #3672 ), #66, .F. ) ;
#3441 = CARTESIAN_POINT ( 'NONE',  ( -0.4999999999999993300, 0.0000000000000000000, -1.199999999999999700 ) ) ;
#3442 = VECTOR ( 'NONE', #1597, 1000.000000000000000 ) ;
#3443 = EDGE_CURVE ( 'NONE', #285, #161, #3493, .T. ) ;
#3444 = FACE_OUTER_BOUND ( 'NONE', #226, .T. ) ;
#3445 = DIRECTION ( 'NONE',  ( 0.0000000000000000000, -1.000000000000000000, 0.0000000000000000000 ) ) ;
#3446 = STYLED_ITEM ( 'NONE', ( #3854 ), #3699 ) ;
#3447 = DIRECTION ( 'NONE',  ( 0.0000000000000000000, -1.000000000000000000, 0.0000000000000000000 ) ) ;
#3448 = DIRECTION ( 'NONE',  ( 1.734723475976810100E-015, 0.0000000000000000000, 1.000000000000000000 ) ) ;
#3449 = FACE_OUTER_BOUND ( 'NONE', #3844, .T. ) ;
#3450 = CARTESIAN_POINT ( 'NONE',  ( -0.7499999999999997800, 0.0000000000000000000, 0.6249999999999997800 ) ) ;
#3451 = ORIENTED_EDGE ( 'NONE', *, *, #4573, .F. ) ;
#3452 = EDGE_CURVE ( 'NONE', #4225, #1244, #4754, .T. ) ;
#3453 = STYLED_ITEM ( 'NONE', ( #4876 ), #2383 ) ;
#3454 = ORIENTED_EDGE ( 'NONE', *, *, #510, .T. ) ;
#3455 = EDGE_CURVE ( 'NONE', #358, #2095, #890, .T. ) ;
#3456 = DIRECTION ( 'NONE',  ( -1.000000000000000000, 0.0000000000000000000, -4.336808689942018200E-016 ) ) ;
#3457 = FACE_OUTER_BOUND ( 'NONE', #3905, .T. ) ;
#3458 = DIRECTION ( 'NONE',  ( 1.000000000000000000, -0.0000000000000000000, 4.336808689942018200E-016 ) ) ;
#3459 = CARTESIAN_POINT ( 'NONE',  ( 1.370000000000000100, 0.6500000000000000200, 0.3499999999999999800 ) ) ;
#3460 = VERTEX_POINT ( 'NONE', #632 ) ;
#3461 = CARTESIAN_POINT ( 'NONE',  ( 1.199999999999999500, 0.1499999999999999700, 0.3499999999999999200 ) ) ;
#3462 = CARTESIAN_POINT ( 'NONE',  ( -1.049999999999999600, 0.8499999999999999800, -1.049999999999999800 ) ) ;
#3463 = VERTEX_POINT ( 'NONE', #648 ) ;
#3464 = VERTEX_POINT ( 'NONE', #2472 ) ;
#3465 = DIRECTION ( 'NONE',  ( 0.0000000000000000000, -1.000000000000000000, 0.0000000000000000000 ) ) ;
#3466 = DIRECTION ( 'NONE',  ( 0.0000000000000000000, -1.000000000000000000, 0.0000000000000000000 ) ) ;
#3467 = CARTESIAN_POINT ( 'NONE',  ( -0.4999999999999993300, 0.0000000000000000000, 1.049999999999999800 ) ) ;
#3468 = EDGE_LOOP ( 'NONE', ( #557, #1437, #3310, #4189 ) ) ;
#3469 = ADVANCED_FACE ( 'NONE', ( #4044 ), #4870, .F. ) ;
#3470 = EDGE_LOOP ( 'NONE', ( #1296, #2334, #4610, #4268, #2984 ) ) ;
#3471 = CARTESIAN_POINT ( 'NONE',  ( -1.049999999999999600, -0.0000000000000000000, -0.3500000000000000300 ) ) ;
#3472 = CARTESIAN_POINT ( 'NONE',  ( 0.7500000000000002200, 0.1000000000000000100, -0.6250000000000000000 ) ) ;
#3473 = DIRECTION ( 'NONE',  ( 0.0000000000000000000, 0.0000000000000000000, -1.000000000000000000 ) ) ;
#3474 = ORIENTED_EDGE ( 'NONE', *, *, #4352, .T. ) ;
#3475 = PLANE ( 'NONE',  #3554 ) ;
#3476 = CARTESIAN_POINT ( 'NONE',  ( -1.370000000000000100, 0.6500000000000000200, 0.1499999999999999400 ) ) ;
#3477 = CARTESIAN_POINT ( 'NONE',  ( 1.199999999999999500, 0.0000000000000000000, -0.5000000000000001100 ) ) ;
#3478 = VERTEX_POINT ( 'NONE', #3678 ) ;
#3479 = ORIENTED_EDGE ( 'NONE', *, *, #1670, .F. ) ;
#3480 = ORIENTED_EDGE ( 'NONE', *, *, #3682, .T. ) ;
#3481 = DIRECTION ( 'NONE',  ( 1.000000000000000000, 0.0000000000000000000, -4.336808689942018200E-016 ) ) ;
#3482 = CARTESIAN_POINT ( 'NONE',  ( 1.199999999999999500, 0.0000000000000000000, -1.084202172485504400E-016 ) ) ;
#3483 = VECTOR ( 'NONE', #2530, 1000.000000000000000 ) ;
#3484 = EDGE_CURVE ( 'NONE', #2241, #1649, #3982, .T. ) ;
#3485 = AXIS2_PLACEMENT_3D ( 'NONE', #608, #2858, #4394 ) ;
#3486 = FACE_OUTER_BOUND ( 'NONE', #3468, .T. ) ;
#3487 = DIRECTION ( 'NONE',  ( -1.000000000000000000, 0.0000000000000000000, 0.0000000000000000000 ) ) ;
#3488 = VECTOR ( 'NONE', #117, 1000.000000000000000 ) ;
#3489 = DIRECTION ( 'NONE',  ( 0.0000000000000000000, 1.000000000000000000, 0.0000000000000000000 ) ) ;
#3490 = VERTEX_POINT ( 'NONE', #4380 ) ;
#3491 = DIRECTION ( 'NONE',  ( 0.0000000000000000000, 1.000000000000000000, 0.0000000000000000000 ) ) ;
#3492 = AXIS2_PLACEMENT_3D ( 'NONE', #3036, #76, #4633 ) ;
#3493 = LINE ( 'NONE', #2906, #3367 ) ;
#3494 = DIRECTION ( 'NONE',  ( -1.734723475976807100E-016, 0.0000000000000000000, 1.000000000000000000 ) ) ;
#3495 = AXIS2_PLACEMENT_3D ( 'NONE', #1062, #3731, #1441 ) ;
#3496 = ADVANCED_FACE ( 'NONE', ( #2239 ), #9, .T. ) ;
#3497 = EDGE_LOOP ( 'NONE', ( #3338, #3298, #1561, #3997 ) ) ;
#3498 = CARTESIAN_POINT ( 'NONE',  ( 1.370000000000000100, 0.1499999999999999900, 1.370000000000000100 ) ) ;
#3499 = CIRCLE ( 'NONE', #594, 0.1499999999999999700 ) ;
#3500 = ORIENTED_EDGE ( 'NONE', *, *, #2235, .F. ) ;
#3501 = DIRECTION ( 'NONE',  ( -1.734723475976810100E-015, 0.0000000000000000000, -1.000000000000000000 ) ) ;
#3502 = DIRECTION ( 'NONE',  ( -0.0000000000000000000, -1.000000000000000000, -0.0000000000000000000 ) ) ;
#3503 = VECTOR ( 'NONE', #1305, 1000.000000000000000 ) ;
#3504 = VERTEX_POINT ( 'NONE', #312 ) ;
#3505 = VECTOR ( 'NONE', #240, 1000.000000000000000 ) ;
#3506 = DIRECTION ( 'NONE',  ( 0.0000000000000000000, -1.000000000000000000, 0.0000000000000000000 ) ) ;
#3507 = CARTESIAN_POINT ( 'NONE',  ( -0.1499999999999993000, 0.1499999999999999900, -1.370000000000000100 ) ) ;
#3508 = VECTOR ( 'NONE', #1204, 1000.000000000000000 ) ;
#3509 = DIRECTION ( 'NONE',  ( -0.0000000000000000000, -1.000000000000000000, -0.0000000000000000000 ) ) ;
#3510 = DIRECTION ( 'NONE',  ( -0.0000000000000000000, 0.0000000000000000000, 1.000000000000000000 ) ) ;
#3511 = ORIENTED_EDGE ( 'NONE', *, *, #2156, .F. ) ;
#3512 = ORIENTED_EDGE ( 'NONE', *, *, #3121, .F. ) ;
#3513 = EDGE_CURVE ( 'NONE', #4623, #2344, #1886, .T. ) ;
#3514 = FACE_OUTER_BOUND ( 'NONE', #3119, .T. ) ;
#3515 = CARTESIAN_POINT ( 'NONE',  ( -0.4999999999999993300, 0.1499999999999999900, -1.199999999999999700 ) ) ;
#3516 = VERTEX_POINT ( 'NONE', #3762 ) ;
#3517 = ORIENTED_EDGE ( 'NONE', *, *, #723, .T. ) ;
#3518 = ORIENTED_EDGE ( 'NONE', *, *, #2751, .T. ) ;
#3519 = FACE_BOUND ( 'NONE', #1022, .T. ) ;
#3520 = ORIENTED_EDGE ( 'NONE', *, *, #3067, .F. ) ;
#3521 = EDGE_CURVE ( 'NONE', #3270, #3460, #3794, .T. ) ;
#3522 = ORIENTED_EDGE ( 'NONE', *, *, #1382, .T. ) ;
#3523 = CARTESIAN_POINT ( 'NONE',  ( 0.5000000000000006700, 0.1499999999999999900, 1.049999999999999800 ) ) ;
#3524 = CARTESIAN_POINT ( 'NONE',  ( 0.1500000000000006100, 0.1499999999999999900, -1.199999999999999700 ) ) ;
#3525 = FACE_OUTER_BOUND ( 'NONE', #2876, .T. ) ;
#3526 = VERTEX_POINT ( 'NONE', #1868 ) ;
#3527 = LINE ( 'NONE', #563, #4021 ) ;
#3528 = CARTESIAN_POINT ( 'NONE',  ( -0.3499999999999994200, 0.1499999999999999900, -1.199999999999999700 ) ) ;
#3529 = VERTEX_POINT ( 'NONE', #1802 ) ;
#3530 = AXIS2_PLACEMENT_3D ( 'NONE', #2016, #1908, #777 ) ;
#3531 = DIRECTION ( 'NONE',  ( 0.0000000000000000000, -0.0000000000000000000, 1.000000000000000000 ) ) ;
#3532 = DIRECTION ( 'NONE',  ( 0.0000000000000000000, 1.000000000000000000, -0.0000000000000000000 ) ) ;
#3533 = CARTESIAN_POINT ( 'NONE',  ( -1.370000000000000100, 0.1499999999999999700, -0.6500000000000000200 ) ) ;
#3534 = CARTESIAN_POINT ( 'NONE',  ( 0.1500000000000006100, 0.1499999999999999900, -1.370000000000000100 ) ) ;
#3535 = ORIENTED_EDGE ( 'NONE', *, *, #4078, .T. ) ;
#3536 = ORIENTED_EDGE ( 'NONE', *, *, #2278, .T. ) ;
#3537 = CARTESIAN_POINT ( 'NONE',  ( -1.049999999999999600, 0.8499999999999999800, -0.8999999999999998000 ) ) ;
#3538 = DIRECTION ( 'NONE',  ( 0.0000000000000000000, -0.0000000000000000000, 1.000000000000000000 ) ) ;
#3539 = FACE_OUTER_BOUND ( 'NONE', #2557, .T. ) ;
#3540 = CARTESIAN_POINT ( 'NONE',  ( 0.1500000000000006100, 0.0000000000000000000, -1.370000000000000100 ) ) ;
#3541 = ADVANCED_FACE ( 'NONE', ( #2476 ), #2953, .T. ) ;
#3542 = MANIFOLD_SOLID_BREP ( 'Pin 6', #190 ) ;
#3543 = EDGE_CURVE ( 'NONE', #2168, #2541, #1466, .T. ) ;
#3544 = CARTESIAN_POINT ( 'NONE',  ( -1.370000000000000100, 0.1499999999999999900, -0.3500000000000000300 ) ) ;
#3545 = AXIS2_PLACEMENT_3D ( 'NONE', #2350, #3494, #2726 ) ;
#3546 = CIRCLE ( 'NONE', #1895, 0.1499999999999999700 ) ;
#3547 = COLOUR_RGB ( '',0.7960784313725489700, 0.8235294117647058400, 0.9372549019607843100 ) ;
#3548 = VERTEX_POINT ( 'NONE', #2999 ) ;
#3549 = CARTESIAN_POINT ( 'NONE',  ( -0.3499999999999994200, 0.1499999999999999900, 1.199999999999999700 ) ) ;
#3550 = FACE_OUTER_BOUND ( 'NONE', #909, .T. ) ;
#3551 = CARTESIAN_POINT ( 'NONE',  ( -0.6499999999999990200, 0.1499999999999999900, 1.449999999999999700 ) ) ;
#3552 = EDGE_CURVE ( 'NONE', #803, #3710, #3120, .T. ) ;
#3553 = CIRCLE ( 'NONE', #2846, 0.1499999999999999700 ) ;
#3554 = AXIS2_PLACEMENT_3D ( 'NONE', #1618, #1207, #2723 ) ;
#3555 = ORIENTED_EDGE ( 'NONE', *, *, #3084, .T. ) ;
#3556 = EDGE_CURVE ( 'NONE', #4302, #3221, #2837, .T. ) ;
#3557 = FACE_OUTER_BOUND ( 'NONE', #3202, .T. ) ;
#3558 = CARTESIAN_POINT ( 'NONE',  ( -1.449999999999999500, -0.0000000000000000000, -1.449999999999998800 ) ) ;
#3559 = DIRECTION ( 'NONE',  ( 0.0000000000000000000, 0.0000000000000000000, 1.000000000000000000 ) ) ;
#3560 = EDGE_LOOP ( 'NONE', ( #3365, #4877, #3723, #4783 ) ) ;
#3561 = DIRECTION ( 'NONE',  ( 0.0000000000000000000, 0.0000000000000000000, 1.000000000000000000 ) ) ;
#3562 = AXIS2_PLACEMENT_3D ( 'NONE', #1638, #4678, #2394 ) ;
#3563 = DIRECTION ( 'NONE',  ( -1.734723475976810100E-015, 0.0000000000000000000, -1.000000000000000000 ) ) ;
#3564 = PRESENTATION_STYLE_ASSIGNMENT (( #400 ) ) ;
#3565 = ORIENTED_EDGE ( 'NONE', *, *, #3592, .T. ) ;
#3566 = PRODUCT ( 'HMC773ALC3B', 'HMC773ALC3B', '', ( #1402 ) ) ;
#3567 = FACE_OUTER_BOUND ( 'NONE', #1076, .T. ) ;
#3568 = CARTESIAN_POINT ( 'NONE',  ( -0.6249999999999997800, 0.0000000000000000000, 0.6249999999999997800 ) ) ;
#3569 = VECTOR ( 'NONE', #195, 1000.000000000000000 ) ;
#3570 = SURFACE_SIDE_STYLE ('',( #1673 ) ) ;
#3571 = ADVANCED_FACE ( 'NONE', ( #2655 ), #1091, .T. ) ;
#3572 = CIRCLE ( 'NONE', #3530, 0.1250000000000001100 ) ;
#3573 = ADVANCED_FACE ( 'NONE', ( #2063 ), #4853, .F. ) ;
#3574 = LINE ( 'NONE', #3724, #2803 ) ;
#3575 = DIRECTION ( 'NONE',  ( 0.0000000000000000000, 0.0000000000000000000, 1.000000000000000000 ) ) ;
#3576 = ORIENTED_EDGE ( 'NONE', *, *, #1410, .F. ) ;
#3577 = CARTESIAN_POINT ( 'NONE',  ( 0.3500000000000007000, 0.1499999999999999900, 1.199999999999999700 ) ) ;
#3578 = ORIENTED_EDGE ( 'NONE', *, *, #1777, .T. ) ;
#3579 = ORIENTED_EDGE ( 'NONE', *, *, #4794, .T. ) ;
#3580 = CIRCLE ( 'NONE', #2863, 0.1499999999999999700 ) ;
#3581 = VERTEX_POINT ( 'NONE', #3711 ) ;
#3582 = EDGE_CURVE ( 'NONE', #4339, #4370, #2954, .T. ) ;
#3583 = EDGE_CURVE ( 'NONE', #4396, #4190, #1226, .T. ) ;
#3584 = ORIENTED_EDGE ( 'NONE', *, *, #2047, .T. ) ;
#3585 = DIRECTION ( 'NONE',  ( 0.0000000000000000000, 1.000000000000000000, 0.0000000000000000000 ) ) ;
#3586 = FACE_OUTER_BOUND ( 'NONE', #2752, .T. ) ;
#3587 = VERTEX_POINT ( 'NONE', #2634 ) ;
#3588 = ORIENTED_EDGE ( 'NONE', *, *, #223, .T. ) ;
#3589 = AXIS2_PLACEMENT_3D ( 'NONE', #3806, #2648, #1540 ) ;
#3590 = DIRECTION ( 'NONE',  ( 0.0000000000000000000, 1.000000000000000000, -0.0000000000000000000 ) ) ;
#3591 = CARTESIAN_POINT ( 'NONE',  ( -0.4999999999999993300, 0.1499999999999999900, -1.199999999999999700 ) ) ;
#3592 = EDGE_CURVE ( 'NONE', #576, #968, #712, .T. ) ;
#3593 = CARTESIAN_POINT ( 'NONE',  ( -0.7499999999999997800, 0.1000000000000000100, -0.6250000000000001100 ) ) ;
#3594 = DIRECTION ( 'NONE',  ( 0.0000000000000000000, 0.0000000000000000000, 1.000000000000000000 ) ) ;
#3595 = ORIENTED_EDGE ( 'NONE', *, *, #1092, .T. ) ;
#3596 = ORIENTED_EDGE ( 'NONE', *, *, #3455, .F. ) ;
#3597 = DIRECTION ( 'NONE',  ( 0.0000000000000000000, 1.000000000000000000, 0.0000000000000000000 ) ) ;
#3598 = VERTEX_POINT ( 'NONE', #1897 ) ;
#3599 = VERTEX_POINT ( 'NONE', #3450 ) ;
#3600 = ADVANCED_FACE ( 'NONE', ( #1653 ), #3415, .T. ) ;
#3601 = VERTEX_POINT ( 'NONE', #762 ) ;
#3602 = VERTEX_POINT ( 'NONE', #378 ) ;
#3603 = CLOSED_SHELL ( 'NONE', ( #2444, #297, #2922, #180, #3573, #4457, #4254 ) ) ;
#3604 = DIRECTION ( 'NONE',  ( 0.0000000000000000000, 0.0000000000000000000, -1.000000000000000000 ) ) ;
#3605 = CYLINDRICAL_SURFACE ( 'NONE', #2968, 0.1250000000000001100 ) ;
#3606 = DIRECTION ( 'NONE',  ( 0.0000000000000000000, -1.000000000000000000, 0.0000000000000000000 ) ) ;
#3607 = CARTESIAN_POINT ( 'NONE',  ( -0.3499999999999994200, 0.1499999999999999900, -1.370000000000000100 ) ) ;
#3608 = DIRECTION ( 'NONE',  ( -0.0000000000000000000, -1.000000000000000000, -0.0000000000000000000 ) ) ;
#3609 = CARTESIAN_POINT ( 'NONE',  ( -1.199999999999999500, 0.0000000000000000000, 0.3499999999999999200 ) ) ;
#3610 = VECTOR ( 'NONE', #2058, 1000.000000000000000 ) ;
#3611 = DIRECTION ( 'NONE',  ( 0.0000000000000000000, -1.000000000000000000, 0.0000000000000000000 ) ) ;
#3612 = FACE_OUTER_BOUND ( 'NONE', #4316, .T. ) ;
#3613 = EDGE_CURVE ( 'NONE', #2404, #3412, #4634, .T. ) ;
#3614 = ORIENTED_EDGE ( 'NONE', *, *, #1640, .F. ) ;
#3615 = AXIS2_PLACEMENT_3D ( 'NONE', #2219, #4101, #2611 ) ;
#3616 = VECTOR ( 'NONE', #4168, 1000.000000000000000 ) ;
#3617 = ORIENTED_EDGE ( 'NONE', *, *, #1092, .F. ) ;
#3618 = PLANE ( 'NONE',  #2914 ) ;
#3619 = CARTESIAN_POINT ( 'NONE',  ( 0.6250000000000002200, 0.0000000000000000000, -0.6250000000000000000 ) ) ;
#3620 = CARTESIAN_POINT ( 'NONE',  ( 1.199999999999999500, 0.1499999999999999700, 0.3499999999999999200 ) ) ;
#3621 = VECTOR ( 'NONE', #4312, 1000.000000000000000 ) ;
#3622 = EDGE_CURVE ( 'NONE', #298, #4883, #1835, .T. ) ;
#3623 = ORIENTED_EDGE ( 'NONE', *, *, #4078, .F. ) ;
#3624 = VECTOR ( 'NONE', #480, 1000.000000000000000 ) ;
#3625 = ADVANCED_FACE ( 'NONE', ( #774 ), #1545, .F. ) ;
#3626 =( GEOMETRIC_REPRESENTATION_CONTEXT ( 3 ) GLOBAL_UNCERTAINTY_ASSIGNED_CONTEXT ( ( #35 ) ) GLOBAL_UNIT_ASSIGNED_CONTEXT ( ( #2994, #756, #703 ) ) REPRESENTATION_CONTEXT ( 'NONE', 'WORKASPACE' ) );
#3627 = EDGE_LOOP ( 'NONE', ( #3894, #2665, #1978, #4738 ) ) ;
#3628 = LINE ( 'NONE', #1932, #3192 ) ;
#3629 = CARTESIAN_POINT ( 'NONE',  ( 1.450000000000000000, 5.901219330881975400, -1.449999999999999700 ) ) ;
#3630 = DIRECTION ( 'NONE',  ( 0.0000000000000000000, -1.000000000000000000, 0.0000000000000000000 ) ) ;
#3631 = VECTOR ( 'NONE', #215, 1000.000000000000000 ) ;
#3632 = LINE ( 'NONE', #4261, #3508 ) ;
#3633 = VECTOR ( 'NONE', #901, 1000.000000000000000 ) ;
#3634 = CLOSED_SHELL ( 'NONE', ( #4433, #961, #4376, #2398, #1196, #2672, #1394, #936, #4405, #619 ) ) ;
#3635 = FILL_AREA_STYLE_COLOUR ( '', #801 ) ;
#3636 = CLOSED_SHELL ( 'NONE', ( #2019, #2881, #3469, #323, #3496, #54 ) ) ;
#3637 = UNCERTAINTY_MEASURE_WITH_UNIT (LENGTH_MEASURE( 1.000000000000000100E-005 ), #1020, 'distance_accuracy_value', 'NONE');
#3638 = VERTEX_POINT ( 'NONE', #1155 ) ;
#3639 = CARTESIAN_POINT ( 'NONE',  ( -1.199999999999999500, 0.6500000000000000200, 0.3499999999999999200 ) ) ;
#3640 = DIRECTION ( 'NONE',  ( -1.000000000000000000, 0.0000000000000000000, -0.0000000000000000000 ) ) ;
#3641 = DIRECTION ( 'NONE',  ( 0.0000000000000000000, -1.000000000000000000, 0.0000000000000000000 ) ) ;
#3642 = EDGE_LOOP ( 'NONE', ( #2342, #1273, #1615, #4110 ) ) ;
#3643 = VERTEX_POINT ( 'NONE', #3471 ) ;
#3644 = DIRECTION ( 'NONE',  ( 0.0000000000000000000, 0.0000000000000000000, -1.000000000000000000 ) ) ;
#3645 = AXIS2_PLACEMENT_3D ( 'NONE', #495, #1639, #4277 ) ;
#3646 = VECTOR ( 'NONE', #1336, 1000.000000000000000 ) ;
#3647 = DIRECTION ( 'NONE',  ( 0.0000000000000000000, 1.000000000000000000, 0.0000000000000000000 ) ) ;
#3648 = DIRECTION ( 'NONE',  ( -1.000000000000000000, 0.0000000000000000000, 4.336808689942018200E-016 ) ) ;
#3649 = CARTESIAN_POINT ( 'NONE',  ( -0.4999999999999993300, 0.1499999999999999900, 1.199999999999999700 ) ) ;
#3650 = ORIENTED_EDGE ( 'NONE', *, *, #4885, .T. ) ;
#3651 = LINE ( 'NONE', #3171, #2628 ) ;
#3652 = DIRECTION ( 'NONE',  ( 0.0000000000000000000, 0.0000000000000000000, 1.000000000000000000 ) ) ;
#3653 = EDGE_CURVE ( 'NONE', #3529, #1815, #836, .T. ) ;
#3654 = MECHANICAL_DESIGN_GEOMETRIC_PRESENTATION_REPRESENTATION (  '', ( #1252 ), #3881 ) ;
#3655 = ADVANCED_FACE ( 'NONE', ( #1598 ), #4685, .F. ) ;
#3656 = PRESENTATION_STYLE_ASSIGNMENT (( #754 ) ) ;
#3657 = VERTEX_POINT ( 'NONE', #4233 ) ;
#3658 = CARTESIAN_POINT ( 'NONE',  ( -0.3499999999999989800, 0.1499999999999999900, 1.449999999999999300 ) ) ;
#3659 = ORIENTED_EDGE ( 'NONE', *, *, #1508, .T. ) ;
#3660 = PRESENTATION_LAYER_ASSIGNMENT (  '', '', ( #2891 ) ) ;
#3661 = DIRECTION ( 'NONE',  ( 0.0000000000000000000, -1.000000000000000000, 0.0000000000000000000 ) ) ;
#3662 = CARTESIAN_POINT ( 'NONE',  ( -1.049999999999999600, 0.8499999999999999800, -1.199999999999999700 ) ) ;
#3663 = VERTEX_POINT ( 'NONE', #3808 ) ;
#3664 = DIRECTION ( 'NONE',  ( 0.0000000000000000000, 1.000000000000000000, 0.0000000000000000000 ) ) ;
#3665 = EDGE_LOOP ( 'NONE', ( #2083, #3225, #1033, #471, #4161 ) ) ;
#3666 = ORIENTED_EDGE ( 'NONE', *, *, #946, .F. ) ;
#3667 = VECTOR ( 'NONE', #2963, 1000.000000000000000 ) ;
#3668 = DIRECTION ( 'NONE',  ( 1.000000000000000000, 0.0000000000000000000, -4.336808689942018200E-016 ) ) ;
#3669 = LINE ( 'NONE', #906, #2649 ) ;
#3670 = EDGE_LOOP ( 'NONE', ( #315, #1933, #2328, #4843, #221 ) ) ;
#3671 = CARTESIAN_POINT ( 'NONE',  ( 0.7500000000000002200, 0.1000000000000000100, -0.6250000000000000000 ) ) ;
#3672 = FACE_OUTER_BOUND ( 'NONE', #4023, .T. ) ;
#3673 = DIRECTION ( 'NONE',  ( 0.0000000000000000000, -1.000000000000000000, 0.0000000000000000000 ) ) ;
#3674 = FACE_OUTER_BOUND ( 'NONE', #3900, .T. ) ;
#3675 = ADVANCED_FACE ( 'NONE', ( #474 ), #1527, .F. ) ;
#3676 = ORIENTED_EDGE ( 'NONE', *, *, #946, .T. ) ;
#3677 = FILL_AREA_STYLE ('',( #2533 ) ) ;
#3678 = CARTESIAN_POINT ( 'NONE',  ( -1.370000000000000100, 0.0000000000000000000, 0.1499999999999999700 ) ) ;
#3679 = VECTOR ( 'NONE', #157, 1000.000000000000000 ) ;
#3680 = EDGE_CURVE ( 'NONE', #1188, #2511, #4502, .T. ) ;
#3681 = DIRECTION ( 'NONE',  ( -0.0000000000000000000, 0.0000000000000000000, -1.000000000000000000 ) ) ;
#3682 = EDGE_CURVE ( 'NONE', #2095, #3181, #3733, .T. ) ;
#3683 = ORIENTED_EDGE ( 'NONE', *, *, #1641, .F. ) ;
#3684 = EDGE_LOOP ( 'NONE', ( #3760, #1765, #3845, #3387 ) ) ;
#3685 =( GEOMETRIC_REPRESENTATION_CONTEXT ( 3 ) GLOBAL_UNCERTAINTY_ASSIGNED_CONTEXT ( ( #2076 ) ) GLOBAL_UNIT_ASSIGNED_CONTEXT ( ( #1298, #3961, #2833 ) ) REPRESENTATION_CONTEXT ( 'NONE', 'WORKASPACE' ) );
#3686 = VECTOR ( 'NONE', #2795, 1000.000000000000000 ) ;
#3687 = VECTOR ( 'NONE', #875, 1000.000000000000000 ) ;
#3688 =( NAMED_UNIT ( * ) PLANE_ANGLE_UNIT ( ) SI_UNIT ( $, .RADIAN. ) );
#3689 = DIRECTION ( 'NONE',  ( 1.000000000000000000, 0.0000000000000000000, 0.0000000000000000000 ) ) ;
#3690 = ORIENTED_EDGE ( 'NONE', *, *, #3085, .F. ) ;
#3691 = VECTOR ( 'NONE', #3133, 1000.000000000000000 ) ;
#3692 = CARTESIAN_POINT ( 'NONE',  ( -1.049999999999999600, 0.8499999999999999800, -1.049999999999999800 ) ) ;
#3693 = EDGE_LOOP ( 'NONE', ( #1140, #2264, #3011, #2260 ) ) ;
#3694 = SURFACE_SIDE_STYLE ('',( #2488 ) ) ;
#3695 = FACE_OUTER_BOUND ( 'NONE', #1163, .T. ) ;
#3696 = FILL_AREA_STYLE ('',( #1357 ) ) ;
#3697 = ORIENTED_EDGE ( 'NONE', *, *, #674, .F. ) ;
#3698 = ADVANCED_FACE ( 'NONE', ( #3550 ), #4581, .F. ) ;
#3699 = MANIFOLD_SOLID_BREP ( 'Housing ', #1775 ) ;
#3700 = ORIENTED_EDGE ( 'NONE', *, *, #1187, .T. ) ;
#3701 = LINE ( 'NONE', #2873, #1315 ) ;
#3702 = ORIENTED_EDGE ( 'NONE', *, *, #4049, .T. ) ;
#3703 = ORIENTED_EDGE ( 'NONE', *, *, #3383, .F. ) ;
#3704 = LINE ( 'NONE', #2297, #746 ) ;
#3705 = CARTESIAN_POINT ( 'NONE',  ( -0.1499999999999993000, 0.1499999999999999700, 1.199999999999999700 ) ) ;
#3706 = DIRECTION ( 'NONE',  ( 0.0000000000000000000, 1.000000000000000000, 0.0000000000000000000 ) ) ;
#3707 = EDGE_CURVE ( 'NONE', #457, #2511, #4386, .T. ) ;
#3708 = ORIENTED_EDGE ( 'NONE', *, *, #4832, .F. ) ;
#3709 = EDGE_CURVE ( 'NONE', #931, #3214, #4100, .T. ) ;
#3710 = VERTEX_POINT ( 'NONE', #1700 ) ;
#3711 = CARTESIAN_POINT ( 'NONE',  ( -0.1499999999999993000, 0.1499999999999999700, -1.370000000000000100 ) ) ;
#3712 = CARTESIAN_POINT ( 'NONE',  ( -1.199999999999999500, 0.6500000000000000200, 0.6499999999999999100 ) ) ;
#3713 = CARTESIAN_POINT ( 'NONE',  ( 1.370000000000000100, 0.1499999999999999900, -1.370000000000000100 ) ) ;
#3714 = EDGE_LOOP ( 'NONE', ( #1867, #2782, #1119, #179 ) ) ;
#3715 = CARTESIAN_POINT ( 'NONE',  ( 0.6500000000000005800, 0.1499999999999999900, 1.199999999999999700 ) ) ;
#3716 = EDGE_CURVE ( 'NONE', #2165, #2400, #2178, .T. ) ;
#3717 = AXIS2_PLACEMENT_3D ( 'NONE', #3712, #1736, #3648 ) ;
#3718 = EDGE_LOOP ( 'NONE', ( #821, #2452, #4641, #112 ) ) ;
#3719 = EDGE_CURVE ( 'NONE', #444, #1266, #3231, .T. ) ;
#3720 = EDGE_LOOP ( 'NONE', ( #2397, #1409, #2203, #4407, #3479 ) ) ;
#3721 = DIRECTION ( 'NONE',  ( -1.000000000000000000, 0.0000000000000000000, 0.0000000000000000000 ) ) ;
#3722 = ORIENTED_EDGE ( 'NONE', *, *, #4829, .F. ) ;
#3723 = ORIENTED_EDGE ( 'NONE', *, *, #470, .T. ) ;
#3724 = CARTESIAN_POINT ( 'NONE',  ( 1.199999999999999500, 0.1499999999999999700, 0.6499999999999999100 ) ) ;
#3725 = AXIS2_PLACEMENT_3D ( 'NONE', #626, #307, #1383 ) ;
#3726 = CARTESIAN_POINT ( 'NONE',  ( -0.6249999999999997800, 0.1000000000000000100, 0.6249999999999997800 ) ) ;
#3727 = ADVANCED_FACE ( 'NONE', ( #4333 ), #529, .F. ) ;
#3728 = VERTEX_POINT ( 'NONE', #2438 ) ;
#3729 = CARTESIAN_POINT ( 'NONE',  ( -0.4999999999999993300, 0.1499999999999999900, 1.199999999999999700 ) ) ;
#3730 = FACE_OUTER_BOUND ( 'NONE', #208, .T. ) ;
#3731 = DIRECTION ( 'NONE',  ( 0.0000000000000000000, 1.000000000000000000, 0.0000000000000000000 ) ) ;
#3732 = DIRECTION ( 'NONE',  ( 0.0000000000000000000, -1.000000000000000000, 0.0000000000000000000 ) ) ;
#3733 = CIRCLE ( 'NONE', #1005, 0.1250000000000000000 ) ;
#3734 = FACE_OUTER_BOUND ( 'NONE', #1671, .T. ) ;
#3735 = EDGE_LOOP ( 'NONE', ( #4290, #4505, #1100, #4104 ) ) ;
#3736 = DIRECTION ( 'NONE',  ( -1.301042606982605300E-015, 0.0000000000000000000, -1.000000000000000000 ) ) ;
#3737 = VERTEX_POINT ( 'NONE', #555 ) ;
#3738 = DIRECTION ( 'NONE',  ( 0.0000000000000000000, 0.0000000000000000000, 1.000000000000000000 ) ) ;
#3739 = CARTESIAN_POINT ( 'NONE',  ( 1.450000000000000000, 0.8999999999999998000, -1.449999999999999700 ) ) ;
#3740 = APPLICATION_CONTEXT ( 'automotive_design' ) ;
#3741 = FACE_OUTER_BOUND ( 'NONE', #4860, .T. ) ;
#3742 = ORIENTED_EDGE ( 'NONE', *, *, #3146, .T. ) ;
#3743 = DIRECTION ( 'NONE',  ( 0.0000000000000000000, 1.000000000000000000, 0.0000000000000000000 ) ) ;
#3744 = EDGE_CURVE ( 'NONE', #956, #444, #1593, .T. ) ;
#3745 = VECTOR ( 'NONE', #1479, 1000.000000000000000 ) ;
#3746 = AXIS2_PLACEMENT_3D ( 'NONE', #4523, #3706, #3758 ) ;
#3747 = DIRECTION ( 'NONE',  ( -0.0000000000000000000, 1.000000000000000000, -0.0000000000000000000 ) ) ;
#3748 = EDGE_LOOP ( 'NONE', ( #1856, #3401, #1971, #3043 ) ) ;
#3749 = FACE_OUTER_BOUND ( 'NONE', #2479, .T. ) ;
#3750 = LINE ( 'NONE', #4388, #2604 ) ;
#3751 = DIRECTION ( 'NONE',  ( 1.000000000000000000, 0.0000000000000000000, -2.990902544787599100E-016 ) ) ;
#3752 = VECTOR ( 'NONE', #4205, 1000.000000000000000 ) ;
#3753 = EDGE_CURVE ( 'NONE', #1498, #3490, #468, .T. ) ;
#3754 = VECTOR ( 'NONE', #53, 1000.000000000000000 ) ;
#3755 = CARTESIAN_POINT ( 'NONE',  ( -1.049999999999999600, 0.1499999999999999700, -0.3500000000000000300 ) ) ;
#3756 = ORIENTED_EDGE ( 'NONE', *, *, #3276, .T. ) ;
#3757 = CARTESIAN_POINT ( 'NONE',  ( 1.370000000000000100, 0.1499999999999999900, -1.370000000000000100 ) ) ;
#3758 = DIRECTION ( 'NONE',  ( 0.0000000000000000000, 0.0000000000000000000, 1.000000000000000000 ) ) ;
#3759 = VERTEX_POINT ( 'NONE', #4727 ) ;
#3760 = ORIENTED_EDGE ( 'NONE', *, *, #1039, .F. ) ;
#3761 = LINE ( 'NONE', #1484, #4887 ) ;
#3762 = CARTESIAN_POINT ( 'NONE',  ( 0.3500000000000007000, 0.1499999999999999700, 1.199999999999999700 ) ) ;
#3763 = CARTESIAN_POINT ( 'NONE',  ( 1.370000000000000100, 0.1499999999999999900, -1.370000000000000100 ) ) ;
#3764 = ORIENTED_EDGE ( 'NONE', *, *, #1583, .T. ) ;
#3765 = ORIENTED_EDGE ( 'NONE', *, *, #1541, .F. ) ;
#3766 = DIRECTION ( 'NONE',  ( -0.0000000000000000000, -0.0000000000000000000, 1.000000000000000000 ) ) ;
#3767 = CARTESIAN_POINT ( 'NONE',  ( -0.4999999999999993300, 0.1499999999999999700, 1.049999999999999800 ) ) ;
#3768 = ORIENTED_EDGE ( 'NONE', *, *, #2907, .T. ) ;
#3769 = VECTOR ( 'NONE', #4276, 1000.000000000000000 ) ;
#3770 = ORIENTED_EDGE ( 'NONE', *, *, #4228, .F. ) ;
#3771 = SURFACE_STYLE_FILL_AREA ( #4875 ) ;
#3772 = ORIENTED_EDGE ( 'NONE', *, *, #3937, .T. ) ;
#3773 = DIRECTION ( 'NONE',  ( 1.000000000000000000, 0.0000000000000000000, 4.336808689942018200E-016 ) ) ;
#3774 = DIRECTION ( 'NONE',  ( 0.0000000000000000000, 0.0000000000000000000, -1.000000000000000000 ) ) ;
#3775 = EDGE_CURVE ( 'NONE', #3478, #2882, #3361, .T. ) ;
#3776 = EDGE_CURVE ( 'NONE', #1782, #1031, #1338, .T. ) ;
#3777 = ORIENTED_EDGE ( 'NONE', *, *, #4857, .T. ) ;
#3778 = CARTESIAN_POINT ( 'NONE',  ( -1.049999999999999600, 0.8499999999999999800, -1.049999999999999800 ) ) ;
#3779 = CARTESIAN_POINT ( 'NONE',  ( -1.370000000000000100, -0.0000000000000000000, -0.3500000000000000300 ) ) ;
#3780 = CARTESIAN_POINT ( 'NONE',  ( -1.199999999999999500, 0.1499999999999999700, 0.3499999999999999200 ) ) ;
#3781 = DIRECTION ( 'NONE',  ( 0.0000000000000000000, -0.0000000000000000000, 1.000000000000000000 ) ) ;
#3782 = ORIENTED_EDGE ( 'NONE', *, *, #191, .F. ) ;
#3783 = DIRECTION ( 'NONE',  ( 0.0000000000000000000, 0.0000000000000000000, 1.000000000000000000 ) ) ;
#3784 = AXIS2_PLACEMENT_3D ( 'NONE', #3568, #2002, #2387 ) ;
#3785 = EDGE_CURVE ( 'NONE', #2400, #2165, #1528, .T. ) ;
#3786 = ORIENTED_EDGE ( 'NONE', *, *, #4480, .T. ) ;
#3787 = AXIS2_PLACEMENT_3D ( 'NONE', #822, #3837, #422 ) ;
#3788 = VECTOR ( 'NONE', #607, 1000.000000000000000 ) ;
#3789 = DIRECTION ( 'NONE',  ( 0.0000000000000000000, 1.000000000000000000, 0.0000000000000000000 ) ) ;
#3790 = VECTOR ( 'NONE', #3983, 1000.000000000000000 ) ;
#3791 = VERTEX_POINT ( 'NONE', #3154 ) ;
#3792 = FILL_AREA_STYLE_COLOUR ( '', #2711 ) ;
#3793 = CARTESIAN_POINT ( 'NONE',  ( 1.199999999999999500, 0.0000000000000000000, -0.6500000000000001300 ) ) ;
#3794 = LINE ( 'NONE', #4904, #2590 ) ;
#3795 = DIRECTION ( 'NONE',  ( 1.000000000000000000, -0.0000000000000000000, 0.0000000000000000000 ) ) ;
#3796 = CIRCLE ( 'NONE', #1989, 0.1499999999999999700 ) ;
#3797 = PLANE ( 'NONE',  #3244 ) ;
#3798 = ORIENTED_EDGE ( 'NONE', *, *, #3097, .F. ) ;
#3799 = FACE_OUTER_BOUND ( 'NONE', #3819, .T. ) ;
#3800 = ADVANCED_FACE ( 'NONE', ( #3486 ), #352, .F. ) ;
#3801 = CARTESIAN_POINT ( 'NONE',  ( 6.505213034913026600E-016, 0.1499999999999999700, 1.199999999999999700 ) ) ;
#3802 = ORIENTED_EDGE ( 'NONE', *, *, #4139, .T. ) ;
#3803 = LINE ( 'NONE', #989, #1955 ) ;
#3804 = EDGE_CURVE ( 'NONE', #217, #3945, #2302, .T. ) ;
#3805 = CARTESIAN_POINT ( 'NONE',  ( 0.1500000000000006100, 0.1499999999999999900, -1.370000000000000100 ) ) ;
#3806 = CARTESIAN_POINT ( 'NONE',  ( 0.5000000000000006700, 0.0000000000000000000, 1.199999999999999700 ) ) ;
#3807 = CIRCLE ( 'NONE', #2433, 0.1499999999999999700 ) ;
#3808 = CARTESIAN_POINT ( 'NONE',  ( 0.7500000000000002200, 0.1000000000000000100, 0.6250000000000000000 ) ) ;
#3809 = EDGE_CURVE ( 'NONE', #1860, #4602, #1105, .T. ) ;
#3810 = AXIS2_PLACEMENT_3D ( 'NONE', #4274, #3886, #463 ) ;
#3811 = DIRECTION ( 'NONE',  ( -1.000000000000000000, 0.0000000000000000000, -4.336808689942018200E-016 ) ) ;
#3812 = MECHANICAL_DESIGN_GEOMETRIC_PRESENTATION_REPRESENTATION (  '', ( #1255 ), #4426 ) ;
#3813 = EDGE_CURVE ( 'NONE', #1664, #2177, #3299, .T. ) ;
#3814 = DIRECTION ( 'NONE',  ( 0.0000000000000000000, 0.0000000000000000000, -1.000000000000000000 ) ) ;
#3815 = FACE_OUTER_BOUND ( 'NONE', #370, .T. ) ;
#3816 =( LENGTH_UNIT ( ) NAMED_UNIT ( * ) SI_UNIT ( .MILLI., .METRE. ) );
#3817 = FACE_OUTER_BOUND ( 'NONE', #1539, .T. ) ;
#3818 = DIRECTION ( 'NONE',  ( 0.0000000000000000000, 0.0000000000000000000, 1.000000000000000000 ) ) ;
#3819 = EDGE_LOOP ( 'NONE', ( #337, #876, #4784, #1922 ) ) ;
#3820 = AXIS2_PLACEMENT_3D ( 'NONE', #639, #2912, #656 ) ;
#3821 = ORIENTED_EDGE ( 'NONE', *, *, #1958, .T. ) ;
#3822 = EDGE_LOOP ( 'NONE', ( #3659, #1681, #2757, #4788 ) ) ;
#3823 = DIRECTION ( 'NONE',  ( 0.0000000000000000000, -0.0000000000000000000, 1.000000000000000000 ) ) ;
#3824 = DIRECTION ( 'NONE',  ( 0.0000000000000000000, 0.0000000000000000000, -1.000000000000000000 ) ) ;
#3825 = DIRECTION ( 'NONE',  ( 1.000000000000000000, 0.0000000000000000000, -4.336808689942018200E-016 ) ) ;
#3826 = ADVANCED_FACE ( 'NONE', ( #3062 ), #4328, .T. ) ;
#3827 = EDGE_LOOP ( 'NONE', ( #1873, #2596, #1604, #3922 ) ) ;
#3828 = CARTESIAN_POINT ( 'NONE',  ( 1.199999999999999500, 0.6500000000000000200, 0.6499999999999999100 ) ) ;
#3829 = LINE ( 'NONE', #3849, #2276 ) ;
#3830 = PLANE ( 'NONE',  #199 ) ;
#3831 = CARTESIAN_POINT ( 'NONE',  ( 0.6500000000000005800, 0.1499999999999999900, -1.199999999999999700 ) ) ;
#3832 = ORIENTED_EDGE ( 'NONE', *, *, #2826, .T. ) ;
#3833 = VERTEX_POINT ( 'NONE', #542 ) ;
#3834 = DIRECTION ( 'NONE',  ( -1.000000000000000000, 0.0000000000000000000, 4.336808689942018200E-016 ) ) ;
#3835 = CARTESIAN_POINT ( 'NONE',  ( 1.370000000000000100, 0.1499999999999999900, 0.3500000000000000300 ) ) ;
#3836 = EDGE_LOOP ( 'NONE', ( #2084, #2841, #4007, #2050 ) ) ;
#3837 = DIRECTION ( 'NONE',  ( 0.0000000000000000000, -1.000000000000000000, 0.0000000000000000000 ) ) ;
#3838 = ORIENTED_EDGE ( 'NONE', *, *, #598, .F. ) ;
#3839 = ORIENTED_EDGE ( 'NONE', *, *, #4857, .F. ) ;
#3840 = ORIENTED_EDGE ( 'NONE', *, *, #674, .T. ) ;
#3841 = PLANE ( 'NONE',  #3419 ) ;
#3842 = EDGE_CURVE ( 'NONE', #212, #4289, #294, .T. ) ;
#3843 = EDGE_CURVE ( 'NONE', #333, #4194, #1400, .T. ) ;
#3844 = EDGE_LOOP ( 'NONE', ( #1447, #2369, #99, #4580 ) ) ;
#3845 = ORIENTED_EDGE ( 'NONE', *, *, #4171, .F. ) ;
#3846 = CARTESIAN_POINT ( 'NONE',  ( -0.4999999999999993300, 0.1499999999999999900, -1.199999999999999700 ) ) ;
#3847 = CARTESIAN_POINT ( 'NONE',  ( 0.3500000000000007000, 0.0000000000000000000, -1.370000000000000100 ) ) ;
#3848 = DIRECTION ( 'NONE',  ( -0.0000000000000000000, -0.0000000000000000000, -1.000000000000000000 ) ) ;
#3849 = CARTESIAN_POINT ( 'NONE',  ( -1.049999999999999600, 0.1499999999999999700, -0.3500000000000000300 ) ) ;
#3850 = FACE_OUTER_BOUND ( 'NONE', #1133, .T. ) ;
#3851 = DIRECTION ( 'NONE',  ( 0.0000000000000000000, 1.000000000000000000, -0.0000000000000000000 ) ) ;
#3852 = EDGE_CURVE ( 'NONE', #3759, #3047, #4266, .T. ) ;
#3853 = DIRECTION ( 'NONE',  ( 1.000000000000000000, 0.0000000000000000000, -0.0000000000000000000 ) ) ;
#3854 = PRESENTATION_STYLE_ASSIGNMENT (( #3432 ) ) ;
#3855 = LINE ( 'NONE', #4237, #4571 ) ;
#3856 = MANIFOLD_SOLID_BREP ( 'Pin 5', #1245 ) ;
#3857 = EDGE_LOOP ( 'NONE', ( #2064, #2554, #2973, #511 ) ) ;
#3858 = CARTESIAN_POINT ( 'NONE',  ( -1.199999999999999500, 0.6500000000000000200, 0.1499999999999998600 ) ) ;
#3859 = PLANE ( 'NONE',  #2661 ) ;
#3860 = ORIENTED_EDGE ( 'NONE', *, *, #1224, .F. ) ;
#3861 = DIRECTION ( 'NONE',  ( 1.000000000000000000, -0.0000000000000000000, -4.336808689942017700E-016 ) ) ;
#3862 = CARTESIAN_POINT ( 'NONE',  ( 0.6250000000000002200, 0.0000000000000000000, -0.7499999999999998900 ) ) ;
#3863 = PLANE ( 'NONE',  #3810 ) ;
#3864 = VERTEX_POINT ( 'NONE', #2529 ) ;
#3865 = DIRECTION ( 'NONE',  ( 0.0000000000000000000, 1.000000000000000000, 0.0000000000000000000 ) ) ;
#3866 = DIRECTION ( 'NONE',  ( -1.000000000000000000, 0.0000000000000000000, 0.0000000000000000000 ) ) ;
#3867 = VECTOR ( 'NONE', #1950, 1000.000000000000000 ) ;
#3868 = CARTESIAN_POINT ( 'NONE',  ( 1.370000000000000100, 0.0000000000000000000, -0.6500000000000001300 ) ) ;
#3869 = EDGE_LOOP ( 'NONE', ( #1507, #2926, #1254, #4115 ) ) ;
#3870 = FACE_OUTER_BOUND ( 'NONE', #1293, .T. ) ;
#3871 = ORIENTED_EDGE ( 'NONE', *, *, #2978, .T. ) ;
#3872 = EDGE_CURVE ( 'NONE', #4225, #4645, #3913, .T. ) ;
#3873 = CIRCLE ( 'NONE', #2693, 0.1499999999999999700 ) ;
#3874 = AXIS2_PLACEMENT_3D ( 'NONE', #2565, #2949, #1469 ) ;
#3875 = CARTESIAN_POINT ( 'NONE',  ( -1.199999999999999500, 0.0000000000000000000, -0.1500000000000000800 ) ) ;
#3876 = ORIENTED_EDGE ( 'NONE', *, *, #3084, .F. ) ;
#3877 = LINE ( 'NONE', #1568, #489 ) ;
#3878 = ORIENTED_EDGE ( 'NONE', *, *, #1215, .T. ) ;
#3879 = LINE ( 'NONE', #4865, #852 ) ;
#3880 = DIRECTION ( 'NONE',  ( 4.336808689942018200E-016, 0.0000000000000000000, -1.000000000000000000 ) ) ;
#3881 =( GEOMETRIC_REPRESENTATION_CONTEXT ( 3 ) GLOBAL_UNCERTAINTY_ASSIGNED_CONTEXT ( ( #2658 ) ) GLOBAL_UNIT_ASSIGNED_CONTEXT ( ( #181, #4357, #935 ) ) REPRESENTATION_CONTEXT ( 'NONE', 'WORKASPACE' ) );
#3882 = ORIENTED_EDGE ( 'NONE', *, *, #3314, .T. ) ;
#3883 = LINE ( 'NONE', #1079, #2856 ) ;
#3884 = DIRECTION ( 'NONE',  ( -1.000000000000000000, 0.0000000000000000000, -4.336808689942018200E-016 ) ) ;
#3885 = EDGE_CURVE ( 'NONE', #3864, #1003, #3, .T. ) ;
#3886 = DIRECTION ( 'NONE',  ( 2.602085213965210600E-016, 0.0000000000000000000, -1.000000000000000000 ) ) ;
#3887 = LINE ( 'NONE', #676, #3946 ) ;
#3888 = DIRECTION ( 'NONE',  ( 0.0000000000000000000, -0.0000000000000000000, 1.000000000000000000 ) ) ;
#3889 = ORIENTED_EDGE ( 'NONE', *, *, #3937, .F. ) ;
#3890 = VERTEX_POINT ( 'NONE', #2512 ) ;
#3891 = CARTESIAN_POINT ( 'NONE',  ( -0.1499999999999990000, 0.1499999999999999900, 1.449999999999999700 ) ) ;
#3892 = VECTOR ( 'NONE', #1733, 1000.000000000000000 ) ;
#3893 = ORIENTED_EDGE ( 'NONE', *, *, #2423, .T. ) ;
#3894 = ORIENTED_EDGE ( 'NONE', *, *, #3809, .F. ) ;
#3895 = CARTESIAN_POINT ( 'NONE',  ( 0.5000000000000006700, 0.0000000000000000000, -1.199999999999999700 ) ) ;
#3896 = DIRECTION ( 'NONE',  ( 0.0000000000000000000, 0.0000000000000000000, -1.000000000000000000 ) ) ;
#3897 = CYLINDRICAL_SURFACE ( 'NONE', #2797, 0.1499999999999999700 ) ;
#3898 = ORIENTED_EDGE ( 'NONE', *, *, #2205, .T. ) ;
#3899 = ORIENTED_EDGE ( 'NONE', *, *, #416, .F. ) ;
#3900 = EDGE_LOOP ( 'NONE', ( #1806, #4780, #322, #2157 ) ) ;
#3901 = CARTESIAN_POINT ( 'NONE',  ( -0.3499999999999992000, 0.1499999999999999900, 1.370000000000000100 ) ) ;
#3902 = CARTESIAN_POINT ( 'NONE',  ( 1.199999999999999500, 0.0000000000000000000, 0.1499999999999998600 ) ) ;
#3903 = CARTESIAN_POINT ( 'NONE',  ( 1.370000000000000100, 0.0000000000000000000, -1.370000000000000100 ) ) ;
#3904 = ADVANCED_FACE ( 'NONE', ( #114 ), #2501, .T. ) ;
#3905 = EDGE_LOOP ( 'NONE', ( #2996, #374, #4537, #2703 ) ) ;
#3906 = VERTEX_POINT ( 'NONE', #2546 ) ;
#3907 = DIRECTION ( 'NONE',  ( 1.000000000000000000, 0.0000000000000000000, -1.301042606982605300E-015 ) ) ;
#3908 = EDGE_LOOP ( 'NONE', ( #1300, #239, #2132, #2496 ) ) ;
#3909 = CARTESIAN_POINT ( 'NONE',  ( 0.3500000000000010300, 0.0000000000000000000, 1.449999999999999700 ) ) ;
#3910 = FILL_AREA_STYLE_COLOUR ( '', #2548 ) ;
#3911 = EDGE_CURVE ( 'NONE', #3728, #2505, #1654, .T. ) ;
#3912 = AXIS2_PLACEMENT_3D ( 'NONE', #4439, #1433, #995 ) ;
#3913 = LINE ( 'NONE', #4791, #288 ) ;
#3914 = LINE ( 'NONE', #591, #1827 ) ;
#3915 = ORIENTED_EDGE ( 'NONE', *, *, #4671, .T. ) ;
#3916 = DIRECTION ( 'NONE',  ( 1.000000000000000000, 0.0000000000000000000, -0.0000000000000000000 ) ) ;
#3917 = DIRECTION ( 'NONE',  ( -0.0000000000000000000, -1.000000000000000000, -0.0000000000000000000 ) ) ;
#3918 = AXIS2_PLACEMENT_3D ( 'NONE', #1667, #2026, #4666 ) ;
#3919 = VECTOR ( 'NONE', #2964, 1000.000000000000000 ) ;
#3920 = LINE ( 'NONE', #3739, #405 ) ;
#3921 = UNCERTAINTY_MEASURE_WITH_UNIT (LENGTH_MEASURE( 1.000000000000000100E-005 ), #4046, 'distance_accuracy_value', 'NONE');
#3922 = ORIENTED_EDGE ( 'NONE', *, *, #3680, .T. ) ;
#3923 = CARTESIAN_POINT ( 'NONE',  ( 0.6250000000000002200, 0.1000000000000000100, 0.7500000000000000000 ) ) ;
#3924 = LINE ( 'NONE', #2762, #1658 ) ;
#3925 = VERTEX_POINT ( 'NONE', #3236 ) ;
#3926 = VECTOR ( 'NONE', #1171, 1000.000000000000000 ) ;
#3927 = ADVANCED_FACE ( 'NONE', ( #1882 ), #4445, .T. ) ;
#3928 = ORIENTED_EDGE ( 'NONE', *, *, #1958, .F. ) ;
#3929 = DIRECTION ( 'NONE',  ( 0.0000000000000000000, 0.0000000000000000000, -1.000000000000000000 ) ) ;
#3930 = LINE ( 'NONE', #3017, #1483 ) ;
#3931 = DIRECTION ( 'NONE',  ( -0.0000000000000000000, -1.000000000000000000, -0.0000000000000000000 ) ) ;
#3932 = CARTESIAN_POINT ( 'NONE',  ( -1.370000000000000100, 0.0000000000000000000, 0.6500000000000000200 ) ) ;
#3933 = ORIENTED_EDGE ( 'NONE', *, *, #3949, .T. ) ;
#3934 = DIRECTION ( 'NONE',  ( 0.0000000000000000000, -1.000000000000000000, 0.0000000000000000000 ) ) ;
#3935 = FACE_OUTER_BOUND ( 'NONE', #3869, .T. ) ;
#3936 = LINE ( 'NONE', #4752, #259 ) ;
#3937 = EDGE_CURVE ( 'NONE', #3334, #1787, #2645, .T. ) ;
#3938 = EDGE_CURVE ( 'NONE', #1649, #4849, #1049, .T. ) ;
#3939 = MECHANICAL_DESIGN_GEOMETRIC_PRESENTATION_REPRESENTATION (  '', ( #1643 ), #635 ) ;
#3940 = VECTOR ( 'NONE', #3271, 1000.000000000000000 ) ;
#3941 = ORIENTED_EDGE ( 'NONE', *, *, #1672, .T. ) ;
#3942 = CARTESIAN_POINT ( 'NONE',  ( 1.370000000000000100, 0.1499999999999999700, -0.1499999999999999900 ) ) ;
#3943 = DIRECTION ( 'NONE',  ( 0.0000000000000000000, 1.000000000000000000, 0.0000000000000000000 ) ) ;
#3944 = ORIENTED_EDGE ( 'NONE', *, *, #2995, .T. ) ;
#3945 = VERTEX_POINT ( 'NONE', #4465 ) ;
#3946 = VECTOR ( 'NONE', #289, 1000.000000000000000 ) ;
#3947 = DIRECTION ( 'NONE',  ( 0.0000000000000000000, -1.000000000000000000, 0.0000000000000000000 ) ) ;
#3948 = DIRECTION ( 'NONE',  ( 1.734723475976810100E-015, 0.0000000000000000000, 1.000000000000000000 ) ) ;
#3949 = EDGE_CURVE ( 'NONE', #1724, #1860, #766, .T. ) ;
#3950 = EDGE_LOOP ( 'NONE', ( #930, #1766, #3770, #1377 ) ) ;
#3951 = PLANE ( 'NONE',  #4584 ) ;
#3952 = PLANE ( 'NONE',  #4086 ) ;
#3953 = CYLINDRICAL_SURFACE ( 'NONE', #4016, 0.1250000000000000000 ) ;
#3954 = CARTESIAN_POINT ( 'NONE',  ( 0.6250000000000002200, 0.1000000000000000100, -0.7500000000000000000 ) ) ;
#3955 = ADVANCED_FACE ( 'NONE', ( #4566 ), #4680, .F. ) ;
#3956 = LINE ( 'NONE', #1446, #1378 ) ;
#3957 = PLANE ( 'NONE',  #2092 ) ;
#3958 = ORIENTED_EDGE ( 'NONE', *, *, #1150, .F. ) ;
#3959 = ORIENTED_EDGE ( 'NONE', *, *, #2716, .T. ) ;
#3960 = ADVANCED_FACE ( 'NONE', ( #4214 ), #983, .T. ) ;
#3961 =( NAMED_UNIT ( * ) PLANE_ANGLE_UNIT ( ) SI_UNIT ( $, .RADIAN. ) );
#3962 = DIRECTION ( 'NONE',  ( 0.0000000000000000000, 0.0000000000000000000, -1.000000000000000000 ) ) ;
#3963 = ORIENTED_EDGE ( 'NONE', *, *, #2463, .T. ) ;
#3964 = CARTESIAN_POINT ( 'NONE',  ( 1.370000000000000100, 0.6500000000000000200, -0.1499999999999999900 ) ) ;
#3965 = CARTESIAN_POINT ( 'NONE',  ( -0.6249999999999997800, 0.1000000000000000100, -0.6250000000000001100 ) ) ;
#3966 = ORIENTED_EDGE ( 'NONE', *, *, #2172, .F. ) ;
#3967 = DIRECTION ( 'NONE',  ( -0.0000000000000000000, 1.000000000000000000, -0.0000000000000000000 ) ) ;
#3968 = DIRECTION ( 'NONE',  ( 1.734723475976810100E-015, 0.0000000000000000000, 1.000000000000000000 ) ) ;
#3969 = EDGE_CURVE ( 'NONE', #2580, #232, #2772, .T. ) ;
#3970 = EDGE_CURVE ( 'NONE', #2349, #1366, #2657, .T. ) ;
#3971 = AXIS2_PLACEMENT_3D ( 'NONE', #1669, #4295, #4367 ) ;
#3972 = CIRCLE ( 'NONE', #3874, 0.1499999999999999700 ) ;
#3973 = DIRECTION ( 'NONE',  ( 0.0000000000000000000, 0.0000000000000000000, 1.000000000000000000 ) ) ;
#3974 = VECTOR ( 'NONE', #3947, 1000.000000000000000 ) ;
#3975 = DIRECTION ( 'NONE',  ( -1.000000000000000000, 0.0000000000000000000, 0.0000000000000000000 ) ) ;
#3976 = EDGE_CURVE ( 'NONE', #1521, #362, #3972, .T. ) ;
#3977 = LINE ( 'NONE', #848, #4267 ) ;
#3978 = AXIS2_PLACEMENT_3D ( 'NONE', #2164, #4808, #2801 ) ;
#3979 = ADVANCED_FACE ( 'NONE', ( #2174 ), #2055, .F. ) ;
#3980 = EDGE_LOOP ( 'NONE', ( #3584, #2009, #250, #2629 ) ) ;
#3981 = EDGE_CURVE ( 'NONE', #4190, #4092, #1887, .T. ) ;
#3982 = LINE ( 'NONE', #1440, #999 ) ;
#3983 = DIRECTION ( 'NONE',  ( 0.0000000000000000000, -1.000000000000000000, 0.0000000000000000000 ) ) ;
#3984 = ADVANCED_FACE ( 'NONE', ( #1395 ), #1818, .F. ) ;
#3985 = DIRECTION ( 'NONE',  ( 0.0000000000000000000, 0.0000000000000000000, -1.000000000000000000 ) ) ;
#3986 = ORIENTED_EDGE ( 'NONE', *, *, #231, .F. ) ;
#3987 = DIRECTION ( 'NONE',  ( 0.0000000000000000000, 0.0000000000000000000, 1.000000000000000000 ) ) ;
#3988 = LINE ( 'NONE', #3593, #72 ) ;
#3989 = DIRECTION ( 'NONE',  ( -0.0000000000000000000, -1.000000000000000000, 0.0000000000000000000 ) ) ;
#3990 = ORIENTED_EDGE ( 'NONE', *, *, #634, .T. ) ;
#3991 = CYLINDRICAL_SURFACE ( 'NONE', #2522, 0.1499999999999999700 ) ;
#3992 = LINE ( 'NONE', #4613, #2321 ) ;
#3993 = ORIENTED_EDGE ( 'NONE', *, *, #73, .T. ) ;
#3994 = LINE ( 'NONE', #4905, #898 ) ;
#3995 = VECTOR ( 'NONE', #3092, 1000.000000000000000 ) ;
#3996 = DIRECTION ( 'NONE',  ( 0.0000000000000000000, -1.000000000000000000, 0.0000000000000000000 ) ) ;
#3997 = ORIENTED_EDGE ( 'NONE', *, *, #2424, .F. ) ;
#3998 = VECTOR ( 'NONE', #3423, 1000.000000000000000 ) ;
#3999 = CARTESIAN_POINT ( 'NONE',  ( 0.5000000000000006700, 0.0000000000000000000, 1.199999999999999700 ) ) ;
#4000 = VERTEX_POINT ( 'NONE', #708 ) ;
#4001 = DIRECTION ( 'NONE',  ( 0.0000000000000000000, 1.000000000000000000, 0.0000000000000000000 ) ) ;
#4002 = ORIENTED_EDGE ( 'NONE', *, *, #2685, .F. ) ;
#4003 = CIRCLE ( 'NONE', #2664, 0.1250000000000000000 ) ;
#4004 = DIRECTION ( 'NONE',  ( 0.0000000000000000000, 0.0000000000000000000, -1.000000000000000000 ) ) ;
#4005 = EDGE_LOOP ( 'NONE', ( #1911, #4726, #1699, #143 ) ) ;
#4006 = EDGE_CURVE ( 'NONE', #3181, #1153, #2296, .T. ) ;
#4007 = ORIENTED_EDGE ( 'NONE', *, *, #2017, .T. ) ;
#4008 = ADVANCED_FACE ( 'NONE', ( #3674 ), #4137, .F. ) ;
#4009 = EDGE_LOOP ( 'NONE', ( #2005, #969, #4160, #4895 ) ) ;
#4010 = PRESENTATION_LAYER_ASSIGNMENT (  '', '', ( #2887 ) ) ;
#4011 = DIRECTION ( 'NONE',  ( 4.336808689942018200E-016, -0.0000000000000000000, 1.000000000000000000 ) ) ;
#4012 = SURFACE_STYLE_FILL_AREA ( #1360 ) ;
#4013 = ORIENTED_EDGE ( 'NONE', *, *, #1905, .T. ) ;
#4014 = ORIENTED_EDGE ( 'NONE', *, *, #1156, .F. ) ;
#4015 = ORIENTED_EDGE ( 'NONE', *, *, #1067, .T. ) ;
#4016 = AXIS2_PLACEMENT_3D ( 'NONE', #2761, #1620, #908 ) ;
#4017 = VECTOR ( 'NONE', #3865, 1000.000000000000000 ) ;
#4018 = CARTESIAN_POINT ( 'NONE',  ( -0.1499999999999990000, 0.0000000000000000000, 1.449999999999999700 ) ) ;
#4019 = DIRECTION ( 'NONE',  ( -0.0000000000000000000, -0.0000000000000000000, 1.000000000000000000 ) ) ;
#4020 = AXIS2_PLACEMENT_3D ( 'NONE', #2536, #4449, #688 ) ;
#4021 = VECTOR ( 'NONE', #3934, 1000.000000000000000 ) ;
#4022 = CARTESIAN_POINT ( 'NONE',  ( 1.370000000000000100, 0.1499999999999999900, -1.370000000000000100 ) ) ;
#4023 = EDGE_LOOP ( 'NONE', ( #340, #3142, #3302, #3756 ) ) ;
#4024 = CARTESIAN_POINT ( 'NONE',  ( 1.370000000000000100, 0.0000000000000000000, 0.3500000000000000300 ) ) ;
#4025 = DIRECTION ( 'NONE',  ( 0.0000000000000000000, 0.0000000000000000000, 1.000000000000000000 ) ) ;
#4026 = ORIENTED_EDGE ( 'NONE', *, *, #1925, .T. ) ;
#4027 = CARTESIAN_POINT ( 'NONE',  ( -1.049999999999999600, 0.8499999999999999800, -1.199999999999999700 ) ) ;
#4028 = CARTESIAN_POINT ( 'NONE',  ( -0.4999999999999993300, 0.6500000000000001300, -1.199999999999999700 ) ) ;
#4029 = DIRECTION ( 'NONE',  ( -0.0000000000000000000, -1.000000000000000000, -0.0000000000000000000 ) ) ;
#4030 = ORIENTED_EDGE ( 'NONE', *, *, #349, .F. ) ;
#4031 = EDGE_LOOP ( 'NONE', ( #497, #2315, #947, #2151 ) ) ;
#4032 = COLOUR_RGB ( '',0.7960784313725489700, 0.8235294117647058400, 0.9372549019607843100 ) ;
#4033 = CARTESIAN_POINT ( 'NONE',  ( 0.0000000000000000000, 0.0000000000000000000, 0.0000000000000000000 ) ) ;
#4034 = SURFACE_STYLE_USAGE ( .BOTH. , #1322 ) ;
#4035 = ADVANCED_FACE ( 'NONE', ( #2410 ), #1848, .T. ) ;
#4036 = DIRECTION ( 'NONE',  ( 0.0000000000000000000, 1.000000000000000000, -0.0000000000000000000 ) ) ;
#4037 = LINE ( 'NONE', #3013, #3667 ) ;
#4038 = CARTESIAN_POINT ( 'NONE',  ( -1.199999999999999500, 0.0000000000000000000, -0.1500000000000000800 ) ) ;
#4039 = FACE_OUTER_BOUND ( 'NONE', #1094, .T. ) ;
#4040 = CARTESIAN_POINT ( 'NONE',  ( -1.199999999999999500, 0.0000000000000000000, 0.1499999999999998600 ) ) ;
#4041 = EDGE_CURVE ( 'NONE', #2724, #3426, #647, .T. ) ;
#4042 = EDGE_CURVE ( 'NONE', #2241, #744, #12, .T. ) ;
#4043 = ORIENTED_EDGE ( 'NONE', *, *, #2085, .F. ) ;
#4044 = FACE_OUTER_BOUND ( 'NONE', #4674, .T. ) ;
#4045 =( NAMED_UNIT ( * ) SI_UNIT ( $, .STERADIAN. ) SOLID_ANGLE_UNIT ( ) );
#4046 =( LENGTH_UNIT ( ) NAMED_UNIT ( * ) SI_UNIT ( .MILLI., .METRE. ) );
#4047 = AXIS2_PLACEMENT_3D ( 'NONE', #4303, #2014, #4684 ) ;
#4048 = LINE ( 'NONE', #3262, #2185 ) ;
#4049 = EDGE_CURVE ( 'NONE', #593, #2541, #4037, .T. ) ;
#4050 = ORIENTED_EDGE ( 'NONE', *, *, #3776, .T. ) ;
#4051 = DIRECTION ( 'NONE',  ( 1.000000000000000000, 0.0000000000000000000, -4.336808689942018200E-016 ) ) ;
#4052 = SURFACE_STYLE_USAGE ( .BOTH. , #1351 ) ;
#4053 = PLANE ( 'NONE',  #14 ) ;
#4054 = LINE ( 'NONE', #1717, #1010 ) ;
#4055 = DIRECTION ( 'NONE',  ( 0.0000000000000000000, 0.0000000000000000000, 1.000000000000000000 ) ) ;
#4056 = AXIS2_PLACEMENT_3D ( 'NONE', #3528, #95, #3510 ) ;
#4057 = EDGE_LOOP ( 'NONE', ( #51, #878, #637, #3328 ) ) ;
#4058 = DIRECTION ( 'NONE',  ( 0.0000000000000000000, -0.0000000000000000000, 1.000000000000000000 ) ) ;
#4059 = VECTOR ( 'NONE', #3732, 1000.000000000000000 ) ;
#4060 = CIRCLE ( 'NONE', #2155, 0.1250000000000000000 ) ;
#4061 = DIRECTION ( 'NONE',  ( 1.000000000000000000, 0.0000000000000000000, 4.336808689942018200E-016 ) ) ;
#4062 = ADVANCED_FACE ( 'NONE', ( #2524 ), #2577, .T. ) ;
#4063 = SURFACE_STYLE_FILL_AREA ( #1522 ) ;
#4064 = DIRECTION ( 'NONE',  ( 0.0000000000000000000, -1.000000000000000000, 0.0000000000000000000 ) ) ;
#4065 = CIRCLE ( 'NONE', #4118, 0.1499999999999999700 ) ;
#4066 = VECTOR ( 'NONE', #3143, 1000.000000000000000 ) ;
#4067 = PLANE ( 'NONE',  #3485 ) ;
#4068 = ORIENTED_EDGE ( 'NONE', *, *, #325, .F. ) ;
#4069 = ORIENTED_EDGE ( 'NONE', *, *, #2781, .F. ) ;
#4070 = EDGE_CURVE ( 'NONE', #3516, #3548, #3546, .T. ) ;
#4071 = VECTOR ( 'NONE', #4757, 1000.000000000000000 ) ;
#4072 = CARTESIAN_POINT ( 'NONE',  ( -1.370000000000000100, -0.0000000000000000000, -0.6500000000000000200 ) ) ;
#4073 = CARTESIAN_POINT ( 'NONE',  ( -0.6249999999999997800, -0.0000000000000000000, -0.6250000000000001100 ) ) ;
#4074 = CLOSED_SHELL ( 'NONE', ( #2374, #2640, #4755, #3541, #1580, #2071 ) ) ;
#4075 = DIRECTION ( 'NONE',  ( -0.0000000000000000000, -1.000000000000000000, -0.0000000000000000000 ) ) ;
#4076 = LINE ( 'NONE', #173, #2158 ) ;
#4077 = DIRECTION ( 'NONE',  ( 0.0000000000000000000, 0.0000000000000000000, -1.000000000000000000 ) ) ;
#4078 = EDGE_CURVE ( 'NONE', #2688, #1475, #523, .T. ) ;
#4079 = AXIS2_PLACEMENT_3D ( 'NONE', #4310, #220, #2859 ) ;
#4080 = UNCERTAINTY_MEASURE_WITH_UNIT (LENGTH_MEASURE( 1.000000000000000100E-005 ), #2161, 'distance_accuracy_value', 'NONE');
#4081 = AXIS2_PLACEMENT_3D ( 'NONE', #1730, #233, #1335 ) ;
#4082 = EDGE_CURVE ( 'NONE', #1216, #506, #3920, .T. ) ;
#4083 = ORIENTED_EDGE ( 'NONE', *, *, #3804, .T. ) ;
#4084 = CARTESIAN_POINT ( 'NONE',  ( 0.6500000000000005800, 0.6500000000000001300, -1.370000000000000100 ) ) ;
#4085 = DIRECTION ( 'NONE',  ( 0.0000000000000000000, 0.0000000000000000000, -1.000000000000000000 ) ) ;
#4086 = AXIS2_PLACEMENT_3D ( 'NONE', #986, #3644, #4397 ) ;
#4087 = VERTEX_POINT ( 'NONE', #360 ) ;
#4088 = DIRECTION ( 'NONE',  ( 0.0000000000000000000, -0.0000000000000000000, 1.000000000000000000 ) ) ;
#4089 = CARTESIAN_POINT ( 'NONE',  ( 1.199999999999999500, 0.0000000000000000000, 0.3499999999999999200 ) ) ;
#4090 = PLANE ( 'NONE',  #203 ) ;
#4091 = ORIENTED_EDGE ( 'NONE', *, *, #3058, .T. ) ;
#4092 = VERTEX_POINT ( 'NONE', #3705 ) ;
#4093 = SHAPE_DEFINITION_REPRESENTATION ( #546, #4593 ) ;
#4094 = FACE_OUTER_BOUND ( 'NONE', #279, .T. ) ;
#4095 = CARTESIAN_POINT ( 'NONE',  ( 1.199999999999999500, 0.6500000000000000200, -1.084202172485504400E-016 ) ) ;
#4096 = PLANE ( 'NONE',  #3912 ) ;
#4097 = LINE ( 'NONE', #2839, #884 ) ;
#4098 = ORIENTED_EDGE ( 'NONE', *, *, #922, .T. ) ;
#4099 = DIRECTION ( 'NONE',  ( 0.0000000000000000000, 1.000000000000000000, 0.0000000000000000000 ) ) ;
#4100 = LINE ( 'NONE', #4219, #3974 ) ;
#4101 = DIRECTION ( 'NONE',  ( 0.0000000000000000000, 1.000000000000000000, 0.0000000000000000000 ) ) ;
#4102 = CARTESIAN_POINT ( 'NONE',  ( 0.5000000000000006700, 0.1499999999999999900, 1.199999999999999700 ) ) ;
#4103 = VECTOR ( 'NONE', #1184, 1000.000000000000000 ) ;
#4104 = ORIENTED_EDGE ( 'NONE', *, *, #4381, .F. ) ;
#4105 = CARTESIAN_POINT ( 'NONE',  ( -0.4999999999999993300, 0.1499999999999999900, -1.199999999999999700 ) ) ;
#4106 = EDGE_CURVE ( 'NONE', #4302, #4511, #1278, .T. ) ;
#4107 = CARTESIAN_POINT ( 'NONE',  ( 1.199999999999999500, 0.0000000000000000000, 0.4999999999999998900 ) ) ;
#4108 = EDGE_CURVE ( 'NONE', #4330, #1677, #3796, .T. ) ;
#4109 = AXIS2_PLACEMENT_3D ( 'NONE', #4690, #2405, #4675 ) ;
#4110 = ORIENTED_EDGE ( 'NONE', *, *, #3583, .T. ) ;
#4111 = DIRECTION ( 'NONE',  ( 0.0000000000000000000, 0.0000000000000000000, -1.000000000000000000 ) ) ;
#4112 = DIRECTION ( 'NONE',  ( 0.0000000000000000000, 1.000000000000000000, 0.0000000000000000000 ) ) ;
#4113 = VECTOR ( 'NONE', #3438, 1000.000000000000000 ) ;
#4114 = ADVANCED_FACE ( 'NONE', ( #1159 ), #3053, .T. ) ;
#4115 = ORIENTED_EDGE ( 'NONE', *, *, #1894, .T. ) ;
#4116 = SURFACE_SIDE_STYLE ('',( #2742 ) ) ;
#4117 = AXIS2_PLACEMENT_3D ( 'NONE', #1962, #3880, #461 ) ;
#4118 = AXIS2_PLACEMENT_3D ( 'NONE', #2867, #3989, #4004 ) ;
#4119 = VECTOR ( 'NONE', #528, 1000.000000000000000 ) ;
#4120 = CARTESIAN_POINT ( 'NONE',  ( 0.6250000000000002200, 0.0000000000000000000, -0.7500000000000000000 ) ) ;
#4121 = ORIENTED_EDGE ( 'NONE', *, *, #2077, .T. ) ;
#4122 = VECTOR ( 'NONE', #4473, 1000.000000000000000 ) ;
#4123 = DIRECTION ( 'NONE',  ( 0.0000000000000000000, 1.000000000000000000, 0.0000000000000000000 ) ) ;
#4124 = LINE ( 'NONE', #1582, #369 ) ;
#4125 = DIRECTION ( 'NONE',  ( 0.0000000000000000000, 0.0000000000000000000, -1.000000000000000000 ) ) ;
#4126 = EDGE_LOOP ( 'NONE', ( #426, #276, #1190, #3212 ) ) ;
#4127 = VECTOR ( 'NONE', #519, 1000.000000000000000 ) ;
#4128 = EDGE_LOOP ( 'NONE', ( #3065, #118, #1866, #2831 ) ) ;
#4129 = DIRECTION ( 'NONE',  ( 1.000000000000000000, -0.0000000000000000000, 0.0000000000000000000 ) ) ;
#4130 = CYLINDRICAL_SURFACE ( 'NONE', #1165, 0.1499999999999999700 ) ;
#4131 = DIRECTION ( 'NONE',  ( 0.0000000000000000000, -1.000000000000000000, 0.0000000000000000000 ) ) ;
#4132 = EDGE_LOOP ( 'NONE', ( #4030, #1612, #737, #2086, #4222 ) ) ;
#4133 = VERTEX_POINT ( 'NONE', #22 ) ;
#4134 = ORIENTED_EDGE ( 'NONE', *, *, #2173, .F. ) ;
#4135 = DIRECTION ( 'NONE',  ( 0.0000000000000000000, -0.0000000000000000000, -1.000000000000000000 ) ) ;
#4136 = CARTESIAN_POINT ( 'NONE',  ( 1.450000000000000000, 5.901219330881975400, 1.450000000000000200 ) ) ;
#4137 = PLANE ( 'NONE',  #4204 ) ;
#4138 = ADVANCED_FACE ( 'NONE', ( #4094 ), #458, .F. ) ;
#4139 = EDGE_CURVE ( 'NONE', #4141, #4682, #2943, .T. ) ;
#4140 = ORIENTED_EDGE ( 'NONE', *, *, #4779, .T. ) ;
#4141 = VERTEX_POINT ( 'NONE', #843 ) ;
#4142 = DIRECTION ( 'NONE',  ( 1.301042606982605300E-015, -0.0000000000000000000, 1.000000000000000000 ) ) ;
#4143 = CARTESIAN_POINT ( 'NONE',  ( 1.199999999999999500, 0.0000000000000000000, 0.3499999999999999200 ) ) ;
#4144 = CARTESIAN_POINT ( 'NONE',  ( 0.6250000000000002200, 0.1000000000000000100, 0.6250000000000000000 ) ) ;
#4145 = VECTOR ( 'NONE', #4721, 1000.000000000000000 ) ;
#4146 = VERTEX_POINT ( 'NONE', #3805 ) ;
#4147 = CARTESIAN_POINT ( 'NONE',  ( 6.505213034913026600E-016, 0.6500000000000001300, 1.199999999999999700 ) ) ;
#4148 = CARTESIAN_POINT ( 'NONE',  ( -1.199999999999999500, 0.0000000000000000000, 0.3499999999999999200 ) ) ;
#4149 =( GEOMETRIC_REPRESENTATION_CONTEXT ( 3 ) GLOBAL_UNCERTAINTY_ASSIGNED_CONTEXT ( ( #3921 ) ) GLOBAL_UNIT_ASSIGNED_CONTEXT ( ( #4046, #1764, #4813 ) ) REPRESENTATION_CONTEXT ( 'NONE', 'WORKASPACE' ) );
#4150 = VERTEX_POINT ( 'NONE', #4215 ) ;
#4151 = EDGE_CURVE ( 'NONE', #1981, #932, #2780, .T. ) ;
#4152 = CARTESIAN_POINT ( 'NONE',  ( 1.370000000000000100, 0.0000000000000000000, -0.1499999999999999700 ) ) ;
#4153 = AXIS2_PLACEMENT_3D ( 'NONE', #3498, #4337, #4299 ) ;
#4154 = CARTESIAN_POINT ( 'NONE',  ( -0.1499999999999990000, 0.1499999999999999700, 1.449999999999999700 ) ) ;
#4155 = APPLICATION_CONTEXT ( 'automotive_design' ) ;
#4156 = DIRECTION ( 'NONE',  ( 0.0000000000000000000, 0.0000000000000000000, -1.000000000000000000 ) ) ;
#4157 = DIRECTION ( 'NONE',  ( -1.000000000000000000, 0.0000000000000000000, -0.0000000000000000000 ) ) ;
#4158 = CARTESIAN_POINT ( 'NONE',  ( 0.6250000000000002200, 0.1000000000000000100, 0.7500000000000000000 ) ) ;
#4159 = VECTOR ( 'NONE', #2620, 1000.000000000000000 ) ;
#4160 = ORIENTED_EDGE ( 'NONE', *, *, #1750, .T. ) ;
#4161 = ORIENTED_EDGE ( 'NONE', *, *, #3976, .F. ) ;
#4162 = CARTESIAN_POINT ( 'NONE',  ( -1.049999999999999600, 0.9000000000000000200, -1.199999999999999700 ) ) ;
#4163 = AXIS2_PLACEMENT_3D ( 'NONE', #3729, #4495, #2202 ) ;
#4164 = CARTESIAN_POINT ( 'NONE',  ( 0.5000000000000006700, 0.1499999999999999700, 1.199999999999999700 ) ) ;
#4165 = FACE_OUTER_BOUND ( 'NONE', #2613, .T. ) ;
#4166 = UNCERTAINTY_MEASURE_WITH_UNIT (LENGTH_MEASURE( 1.000000000000000100E-005 ), #2550, 'distance_accuracy_value', 'NONE');
#4167 = ORIENTED_EDGE ( 'NONE', *, *, #3009, .F. ) ;
#4168 = DIRECTION ( 'NONE',  ( -0.0000000000000000000, -1.000000000000000000, -0.0000000000000000000 ) ) ;
#4169 = DIRECTION ( 'NONE',  ( 0.0000000000000000000, 0.0000000000000000000, -1.000000000000000000 ) ) ;
#4170 = CARTESIAN_POINT ( 'NONE',  ( 1.370000000000000100, 0.1499999999999999700, -0.6500000000000000200 ) ) ;
#4171 = EDGE_CURVE ( 'NONE', #3529, #4141, #1999, .T. ) ;
#4172 = FACE_OUTER_BOUND ( 'NONE', #1683, .T. ) ;
#4173 = VERTEX_POINT ( 'NONE', #778 ) ;
#4174 = CARTESIAN_POINT ( 'NONE',  ( 1.199999999999999500, 0.1499999999999999700, -0.3500000000000001400 ) ) ;
#4175 = CARTESIAN_POINT ( 'NONE',  ( 0.1500000000000009100, 0.1499999999999999900, 1.370000000000000100 ) ) ;
#4176 = CYLINDRICAL_SURFACE ( 'NONE', #2789, 0.1499999999999999700 ) ;
#4177 = AXIS2_PLACEMENT_3D ( 'NONE', #2777, #1983, #3538 ) ;
#4178 = VECTOR ( 'NONE', #2240, 1000.000000000000000 ) ;
#4179 = EDGE_LOOP ( 'NONE', ( #717, #1504, #2745, #475 ) ) ;
#4180 = FACE_OUTER_BOUND ( 'NONE', #243, .T. ) ;
#4181 = CARTESIAN_POINT ( 'NONE',  ( 1.199999999999999500, 0.0000000000000000000, -0.1500000000000000800 ) ) ;
#4182 = ORIENTED_EDGE ( 'NONE', *, *, #3842, .F. ) ;
#4183 = ORIENTED_EDGE ( 'NONE', *, *, #3969, .T. ) ;
#4184 = ADVANCED_FACE ( 'NONE', ( #4326 ), #4596, .F. ) ;
#4185 = LINE ( 'NONE', #499, #907 ) ;
#4186 = DIRECTION ( 'NONE',  ( 0.0000000000000000000, 0.0000000000000000000, -1.000000000000000000 ) ) ;
#4187 = DIRECTION ( 'NONE',  ( 1.000000000000000000, 0.0000000000000000000, 0.0000000000000000000 ) ) ;
#4188 = DIRECTION ( 'NONE',  ( 4.336808689942018200E-016, 0.0000000000000000000, 1.000000000000000000 ) ) ;
#4189 = ORIENTED_EDGE ( 'NONE', *, *, #1320, .F. ) ;
#4190 = VERTEX_POINT ( 'NONE', #1170 ) ;
#4191 = DIRECTION ( 'NONE',  ( 0.0000000000000000000, -1.000000000000000000, 0.0000000000000000000 ) ) ;
#4192 = FACE_OUTER_BOUND ( 'NONE', #1745, .T. ) ;
#4193 =( LENGTH_UNIT ( ) NAMED_UNIT ( * ) SI_UNIT ( .MILLI., .METRE. ) );
#4194 = VERTEX_POINT ( 'NONE', #2288 ) ;
#4195 = PLANE ( 'NONE',  #4809 ) ;
#4196 = LINE ( 'NONE', #3524, #3769 ) ;
#4197 = VERTEX_POINT ( 'NONE', #2323 ) ;
#4198 = PRESENTATION_STYLE_ASSIGNMENT (( #3319 ) ) ;
#4199 = EDGE_LOOP ( 'NONE', ( #2574, #1501, #4403, #3614 ) ) ;
#4200 = CARTESIAN_POINT ( 'NONE',  ( 1.370000000000000100, 0.1499999999999999900, -0.1499999999999999700 ) ) ;
#4201 = CARTESIAN_POINT ( 'NONE',  ( -1.199999999999999500, 0.1499999999999999700, 0.1499999999999998600 ) ) ;
#4202 = EDGE_CURVE ( 'NONE', #506, #4636, #775, .T. ) ;
#4203 = EDGE_CURVE ( 'NONE', #3031, #21, #1523, .T. ) ;
#4204 = AXIS2_PLACEMENT_3D ( 'NONE', #3331, #695, #330 ) ;
#4205 = DIRECTION ( 'NONE',  ( 0.0000000000000000000, -1.000000000000000000, 0.0000000000000000000 ) ) ;
#4206 = DIRECTION ( 'NONE',  ( 0.0000000000000000000, -1.000000000000000000, 0.0000000000000000000 ) ) ;
#4207 = CARTESIAN_POINT ( 'NONE',  ( -0.1499999999999993000, 0.1499999999999999700, -1.199999999999999700 ) ) ;
#4208 = AXIS2_PLACEMENT_3D ( 'NONE', #4421, #4077, #636 ) ;
#4209 = DIRECTION ( 'NONE',  ( 0.0000000000000000000, 1.000000000000000000, -0.0000000000000000000 ) ) ;
#4210 = EDGE_CURVE ( 'NONE', #3197, #3516, #654, .T. ) ;
#4211 = ADVANCED_FACE ( 'NONE', ( #994 ), #4389, .F. ) ;
#4212 = ORIENTED_EDGE ( 'NONE', *, *, #3583, .F. ) ;
#4213 = CARTESIAN_POINT ( 'NONE',  ( 0.3500000000000007000, 0.1499999999999999900, -1.199999999999999700 ) ) ;
#4214 = FACE_OUTER_BOUND ( 'NONE', #2935, .T. ) ;
#4215 = CARTESIAN_POINT ( 'NONE',  ( 1.450000000000000000, 0.0000000000000000000, -1.449999999999999700 ) ) ;
#4216 = CARTESIAN_POINT ( 'NONE',  ( 0.7500000000000002200, 0.0000000000000000000, -0.6250000000000000000 ) ) ;
#4217 = LINE ( 'NONE', #2024, #4854 ) ;
#4218 = ORIENTED_EDGE ( 'NONE', *, *, #3097, .T. ) ;
#4219 = CARTESIAN_POINT ( 'NONE',  ( 0.1500000000000006100, 0.6500000000000001300, -1.370000000000000100 ) ) ;
#4220 = CARTESIAN_POINT ( 'NONE',  ( -0.1499999999999993000, 0.1499999999999999900, -1.199999999999999700 ) ) ;
#4221 = FACE_OUTER_BOUND ( 'NONE', #3980, .T. ) ;
#4222 = ORIENTED_EDGE ( 'NONE', *, *, #4210, .F. ) ;
#4223 = LINE ( 'NONE', #1240, #893 ) ;
#4224 = CARTESIAN_POINT ( 'NONE',  ( 1.370000000000000100, 0.6500000000000000200, 0.6500000000000000200 ) ) ;
#4225 = VERTEX_POINT ( 'NONE', #3428 ) ;
#4226 = VECTOR ( 'NONE', #1884, 1000.000000000000000 ) ;
#4227 = UNCERTAINTY_MEASURE_WITH_UNIT (LENGTH_MEASURE( 1.000000000000000100E-005 ), #425, 'distance_accuracy_value', 'NONE');
#4228 = EDGE_CURVE ( 'NONE', #1430, #3833, #177, .T. ) ;
#4229 =( GEOMETRIC_REPRESENTATION_CONTEXT ( 3 ) GLOBAL_UNCERTAINTY_ASSIGNED_CONTEXT ( ( #633 ) ) GLOBAL_UNIT_ASSIGNED_CONTEXT ( ( #1822, #4468, #3311 ) ) REPRESENTATION_CONTEXT ( 'NONE', 'WORKASPACE' ) );
#4230 = ORIENTED_EDGE ( 'NONE', *, *, #1514, .F. ) ;
#4231 = DIRECTION ( 'NONE',  ( 0.0000000000000000000, 0.0000000000000000000, -1.000000000000000000 ) ) ;
#4232 = LINE ( 'NONE', #867, #1063 ) ;
#4233 = CARTESIAN_POINT ( 'NONE',  ( -0.1499999999999993000, 0.0000000000000000000, 1.199999999999999700 ) ) ;
#4234 = COLOUR_RGB ( '',0.7960784313725489700, 0.8235294117647058400, 0.9372549019607843100 ) ;
#4235 = EDGE_CURVE ( 'NONE', #2713, #1249, #2531, .T. ) ;
#4236 = AXIS2_PLACEMENT_3D ( 'NONE', #1697, #2852, #3166 ) ;
#4237 = CARTESIAN_POINT ( 'NONE',  ( -1.199999999999999500, 0.1499999999999999700, -0.1500000000000000800 ) ) ;
#4238 = EDGE_CURVE ( 'NONE', #4729, #2882, #1167, .T. ) ;
#4239 = DIRECTION ( 'NONE',  ( 1.000000000000000000, 0.0000000000000000000, 4.336808689942018200E-016 ) ) ;
#4240 = CARTESIAN_POINT ( 'NONE',  ( -0.4999999999999993300, 0.1499999999999999900, -1.199999999999999700 ) ) ;
#4241 = LINE ( 'NONE', #2499, #2969 ) ;
#4242 = ORIENTED_EDGE ( 'NONE', *, *, #3744, .T. ) ;
#4243 = ORIENTED_EDGE ( 'NONE', *, *, #168, .F. ) ;
#4244 = ORIENTED_EDGE ( 'NONE', *, *, #2345, .F. ) ;
#4245 = VECTOR ( 'NONE', #4408, 1000.000000000000000 ) ;
#4246 = DIRECTION ( 'NONE',  ( 0.0000000000000000000, -1.000000000000000000, 0.0000000000000000000 ) ) ;
#4247 = ORIENTED_EDGE ( 'NONE', *, *, #2826, .F. ) ;
#4248 = LINE ( 'NONE', #4630, #445 ) ;
#4249 = CARTESIAN_POINT ( 'NONE',  ( 1.370000000000000100, 0.1499999999999999900, -0.3500000000000000300 ) ) ;
#4250 = ORIENTED_EDGE ( 'NONE', *, *, #562, .F. ) ;
#4251 = ORIENTED_EDGE ( 'NONE', *, *, #2336, .F. ) ;
#4252 = CARTESIAN_POINT ( 'NONE',  ( -0.6499999999999990200, 0.1499999999999999700, 1.449999999999999700 ) ) ;
#4253 = DIRECTION ( 'NONE',  ( 1.000000000000000000, 0.0000000000000000000, 0.0000000000000000000 ) ) ;
#4254 = ADVANCED_FACE ( 'NONE', ( #2473 ), #487, .T. ) ;
#4255 = SURFACE_STYLE_FILL_AREA ( #3696 ) ;
#4256 = DIRECTION ( 'NONE',  ( -0.0000000000000000000, -1.000000000000000000, -0.0000000000000000000 ) ) ;
#4257 = ORIENTED_EDGE ( 'NONE', *, *, #2942, .T. ) ;
#4258 = ORIENTED_EDGE ( 'NONE', *, *, #2562, .T. ) ;
#4259 = EDGE_CURVE ( 'NONE', #2630, #593, #3233, .T. ) ;
#4260 = ORIENTED_EDGE ( 'NONE', *, *, #1993, .T. ) ;
#4261 = CARTESIAN_POINT ( 'NONE',  ( -0.1499999999999993000, 0.0000000000000000000, -1.199999999999999700 ) ) ;
#4262 = PLANE ( 'NONE',  #3384 ) ;
#4263 = PLANE ( 'NONE',  #2378 ) ;
#4264 = DIRECTION ( 'NONE',  ( -1.000000000000000000, 0.0000000000000000000, 0.0000000000000000000 ) ) ;
#4265 = CARTESIAN_POINT ( 'NONE',  ( -1.049999999999999600, 0.8499999999999999800, -0.8999999999999998000 ) ) ;
#4266 = LINE ( 'NONE', #590, #3424 ) ;
#4267 = VECTOR ( 'NONE', #3110, 1000.000000000000000 ) ;
#4268 = ORIENTED_EDGE ( 'NONE', *, *, #1576, .F. ) ;
#4269 = DIRECTION ( 'NONE',  ( -0.0000000000000000000, -0.0000000000000000000, 1.000000000000000000 ) ) ;
#4270 = VECTOR ( 'NONE', #363, 1000.000000000000000 ) ;
#4271 = ADVANCED_FACE ( 'NONE', ( #4221 ), #2356, .F. ) ;
#4272 = ORIENTED_EDGE ( 'NONE', *, *, #1067, .F. ) ;
#4273 = FACE_OUTER_BOUND ( 'NONE', #2747, .T. ) ;
#4274 = CARTESIAN_POINT ( 'NONE',  ( 0.6250000000000002200, 0.1000000000000000100, -0.7499999999999998900 ) ) ;
#4275 = VERTEX_POINT ( 'NONE', #4658 ) ;
#4276 = DIRECTION ( 'NONE',  ( 0.0000000000000000000, 0.0000000000000000000, -1.000000000000000000 ) ) ;
#4277 = DIRECTION ( 'NONE',  ( 0.0000000000000000000, 0.0000000000000000000, -1.000000000000000000 ) ) ;
#4278 = VECTOR ( 'NONE', #3916, 1000.000000000000000 ) ;
#4279 = DIRECTION ( 'NONE',  ( -0.0000000000000000000, -0.0000000000000000000, 1.000000000000000000 ) ) ;
#4280 = VERTEX_POINT ( 'NONE', #2767 ) ;
#4281 = EDGE_CURVE ( 'NONE', #3090, #3464, #3173, .T. ) ;
#4282 = EDGE_CURVE ( 'NONE', #797, #1861, #4751, .T. ) ;
#4283 = CIRCLE ( 'NONE', #4236, 0.1499999999999999700 ) ;
#4284 = AXIS2_PLACEMENT_3D ( 'NONE', #864, #2707, #3473 ) ;
#4285 = CARTESIAN_POINT ( 'NONE',  ( -0.3499999999999992000, 0.0000000000000000000, 1.370000000000000100 ) ) ;
#4286 = PLANE ( 'NONE',  #4047 ) ;
#4287 = DIRECTION ( 'NONE',  ( 0.0000000000000000000, -1.000000000000000000, 0.0000000000000000000 ) ) ;
#4288 = AXIS2_PLACEMENT_3D ( 'NONE', #3219, #4011, #4406 ) ;
#4289 = VERTEX_POINT ( 'NONE', #3875 ) ;
#4290 = ORIENTED_EDGE ( 'NONE', *, *, #792, .F. ) ;
#4291 = CARTESIAN_POINT ( 'NONE',  ( -1.370000000000000100, 0.0000000000000000000, 0.1499999999999999700 ) ) ;
#4292 = EDGE_CURVE ( 'NONE', #1811, #4491, #2233, .T. ) ;
#4293 = CARTESIAN_POINT ( 'NONE',  ( 0.6250000000000002200, 0.1000000000000000100, 0.7500000000000000000 ) ) ;
#4294 = VECTOR ( 'NONE', #1418, 1000.000000000000000 ) ;
#4295 = DIRECTION ( 'NONE',  ( -4.336808689942018200E-016, 0.0000000000000000000, 1.000000000000000000 ) ) ;
#4296 = ORIENTED_EDGE ( 'NONE', *, *, #4151, .F. ) ;
#4297 = ADVANCED_FACE ( 'NONE', ( #3301 ), #115, .T. ) ;
#4298 = ORIENTED_EDGE ( 'NONE', *, *, #3872, .T. ) ;
#4299 = DIRECTION ( 'NONE',  ( 1.000000000000000000, 0.0000000000000000000, -0.0000000000000000000 ) ) ;
#4300 = AXIS2_PLACEMENT_3D ( 'NONE', #1135, #4637, #1181 ) ;
#4301 = LINE ( 'NONE', #2327, #96 ) ;
#4302 = VERTEX_POINT ( 'NONE', #4285 ) ;
#4303 = CARTESIAN_POINT ( 'NONE',  ( -1.199999999999999500, 0.6500000000000000200, 0.1499999999999998600 ) ) ;
#4304 = VECTOR ( 'NONE', #3127, 1000.000000000000000 ) ;
#4305 = CARTESIAN_POINT ( 'NONE',  ( 0.6250000000000002200, 0.1000000000000000100, 0.7500000000000000000 ) ) ;
#4306 = ORIENTED_EDGE ( 'NONE', *, *, #4640, .F. ) ;
#4307 = VECTOR ( 'NONE', #2871, 1000.000000000000000 ) ;
#4308 = CLOSED_SHELL ( 'NONE', ( #3285, #3411, #1124, #4350 ) ) ;
#4309 = CARTESIAN_POINT ( 'NONE',  ( 0.6500000000000005800, 0.0000000000000000000, -1.199999999999999700 ) ) ;
#4310 = CARTESIAN_POINT ( 'NONE',  ( -0.4999999999999993300, 0.0000000000000000000, 1.199999999999999700 ) ) ;
#4311 = CARTESIAN_POINT ( 'NONE',  ( 1.370000000000000100, 0.0000000000000000000, -0.3500000000000000300 ) ) ;
#4312 = DIRECTION ( 'NONE',  ( 1.000000000000000000, 0.0000000000000000000, -0.0000000000000000000 ) ) ;
#4313 = EDGE_CURVE ( 'NONE', #1888, #1649, #3553, .T. ) ;
#4314 = CARTESIAN_POINT ( 'NONE',  ( 0.3500000000000007000, 0.1499999999999999900, 1.199999999999999700 ) ) ;
#4315 = AXIS2_PLACEMENT_3D ( 'NONE', #3172, #580, #3211 ) ;
#4316 = EDGE_LOOP ( 'NONE', ( #2443, #18, #738, #421, #1970, #209, #4629, #776 ) ) ;
#4317 = VERTEX_POINT ( 'NONE', #1596 ) ;
#4318 = CARTESIAN_POINT ( 'NONE',  ( -0.6249999999999997800, 0.1000000000000000100, -0.7500000000000002200 ) ) ;
#4319 = LINE ( 'NONE', #1470, #521 ) ;
#4320 = CARTESIAN_POINT ( 'NONE',  ( 0.3500000000000007000, 0.0000000000000000000, -1.199999999999999700 ) ) ;
#4321 = EDGE_CURVE ( 'NONE', #1287, #1206, #413, .T. ) ;
#4322 = AXIS2_PLACEMENT_3D ( 'NONE', #4747, #4691, #3170 ) ;
#4323 = ADVANCED_FACE ( 'NONE', ( #3363 ), #621, .T. ) ;
#4324 = PRODUCT_DEFINITION_FORMATION_WITH_SPECIFIED_SOURCE ( 'ANY', '', #3566, .NOT_KNOWN. ) ;
#4325 = EDGE_CURVE ( 'NONE', #1310, #1724, #4335, .T. ) ;
#4326 = FACE_OUTER_BOUND ( 'NONE', #3684, .T. ) ;
#4327 = FACE_OUTER_BOUND ( 'NONE', #620, .T. ) ;
#4328 = PLANE ( 'NONE',  #3413 ) ;
#4329 = PLANE ( 'NONE',  #1345 ) ;
#4330 = VERTEX_POINT ( 'NONE', #4906 ) ;
#4331 = CARTESIAN_POINT ( 'NONE',  ( 1.370000000000000100, 0.0000000000000000000, -1.370000000000000100 ) ) ;
#4332 = AXIS2_PLACEMENT_3D ( 'NONE', #4427, #2153, #3668 ) ;
#4333 = FACE_OUTER_BOUND ( 'NONE', #4548, .T. ) ;
#4334 = DIRECTION ( 'NONE',  ( -0.0000000000000000000, -0.0000000000000000000, -1.000000000000000000 ) ) ;
#4335 = LINE ( 'NONE', #1093, #1107 ) ;
#4336 = ORIENTED_EDGE ( 'NONE', *, *, #2338, .T. ) ;
#4337 = DIRECTION ( 'NONE',  ( 0.0000000000000000000, 0.0000000000000000000, 1.000000000000000000 ) ) ;
#4338 = FACE_OUTER_BOUND ( 'NONE', #3718, .T. ) ;
#4339 = VERTEX_POINT ( 'NONE', #3019 ) ;
#4340 = DIRECTION ( 'NONE',  ( 0.0000000000000000000, -1.000000000000000000, 0.0000000000000000000 ) ) ;
#4341 = LINE ( 'NONE', #2593, #2843 ) ;
#4342 = ORIENTED_EDGE ( 'NONE', *, *, #792, .T. ) ;
#4343 = DIRECTION ( 'NONE',  ( -0.0000000000000000000, -0.0000000000000000000, 1.000000000000000000 ) ) ;
#4344 = DIRECTION ( 'NONE',  ( 0.0000000000000000000, -1.000000000000000000, 0.0000000000000000000 ) ) ;
#4345 = VECTOR ( 'NONE', #4632, 1000.000000000000000 ) ;
#4346 = CARTESIAN_POINT ( 'NONE',  ( 1.199999999999999500, 0.6500000000000000200, -0.5000000000000001100 ) ) ;
#4347 = CARTESIAN_POINT ( 'NONE',  ( -0.6249999999999997800, 0.1000000000000000100, -0.6250000000000001100 ) ) ;
#4348 = VECTOR ( 'NONE', #3502, 1000.000000000000000 ) ;
#4349 = CARTESIAN_POINT ( 'NONE',  ( -1.370000000000000100, 0.1499999999999999900, -1.199999999999999700 ) ) ;
#4350 = ADVANCED_FACE ( 'NONE', ( #3118 ), #2675, .T. ) ;
#4351 = CIRCLE ( 'NONE', #1816, 0.1250000000000001100 ) ;
#4352 = EDGE_CURVE ( 'NONE', #1244, #728, #469, .T. ) ;
#4353 = EDGE_CURVE ( 'NONE', #4317, #2236, #2118, .T. ) ;
#4354 = ADVANCED_FACE ( 'NONE', ( #3734 ), #2988, .T. ) ;
#4355 = VECTOR ( 'NONE', #467, 1000.000000000000000 ) ;
#4356 = CARTESIAN_POINT ( 'NONE',  ( 1.199999999999999500, 0.6500000000000000200, -0.3500000000000001400 ) ) ;
#4357 =( NAMED_UNIT ( * ) PLANE_ANGLE_UNIT ( ) SI_UNIT ( $, .RADIAN. ) );
#4358 = VERTEX_POINT ( 'NONE', #365 ) ;
#4359 = ORIENTED_EDGE ( 'NONE', *, *, #3885, .T. ) ;
#4360 = VECTOR ( 'NONE', #4256, 1000.000000000000000 ) ;
#4361 = CARTESIAN_POINT ( 'NONE',  ( -0.6249999999999997800, 0.1000000000000000100, 0.6249999999999997800 ) ) ;
#4362 = PLANE ( 'NONE',  #2113 ) ;
#4363 = AXIS2_PLACEMENT_3D ( 'NONE', #3195, #4382, #4025 ) ;
#4364 = EDGE_LOOP ( 'NONE', ( #3082, #733, #2001, #1203 ) ) ;
#4365 = CARTESIAN_POINT ( 'NONE',  ( -0.6499999999999993600, 0.6500000000000001300, 1.199999999999999700 ) ) ;
#4366 = LINE ( 'NONE', #207, #4662 ) ;
#4367 = DIRECTION ( 'NONE',  ( 1.000000000000000000, 0.0000000000000000000, 4.336808689942018200E-016 ) ) ;
#4368 = ORIENTED_EDGE ( 'NONE', *, *, #63, .F. ) ;
#4369 = ORIENTED_EDGE ( 'NONE', *, *, #4006, .F. ) ;
#4370 = VERTEX_POINT ( 'NONE', #1460 ) ;
#4371 = ORIENTED_EDGE ( 'NONE', *, *, #2156, .T. ) ;
#4372 = DIRECTION ( 'NONE',  ( 0.0000000000000000000, 0.0000000000000000000, -1.000000000000000000 ) ) ;
#4373 = PLANE ( 'NONE',  #923 ) ;
#4374 = EDGE_LOOP ( 'NONE', ( #832, #895, #1274, #455 ) ) ;
#4375 = CARTESIAN_POINT ( 'NONE',  ( -1.049999999999999600, 0.8499999999999999800, -1.049999999999999800 ) ) ;
#4376 = ADVANCED_FACE ( 'NONE', ( #4628 ), #2303, .T. ) ;
#4377 = VERTEX_POINT ( 'NONE', #397 ) ;
#4378 = VERTEX_POINT ( 'NONE', #3435 ) ;
#4379 = CARTESIAN_POINT ( 'NONE',  ( -0.4999999999999993300, 0.0000000000000000000, 1.199999999999999700 ) ) ;
#4380 = CARTESIAN_POINT ( 'NONE',  ( -1.370000000000000100, 0.0000000000000000000, 0.3500000000000000300 ) ) ;
#4381 = EDGE_CURVE ( 'NONE', #2100, #2353, #1286, .T. ) ;
#4382 = DIRECTION ( 'NONE',  ( 0.0000000000000000000, -1.000000000000000000, 0.0000000000000000000 ) ) ;
#4383 = EDGE_CURVE ( 'NONE', #532, #3599, #1220, .T. ) ;
#4384 = LINE ( 'NONE', #3292, #2643 ) ;
#4385 = DIRECTION ( 'NONE',  ( 4.336808689942018200E-016, 0.0000000000000000000, -1.000000000000000000 ) ) ;
#4386 = LINE ( 'NONE', #2454, #1166 ) ;
#4387 = DIRECTION ( 'NONE',  ( 0.0000000000000000000, -1.000000000000000000, 0.0000000000000000000 ) ) ;
#4388 = CARTESIAN_POINT ( 'NONE',  ( 1.370000000000000100, 0.0000000000000000000, 1.370000000000000100 ) ) ;
#4389 = CYLINDRICAL_SURFACE ( 'NONE', #3060, 0.1499999999999999700 ) ;
#4390 = ORIENTED_EDGE ( 'NONE', *, *, #1894, .F. ) ;
#4391 = EDGE_CURVE ( 'NONE', #2695, #576, #182, .T. ) ;
#4392 = CYLINDRICAL_SURFACE ( 'NONE', #1337, 0.1499999999999999700 ) ;
#4393 = CARTESIAN_POINT ( 'NONE',  ( -1.049999999999999600, -0.0000000000000000000, -0.3500000000000000300 ) ) ;
#4394 = DIRECTION ( 'NONE',  ( 0.0000000000000000000, -0.0000000000000000000, 1.000000000000000000 ) ) ;
#4395 = DIRECTION ( 'NONE',  ( -1.734723475976810100E-015, 0.0000000000000000000, -1.000000000000000000 ) ) ;
#4396 = VERTEX_POINT ( 'NONE', #13 ) ;
#4397 = DIRECTION ( 'NONE',  ( -1.000000000000000000, 0.0000000000000000000, -0.0000000000000000000 ) ) ;
#4398 = AXIS2_PLACEMENT_3D ( 'NONE', #241, #2228, #3736 ) ;
#4399 = CARTESIAN_POINT ( 'NONE',  ( -1.370000000000000100, 0.0000000000000000000, -0.1499999999999999700 ) ) ;
#4400 = CARTESIAN_POINT ( 'NONE',  ( 1.199999999999999500, 0.0000000000000000000, 0.6499999999999999100 ) ) ;
#4401 = LINE ( 'NONE', #2317, #3014 ) ;
#4402 = CARTESIAN_POINT ( 'NONE',  ( -1.199999999999999500, 0.6500000000000000200, -0.1500000000000000800 ) ) ;
#4403 = ORIENTED_EDGE ( 'NONE', *, *, #3680, .F. ) ;
#4404 = LINE ( 'NONE', #3317, #306 ) ;
#4405 = ADVANCED_FACE ( 'NONE', ( #3612 ), #3797, .F. ) ;
#4406 = DIRECTION ( 'NONE',  ( 1.000000000000000000, 0.0000000000000000000, -4.336808689942018200E-016 ) ) ;
#4407 = ORIENTED_EDGE ( 'NONE', *, *, #4855, .F. ) ;
#4408 = DIRECTION ( 'NONE',  ( 1.000000000000000000, 0.0000000000000000000, 2.602085213965210600E-016 ) ) ;
#4409 = LINE ( 'NONE', #353, #2484 ) ;
#4410 = FACE_OUTER_BOUND ( 'NONE', #93, .T. ) ;
#4411 = CARTESIAN_POINT ( 'NONE',  ( 1.199999999999999500, 0.1499999999999999700, 0.3499999999999999200 ) ) ;
#4412 = LINE ( 'NONE', #3862, #3382 ) ;
#4413 = DIRECTION ( 'NONE',  ( 0.0000000000000000000, 1.000000000000000000, -0.0000000000000000000 ) ) ;
#4414 = ORIENTED_EDGE ( 'NONE', *, *, #2432, .T. ) ;
#4415 = DIRECTION ( 'NONE',  ( 0.0000000000000000000, -0.0000000000000000000, 1.000000000000000000 ) ) ;
#4416 = CARTESIAN_POINT ( 'NONE',  ( -1.199999999999999500, 0.1499999999999999700, -0.6500000000000001300 ) ) ;
#4417 = ORIENTED_EDGE ( 'NONE', *, *, #828, .T. ) ;
#4418 = CIRCLE ( 'NONE', #4363, 0.1250000000000001100 ) ;
#4419 = FACE_OUTER_BOUND ( 'NONE', #665, .T. ) ;
#4420 = ORIENTED_EDGE ( 'NONE', *, *, #4885, .F. ) ;
#4421 = CARTESIAN_POINT ( 'NONE',  ( 1.370000000000000100, 0.1499999999999999900, -1.370000000000000100 ) ) ;
#4422 = EDGE_CURVE ( 'NONE', #265, #3504, #1829, .T. ) ;
#4423 = MECHANICAL_DESIGN_GEOMETRIC_PRESENTATION_REPRESENTATION (  '', ( #3453 ), #4149 ) ;
#4424 = ORIENTED_EDGE ( 'NONE', *, *, #4614, .F. ) ;
#4425 = ORIENTED_EDGE ( 'NONE', *, *, #498, .F. ) ;
#4426 =( GEOMETRIC_REPRESENTATION_CONTEXT ( 3 ) GLOBAL_UNCERTAINTY_ASSIGNED_CONTEXT ( ( #3252 ) ) GLOBAL_UNIT_ASSIGNED_CONTEXT ( ( #4792, #2159, #1021 ) ) REPRESENTATION_CONTEXT ( 'NONE', 'WORKASPACE' ) );
#4427 = CARTESIAN_POINT ( 'NONE',  ( -1.199999999999999500, 0.6500000000000000200, 0.3499999999999999200 ) ) ;
#4428 = VERTEX_POINT ( 'NONE', #46 ) ;
#4429 = CARTESIAN_POINT ( 'NONE',  ( 1.370000000000000100, 0.0000000000000000000, 0.3500000000000000300 ) ) ;
#4430 =( GEOMETRIC_REPRESENTATION_CONTEXT ( 3 ) GLOBAL_UNCERTAINTY_ASSIGNED_CONTEXT ( ( #1341 ) ) GLOBAL_UNIT_ASSIGNED_CONTEXT ( ( #4193, #2583, #3353 ) ) REPRESENTATION_CONTEXT ( 'NONE', 'WORKASPACE' ) );
#4431 = CIRCLE ( 'NONE', #357, 0.1499999999999999700 ) ;
#4432 = CARTESIAN_POINT ( 'NONE',  ( -0.4999999999999993300, 0.0000000000000000000, 1.199999999999999700 ) ) ;
#4433 = ADVANCED_FACE ( 'NONE', ( #296 ), #1530, .T. ) ;
#4434 = VECTOR ( 'NONE', #2885, 1000.000000000000000 ) ;
#4435 =( NAMED_UNIT ( * ) SI_UNIT ( $, .STERADIAN. ) SOLID_ANGLE_UNIT ( ) );
#4436 = ORIENTED_EDGE ( 'NONE', *, *, #2402, .T. ) ;
#4437 = CARTESIAN_POINT ( 'NONE',  ( -0.6499999999999993600, 0.1499999999999999900, -1.370000000000000100 ) ) ;
#4438 = PLANE ( 'NONE',  #2758 ) ;
#4439 = CARTESIAN_POINT ( 'NONE',  ( 1.199999999999999500, 0.6500000000000000200, -0.1500000000000000800 ) ) ;
#4440 = ORIENTED_EDGE ( 'NONE', *, *, #2966, .T. ) ;
#4441 = CARTESIAN_POINT ( 'NONE',  ( 1.370000000000000100, 0.0000000000000000000, -1.370000000000000100 ) ) ;
#4442 = PRODUCT_DEFINITION_CONTEXT ( 'detailed design', #3740, 'design' ) ;
#4443 = CARTESIAN_POINT ( 'NONE',  ( -1.199999999999999500, 0.6500000000000000200, -0.1500000000000000800 ) ) ;
#4444 = CARTESIAN_POINT ( 'NONE',  ( -1.370000000000000100, -0.0000000000000000000, -1.370000000000000100 ) ) ;
#4445 = CYLINDRICAL_SURFACE ( 'NONE', #224, 0.1499999999999999700 ) ;
#4446 = DIRECTION ( 'NONE',  ( -1.000000000000000000, 0.0000000000000000000, 4.336808689942017700E-016 ) ) ;
#4447 = LINE ( 'NONE', #2480, #2411 ) ;
#4448 = EDGE_CURVE ( 'NONE', #439, #3663, #829, .T. ) ;
#4449 = DIRECTION ( 'NONE',  ( 0.0000000000000000000, 1.000000000000000000, 0.0000000000000000000 ) ) ;
#4450 = EDGE_CURVE ( 'NONE', #3737, #3463, #1711, .T. ) ;
#4451 = ORIENTED_EDGE ( 'NONE', *, *, #2940, .T. ) ;
#4452 = AXIS2_PLACEMENT_3D ( 'NONE', #1232, #1201, #2370 ) ;
#4453 = CARTESIAN_POINT ( 'NONE',  ( 1.370000000000000100, 0.0000000000000000000, 1.370000000000000100 ) ) ;
#4454 = VECTOR ( 'NONE', #186, 1000.000000000000000 ) ;
#4455 = DIRECTION ( 'NONE',  ( 1.734723475976810100E-015, 0.0000000000000000000, 1.000000000000000000 ) ) ;
#4456 = VECTOR ( 'NONE', #3848, 1000.000000000000000 ) ;
#4457 = ADVANCED_FACE ( 'NONE', ( #3063 ), #1340, .T. ) ;
#4458 = EDGE_LOOP ( 'NONE', ( #4424, #770, #356, #3535 ) ) ;
#4459 = DIRECTION ( 'NONE',  ( 1.734723475976810100E-015, 0.0000000000000000000, 1.000000000000000000 ) ) ;
#4460 = CARTESIAN_POINT ( 'NONE',  ( -0.1499999999999990000, 0.6500000000000001300, 1.449999999999999700 ) ) ;
#4461 = LINE ( 'NONE', #3954, #1348 ) ;
#4462 = EDGE_CURVE ( 'NONE', #2630, #1137, #2835, .T. ) ;
#4463 = VERTEX_POINT ( 'NONE', #2360 ) ;
#4464 = DIRECTION ( 'NONE',  ( 1.000000000000000000, 0.0000000000000000000, 0.0000000000000000000 ) ) ;
#4465 = CARTESIAN_POINT ( 'NONE',  ( 0.1500000000000006100, 0.1499999999999999900, 1.199999999999999700 ) ) ;
#4466 = FACE_OUTER_BOUND ( 'NONE', #3822, .T. ) ;
#4467 = ORIENTED_EDGE ( 'NONE', *, *, #1670, .T. ) ;
#4468 =( NAMED_UNIT ( * ) PLANE_ANGLE_UNIT ( ) SI_UNIT ( $, .RADIAN. ) );
#4469 = DIRECTION ( 'NONE',  ( 1.734723475976810100E-015, 0.0000000000000000000, 1.000000000000000000 ) ) ;
#4470 = LINE ( 'NONE', #1461, #1722 ) ;
#4471 = CARTESIAN_POINT ( 'NONE',  ( 0.3500000000000009200, 0.0000000000000000000, 1.370000000000000100 ) ) ;
#4472 = VECTOR ( 'NONE', #3896, 1000.000000000000000 ) ;
#4473 = DIRECTION ( 'NONE',  ( -1.734723475976810100E-015, 0.0000000000000000000, -1.000000000000000000 ) ) ;
#4474 = ORIENTED_EDGE ( 'NONE', *, *, #3613, .F. ) ;
#4475 = FACE_OUTER_BOUND ( 'NONE', #1842, .T. ) ;
#4476 = DIRECTION ( 'NONE',  ( 0.0000000000000000000, 1.000000000000000000, -0.0000000000000000000 ) ) ;
#4477 = DIRECTION ( 'NONE',  ( 0.0000000000000000000, 0.0000000000000000000, -1.000000000000000000 ) ) ;
#4478 = ORIENTED_EDGE ( 'NONE', *, *, #4615, .F. ) ;
#4479 = EDGE_LOOP ( 'NONE', ( #4306, #4753, #1414, #4417 ) ) ;
#4480 = EDGE_CURVE ( 'NONE', #2697, #3343, #531, .T. ) ;
#4481 =( GEOMETRIC_REPRESENTATION_CONTEXT ( 3 ) GLOBAL_UNCERTAINTY_ASSIGNED_CONTEXT ( ( #541 ) ) GLOBAL_UNIT_ASSIGNED_CONTEXT ( ( #2705, #57, #813 ) ) REPRESENTATION_CONTEXT ( 'NONE', 'WORKASPACE' ) );
#4482 = VECTOR ( 'NONE', #2213, 1000.000000000000000 ) ;
#4483 = DIRECTION ( 'NONE',  ( -1.000000000000000000, 0.0000000000000000000, -2.602085213965210600E-016 ) ) ;
#4484 = ORIENTED_EDGE ( 'NONE', *, *, #1038, .T. ) ;
#4485 = CARTESIAN_POINT ( 'NONE',  ( -0.3499999999999994200, 0.6500000000000001300, -1.370000000000000100 ) ) ;
#4486 = CARTESIAN_POINT ( 'NONE',  ( -0.1499999999999993000, 0.0000000000000000000, -1.199999999999999700 ) ) ;
#4487 = EDGE_CURVE ( 'NONE', #4428, #2404, #235, .T. ) ;
#4488 = AXIS2_PLACEMENT_3D ( 'NONE', #4147, #4075, #1790 ) ;
#4489 = ORIENTED_EDGE ( 'NONE', *, *, #3484, .T. ) ;
#4490 = EDGE_CURVE ( 'NONE', #4837, #3526, #2951, .T. ) ;
#4491 = VERTEX_POINT ( 'NONE', #3095 ) ;
#4492 = ORIENTED_EDGE ( 'NONE', *, *, #1586, .T. ) ;
#4493 = DIRECTION ( 'NONE',  ( -4.336808689942018200E-016, 0.0000000000000000000, 1.000000000000000000 ) ) ;
#4494 = ORIENTED_EDGE ( 'NONE', *, *, #4740, .F. ) ;
#4495 = DIRECTION ( 'NONE',  ( 0.0000000000000000000, -1.000000000000000000, 0.0000000000000000000 ) ) ;
#4496 = CARTESIAN_POINT ( 'NONE',  ( -0.6249999999999997800, 0.1000000000000000100, 0.7499999999999997800 ) ) ;
#4497 = CARTESIAN_POINT ( 'NONE',  ( -1.049999999999999600, 0.8499999999999999800, -1.049999999999999800 ) ) ;
#4498 = DIRECTION ( 'NONE',  ( -1.000000000000000000, 0.0000000000000000000, 4.336808689942017700E-016 ) ) ;
#4499 = ORIENTED_EDGE ( 'NONE', *, *, #2235, .T. ) ;
#4500 = LINE ( 'NONE', #1385, #1397 ) ;
#4501 = DIRECTION ( 'NONE',  ( 0.0000000000000000000, 0.0000000000000000000, 1.000000000000000000 ) ) ;
#4502 = LINE ( 'NONE', #4600, #2834 ) ;
#4503 = DIRECTION ( 'NONE',  ( 0.0000000000000000000, 0.0000000000000000000, 1.000000000000000000 ) ) ;
#4504 = VECTOR ( 'NONE', #108, 1000.000000000000000 ) ;
#4505 = ORIENTED_EDGE ( 'NONE', *, *, #2308, .T. ) ;
#4506 = CARTESIAN_POINT ( 'NONE',  ( -1.370000000000000100, 0.6500000000000000200, 0.6500000000000000200 ) ) ;
#4507 = VECTOR ( 'NONE', #1512, 1000.000000000000000 ) ;
#4508 = DIRECTION ( 'NONE',  ( 0.0000000000000000000, -1.000000000000000000, 0.0000000000000000000 ) ) ;
#4509 = EDGE_CURVE ( 'NONE', #613, #3906, #3855, .T. ) ;
#4510 = DIRECTION ( 'NONE',  ( 0.0000000000000000000, 0.0000000000000000000, 1.000000000000000000 ) ) ;
#4511 = VERTEX_POINT ( 'NONE', #478 ) ;
#4512 = CARTESIAN_POINT ( 'NONE',  ( -1.049999999999999600, 0.1499999999999999700, -0.3500000000000000300 ) ) ;
#4513 = DIRECTION ( 'NONE',  ( 1.000000000000000000, 0.0000000000000000000, 1.734723475976807100E-016 ) ) ;
#4514 = LINE ( 'NONE', #1308, #4638 ) ;
#4515 = SURFACE_SIDE_STYLE ('',( #897 ) ) ;
#4516 = EDGE_LOOP ( 'NONE', ( #1141, #1748, #2503, #582 ) ) ;
#4517 = CARTESIAN_POINT ( 'NONE',  ( 1.199999999999999500, 0.1499999999999999700, -0.3500000000000001400 ) ) ;
#4518 = EDGE_CURVE ( 'NONE', #1860, #2349, #3977, .T. ) ;
#4519 = FACE_OUTER_BOUND ( 'NONE', #1532, .T. ) ;
#4520 = EDGE_LOOP ( 'NONE', ( #3708, #3348, #3431, #1559 ) ) ;
#4521 = FACE_OUTER_BOUND ( 'NONE', #700, .T. ) ;
#4522 = DIRECTION ( 'NONE',  ( 0.0000000000000000000, 0.0000000000000000000, -1.000000000000000000 ) ) ;
#4523 = CARTESIAN_POINT ( 'NONE',  ( -1.049999999999999600, 0.9000000000000000200, -1.049999999999999800 ) ) ;
#4524 = VECTOR ( 'NONE', #4029, 1000.000000000000000 ) ;
#4525 = DIRECTION ( 'NONE',  ( 0.0000000000000000000, -0.0000000000000000000, 1.000000000000000000 ) ) ;
#4526 = VECTOR ( 'NONE', #446, 1000.000000000000000 ) ;
#4527 = DIRECTION ( 'NONE',  ( 1.000000000000000000, 0.0000000000000000000, -0.0000000000000000000 ) ) ;
#4528 = DIRECTION ( 'NONE',  ( -0.0000000000000000000, 0.0000000000000000000, 1.000000000000000000 ) ) ;
#4529 = ORIENTED_EDGE ( 'NONE', *, *, #4803, .T. ) ;
#4530 = PLANE ( 'NONE',  #2018 ) ;
#4531 = DIRECTION ( 'NONE',  ( -0.0000000000000000000, -1.000000000000000000, -0.0000000000000000000 ) ) ;
#4532 = ORIENTED_EDGE ( 'NONE', *, *, #765, .F. ) ;
#4533 = ORIENTED_EDGE ( 'NONE', *, *, #3653, .T. ) ;
#4534 = CARTESIAN_POINT ( 'NONE',  ( -0.3499999999999994200, 0.0000000000000000000, -1.370000000000000100 ) ) ;
#4535 = LINE ( 'NONE', #1875, #4719 ) ;
#4536 = VERTEX_POINT ( 'NONE', #493 ) ;
#4537 = ORIENTED_EDGE ( 'NONE', *, *, #4235, .F. ) ;
#4538 = ORIENTED_EDGE ( 'NONE', *, *, #2183, .F. ) ;
#4539 = SURFACE_STYLE_FILL_AREA ( #3677 ) ;
#4540 = DIRECTION ( 'NONE',  ( 0.0000000000000000000, 0.0000000000000000000, 1.000000000000000000 ) ) ;
#4541 = EDGE_CURVE ( 'NONE', #3833, #1077, #1463, .T. ) ;
#4542 = EDGE_CURVE ( 'NONE', #4536, #4849, #709, .T. ) ;
#4543 = ORIENTED_EDGE ( 'NONE', *, *, #3215, .T. ) ;
#4544 = AXIS2_PLACEMENT_3D ( 'NONE', #2189, #1436, #1455 ) ;
#4545 = CARTESIAN_POINT ( 'NONE',  ( 1.199999999999999500, 0.6500000000000000200, -0.6500000000000001300 ) ) ;
#4546 = FACE_OUTER_BOUND ( 'NONE', #2200, .T. ) ;
#4547 = DIRECTION ( 'NONE',  ( 0.0000000000000000000, 0.0000000000000000000, -1.000000000000000000 ) ) ;
#4548 = EDGE_LOOP ( 'NONE', ( #1262, #3512, #2290, #3518 ) ) ;
#4549 = DIRECTION ( 'NONE',  ( 1.000000000000000000, 0.0000000000000000000, -0.0000000000000000000 ) ) ;
#4550 = VECTOR ( 'NONE', #2258, 1000.000000000000000 ) ;
#4551 = EDGE_LOOP ( 'NONE', ( #4664, #3764, #3777, #449 ) ) ;
#4552 = CARTESIAN_POINT ( 'NONE',  ( -0.7499999999999997800, -0.0000000000000000000, -0.6250000000000001100 ) ) ;
#4553 = AXIS2_PLACEMENT_3D ( 'NONE', #1376, #271, #4061 ) ;
#4554 = DIRECTION ( 'NONE',  ( 0.0000000000000000000, 1.000000000000000000, 0.0000000000000000000 ) ) ;
#4555 = EDGE_CURVE ( 'NONE', #3153, #1429, #587, .T. ) ;
#4556 = ADVANCED_FACE ( 'NONE', ( #704 ), #1938, .T. ) ;
#4557 = EDGE_LOOP ( 'NONE', ( #1368, #304, #1457, #4182 ) ) ;
#4558 = CARTESIAN_POINT ( 'NONE',  ( 1.370000000000000100, 0.0000000000000000000, -0.6500000000000000200 ) ) ;
#4559 = DIRECTION ( 'NONE',  ( -1.000000000000000000, 0.0000000000000000000, 0.0000000000000000000 ) ) ;
#4560 = CARTESIAN_POINT ( 'NONE',  ( -0.6249999999999997800, 0.0000000000000000000, 0.7499999999999997800 ) ) ;
#4561 = EDGE_LOOP ( 'NONE', ( #1438, #588, #1721, #3039 ) ) ;
#4562 = DIRECTION ( 'NONE',  ( 4.336808689942018200E-016, 0.0000000000000000000, -1.000000000000000000 ) ) ;
#4563 = PRESENTATION_STYLE_ASSIGNMENT (( #2578 ) ) ;
#4564 = DIRECTION ( 'NONE',  ( 0.0000000000000000000, -1.000000000000000000, 0.0000000000000000000 ) ) ;
#4565 = DIRECTION ( 'NONE',  ( 0.0000000000000000000, 1.000000000000000000, 0.0000000000000000000 ) ) ;
#4566 = FACE_OUTER_BOUND ( 'NONE', #2459, .T. ) ;
#4567 = CARTESIAN_POINT ( 'NONE',  ( -0.6499999999999991300, 0.1499999999999999900, 1.370000000000000100 ) ) ;
#4568 = DIRECTION ( 'NONE',  ( 0.0000000000000000000, 1.000000000000000000, 0.0000000000000000000 ) ) ;
#4569 = ORIENTED_EDGE ( 'NONE', *, *, #3744, .F. ) ;
#4570 = CARTESIAN_POINT ( 'NONE',  ( -1.199999999999999500, 0.1499999999999999700, 0.4999999999999998900 ) ) ;
#4571 = VECTOR ( 'NONE', #2722, 1000.000000000000000 ) ;
#4572 = EDGE_CURVE ( 'NONE', #2344, #1498, #3295, .T. ) ;
#4573 = EDGE_CURVE ( 'NONE', #298, #4428, #2298, .T. ) ;
#4574 = VERTEX_POINT ( 'NONE', #2329 ) ;
#4575 = SURFACE_SIDE_STYLE ('',( #4063 ) ) ;
#4576 = AXIS2_PLACEMENT_3D ( 'NONE', #1390, #222, #2864 ) ;
#4577 = CARTESIAN_POINT ( 'NONE',  ( 1.370000000000000100, 0.1499999999999999900, 1.370000000000000100 ) ) ;
#4578 = LINE ( 'NONE', #4416, #2535 ) ;
#4579 = ADVANCED_FACE ( 'NONE', ( #4681 ), #831, .T. ) ;
#4580 = ORIENTED_EDGE ( 'NONE', *, *, #914, .T. ) ;
#4581 = PLANE ( 'NONE',  #1510 ) ;
#4582 = CARTESIAN_POINT ( 'NONE',  ( -0.4999999999999993300, 0.0000000000000000000, 1.199999999999999700 ) ) ;
#4583 = EDGE_CURVE ( 'NONE', #1635, #3275, #996, .T. ) ;
#4584 = AXIS2_PLACEMENT_3D ( 'NONE', #4711, #172, #3985 ) ;
#4585 = VECTOR ( 'NONE', #2262, 1000.000000000000000 ) ;
#4586 = CARTESIAN_POINT ( 'NONE',  ( -0.6249999999999997800, 0.1000000000000000100, 0.6249999999999997800 ) ) ;
#4587 = EDGE_CURVE ( 'NONE', #1475, #3657, #2895, .T. ) ;
#4588 = ORIENTED_EDGE ( 'NONE', *, *, #2017, .F. ) ;
#4589 = FACE_OUTER_BOUND ( 'NONE', #1570, .T. ) ;
#4590 = DIRECTION ( 'NONE',  ( 0.0000000000000000000, 0.0000000000000000000, 1.000000000000000000 ) ) ;
#4591 = AXIS2_PLACEMENT_3D ( 'NONE', #3269, #274, #1747 ) ;
#4592 = VECTOR ( 'NONE', #4269, 1000.000000000000000 ) ;
#4593 = ADVANCED_BREP_SHAPE_REPRESENTATION ( 'HMC773ALC3B', ( #4742, #2957, #902, #3856, #1404, #3542, #2294, #2383, #1503, #183, #697, #2225, #990, #3699, #1633, #4770 ), #1778 ) ;
#4594 = FACE_OUTER_BOUND ( 'NONE', #692, .T. ) ;
#4595 = CARTESIAN_POINT ( 'NONE',  ( -0.7499999999999997800, 0.1000000000000000100, -0.6250000000000001100 ) ) ;
#4596 = PLANE ( 'NONE',  #1834 ) ;
#4597 = DIRECTION ( 'NONE',  ( 0.0000000000000000000, -1.000000000000000000, 0.0000000000000000000 ) ) ;
#4598 = LINE ( 'NONE', #1600, #4526 ) ;
#4599 = LINE ( 'NONE', #2366, #4127 ) ;
#4600 = CARTESIAN_POINT ( 'NONE',  ( 1.199999999999999500, 0.0000000000000000000, 0.1499999999999998600 ) ) ;
#4601 = ORIENTED_EDGE ( 'NONE', *, *, #699, .T. ) ;
#4602 = VERTEX_POINT ( 'NONE', #1980 ) ;
#4603 = VERTEX_POINT ( 'NONE', #4647 ) ;
#4604 = DIRECTION ( 'NONE',  ( 0.0000000000000000000, 0.0000000000000000000, 1.000000000000000000 ) ) ;
#4605 = CARTESIAN_POINT ( 'NONE',  ( 6.505213034913026600E-016, 0.1499999999999999700, -1.199999999999999700 ) ) ;
#4606 = CARTESIAN_POINT ( 'NONE',  ( 1.199999999999999500, 0.1499999999999999700, -0.1500000000000000800 ) ) ;
#4607 = VERTEX_POINT ( 'NONE', #1303 ) ;
#4608 = VECTOR ( 'NONE', #3575, 1000.000000000000000 ) ;
#4609 = ORIENTED_EDGE ( 'NONE', *, *, #1373, .F. ) ;
#4610 = ORIENTED_EDGE ( 'NONE', *, *, #1672, .F. ) ;
#4611 = ORIENTED_EDGE ( 'NONE', *, *, #2345, .T. ) ;
#4612 = CARTESIAN_POINT ( 'NONE',  ( -1.449999999999999700, 5.901219330881975400, 1.450000000000000200 ) ) ;
#4613 = CARTESIAN_POINT ( 'NONE',  ( 1.370000000000000100, 0.0000000000000000000, 1.370000000000000100 ) ) ;
#4614 = EDGE_CURVE ( 'NONE', #3332, #1475, #3168, .T. ) ;
#4615 = EDGE_CURVE ( 'NONE', #439, #481, #826, .T. ) ;
#4616 = ORIENTED_EDGE ( 'NONE', *, *, #2549, .F. ) ;
#4617 = VERTEX_POINT ( 'NONE', #4309 ) ;
#4618 = DIRECTION ( 'NONE',  ( -0.0000000000000000000, -1.000000000000000000, -0.0000000000000000000 ) ) ;
#4619 = DIRECTION ( 'NONE',  ( -0.0000000000000000000, -0.0000000000000000000, -1.000000000000000000 ) ) ;
#4620 = ORIENTED_EDGE ( 'NONE', *, *, #2336, .T. ) ;
#4621 = EDGE_LOOP ( 'NONE', ( #761, #4043, #3772, #2890 ) ) ;
#4622 = AXIS2_PLACEMENT_3D ( 'NONE', #39, #1891, #3046 ) ;
#4623 = VERTEX_POINT ( 'NONE', #202 ) ;
#4624 = ORIENTED_EDGE ( 'NONE', *, *, #3521, .T. ) ;
#4625 = PLANE ( 'NONE',  #1328 ) ;
#4626 = DIRECTION ( 'NONE',  ( 0.0000000000000000000, 0.0000000000000000000, -1.000000000000000000 ) ) ;
#4627 = DIRECTION ( 'NONE',  ( -4.336808689942018200E-016, 0.0000000000000000000, -1.000000000000000000 ) ) ;
#4628 = FACE_OUTER_BOUND ( 'NONE', #3103, .T. ) ;
#4629 = ORIENTED_EDGE ( 'NONE', *, *, #40, .F. ) ;
#4630 = CARTESIAN_POINT ( 'NONE',  ( -1.370000000000000100, -0.0000000000000000000, -1.370000000000000100 ) ) ;
#4631 = ORIENTED_EDGE ( 'NONE', *, *, #4381, .T. ) ;
#4632 = DIRECTION ( 'NONE',  ( 1.000000000000000000, 0.0000000000000000000, -0.0000000000000000000 ) ) ;
#4633 = DIRECTION ( 'NONE',  ( 0.0000000000000000000, 0.0000000000000000000, 1.000000000000000000 ) ) ;
#4634 = LINE ( 'NONE', #2673, #589 ) ;
#4635 = CARTESIAN_POINT ( 'NONE',  ( 0.3500000000000007000, 0.6500000000000001300, -1.370000000000000100 ) ) ;
#4636 = VERTEX_POINT ( 'NONE', #3558 ) ;
#4637 = DIRECTION ( 'NONE',  ( -0.0000000000000000000, -1.000000000000000000, -0.0000000000000000000 ) ) ;
#4638 = VECTOR ( 'NONE', #3611, 1000.000000000000000 ) ;
#4639 = EDGE_CURVE ( 'NONE', #2177, #187, #4097, .T. ) ;
#4640 = EDGE_CURVE ( 'NONE', #4623, #4330, #4217, .T. ) ;
#4641 = ORIENTED_EDGE ( 'NONE', *, *, #4422, .T. ) ;
#4642 = CARTESIAN_POINT ( 'NONE',  ( -0.3499999999999989800, 0.1499999999999999900, 1.449999999999999300 ) ) ;
#4643 = CARTESIAN_POINT ( 'NONE',  ( 0.6500000000000005800, 0.1499999999999999700, 1.199999999999999700 ) ) ;
#4644 = VECTOR ( 'NONE', #136, 1000.000000000000000 ) ;
#4645 = VERTEX_POINT ( 'NONE', #512 ) ;
#4646 = CARTESIAN_POINT ( 'NONE',  ( -0.4999999999999993300, 0.1499999999999999900, 1.370000000000000100 ) ) ;
#4647 = CARTESIAN_POINT ( 'NONE',  ( -0.6249999999999997800, -0.0000000000000000000, -0.7500000000000002200 ) ) ;
#4648 = EDGE_CURVE ( 'NONE', #4146, #2206, #290, .T. ) ;
#4649 = FACE_OUTER_BOUND ( 'NONE', #2970, .T. ) ;
#4650 = FACE_OUTER_BOUND ( 'NONE', #3665, .T. ) ;
#4651 = PLANE ( 'NONE',  #2269 ) ;
#4652 = EDGE_LOOP ( 'NONE', ( #3141, #1379, #3839, #1282 ) ) ;
#4653 = LINE ( 'NONE', #4305, #2492 ) ;
#4654 = CARTESIAN_POINT ( 'NONE',  ( -1.199999999999999500, 0.1499999999999999700, -1.084202172485504400E-016 ) ) ;
#4655 = MECHANICAL_DESIGN_GEOMETRIC_PRESENTATION_REPRESENTATION (  '', ( #3191 ), #3626 ) ;
#4656 = EDGE_LOOP ( 'NONE', ( #965, #3595, #4529, #3358 ) ) ;
#4657 = ORIENTED_EDGE ( 'NONE', *, *, #1803, .T. ) ;
#4658 = CARTESIAN_POINT ( 'NONE',  ( 0.6500000000000005800, 0.0000000000000000000, -1.370000000000000100 ) ) ;
#4659 = DIRECTION ( 'NONE',  ( 1.000000000000000000, 0.0000000000000000000, 0.0000000000000000000 ) ) ;
#4660 = ORIENTED_EDGE ( 'NONE', *, *, #3969, .F. ) ;
#4661 = ORIENTED_EDGE ( 'NONE', *, *, #4108, .T. ) ;
#4662 = VECTOR ( 'NONE', #3260, 1000.000000000000000 ) ;
#4663 = DIRECTION ( 'NONE',  ( -1.000000000000000000, 0.0000000000000000000, 0.0000000000000000000 ) ) ;
#4664 = ORIENTED_EDGE ( 'NONE', *, *, #663, .F. ) ;
#4665 = CARTESIAN_POINT ( 'NONE',  ( -0.6249999999999997800, 0.0000000000000000000, 0.7499999999999997800 ) ) ;
#4666 = DIRECTION ( 'NONE',  ( 0.0000000000000000000, 0.0000000000000000000, 1.000000000000000000 ) ) ;
#4667 = LINE ( 'NONE', #928, #690 ) ;
#4668 = DIRECTION ( 'NONE',  ( 0.0000000000000000000, 0.0000000000000000000, -1.000000000000000000 ) ) ;
#4669 = EDGE_LOOP ( 'NONE', ( #4543, #2958, #1321, #732 ) ) ;
#4670 = DIRECTION ( 'NONE',  ( 0.0000000000000000000, 0.0000000000000000000, -1.000000000000000000 ) ) ;
#4671 = EDGE_CURVE ( 'NONE', #3263, #1216, #1050, .T. ) ;
#4672 = AXIS2_PLACEMENT_3D ( 'NONE', #2538, #2555, #2927 ) ;
#4673 = ADVANCED_FACE ( 'NONE', ( #2056 ), #3605, .F. ) ;
#4674 = EDGE_LOOP ( 'NONE', ( #2828, #1053, #2625, #2866 ) ) ;
#4675 = DIRECTION ( 'NONE',  ( -1.000000000000000000, 0.0000000000000000000, -0.0000000000000000000 ) ) ;
#4676 = ORIENTED_EDGE ( 'NONE', *, *, #2205, .F. ) ;
#4677 = CARTESIAN_POINT ( 'NONE',  ( 1.199999999999999500, 0.6500000000000000200, 0.1499999999999998600 ) ) ;
#4678 = DIRECTION ( 'NONE',  ( 0.0000000000000000000, 1.000000000000000000, 0.0000000000000000000 ) ) ;
#4679 = AXIS2_PLACEMENT_3D ( 'NONE', #4762, #2893, #4732 ) ;
#4680 = CYLINDRICAL_SURFACE ( 'NONE', #888, 0.1499999999999999700 ) ;
#4681 = FACE_OUTER_BOUND ( 'NONE', #2119, .T. ) ;
#4682 = VERTEX_POINT ( 'NONE', #2042 ) ;
#4683 = ORIENTED_EDGE ( 'NONE', *, *, #1123, .F. ) ;
#4684 = DIRECTION ( 'NONE',  ( -1.000000000000000000, 0.0000000000000000000, 4.336808689942018200E-016 ) ) ;
#4685 = CYLINDRICAL_SURFACE ( 'NONE', #1151, 0.1499999999999999700 ) ;
#4686 = CARTESIAN_POINT ( 'NONE',  ( -1.049999999999999600, 0.1499999999999999700, -0.6500000000000000200 ) ) ;
#4687 = VECTOR ( 'NONE', #2341, 1000.000000000000000 ) ;
#4688 = EDGE_LOOP ( 'NONE', ( #4588, #842, #2865, #1817 ) ) ;
#4689 = LINE ( 'NONE', #4750, #2595 ) ;
#4690 = CARTESIAN_POINT ( 'NONE',  ( 1.370000000000000100, 0.1499999999999999900, -1.370000000000000100 ) ) ;
#4691 = DIRECTION ( 'NONE',  ( 0.0000000000000000000, 1.000000000000000000, 0.0000000000000000000 ) ) ;
#4692 = ORIENTED_EDGE ( 'NONE', *, *, #534, .F. ) ;
#4693 = CARTESIAN_POINT ( 'NONE',  ( 1.370000000000000100, 0.0000000000000000000, 0.6500000000000000200 ) ) ;
#4694 = CARTESIAN_POINT ( 'NONE',  ( 1.370000000000000100, 0.1499999999999999900, -0.3500000000000000300 ) ) ;
#4695 = LINE ( 'NONE', #2603, #841 ) ;
#4696 = ADVANCED_FACE ( 'NONE', ( #3730 ), #2059, .F. ) ;
#4697 = CARTESIAN_POINT ( 'NONE',  ( 0.3500000000000009200, 0.0000000000000000000, 1.370000000000000100 ) ) ;
#4698 = ORIENTED_EDGE ( 'NONE', *, *, #165, .F. ) ;
#4699 = EDGE_CURVE ( 'NONE', #565, #87, #3669, .T. ) ;
#4700 = EDGE_CURVE ( 'NONE', #1751, #265, #1646, .T. ) ;
#4701 = LINE ( 'NONE', #3208, #3686 ) ;
#4702 = AXIS2_PLACEMENT_3D ( 'NONE', #937, #575, #169 ) ;
#4703 = CARTESIAN_POINT ( 'NONE',  ( 1.199999999999999500, 0.1499999999999999700, 0.1499999999999998600 ) ) ;
#4704 = CIRCLE ( 'NONE', #1380, 0.1499999999999999700 ) ;
#4705 = LINE ( 'NONE', #2465, #4524 ) ;
#4706 = AXIS2_PLACEMENT_3D ( 'NONE', #4158, #702, #4513 ) ;
#4707 = CIRCLE ( 'NONE', #1716, 0.1499999999999999700 ) ;
#4708 = DIRECTION ( 'NONE',  ( 0.0000000000000000000, 0.0000000000000000000, -1.000000000000000000 ) ) ;
#4709 = ORIENTED_EDGE ( 'NONE', *, *, #4555, .F. ) ;
#4710 = EDGE_CURVE ( 'NONE', #2168, #2630, #2946, .T. ) ;
#4711 = CARTESIAN_POINT ( 'NONE',  ( 0.3500000000000007000, 0.6500000000000001300, -1.199999999999999700 ) ) ;
#4712 = FACE_OUTER_BOUND ( 'NONE', #520, .T. ) ;
#4713 = CARTESIAN_POINT ( 'NONE',  ( 1.199999999999999500, 0.0000000000000000000, -0.1500000000000000800 ) ) ;
#4714 = ORIENTED_EDGE ( 'NONE', *, *, #3242, .T. ) ;
#4715 = CARTESIAN_POINT ( 'NONE',  ( 1.450000000000000000, 0.8999999999999998000, 1.450000000000000200 ) ) ;
#4716 = VERTEX_POINT ( 'NONE', #556 ) ;
#4717 = VERTEX_POINT ( 'NONE', #1665 ) ;
#4718 = PLANE ( 'NONE',  #4056 ) ;
#4719 = VECTOR ( 'NONE', #3751, 1000.000000000000000 ) ;
#4720 = ORIENTED_EDGE ( 'NONE', *, *, #2790, .T. ) ;
#4721 = DIRECTION ( 'NONE',  ( 0.0000000000000000000, 0.0000000000000000000, -1.000000000000000000 ) ) ;
#4722 = LINE ( 'NONE', #3476, #4017 ) ;
#4723 = DIRECTION ( 'NONE',  ( 1.000000000000000000, 0.0000000000000000000, -0.0000000000000000000 ) ) ;
#4724 = ADVANCED_FACE ( 'NONE', ( #2525 ), #4362, .F. ) ;
#4725 = VERTEX_POINT ( 'NONE', #4291 ) ;
#4726 = ORIENTED_EDGE ( 'NONE', *, *, #412, .T. ) ;
#4727 = CARTESIAN_POINT ( 'NONE',  ( -0.1499999999999993000, 0.0000000000000000000, -1.370000000000000100 ) ) ;
#4728 = CARTESIAN_POINT ( 'NONE',  ( -0.3499999999999991500, 0.1499999999999999900, 1.370000000000000100 ) ) ;
#4729 = VERTEX_POINT ( 'NONE', #151 ) ;
#4730 = ADVANCED_FACE ( 'NONE', ( #4327 ), #4329, .F. ) ;
#4731 = DIRECTION ( 'NONE',  ( 0.0000000000000000000, 0.0000000000000000000, -1.000000000000000000 ) ) ;
#4732 = DIRECTION ( 'NONE',  ( 0.0000000000000000000, 0.0000000000000000000, -1.000000000000000000 ) ) ;
#4733 = ORIENTED_EDGE ( 'NONE', *, *, #1058, .F. ) ;
#4734 = EDGE_CURVE ( 'NONE', #744, #4849, #2176, .T. ) ;
#4735 = ORIENTED_EDGE ( 'NONE', *, *, #2308, .F. ) ;
#4736 = ORIENTED_EDGE ( 'NONE', *, *, #672, .F. ) ;
#4737 = AXIS2_PLACEMENT_3D ( 'NONE', #355, #2285, #1874 ) ;
#4738 = ORIENTED_EDGE ( 'NONE', *, *, #2179, .F. ) ;
#4739 = PLANE ( 'NONE',  #229 ) ;
#4740 = EDGE_CURVE ( 'NONE', #1429, #381, #2773, .T. ) ;
#4741 = PRESENTATION_LAYER_ASSIGNMENT (  '', '', ( #1066 ) ) ;
#4742 = MANIFOLD_SOLID_BREP ( 'Pin 12', #553 ) ;
#4743 = EDGE_CURVE ( 'NONE', #2165, #3710, #524, .T. ) ;
#4744 = VECTOR ( 'NONE', #4344, 1000.000000000000000 ) ;
#4745 = DIRECTION ( 'NONE',  ( 0.0000000000000000000, 0.0000000000000000000, 1.000000000000000000 ) ) ;
#4746 = DIRECTION ( 'NONE',  ( -0.0000000000000000000, -1.000000000000000000, -0.0000000000000000000 ) ) ;
#4747 = CARTESIAN_POINT ( 'NONE',  ( -0.4999999999999993300, 0.1499999999999999900, -1.199999999999999700 ) ) ;
#4748 = DIRECTION ( 'NONE',  ( 0.0000000000000000000, 0.0000000000000000000, -1.000000000000000000 ) ) ;
#4749 = AXIS2_PLACEMENT_3D ( 'NONE', #2251, #2576, #2632 ) ;
#4750 = CARTESIAN_POINT ( 'NONE',  ( -1.199999999999999500, 0.0000000000000000000, 0.1499999999999998600 ) ) ;
#4751 = LINE ( 'NONE', #3909, #2180 ) ;
#4752 = CARTESIAN_POINT ( 'NONE',  ( 1.199999999999999500, 0.0000000000000000000, -0.1500000000000000800 ) ) ;
#4753 = ORIENTED_EDGE ( 'NONE', *, *, #3513, .T. ) ;
#4754 = LINE ( 'NONE', #4437, #2363 ) ;
#4755 = ADVANCED_FACE ( 'NONE', ( #1774 ), #4806, .T. ) ;
#4756 = ORIENTED_EDGE ( 'NONE', *, *, #4779, .F. ) ;
#4757 = DIRECTION ( 'NONE',  ( 0.0000000000000000000, -0.0000000000000000000, 1.000000000000000000 ) ) ;
#4758 = LINE ( 'NONE', #4635, #2250 ) ;
#4759 = ORIENTED_EDGE ( 'NONE', *, *, #2247, .T. ) ;
#4760 = CARTESIAN_POINT ( 'NONE',  ( -1.199999999999999500, 0.6500000000000000200, -0.1500000000000000800 ) ) ;
#4761 = LINE ( 'NONE', #2776, #3624 ) ;
#4762 = CARTESIAN_POINT ( 'NONE',  ( 6.505213034913026600E-016, 0.0000000000000000000, 1.199999999999999700 ) ) ;
#4763 = ORIENTED_EDGE ( 'NONE', *, *, #3283, .T. ) ;
#4764 = FACE_OUTER_BOUND ( 'NONE', #694, .T. ) ;
#4765 = DIRECTION ( 'NONE',  ( 0.0000000000000000000, -1.000000000000000000, 0.0000000000000000000 ) ) ;
#4766 = PLANE ( 'NONE',  #544 ) ;
#4767 = LINE ( 'NONE', #8, #2255 ) ;
#4768 = CYLINDRICAL_SURFACE ( 'NONE', #641, 0.1499999999999999700 ) ;
#4769 = EDGE_CURVE ( 'NONE', #3090, #3601, #3914, .T. ) ;
#4770 = AXIS2_PLACEMENT_3D ( 'NONE', #1056, #4903, #3689 ) ;
#4771 = LINE ( 'NONE', #3044, #4820 ) ;
#4772 = DIRECTION ( 'NONE',  ( -1.000000000000000000, 0.0000000000000000000, -0.0000000000000000000 ) ) ;
#4773 = ORIENTED_EDGE ( 'NONE', *, *, #1256, .F. ) ;
#4774 = FACE_OUTER_BOUND ( 'NONE', #4179, .T. ) ;
#4775 = CIRCLE ( 'NONE', #3820, 0.1499999999999999700 ) ;
#4776 = ORIENTED_EDGE ( 'NONE', *, *, #3716, .T. ) ;
#4777 = FILL_AREA_STYLE ('',( #2919 ) ) ;
#4778 = CARTESIAN_POINT ( 'NONE',  ( -0.1499999999999990800, 0.0000000000000000000, 1.370000000000000100 ) ) ;
#4779 = EDGE_CURVE ( 'NONE', #1077, #4463, #4447, .T. ) ;
#4780 = ORIENTED_EDGE ( 'NONE', *, *, #981, .F. ) ;
#4781 = ADVANCED_FACE ( 'NONE', ( #3850 ), #4053, .T. ) ;
#4782 = ORIENTED_EDGE ( 'NONE', *, *, #4897, .F. ) ;
#4783 = ORIENTED_EDGE ( 'NONE', *, *, #2584, .F. ) ;
#4784 = ORIENTED_EDGE ( 'NONE', *, *, #3707, .F. ) ;
#4785 = ORIENTED_EDGE ( 'NONE', *, *, #974, .T. ) ;
#4786 = VECTOR ( 'NONE', #3783, 1000.000000000000000 ) ;
#4787 = VECTOR ( 'NONE', #1500, 1000.000000000000000 ) ;
#4788 = ORIENTED_EDGE ( 'NONE', *, *, #4671, .F. ) ;
#4789 = CARTESIAN_POINT ( 'NONE',  ( -0.1499999999999990800, 0.1499999999999999900, 1.370000000000000100 ) ) ;
#4790 = DIRECTION ( 'NONE',  ( 0.0000000000000000000, -0.0000000000000000000, 1.000000000000000000 ) ) ;
#4791 = CARTESIAN_POINT ( 'NONE',  ( -0.6499999999999993600, 0.0000000000000000000, -1.199999999999999700 ) ) ;
#4792 =( LENGTH_UNIT ( ) NAMED_UNIT ( * ) SI_UNIT ( .MILLI., .METRE. ) );
#4793 = DIRECTION ( 'NONE',  ( 1.000000000000000000, 0.0000000000000000000, 2.602085213965210600E-016 ) ) ;
#4794 = EDGE_CURVE ( 'NONE', #4869, #3587, #4500, .T. ) ;
#4795 = DIRECTION ( 'NONE',  ( 0.0000000000000000000, -1.000000000000000000, 0.0000000000000000000 ) ) ;
#4796 = ORIENTED_EDGE ( 'NONE', *, *, #4210, .T. ) ;
#4797 = AXIS2_PLACEMENT_3D ( 'NONE', #1890, #3105, #874 ) ;
#4798 = SURFACE_STYLE_FILL_AREA ( #2199 ) ;
#4799 =( NAMED_UNIT ( * ) SI_UNIT ( $, .STERADIAN. ) SOLID_ANGLE_UNIT ( ) );
#4800 = ADVANCED_FACE ( 'NONE', ( #1590 ), #2466, .F. ) ;
#4801 = VECTOR ( 'NONE', #1769, 1000.000000000000000 ) ;
#4802 = ORIENTED_EDGE ( 'NONE', *, *, #1313, .T. ) ;
#4803 = EDGE_CURVE ( 'NONE', #1197, #4280, #2000, .T. ) ;
#4804 = VECTOR ( 'NONE', #4793, 1000.000000000000000 ) ;
#4805 = DIRECTION ( 'NONE',  ( -0.0000000000000000000, -1.000000000000000000, -0.0000000000000000000 ) ) ;
#4806 = PLANE ( 'NONE',  #2621 ) ;
#4807 = VECTOR ( 'NONE', #4540, 1000.000000000000000 ) ;
#4808 = DIRECTION ( 'NONE',  ( 1.000000000000000000, 0.0000000000000000000, -1.301042606982605500E-015 ) ) ;
#4809 = AXIS2_PLACEMENT_3D ( 'NONE', #1923, #2408, #1243 ) ;
#4810 = LINE ( 'NONE', #3903, #3621 ) ;
#4811 = ORIENTED_EDGE ( 'NONE', *, *, #2844, .T. ) ;
#4812 = DIRECTION ( 'NONE',  ( -0.0000000000000000000, -1.000000000000000000, -0.0000000000000000000 ) ) ;
#4813 =( NAMED_UNIT ( * ) SI_UNIT ( $, .STERADIAN. ) SOLID_ANGLE_UNIT ( ) );
#4814 = FACE_OUTER_BOUND ( 'NONE', #4132, .T. ) ;
#4815 = LINE ( 'NONE', #899, #4592 ) ;
#4816 = DIRECTION ( 'NONE',  ( 0.0000000000000000000, 0.0000000000000000000, -1.000000000000000000 ) ) ;
#4817 = ADVANCED_FACE ( 'NONE', ( #4039 ), #4067, .F. ) ;
#4818 = EDGE_CURVE ( 'NONE', #3460, #2567, #1101, .T. ) ;
#4819 = EDGE_CURVE ( 'NONE', #1249, #4636, #1392, .T. ) ;
#4820 = VECTOR ( 'NONE', #2668, 1000.000000000000000 ) ;
#4821 = SURFACE_STYLE_USAGE ( .BOTH. , #2516 ) ;
#4822 = AXIS2_PLACEMENT_3D ( 'NONE', #698, #2175, #4525 ) ;
#4823 = CARTESIAN_POINT ( 'NONE',  ( 0.5000000000000006700, 0.1499999999999999900, -1.199999999999999700 ) ) ;
#4824 = ORIENTED_EDGE ( 'NONE', *, *, #349, .T. ) ;
#4825 = FILL_AREA_STYLE ('',( #3297 ) ) ;
#4826 = VECTOR ( 'NONE', #2527, 1000.000000000000000 ) ;
#4827 = CARTESIAN_POINT ( 'NONE',  ( 0.1500000000000006100, 0.6500000000000001300, 1.199999999999999700 ) ) ;
#4828 = CARTESIAN_POINT ( 'NONE',  ( 0.6500000000000005800, 0.0000000000000000000, 1.199999999999999700 ) ) ;
#4829 = EDGE_CURVE ( 'NONE', #381, #3890, #1333, .T. ) ;
#4830 = ORIENTED_EDGE ( 'NONE', *, *, #1009, .T. ) ;
#4831 = EDGE_LOOP ( 'NONE', ( #2483, #752, #3436, #4714 ) ) ;
#4832 = EDGE_CURVE ( 'NONE', #2985, #1493, #2769, .T. ) ;
#4833 = LINE ( 'NONE', #1070, #1685 ) ;
#4834 = CARTESIAN_POINT ( 'NONE',  ( 0.6500000000000009100, 0.1499999999999999900, 1.370000000000000100 ) ) ;
#4835 = CARTESIAN_POINT ( 'NONE',  ( -1.049999999999999600, 0.1499999999999999700, -0.3500000000000000300 ) ) ;
#4836 = ORIENTED_EDGE ( 'NONE', *, *, #1473, .F. ) ;
#4837 = VERTEX_POINT ( 'NONE', #662 ) ;
#4838 = CARTESIAN_POINT ( 'NONE',  ( 0.6500000000000009100, 0.0000000000000000000, 1.370000000000000100 ) ) ;
#4839 = FACE_BOUND ( 'NONE', #1234, .T. ) ;
#4840 = DIRECTION ( 'NONE',  ( 1.000000000000000000, 0.0000000000000000000, -4.336808689942018200E-016 ) ) ;
#4841 = APPLICATION_PROTOCOL_DEFINITION ( 'draft international standard', 'automotive_design', 1998, #3740 ) ;
#4842 = EDGE_LOOP ( 'NONE', ( #800, #1071, #3963, #3915 ) ) ;
#4843 = ORIENTED_EDGE ( 'NONE', *, *, #11, .F. ) ;
#4844 = ORIENTED_EDGE ( 'NONE', *, *, #4391, .F. ) ;
#4845 = DIRECTION ( 'NONE',  ( 0.0000000000000000000, -1.000000000000000000, 0.0000000000000000000 ) ) ;
#4846 = DIRECTION ( 'NONE',  ( -1.000000000000000000, 0.0000000000000000000, 1.734723475976810100E-015 ) ) ;
#4847 = ORIENTED_EDGE ( 'NONE', *, *, #3383, .T. ) ;
#4848 = DIRECTION ( 'NONE',  ( -0.0000000000000000000, -1.000000000000000000, -0.0000000000000000000 ) ) ;
#4849 = VERTEX_POINT ( 'NONE', #4778 ) ;
#4850 = CARTESIAN_POINT ( 'NONE',  ( 1.370000000000000100, 0.1499999999999999900, -1.370000000000000100 ) ) ;
#4851 = DIRECTION ( 'NONE',  ( -0.0000000000000000000, -1.000000000000000000, 0.0000000000000000000 ) ) ;
#4852 = CARTESIAN_POINT ( 'NONE',  ( 0.5000000000000006700, 0.6500000000000001300, 1.199999999999999700 ) ) ;
#4853 = PLANE ( 'NONE',  #4163 ) ;
#4854 = VECTOR ( 'NONE', #2774, 1000.000000000000000 ) ;
#4855 = EDGE_CURVE ( 'NONE', #1548, #2724, #1047, .T. ) ;
#4856 = PLANE ( 'NONE',  #1450 ) ;
#4857 = EDGE_CURVE ( 'NONE', #565, #932, #4384, .T. ) ;
#4858 = DIRECTION ( 'NONE',  ( 0.0000000000000000000, 0.0000000000000000000, 1.000000000000000000 ) ) ;
#4859 = VECTOR ( 'NONE', #2347, 1000.000000000000000 ) ;
#4860 = EDGE_LOOP ( 'NONE', ( #1701, #1767, #415, #1032 ) ) ;
#4861 = CARTESIAN_POINT ( 'NONE',  ( 6.505213034913026600E-016, 0.1499999999999999900, 1.199999999999999700 ) ) ;
#4862 = AXIS2_PLACEMENT_3D ( 'NONE', #3109, #430, #814 ) ;
#4863 = SURFACE_STYLE_FILL_AREA ( #711 ) ;
#4864 = ORIENTED_EDGE ( 'NONE', *, *, #1905, .F. ) ;
#4865 = CARTESIAN_POINT ( 'NONE',  ( 1.370000000000000100, 0.1499999999999999900, -1.370000000000000100 ) ) ;
#4866 = CARTESIAN_POINT ( 'NONE',  ( -0.1499999999999990000, 0.1499999999999999900, 1.449999999999999700 ) ) ;
#4867 = DIRECTION ( 'NONE',  ( 0.0000000000000000000, 1.000000000000000000, -0.0000000000000000000 ) ) ;
#4868 = ADVANCED_FACE ( 'NONE', ( #3539 ), #1048, .T. ) ;
#4869 = VERTEX_POINT ( 'NONE', #3607 ) ;
#4870 = PLANE ( 'NONE',  #4822 ) ;
#4871 = FACE_OUTER_BOUND ( 'NONE', #3720, .T. ) ;
#4872 = DIRECTION ( 'NONE',  ( -0.0000000000000000000, -1.000000000000000000, -0.0000000000000000000 ) ) ;
#4873 = VERTEX_POINT ( 'NONE', #1819 ) ;
#4874 = LINE ( 'NONE', #4201, #788 ) ;
#4875 = FILL_AREA_STYLE ('',( #1838 ) ) ;
#4876 = PRESENTATION_STYLE_ASSIGNMENT (( #3324 ) ) ;
#4877 = ORIENTED_EDGE ( 'NONE', *, *, #4769, .T. ) ;
#4878 = VECTOR ( 'NONE', #3466, 1000.000000000000000 ) ;
#4879 = LINE ( 'NONE', #2046, #3264 ) ;
#4880 = CARTESIAN_POINT ( 'NONE',  ( -1.049999999999999600, 0.8499999999999999800, -1.199999999999999700 ) ) ;
#4881 = DIRECTION ( 'NONE',  ( -1.301042606982605500E-015, 0.0000000000000000000, -1.000000000000000000 ) ) ;
#4882 = EDGE_LOOP ( 'NONE', ( #1113, #1316, #1116, #4811 ) ) ;
#4883 = VERTEX_POINT ( 'NONE', #3307 ) ;
#4884 = EDGE_CURVE ( 'NONE', #1137, #3890, #3113, .T. ) ;
#4885 = EDGE_CURVE ( 'NONE', #3710, #803, #2110, .T. ) ;
#4886 = AXIS2_PLACEMENT_3D ( 'NONE', #2687, #1945, #3824 ) ;
#4887 = VECTOR ( 'NONE', #4131, 1000.000000000000000 ) ;
#4888 = DIRECTION ( 'NONE',  ( 0.0000000000000000000, -1.000000000000000000, 0.0000000000000000000 ) ) ;
#4889 = ORIENTED_EDGE ( 'NONE', *, *, #1311, .T. ) ;
#4890 = EDGE_LOOP ( 'NONE', ( #1228, #4776 ) ) ;
#4891 = DIRECTION ( 'NONE',  ( 0.0000000000000000000, -0.0000000000000000000, 1.000000000000000000 ) ) ;
#4892 = CARTESIAN_POINT ( 'NONE',  ( -0.1499999999999993000, 0.1499999999999999700, -1.199999999999999700 ) ) ;
#4893 = FACE_OUTER_BOUND ( 'NONE', #2382, .T. ) ;
#4894 = ORIENTED_EDGE ( 'NONE', *, *, #2401, .F. ) ;
#4895 = ORIENTED_EDGE ( 'NONE', *, *, #2934, .T. ) ;
#4896 =( NAMED_UNIT ( * ) SI_UNIT ( $, .STERADIAN. ) SOLID_ANGLE_UNIT ( ) );
#4897 = EDGE_CURVE ( 'NONE', #728, #4645, #4319, .T. ) ;
#4898 = ORIENTED_EDGE ( 'NONE', *, *, #535, .F. ) ;
#4899 = LINE ( 'NONE', #1551, #2877 ) ;
#4900 = VECTOR ( 'NONE', #4455, 1000.000000000000000 ) ;
#4901 = ORIENTED_EDGE ( 'NONE', *, *, #2402, .F. ) ;
#4902 = DIRECTION ( 'NONE',  ( 1.734723475976810100E-015, 0.0000000000000000000, 1.000000000000000000 ) ) ;
#4903 = DIRECTION ( 'NONE',  ( 0.0000000000000000000, 0.0000000000000000000, 1.000000000000000000 ) ) ;
#4904 = CARTESIAN_POINT ( 'NONE',  ( 0.3500000000000010300, 0.1499999999999999900, 1.449999999999999700 ) ) ;
#4905 = CARTESIAN_POINT ( 'NONE',  ( 1.199999999999999500, 0.6500000000000000200, 0.3499999999999999200 ) ) ;
#4906 = CARTESIAN_POINT ( 'NONE',  ( -1.199999999999999500, 0.0000000000000000000, 0.6499999999999999100 ) ) ;
#4907 = PLANE ( 'NONE',  #110 ) ;
#4908 = VERTEX_POINT ( 'NONE', #2190 ) ;
#4909 = ORIENTED_EDGE ( 'NONE', *, *, #1371, .T. ) ;
#4910 = DIRECTION ( 'NONE',  ( 0.0000000000000000000, 0.0000000000000000000, -1.000000000000000000 ) ) ;
ENDSEC;
END-ISO-10303-21;
