ISO-10303-21;
HEADER;
FILE_DESCRIPTION (( 'STEP AP214' ),
    '1' );
FILE_NAME ('LHA-13HLN+.STEP',
    '2024-02-18T14:37:29',
    ( 'LENOVO' ),
    ( '' ),
    'SwSTEP 2.0',
    'SolidWorks 2021',
    '' );
FILE_SCHEMA (( 'AUTOMOTIVE_DESIGN' ));
ENDSEC;

DATA;
#1 = CARTESIAN_POINT ( 'NONE',  ( -1.200000000000000178, 0.8900000000000000133, -1.200000000000000178 ) ) ;
#2 = CARTESIAN_POINT ( 'NONE',  ( 0.3930000000000007931, 0.1999999999999996503, -1.500000000000000222 ) ) ;
#3 = FACE_OUTER_BOUND ( 'NONE', #1843, .T. ) ;
#4 = DIRECTION ( 'NONE',  ( 1.057758217059029890E-15, 0.000000000000000000, 1.000000000000000000 ) ) ;
#5 = CARTESIAN_POINT ( 'NONE',  ( 0.6230000000000007754, 0.000000000000000000, 1.090000000000000302 ) ) ;
#6 = VERTEX_POINT ( 'NONE', #1911 ) ;
#7 = AXIS2_PLACEMENT_3D ( 'NONE', #3655, #4089, #2852 ) ;
#8 = CARTESIAN_POINT ( 'NONE',  ( -1.089999999999999858, 0.000000000000000000, -0.6229999999999996652 ) ) ;
#9 = CARTESIAN_POINT ( 'NONE',  ( -1.500000000000000000, 0.000000000000000000, -0.6229999999999994431 ) ) ;
#10 = ORIENTED_EDGE ( 'NONE', *, *, #3180, .T. ) ;
#11 = ADVANCED_FACE ( 'NONE', ( #1428 ), #1246, .T. ) ;
#12 = LINE ( 'NONE', #3976, #1778 ) ;
#13 = VECTOR ( 'NONE', #2817, 1000.000000000000000 ) ;
#14 = VERTEX_POINT ( 'NONE', #1257 ) ;
#15 =( LENGTH_UNIT ( ) NAMED_UNIT ( * ) SI_UNIT ( .MILLI., .METRE. ) );
#16 = DIRECTION ( 'NONE',  ( 0.000000000000000000, 1.000000000000000000, 0.000000000000000000 ) ) ;
#17 = ORIENTED_EDGE ( 'NONE', *, *, #2397, .T. ) ;
#18 = EDGE_LOOP ( 'NONE', ( #2200, #2051, #2356, #1817 ) ) ;
#19 = EDGE_CURVE ( 'NONE', #3560, #660, #3295, .T. ) ;
#20 = VECTOR ( 'NONE', #5103, 1000.000000000000000 ) ;
#21 = CYLINDRICAL_SURFACE ( 'NONE', #3043, 0.1000000000000000472 ) ;
#22 = CARTESIAN_POINT ( 'NONE',  ( 0.3930000000000007931, 0.000000000000000000, -1.500000000000000222 ) ) ;
#23 = ORIENTED_EDGE ( 'NONE', *, *, #4028, .F. ) ;
#24 = ORIENTED_EDGE ( 'NONE', *, *, #1797, .T. ) ;
#25 = ADVANCED_FACE ( 'NONE', ( #3208 ), #1653, .T. ) ;
#26 = EDGE_CURVE ( 'NONE', #46, #4997, #3259, .T. ) ;
#27 = CARTESIAN_POINT ( 'NONE',  ( 1.500000000000000000, 0.6701063709417264258, 0.6230000000000002203 ) ) ;
#28 = VERTEX_POINT ( 'NONE', #2809 ) ;
#29 = VECTOR ( 'NONE', #4158, 1000.000000000000000 ) ;
#30 = LINE ( 'NONE', #801, #83 ) ;
#31 = VERTEX_POINT ( 'NONE', #4861 ) ;
#32 = CARTESIAN_POINT ( 'NONE',  ( -1.255000000000000560, 0.000000000000000000, -1.254999999999999671 ) ) ;
#33 = FILL_AREA_STYLE ('',( #2073 ) ) ;
#34 = CARTESIAN_POINT ( 'NONE',  ( 0.6249999999999997780, 0.000000000000000000, -0.6249999999999997780 ) ) ;
#35 = CARTESIAN_POINT ( 'NONE',  ( -0.3929999999999994609, 0.2000000000000000111, -1.090000000000000302 ) ) ;
#36 = VERTEX_POINT ( 'NONE', #3158 ) ;
#37 = CARTESIAN_POINT ( 'NONE',  ( -1.089999999999999858, 0.1999999999999999833, -0.3929999999999999050 ) ) ;
#38 = EDGE_CURVE ( 'NONE', #425, #2631, #4980, .T. ) ;
#39 = AXIS2_PLACEMENT_3D ( 'NONE', #3010, #123, #2312 ) ;
#40 = ORIENTED_EDGE ( 'NONE', *, *, #1916, .F. ) ;
#41 = DIRECTION ( 'NONE',  ( 1.000000000000000000, -0.000000000000000000, 2.644395542647570780E-16 ) ) ;
#42 = SURFACE_STYLE_FILL_AREA ( #4948 ) ;
#43 = CARTESIAN_POINT ( 'NONE',  ( -1.500000000000000000, 0.8900000000000001243, -1.500000000000000222 ) ) ;
#44 = VERTEX_POINT ( 'NONE', #4791 ) ;
#45 = EDGE_CURVE ( 'NONE', #1673, #559, #5082, .T. ) ;
#46 = VERTEX_POINT ( 'NONE', #290 ) ;
#47 = ORIENTED_EDGE ( 'NONE', *, *, #4178, .F. ) ;
#48 = DIRECTION ( 'NONE',  ( 1.000000000000000000, -0.000000000000000000, -7.228014483236695816E-17 ) ) ;
#49 = CARTESIAN_POINT ( 'NONE',  ( 0.1150000000000007405, 0.000000000000000000, 1.090000000000000302 ) ) ;
#50 = ORIENTED_EDGE ( 'NONE', *, *, #5172, .F. ) ;
#51 = ORIENTED_EDGE ( 'NONE', *, *, #876, .T. ) ;
#52 = DIRECTION ( 'NONE',  ( 0.000000000000000000, 0.000000000000000000, -1.000000000000000000 ) ) ;
#53 = EDGE_LOOP ( 'NONE', ( #4305, #536, #2119, #391 ) ) ;
#54 = DIRECTION ( 'NONE',  ( -0.000000000000000000, 1.000000000000000000, -0.000000000000000000 ) ) ;
#55 = EDGE_LOOP ( 'NONE', ( #2406, #2573, #2399, #4003 ) ) ;
#56 = EDGE_CURVE ( 'NONE', #146, #1111, #5038, .T. ) ;
#57 = FACE_BOUND ( 'NONE', #2568, .T. ) ;
#58 = VECTOR ( 'NONE', #4393, 1000.000000000000000 ) ;
#59 = DIRECTION ( 'NONE',  ( 0.000000000000000000, 0.000000000000000000, 1.000000000000000000 ) ) ;
#60 = EDGE_LOOP ( 'NONE', ( #47, #2932, #4398, #392 ) ) ;
#61 = AXIS2_PLACEMENT_3D ( 'NONE', #2428, #3699, #1559 ) ;
#62 = ADVANCED_FACE ( 'NONE', ( #5106 ), #4703, .T. ) ;
#63 = ORIENTED_EDGE ( 'NONE', *, *, #790, .T. ) ;
#64 = ORIENTED_EDGE ( 'NONE', *, *, #4797, .F. ) ;
#65 = DIRECTION ( 'NONE',  ( -2.644395542647572259E-16, 0.000000000000000000, -1.000000000000000000 ) ) ;
#66 = EDGE_CURVE ( 'NONE', #108, #2252, #1544, .T. ) ;
#67 = ORIENTED_EDGE ( 'NONE', *, *, #1430, .F. ) ;
#68 = VECTOR ( 'NONE', #506, 1000.000000000000000 ) ;
#69 = ORIENTED_EDGE ( 'NONE', *, *, #1280, .F. ) ;
#70 = CARTESIAN_POINT ( 'NONE',  ( -0.1149999999999990058, 0.000000000000000000, 1.090000000000000302 ) ) ;
#71 = ORIENTED_EDGE ( 'NONE', *, *, #2615, .T. ) ;
#72 = CARTESIAN_POINT ( 'NONE',  ( 1.500000000000000000, 0.000000000000000000, 0.6230000000000002203 ) ) ;
#73 = DIRECTION ( 'NONE',  ( -1.000000000000000000, 0.000000000000000000, 1.057758217059029890E-15 ) ) ;
#74 = CARTESIAN_POINT ( 'NONE',  ( 0.7249999999999998668, 0.2000000000000000944, -0.7249999999999998668 ) ) ;
#75 = VERTEX_POINT ( 'NONE', #1579 ) ;
#76 = ADVANCED_FACE ( 'NONE', ( #4990 ), #4665, .F. ) ;
#77 = LINE ( 'NONE', #2669, #1897 ) ;
#78 = ORIENTED_EDGE ( 'NONE', *, *, #1336, .T. ) ;
#79 = CARTESIAN_POINT ( 'NONE',  ( 0.3930000000000010707, 0.2000000000000000111, 1.500000000000000222 ) ) ;
#80 = STYLED_ITEM ( 'NONE', ( #1712 ), #1355 ) ;
#81 = VECTOR ( 'NONE', #3240, 1000.000000000000000 ) ;
#82 = LINE ( 'NONE', #4016, #1921 ) ;
#83 = VECTOR ( 'NONE', #4546, 1000.000000000000000 ) ;
#84 = CARTESIAN_POINT ( 'NONE',  ( -1.500000000000000000, 0.000000000000000000, -0.3929999999999997939 ) ) ;
#85 = ORIENTED_EDGE ( 'NONE', *, *, #2837, .T. ) ;
#86 = ORIENTED_EDGE ( 'NONE', *, *, #2861, .F. ) ;
#87 = ORIENTED_EDGE ( 'NONE', *, *, #1455, .F. ) ;
#88 = ORIENTED_EDGE ( 'NONE', *, *, #1036, .F. ) ;
#89 = CARTESIAN_POINT ( 'NONE',  ( 1.089999999999999858, 0.000000000000000000, -0.1149999999999996581 ) ) ;
#90 = CARTESIAN_POINT ( 'NONE',  ( 0.3930000000000010707, 0.000000000000000000, 1.500000000000000222 ) ) ;
#91 = CARTESIAN_POINT ( 'NONE',  ( -0.3929999999999992388, 0.2000000000000000111, 1.090000000000000302 ) ) ;
#92 = CARTESIAN_POINT ( 'NONE',  ( -0.3929999999999987947, 0.2000000000000000111, 1.499999999999999778 ) ) ;
#93 = SURFACE_STYLE_USAGE ( .BOTH. , #3054 ) ;
#94 = VECTOR ( 'NONE', #295, 1000.000000000000000 ) ;
#95 = ORIENTED_EDGE ( 'NONE', *, *, #3013, .T. ) ;
#96 = VECTOR ( 'NONE', #4935, 1000.000000000000000 ) ;
#97 = VECTOR ( 'NONE', #1059, 1000.000000000000000 ) ;
#98 = FACE_OUTER_BOUND ( 'NONE', #1492, .T. ) ;
#99 = AXIS2_PLACEMENT_3D ( 'NONE', #4247, #2210, #1068 ) ;
#100 = EDGE_CURVE ( 'NONE', #2466, #4070, #1536, .T. ) ;
#101 = VERTEX_POINT ( 'NONE', #2962 ) ;
#102 = CARTESIAN_POINT ( 'NONE',  ( 0.000000000000000000, 0.2000000000000000111, 0.000000000000000000 ) ) ;
#103 = ORIENTED_EDGE ( 'NONE', *, *, #433, .T. ) ;
#104 = ORIENTED_EDGE ( 'NONE', *, *, #4927, .F. ) ;
#105 = EDGE_CURVE ( 'NONE', #644, #3591, #1469, .T. ) ;
#106 =( NAMED_UNIT ( * ) SI_UNIT ( $, .STERADIAN. ) SOLID_ANGLE_UNIT ( ) );
#107 = PRODUCT_DEFINITION_SHAPE ( 'NONE', 'NONE',  #2596 ) ;
#108 = VERTEX_POINT ( 'NONE', #2609 ) ;
#109 = VECTOR ( 'NONE', #4563, 1000.000000000000000 ) ;
#110 = LINE ( 'NONE', #742, #1952 ) ;
#111 = CARTESIAN_POINT ( 'NONE',  ( -0.9750000000000010880, 0.1000000000000000472, -1.005000000000000338 ) ) ;
#112 = PRODUCT_RELATED_PRODUCT_CATEGORY ( 'part', '', ( #4409 ) ) ;
#113 = CARTESIAN_POINT ( 'NONE',  ( -1.174999999999999822, 0.1000000000000000056, -1.335000000000000187 ) ) ;
#114 = CLOSED_SHELL ( 'NONE', ( #2199, #4542, #382, #3383 ) ) ;
#115 = EDGE_LOOP ( 'NONE', ( #2295, #1575, #5175, #1556 ) ) ;
#116 = DIRECTION ( 'NONE',  ( -1.000000000000000000, 0.000000000000000000, 1.885568995626963547E-15 ) ) ;
#117 = SURFACE_SIDE_STYLE ('',( #2361 ) ) ;
#118 = UNCERTAINTY_MEASURE_WITH_UNIT (LENGTH_MEASURE( 1.000000000000000082E-05 ), #5208, 'distance_accuracy_value', 'NONE');
#119 = ORIENTED_EDGE ( 'NONE', *, *, #4960, .T. ) ;
#120 = VECTOR ( 'NONE', #2853, 1000.000000000000000 ) ;
#121 = ORIENTED_EDGE ( 'NONE', *, *, #4766, .F. ) ;
#122 = CARTESIAN_POINT ( 'NONE',  ( -1.200000000000000178, 0.7900000000000000355, -1.325000000000000400 ) ) ;
#123 = DIRECTION ( 'NONE',  ( -2.644395542647570780E-16, 0.000000000000000000, -1.000000000000000000 ) ) ;
#124 = DIRECTION ( 'NONE',  ( -2.644395542647572259E-16, 0.000000000000000000, -1.000000000000000000 ) ) ;
#125 = EDGE_CURVE ( 'NONE', #5251, #1949, #1400, .T. ) ;
#126 = ADVANCED_FACE ( 'NONE', ( #3220 ), #3409, .T. ) ;
#127 = ORIENTED_EDGE ( 'NONE', *, *, #2794, .T. ) ;
#128 = EDGE_LOOP ( 'NONE', ( #3998, #4457, #2667, #749 ) ) ;
#129 =( NAMED_UNIT ( * ) SI_UNIT ( $, .STERADIAN. ) SOLID_ANGLE_UNIT ( ) );
#130 = VECTOR ( 'NONE', #1681, 1000.000000000000000 ) ;
#131 = ORIENTED_EDGE ( 'NONE', *, *, #1098, .F. ) ;
#132 = CARTESIAN_POINT ( 'NONE',  ( 0.6230000000000005533, 0.2000000000000000111, -1.090000000000000302 ) ) ;
#133 = EDGE_CURVE ( 'NONE', #4300, #1673, #1460, .T. ) ;
#134 = ORIENTED_EDGE ( 'NONE', *, *, #1877, .F. ) ;
#135 = ORIENTED_EDGE ( 'NONE', *, *, #636, .F. ) ;
#136 = ADVANCED_FACE ( 'NONE', ( #1509 ), #5057, .F. ) ;
#137 = PLANE ( 'NONE',  #4350 ) ;
#138 = DIRECTION ( 'NONE',  ( -5.288791085295149449E-16, 0.000000000000000000, 1.000000000000000000 ) ) ;
#139 = VECTOR ( 'NONE', #1436, 1000.000000000000000 ) ;
#140 = EDGE_LOOP ( 'NONE', ( #2043, #2016 ) ) ;
#141 = LINE ( 'NONE', #2760, #1844 ) ;
#142 = FACE_OUTER_BOUND ( 'NONE', #2547, .T. ) ;
#143 = LINE ( 'NONE', #1894, #3778 ) ;
#144 = DIRECTION ( 'NONE',  ( 0.000000000000000000, 0.000000000000000000, -1.000000000000000000 ) ) ;
#145 = PLANE ( 'NONE',  #3032 ) ;
#146 = VERTEX_POINT ( 'NONE', #3764 ) ;
#147 = VERTEX_POINT ( 'NONE', #1777 ) ;
#148 = VECTOR ( 'NONE', #4585, 1000.000000000000000 ) ;
#149 = FILL_AREA_STYLE_COLOUR ( '', #5196 ) ;
#150 = LINE ( 'NONE', #1153, #3641 ) ;
#151 =( GEOMETRIC_REPRESENTATION_CONTEXT ( 3 ) GLOBAL_UNCERTAINTY_ASSIGNED_CONTEXT ( ( #4150 ) ) GLOBAL_UNIT_ASSIGNED_CONTEXT ( ( #3784, #3423, #2626 ) ) REPRESENTATION_CONTEXT ( 'NONE', 'WORKASPACE' ) );
#152 = CIRCLE ( 'NONE', #4275, 0.07999999999999998779 ) ;
#153 = PLANE ( 'NONE',  #224 ) ;
#154 = PRESENTATION_LAYER_ASSIGNMENT (  '', '', ( #4898 ) ) ;
#155 = CARTESIAN_POINT ( 'NONE',  ( 1.089999999999999858, 0.6701063709417264258, 0.3930000000000003491 ) ) ;
#156 = ORIENTED_EDGE ( 'NONE', *, *, #3491, .T. ) ;
#157 = ORIENTED_EDGE ( 'NONE', *, *, #340, .T. ) ;
#158 = DIRECTION ( 'NONE',  ( 0.000000000000000000, -0.000000000000000000, 1.000000000000000000 ) ) ;
#159 = FACE_OUTER_BOUND ( 'NONE', #726, .T. ) ;
#160 = VECTOR ( 'NONE', #4694, 1000.000000000000000 ) ;
#161 = VECTOR ( 'NONE', #5120, 1000.000000000000000 ) ;
#162 = VECTOR ( 'NONE', #620, 1000.000000000000000 ) ;
#163 = DIRECTION ( 'NONE',  ( 0.000000000000000000, 0.000000000000000000, 1.000000000000000000 ) ) ;
#164 = SURFACE_SIDE_STYLE ('',( #2951 ) ) ;
#165 = CARTESIAN_POINT ( 'NONE',  ( -1.089999999999999858, 0.000000000000000000, -0.3929999999999999050 ) ) ;
#166 = CARTESIAN_POINT ( 'NONE',  ( -1.200000000000000178, 0.7900000000000000355, -1.200000000000000178 ) ) ;
#167 = ORIENTED_EDGE ( 'NONE', *, *, #1535, .F. ) ;
#168 = PRESENTATION_STYLE_ASSIGNMENT (( #1969 ) ) ;
#169 = ORIENTED_EDGE ( 'NONE', *, *, #1545, .F. ) ;
#170 = VECTOR ( 'NONE', #4460, 1000.000000000000000 ) ;
#171 = LINE ( 'NONE', #4907, #178 ) ;
#172 = EDGE_CURVE ( 'NONE', #1714, #2239, #3179, .T. ) ;
#173 = ORIENTED_EDGE ( 'NONE', *, *, #2302, .F. ) ;
#174 = FILL_AREA_STYLE_COLOUR ( '', #1299 ) ;
#175 = EDGE_CURVE ( 'NONE', #4617, #3990, #4863, .T. ) ;
#176 = DIRECTION ( 'NONE',  ( 2.644395542647571766E-16, 0.000000000000000000, 1.000000000000000000 ) ) ;
#177 = VECTOR ( 'NONE', #1808, 1000.000000000000000 ) ;
#178 = VECTOR ( 'NONE', #4426, 1000.000000000000000 ) ;
#179 = LINE ( 'NONE', #3968, #3734 ) ;
#180 = EDGE_CURVE ( 'NONE', #2327, #75, #3234, .T. ) ;
#181 = ORIENTED_EDGE ( 'NONE', *, *, #4766, .T. ) ;
#182 = VECTOR ( 'NONE', #2294, 1000.000000000000000 ) ;
#183 = PLANE ( 'NONE',  #2802 ) ;
#184 =( LENGTH_UNIT ( ) NAMED_UNIT ( * ) SI_UNIT ( .MILLI., .METRE. ) );
#185 = EDGE_CURVE ( 'NONE', #486, #4079, #3244, .T. ) ;
#186 = AXIS2_PLACEMENT_3D ( 'NONE', #3639, #4074, #575 ) ;
#187 = EDGE_LOOP ( 'NONE', ( #4346, #716, #638, #529 ) ) ;
#188 = LINE ( 'NONE', #2789, #3692 ) ;
#189 = PRESENTATION_STYLE_ASSIGNMENT (( #1679 ) ) ;
#190 = DIRECTION ( 'NONE',  ( 0.000000000000000000, 1.000000000000000000, 0.000000000000000000 ) ) ;
#191 = DIRECTION ( 'NONE',  ( -0.000000000000000000, -0.000000000000000000, 1.000000000000000000 ) ) ;
#192 = VERTEX_POINT ( 'NONE', #551 ) ;
#193 = VERTEX_POINT ( 'NONE', #4725 ) ;
#194 = CARTESIAN_POINT ( 'NONE',  ( -1.500000000000000000, 0.000000000000000000, -0.3929999999999997939 ) ) ;
#195 = CARTESIAN_POINT ( 'NONE',  ( -0.6229999999999989990, 0.1999999999999999833, 1.090000000000000302 ) ) ;
#196 = CYLINDRICAL_SURFACE ( 'NONE', #3910, 0.07999999999999998779 ) ;
#197 = VECTOR ( 'NONE', #3408, 1000.000000000000000 ) ;
#198 = LINE ( 'NONE', #4529, #3765 ) ;
#199 = EDGE_CURVE ( 'NONE', #2550, #4050, #1479, .T. ) ;
#200 = LINE ( 'NONE', #5015, #3844 ) ;
#201 = FILL_AREA_STYLE_COLOUR ( '', #2132 ) ;
#202 = CARTESIAN_POINT ( 'NONE',  ( 0.6230000000000011084, 0.1999999999999999833, 1.499999999999999778 ) ) ;
#203 = CARTESIAN_POINT ( 'NONE',  ( -0.6250000000000000000, 2.250609665440987950, 0.7249999999999998668 ) ) ;
#204 = DIRECTION ( 'NONE',  ( -1.000000000000000000, 0.000000000000000000, -2.990902544787598592E-16 ) ) ;
#205 = EDGE_LOOP ( 'NONE', ( #5164, #1542, #2201, #4527 ) ) ;
#206 = ORIENTED_EDGE ( 'NONE', *, *, #1182, .F. ) ;
#207 = DIRECTION ( 'NONE',  ( 0.000000000000000000, 0.000000000000000000, -1.000000000000000000 ) ) ;
#208 = DIRECTION ( 'NONE',  ( -1.000000000000000000, 0.000000000000000000, -1.885568995626964336E-15 ) ) ;
#209 = FACE_OUTER_BOUND ( 'NONE', #298, .T. ) ;
#210 = LINE ( 'NONE', #664, #335 ) ;
#211 =( GEOMETRIC_REPRESENTATION_CONTEXT ( 3 ) GLOBAL_UNCERTAINTY_ASSIGNED_CONTEXT ( ( #5217 ) ) GLOBAL_UNIT_ASSIGNED_CONTEXT ( ( #3797, #2638, #3007 ) ) REPRESENTATION_CONTEXT ( 'NONE', 'WORKASPACE' ) );
#212 = VERTEX_POINT ( 'NONE', #35 ) ;
#213 = ORIENTED_EDGE ( 'NONE', *, *, #3550, .T. ) ;
#214 = SURFACE_STYLE_USAGE ( .BOTH. , #5094 ) ;
#215 = PLANE ( 'NONE',  #4963 ) ;
#216 = EDGE_CURVE ( 'NONE', #2553, #3775, #1505, .T. ) ;
#217 = AXIS2_PLACEMENT_3D ( 'NONE', #4637, #5279, #1295 ) ;
#218 = VECTOR ( 'NONE', #1122, 1000.000000000000000 ) ;
#219 = CYLINDRICAL_SURFACE ( 'NONE', #1008, 0.1000000000000000472 ) ;
#220 = DIRECTION ( 'NONE',  ( -0.000000000000000000, 0.000000000000000000, 1.000000000000000000 ) ) ;
#221 = EDGE_LOOP ( 'NONE', ( #1695, #1121, #157, #418 ) ) ;
#222 = ADVANCED_FACE ( 'NONE', ( #4805 ), #4022, .F. ) ;
#223 = ORIENTED_EDGE ( 'NONE', *, *, #105, .F. ) ;
#224 = AXIS2_PLACEMENT_3D ( 'NONE', #3127, #1438, #539 ) ;
#225 = LINE ( 'NONE', #3533, #1818 ) ;
#226 = PLANE ( 'NONE',  #186 ) ;
#227 = CARTESIAN_POINT ( 'NONE',  ( 0.6230000000000007754, 0.1999999999999999833, 1.090000000000000302 ) ) ;
#228 = VERTEX_POINT ( 'NONE', #1810 ) ;
#229 = MECHANICAL_DESIGN_GEOMETRIC_PRESENTATION_REPRESENTATION (  '', ( #480 ), #1189 ) ;
#230 = FACE_OUTER_BOUND ( 'NONE', #3907, .T. ) ;
#231 = SURFACE_STYLE_FILL_AREA ( #3577 ) ;
#232 = DIRECTION ( 'NONE',  ( 1.000000000000000000, 0.000000000000000000, 1.885568995626964336E-15 ) ) ;
#233 = DIRECTION ( 'NONE',  ( -1.000000000000000000, 0.000000000000000000, -2.644395542647570780E-16 ) ) ;
#234 = ORIENTED_EDGE ( 'NONE', *, *, #2906, .T. ) ;
#235 = ORIENTED_EDGE ( 'NONE', *, *, #3895, .F. ) ;
#236 = DIRECTION ( 'NONE',  ( 0.000000000000000000, 0.000000000000000000, -1.000000000000000000 ) ) ;
#237 = ORIENTED_EDGE ( 'NONE', *, *, #2794, .F. ) ;
#238 = VECTOR ( 'NONE', #1490, 1000.000000000000000 ) ;
#239 = LINE ( 'NONE', #731, #3795 ) ;
#240 = PRESENTATION_LAYER_ASSIGNMENT (  '', '', ( #900 ) ) ;
#241 = EDGE_CURVE ( 'NONE', #4474, #4055, #5095, .T. ) ;
#242 = CARTESIAN_POINT ( 'NONE',  ( 1.089999999999999858, 0.1999999999999999833, 0.6230000000000001092 ) ) ;
#243 = DIRECTION ( 'NONE',  ( 0.000000000000000000, -1.000000000000000000, 0.000000000000000000 ) ) ;
#244 = ORIENTED_EDGE ( 'NONE', *, *, #711, .T. ) ;
#245 = EDGE_CURVE ( 'NONE', #2002, #2660, #3465, .T. ) ;
#246 = EDGE_CURVE ( 'NONE', #2357, #3997, #5238, .T. ) ;
#247 = DIRECTION ( 'NONE',  ( -0.000000000000000000, -1.000000000000000000, -0.000000000000000000 ) ) ;
#248 = VECTOR ( 'NONE', #1554, 1000.000000000000000 ) ;
#249 = LINE ( 'NONE', #772, #3683 ) ;
#250 = DIRECTION ( 'NONE',  ( 2.644395542647570780E-16, 0.000000000000000000, -1.000000000000000000 ) ) ;
#251 = EDGE_CURVE ( 'NONE', #4143, #2296, #1767, .T. ) ;
#252 = ORIENTED_EDGE ( 'NONE', *, *, #2652, .T. ) ;
#253 = ORIENTED_EDGE ( 'NONE', *, *, #2512, .T. ) ;
#254 = DIRECTION ( 'NONE',  ( 0.000000000000000000, 0.000000000000000000, 1.000000000000000000 ) ) ;
#255 = CARTESIAN_POINT ( 'NONE',  ( 0.6230000000000005533, 0.2000000000000000111, -1.090000000000000302 ) ) ;
#256 = EDGE_CURVE ( 'NONE', #3213, #4300, #5273, .T. ) ;
#257 = ORIENTED_EDGE ( 'NONE', *, *, #978, .T. ) ;
#258 = LINE ( 'NONE', #586, #2029 ) ;
#259 = LINE ( 'NONE', #1172, #2321 ) ;
#260 = CARTESIAN_POINT ( 'NONE',  ( 1.500000000000000000, 0.6701063709417264258, -0.1149999999999994360 ) ) ;
#261 = EDGE_CURVE ( 'NONE', #4065, #4050, #1746, .T. ) ;
#262 = AXIS2_PLACEMENT_3D ( 'NONE', #2197, #2643, #3441 ) ;
#263 = ORIENTED_EDGE ( 'NONE', *, *, #1098, .T. ) ;
#264 = ORIENTED_EDGE ( 'NONE', *, *, #2552, .T. ) ;
#265 = DIRECTION ( 'NONE',  ( 0.000000000000000000, 0.000000000000000000, -1.000000000000000000 ) ) ;
#266 =( NAMED_UNIT ( * ) SI_UNIT ( $, .STERADIAN. ) SOLID_ANGLE_UNIT ( ) );
#267 = ORIENTED_EDGE ( 'NONE', *, *, #3086, .T. ) ;
#268 = FACE_OUTER_BOUND ( 'NONE', #3228, .T. ) ;
#269 = UNCERTAINTY_MEASURE_WITH_UNIT (LENGTH_MEASURE( 1.000000000000000082E-05 ), #1450, 'distance_accuracy_value', 'NONE');
#270 = DIRECTION ( 'NONE',  ( 1.057758217059029890E-15, 0.000000000000000000, 1.000000000000000000 ) ) ;
#271 = DIRECTION ( 'NONE',  ( -0.000000000000000000, -1.000000000000000000, -0.000000000000000000 ) ) ;
#272 = VERTEX_POINT ( 'NONE', #1745 ) ;
#273 = EDGE_LOOP ( 'NONE', ( #4135, #1658, #2331, #510 ) ) ;
#274 = CARTESIAN_POINT ( 'NONE',  ( 0.000000000000000000, 0.000000000000000000, 1.016000000000000014 ) ) ;
#275 = DIRECTION ( 'NONE',  ( 0.000000000000000000, -0.000000000000000000, -1.000000000000000000 ) ) ;
#276 = VERTEX_POINT ( 'NONE', #2762 ) ;
#277 = LINE ( 'NONE', #1416, #2006 ) ;
#278 = EDGE_CURVE ( 'NONE', #4311, #4956, #3559, .T. ) ;
#279 = FILL_AREA_STYLE_COLOUR ( '', #296 ) ;
#280 = PLANE ( 'NONE',  #1602 ) ;
#281 = CARTESIAN_POINT ( 'NONE',  ( -0.6229999999999988880, 0.000000000000000000, 1.500000000000000222 ) ) ;
#282 = EDGE_LOOP ( 'NONE', ( #4830, #3365, #3352, #3175 ) ) ;
#283 = ORIENTED_EDGE ( 'NONE', *, *, #2746, .F. ) ;
#284 = CARTESIAN_POINT ( 'NONE',  ( 1.089999999999999858, 0.6701063709417264258, 0.1150000000000000883 ) ) ;
#285 = AXIS2_PLACEMENT_3D ( 'NONE', #5109, #5168, #617 ) ;
#286 = DIRECTION ( 'NONE',  ( 0.000000000000000000, 0.000000000000000000, -1.000000000000000000 ) ) ;
#287 = EDGE_CURVE ( 'NONE', #3791, #193, #12, .T. ) ;
#288 = AXIS2_PLACEMENT_3D ( 'NONE', #2310, #4388, #3509 ) ;
#289 = EDGE_LOOP ( 'NONE', ( #3590, #2565, #1900, #1806, #3493, #3531, #4088, #1906, #2165, #4007, #4369, #2005, #459, #3948, #3636, #63 ) ) ;
#290 = CARTESIAN_POINT ( 'NONE',  ( -0.1149999999999988948, 0.2000000000000000111, 1.500000000000000222 ) ) ;
#291 = ORIENTED_EDGE ( 'NONE', *, *, #1927, .F. ) ;
#292 = SURFACE_STYLE_FILL_AREA ( #4191 ) ;
#293 = DIRECTION ( 'NONE',  ( 0.000000000000000000, -1.000000000000000000, 0.000000000000000000 ) ) ;
#294 = ORIENTED_EDGE ( 'NONE', *, *, #2901, .T. ) ;
#295 = DIRECTION ( 'NONE',  ( 1.000000000000000000, 0.000000000000000000, 1.885568995626964336E-15 ) ) ;
#296 = COLOUR_RGB ( '',0.7921568627450980005, 0.8196078431372548767, 0.9333333333333333481 ) ;
#297 = CARTESIAN_POINT ( 'NONE',  ( -0.6229999999999989990, 0.000000000000000000, 1.090000000000000302 ) ) ;
#298 = EDGE_LOOP ( 'NONE', ( #1376, #4573, #1446, #4949 ) ) ;
#299 = ORIENTED_EDGE ( 'NONE', *, *, #3453, .F. ) ;
#300 = PLANE ( 'NONE',  #4475 ) ;
#301 = STYLED_ITEM ( 'NONE', ( #1600 ), #1000 ) ;
#302 = EDGE_CURVE ( 'NONE', #648, #3560, #3566, .T. ) ;
#303 = CARTESIAN_POINT ( 'NONE',  ( -1.500000000000000000, 0.6701063709417264258, -0.6229999999999994431 ) ) ;
#304 = VERTEX_POINT ( 'NONE', #697 ) ;
#305 = SURFACE_SIDE_STYLE ('',( #3529 ) ) ;
#306 = ADVANCED_FACE ( 'NONE', ( #4138 ), #2823, .T. ) ;
#307 =( NAMED_UNIT ( * ) PLANE_ANGLE_UNIT ( ) SI_UNIT ( $, .RADIAN. ) );
#308 = DIRECTION ( 'NONE',  ( -0.000000000000000000, -1.000000000000000000, -0.000000000000000000 ) ) ;
#309 = ORIENTED_EDGE ( 'NONE', *, *, #746, .T. ) ;
#310 = VERTEX_POINT ( 'NONE', #776 ) ;
#311 = DIRECTION ( 'NONE',  ( 0.000000000000000000, 1.000000000000000000, 0.000000000000000000 ) ) ;
#312 = CLOSED_SHELL ( 'NONE', ( #4673, #754, #3004, #4036, #5202, #4185 ) ) ;
#313 = VECTOR ( 'NONE', #3913, 1000.000000000000000 ) ;
#314 = ORIENTED_EDGE ( 'NONE', *, *, #4625, .F. ) ;
#315 = CARTESIAN_POINT ( 'NONE',  ( -1.175000000000000488, 0.000000000000000000, -1.255000000000000338 ) ) ;
#316 = DIRECTION ( 'NONE',  ( 0.000000000000000000, 0.000000000000000000, -1.000000000000000000 ) ) ;
#317 = EDGE_LOOP ( 'NONE', ( #2554, #1062, #1027, #3128 ) ) ;
#318 = ORIENTED_EDGE ( 'NONE', *, *, #3823, .F. ) ;
#319 = EDGE_CURVE ( 'NONE', #3677, #1044, #475, .T. ) ;
#320 = LINE ( 'NONE', #1940, #3984 ) ;
#321 = AXIS2_PLACEMENT_3D ( 'NONE', #34, #2114, #1140 ) ;
#322 = ORIENTED_EDGE ( 'NONE', *, *, #891, .T. ) ;
#323 = EDGE_LOOP ( 'NONE', ( #4799, #744, #1136, #235 ) ) ;
#324 = VECTOR ( 'NONE', #1420, 1000.000000000000000 ) ;
#325 = DIRECTION ( 'NONE',  ( 5.288791085295149449E-16, 0.000000000000000000, -1.000000000000000000 ) ) ;
#326 = ORIENTED_EDGE ( 'NONE', *, *, #1125, .T. ) ;
#327 = ORIENTED_EDGE ( 'NONE', *, *, #3959, .T. ) ;
#328 = UNCERTAINTY_MEASURE_WITH_UNIT (LENGTH_MEASURE( 1.000000000000000082E-05 ), #184, 'distance_accuracy_value', 'NONE');
#329 = EDGE_CURVE ( 'NONE', #2218, #3715, #4117, .T. ) ;
#330 =( NAMED_UNIT ( * ) PLANE_ANGLE_UNIT ( ) SI_UNIT ( $, .RADIAN. ) );
#331 = ORIENTED_EDGE ( 'NONE', *, *, #692, .T. ) ;
#332 = FACE_OUTER_BOUND ( 'NONE', #4240, .T. ) ;
#333 =( NAMED_UNIT ( * ) PLANE_ANGLE_UNIT ( ) SI_UNIT ( $, .RADIAN. ) );
#334 = VERTEX_POINT ( 'NONE', #1454 ) ;
#335 = VECTOR ( 'NONE', #1863, 1000.000000000000000 ) ;
#336 = ORIENTED_EDGE ( 'NONE', *, *, #1274, .F. ) ;
#337 = CARTESIAN_POINT ( 'NONE',  ( 1.500000000000000000, 0.1999999999999999833, 0.6230000000000002203 ) ) ;
#338 = ADVANCED_FACE ( 'NONE', ( #4126 ), #2393, .F. ) ;
#339 = CARTESIAN_POINT ( 'NONE',  ( 1.089999999999999858, 0.6701063709417264258, -0.1149999999999996581 ) ) ;
#340 = EDGE_CURVE ( 'NONE', #2499, #4349, #512, .T. ) ;
#341 = ORIENTED_EDGE ( 'NONE', *, *, #3306, .T. ) ;
#342 = ORIENTED_EDGE ( 'NONE', *, *, #319, .T. ) ;
#343 = ORIENTED_EDGE ( 'NONE', *, *, #2563, .F. ) ;
#344 = ORIENTED_EDGE ( 'NONE', *, *, #3002, .F. ) ;
#345 = LINE ( 'NONE', #3018, #324 ) ;
#346 = CARTESIAN_POINT ( 'NONE',  ( -1.089999999999999858, 0.000000000000000000, 0.6230000000000001092 ) ) ;
#347 = CARTESIAN_POINT ( 'NONE',  ( 0.1150000000000007405, 0.2000000000000000111, 1.090000000000000302 ) ) ;
#348 = EDGE_LOOP ( 'NONE', ( #2525, #2898, #2166, #1771 ) ) ;
#349 = AXIS2_PLACEMENT_3D ( 'NONE', #831, #361, #795 ) ;
#350 = ORIENTED_EDGE ( 'NONE', *, *, #3951, .T. ) ;
#351 = FACE_BOUND ( 'NONE', #140, .T. ) ;
#352 = ORIENTED_EDGE ( 'NONE', *, *, #3923, .F. ) ;
#353 = ORIENTED_EDGE ( 'NONE', *, *, #400, .F. ) ;
#354 = ADVANCED_FACE ( 'NONE', ( #2988 ), #3176, .T. ) ;
#355 = ORIENTED_EDGE ( 'NONE', *, *, #1200, .T. ) ;
#356 = DIRECTION ( 'NONE',  ( 0.000000000000000000, -1.000000000000000000, 0.000000000000000000 ) ) ;
#357 = VECTOR ( 'NONE', #3319, 1000.000000000000000 ) ;
#358 = VERTEX_POINT ( 'NONE', #3613 ) ;
#359 = CYLINDRICAL_SURFACE ( 'NONE', #610, 0.1250000000000001110 ) ;
#360 = CARTESIAN_POINT ( 'NONE',  ( -1.089999999999999858, 0.6701063709417264258, -0.1149999999999996581 ) ) ;
#361 = DIRECTION ( 'NONE',  ( -1.000000000000000000, 0.000000000000000000, 0.000000000000000000 ) ) ;
#362 = VERTEX_POINT ( 'NONE', #1525 ) ;
#363 = EDGE_CURVE ( 'NONE', #3809, #2311, #2968, .T. ) ;
#364 = DIRECTION ( 'NONE',  ( -0.000000000000000000, -1.000000000000000000, -0.000000000000000000 ) ) ;
#365 = CARTESIAN_POINT ( 'NONE',  ( -1.174999999999999822, 0.5883646178829911033, -1.335000000000000187 ) ) ;
#367 = AXIS2_PLACEMENT_3D ( 'NONE', #2028, #3106, #2791 ) ;
#366 = FACE_OUTER_BOUND ( 'NONE', #730, .T. ) ;
#368 = EDGE_CURVE ( 'NONE', #4956, #417, #2984, .T. ) ;
#369 = EDGE_LOOP ( 'NONE', ( #1196, #924, #2506, #3930 ) ) ;
#370 = CARTESIAN_POINT ( 'NONE',  ( 0.1150000000000005185, 0.1999999999999999833, -1.090000000000000302 ) ) ;
#371 = CARTESIAN_POINT ( 'NONE',  ( -1.200000000000000178, 0.7900000000000000355, -1.200000000000000178 ) ) ;
#372 = ORIENTED_EDGE ( 'NONE', *, *, #1369, .F. ) ;
#373 = ORIENTED_EDGE ( 'NONE', *, *, #947, .T. ) ;
#374 = PRESENTATION_STYLE_ASSIGNMENT (( #4422 ) ) ;
#375 = DIRECTION ( 'NONE',  ( 0.000000000000000000, 1.000000000000000000, 0.000000000000000000 ) ) ;
#376 = DIRECTION ( 'NONE',  ( -0.000000000000000000, -1.000000000000000000, -0.000000000000000000 ) ) ;
#377 = CARTESIAN_POINT ( 'NONE',  ( 1.089999999999999858, 0.000000000000000000, 0.1150000000000000883 ) ) ;
#378 = PLANE ( 'NONE',  #2905 ) ;
#379 = PRODUCT_DEFINITION_FORMATION_WITH_SPECIFIED_SOURCE ( 'ANY', '', #4409, .NOT_KNOWN. ) ;
#380 = ORIENTED_EDGE ( 'NONE', *, *, #5032, .T. ) ;
#381 = ORIENTED_EDGE ( 'NONE', *, *, #1081, .T. ) ;
#382 = ADVANCED_FACE ( 'NONE', ( #4835 ), #378, .T. ) ;
#383 = ORIENTED_EDGE ( 'NONE', *, *, #520, .F. ) ;
#384 = FILL_AREA_STYLE_COLOUR ( '', #1992 ) ;
#385 = ORIENTED_EDGE ( 'NONE', *, *, #1726, .F. ) ;
#386 = CARTESIAN_POINT ( 'NONE',  ( 0.6230000000000007754, 0.000000000000000000, 1.090000000000000302 ) ) ;
#387 = FACE_OUTER_BOUND ( 'NONE', #4020, .T. ) ;
#388 = EDGE_CURVE ( 'NONE', #3555, #1893, #4817, .T. ) ;
#389 = DIRECTION ( 'NONE',  ( 0.000000000000000000, 0.000000000000000000, -1.000000000000000000 ) ) ;
#390 = FILL_AREA_STYLE ('',( #2769 ) ) ;
#391 = ORIENTED_EDGE ( 'NONE', *, *, #2052, .T. ) ;
#392 = ORIENTED_EDGE ( 'NONE', *, *, #4625, .T. ) ;
#393 = VECTOR ( 'NONE', #4252, 1000.000000000000000 ) ;
#394 = ADVANCED_FACE ( 'NONE', ( #1254 ), #3088, .F. ) ;
#395 = DIRECTION ( 'NONE',  ( 1.000000000000000000, 0.000000000000000000, -2.644395542647571766E-16 ) ) ;
#396 = CARTESIAN_POINT ( 'NONE',  ( 0.000000000000000000, 0.2000000000000000111, 0.000000000000000000 ) ) ;
#397 = ORIENTED_EDGE ( 'NONE', *, *, #2169, .T. ) ;
#398 = DIRECTION ( 'NONE',  ( 1.000000000000000000, 0.000000000000000000, 0.000000000000000000 ) ) ;
#399 = CARTESIAN_POINT ( 'NONE',  ( 0.1150000000000007405, 0.1999999999999999833, 1.090000000000000302 ) ) ;
#400 = EDGE_CURVE ( 'NONE', #4761, #875, #4856, .T. ) ;
#401 = PLANE ( 'NONE',  #4690 ) ;
#402 = AXIS2_PLACEMENT_3D ( 'NONE', #2386, #4450, #2457 ) ;
#403 = CARTESIAN_POINT ( 'NONE',  ( -0.1149999999999992140, 0.1999999999999996503, -1.500000000000000222 ) ) ;
#404 = CARTESIAN_POINT ( 'NONE',  ( 1.089999999999999858, 0.000000000000000000, -0.3929999999999999050 ) ) ;
#405 = EDGE_LOOP ( 'NONE', ( #4244, #3934, #577, #1865 ) ) ;
#406 = VERTEX_POINT ( 'NONE', #2313 ) ;
#407 = ORIENTED_EDGE ( 'NONE', *, *, #1170, .F. ) ;
#408 = STYLED_ITEM ( 'NONE', ( #5100 ), #4501 ) ;
#409 = CARTESIAN_POINT ( 'NONE',  ( 0.1150000000000011707, 0.6701063709417264258, 1.499999999999999778 ) ) ;
#410 = DIRECTION ( 'NONE',  ( 0.000000000000000000, 1.000000000000000000, 0.000000000000000000 ) ) ;
#411 =( NAMED_UNIT ( * ) SI_UNIT ( $, .STERADIAN. ) SOLID_ANGLE_UNIT ( ) );
#412 = AXIS2_PLACEMENT_3D ( 'NONE', #3568, #3595, #2495 ) ;
#413 = ORIENTED_EDGE ( 'NONE', *, *, #1956, .T. ) ;
#414 = ORIENTED_EDGE ( 'NONE', *, *, #3740, .F. ) ;
#415 = ORIENTED_EDGE ( 'NONE', *, *, #4368, .F. ) ;
#416 = CARTESIAN_POINT ( 'NONE',  ( 0.1150000000000011707, 0.000000000000000000, 1.499999999999999778 ) ) ;
#417 = VERTEX_POINT ( 'NONE', #4783 ) ;
#418 = ORIENTED_EDGE ( 'NONE', *, *, #2725, .T. ) ;
#419 = AXIS2_PLACEMENT_3D ( 'NONE', #4456, #1551, #1984 ) ;
#420 = EDGE_CURVE ( 'NONE', #3557, #3532, #1273, .T. ) ;
#421 = CARTESIAN_POINT ( 'NONE',  ( -1.174999999999999822, 0.000000000000000000, -1.005000000000000338 ) ) ;
#422 = ORIENTED_EDGE ( 'NONE', *, *, #3112, .F. ) ;
#423 = EDGE_LOOP ( 'NONE', ( #2574, #810 ) ) ;
#424 = ORIENTED_EDGE ( 'NONE', *, *, #4889, .F. ) ;
#425 = VERTEX_POINT ( 'NONE', #1123 ) ;
#426 = VECTOR ( 'NONE', #999, 1000.000000000000000 ) ;
#427 = CARTESIAN_POINT ( 'NONE',  ( -0.7250000000000000888, 0.000000000000000000, -0.6250000000000000000 ) ) ;
#428 = EDGE_CURVE ( 'NONE', #362, #2082, #4765, .T. ) ;
#429 = CARTESIAN_POINT ( 'NONE',  ( -0.3929999999999992388, 0.1999999999999999833, 1.090000000000000302 ) ) ;
#430 = VERTEX_POINT ( 'NONE', #92 ) ;
#431 = ORIENTED_EDGE ( 'NONE', *, *, #4160, .T. ) ;
#432 = MECHANICAL_DESIGN_GEOMETRIC_PRESENTATION_REPRESENTATION (  '', ( #2229 ), #2841 ) ;
#433 = EDGE_CURVE ( 'NONE', #789, #1236, #4772, .T. ) ;
#434 = ORIENTED_EDGE ( 'NONE', *, *, #3357, .F. ) ;
#435 =( NAMED_UNIT ( * ) PLANE_ANGLE_UNIT ( ) SI_UNIT ( $, .RADIAN. ) );
#436 = SURFACE_SIDE_STYLE ('',( #4788 ) ) ;
#437 = CARTESIAN_POINT ( 'NONE',  ( -0.3929999999999992388, 0.1999999999999999833, -1.499999999999999778 ) ) ;
#438 = ORIENTED_EDGE ( 'NONE', *, *, #2966, .F. ) ;
#439 = VECTOR ( 'NONE', #2661, 1000.000000000000000 ) ;
#440 = PLANE ( 'NONE',  #3552 ) ;
#441 = CARTESIAN_POINT ( 'NONE',  ( -1.089999999999999858, 0.6701063709417264258, 0.1150000000000000883 ) ) ;
#442 = ORIENTED_EDGE ( 'NONE', *, *, #1558, .F. ) ;
#443 = DIRECTION ( 'NONE',  ( 0.000000000000000000, -1.000000000000000000, 0.000000000000000000 ) ) ;
#444 = DIRECTION ( 'NONE',  ( -1.000000000000000000, 0.000000000000000000, 0.000000000000000000 ) ) ;
#445 = EDGE_LOOP ( 'NONE', ( #2492, #3956, #3413, #2419 ) ) ;
#446 = ORIENTED_EDGE ( 'NONE', *, *, #2997, .T. ) ;
#447 = STYLED_ITEM ( 'NONE', ( #168 ), #4972 ) ;
#448 =( NAMED_UNIT ( * ) PLANE_ANGLE_UNIT ( ) SI_UNIT ( $, .RADIAN. ) );
#449 = VECTOR ( 'NONE', #567, 1000.000000000000000 ) ;
#450 = VECTOR ( 'NONE', #3238, 1000.000000000000000 ) ;
#451 = CARTESIAN_POINT ( 'NONE',  ( -1.089999999999999858, 0.000000000000000000, -0.1149999999999996581 ) ) ;
#452 = VERTEX_POINT ( 'NONE', #1724 ) ;
#453 = ORIENTED_EDGE ( 'NONE', *, *, #1773, .F. ) ;
#454 = DIRECTION ( 'NONE',  ( 0.000000000000000000, 0.000000000000000000, -1.000000000000000000 ) ) ;
#455 = VECTOR ( 'NONE', #4326, 1000.000000000000000 ) ;
#456 = COLOUR_RGB ( '',1.000000000000000000, 0.5019607843137254832, 0.5019607843137254832 ) ;
#457 = VERTEX_POINT ( 'NONE', #2622 ) ;
#458 = CARTESIAN_POINT ( 'NONE',  ( 0.5080000000000000071, 0.2000000000000000111, 0.000000000000000000 ) ) ;
#459 = ORIENTED_EDGE ( 'NONE', *, *, #199, .F. ) ;
#460 = VERTEX_POINT ( 'NONE', #2505 ) ;
#461 = EDGE_LOOP ( 'NONE', ( #757, #3519, #5194, #4081 ) ) ;
#462 = ORIENTED_EDGE ( 'NONE', *, *, #1970, .T. ) ;
#463 = SURFACE_STYLE_FILL_AREA ( #3490 ) ;
#464 = DIRECTION ( 'NONE',  ( 0.000000000000000000, 0.000000000000000000, -1.000000000000000000 ) ) ;
#465 = CARTESIAN_POINT ( 'NONE',  ( -0.6229999999999989990, 0.1999999999999999833, 1.090000000000000302 ) ) ;
#466 = VERTEX_POINT ( 'NONE', #2657 ) ;
#467 = VERTEX_POINT ( 'NONE', #2994 ) ;
#468 =( NAMED_UNIT ( * ) PLANE_ANGLE_UNIT ( ) SI_UNIT ( $, .RADIAN. ) );
#469 = EDGE_CURVE ( 'NONE', #4809, #3011, #1225, .T. ) ;
#470 = PRESENTATION_LAYER_ASSIGNMENT (  '', '', ( #1852 ) ) ;
#471 = PLANE ( 'NONE',  #4607 ) ;
#472 =( LENGTH_UNIT ( ) NAMED_UNIT ( * ) SI_UNIT ( .MILLI., .METRE. ) );
#473 = ORIENTED_EDGE ( 'NONE', *, *, #1634, .F. ) ;
#474 = LINE ( 'NONE', #3391, #2297 ) ;
#475 = LINE ( 'NONE', #3908, #2343 ) ;
#476 = CARTESIAN_POINT ( 'NONE',  ( 1.089999999999999858, 0.1999999999999999833, -0.6229999999999996652 ) ) ;
#477 = DIRECTION ( 'NONE',  ( 0.000000000000000000, -0.000000000000000000, 1.000000000000000000 ) ) ;
#478 = CARTESIAN_POINT ( 'NONE',  ( -1.089999999999999858, 0.6701063709417264258, 0.6230000000000001092 ) ) ;
#479 = EDGE_LOOP ( 'NONE', ( #4942, #1209, #2838, #4590 ) ) ;
#480 = STYLED_ITEM ( 'NONE', ( #2646 ), #2245 ) ;
#481 = ORIENTED_EDGE ( 'NONE', *, *, #891, .F. ) ;
#482 = DIRECTION ( 'NONE',  ( 0.000000000000000000, 1.000000000000000000, 0.000000000000000000 ) ) ;
#483 = FACE_OUTER_BOUND ( 'NONE', #4214, .T. ) ;
#484 = ADVANCED_FACE ( 'NONE', ( #1214 ), #4094, .F. ) ;
#485 = DIRECTION ( 'NONE',  ( -1.000000000000000000, 0.000000000000000000, 0.000000000000000000 ) ) ;
#486 = VERTEX_POINT ( 'NONE', #3084 ) ;
#487 = CARTESIAN_POINT ( 'NONE',  ( 0.3930000000000010152, 0.000000000000000000, 1.090000000000000302 ) ) ;
#488 = ORIENTED_EDGE ( 'NONE', *, *, #420, .T. ) ;
#489 = ORIENTED_EDGE ( 'NONE', *, *, #515, .T. ) ;
#490 = CARTESIAN_POINT ( 'NONE',  ( -1.089999999999999858, 0.000000000000000000, 0.3930000000000003491 ) ) ;
#491 = ORIENTED_EDGE ( 'NONE', *, *, #2063, .T. ) ;
#493 = STYLED_ITEM ( 'NONE', ( #3586 ), #1210 ) ;
#492 = LINE ( 'NONE', #868, #2124 ) ;
#494 = EDGE_CURVE ( 'NONE', #3213, #2323, #4744, .T. ) ;
#495 = LINE ( 'NONE', #4287, #2120 ) ;
#496 = PLANE ( 'NONE',  #4098 ) ;
#497 = EDGE_CURVE ( 'NONE', #1262, #3560, #4726, .T. ) ;
#498 = ORIENTED_EDGE ( 'NONE', *, *, #706, .T. ) ;
#499 = ORIENTED_EDGE ( 'NONE', *, *, #1309, .F. ) ;
#500 = FACE_OUTER_BOUND ( 'NONE', #3206, .T. ) ;
#501 = CARTESIAN_POINT ( 'NONE',  ( 0.5080000000000000071, 0.000000000000000000, 0.000000000000000000 ) ) ;
#502 = EDGE_CURVE ( 'NONE', #570, #3856, #3036, .T. ) ;
#503 =( NAMED_UNIT ( * ) SI_UNIT ( $, .STERADIAN. ) SOLID_ANGLE_UNIT ( ) );
#504 = EDGE_LOOP ( 'NONE', ( #1763, #5151, #631, #1664 ) ) ;
#505 = VERTEX_POINT ( 'NONE', #4759 ) ;
#506 = DIRECTION ( 'NONE',  ( -1.000000000000000000, -0.000000000000000000, -5.288791085295141560E-16 ) ) ;
#507 = CARTESIAN_POINT ( 'NONE',  ( -1.500000000000000000, 0.000000000000000000, 0.1150000000000001993 ) ) ;
#508 = CARTESIAN_POINT ( 'NONE',  ( 0.6230000000000007754, 0.000000000000000000, 1.090000000000000302 ) ) ;
#509 = CARTESIAN_POINT ( 'NONE',  ( 1.499999999999999556, 0.000000000000000000, 1.499999999999999778 ) ) ;
#510 = ORIENTED_EDGE ( 'NONE', *, *, #1583, .F. ) ;
#511 = FACE_OUTER_BOUND ( 'NONE', #5173, .T. ) ;
#512 = LINE ( 'NONE', #3207, #4061 ) ;
#513 = CARTESIAN_POINT ( 'NONE',  ( 0.1150000000000011707, 0.6701063709417264258, 1.499999999999999778 ) ) ;
#514 = CARTESIAN_POINT ( 'NONE',  ( -1.174999999999999822, 0.000000000000000000, -1.335000000000000187 ) ) ;
#515 = EDGE_CURVE ( 'NONE', #1473, #4474, #4828, .T. ) ;
#516 = AXIS2_PLACEMENT_3D ( 'NONE', #2183, #3392, #3459 ) ;
#517 = DIRECTION ( 'NONE',  ( 0.000000000000000000, 1.000000000000000000, 0.000000000000000000 ) ) ;
#518 = PLANE ( 'NONE',  #2142 ) ;
#519 = ORIENTED_EDGE ( 'NONE', *, *, #1639, .T. ) ;
#520 = EDGE_CURVE ( 'NONE', #2209, #660, #2976, .T. ) ;
#521 = ADVANCED_FACE ( 'NONE', ( #1279 ), #1467, .T. ) ;
#522 = ORIENTED_EDGE ( 'NONE', *, *, #2957, .T. ) ;
#523 = EDGE_LOOP ( 'NONE', ( #2330, #543, #3214, #2078 ) ) ;
#524 =( LENGTH_UNIT ( ) NAMED_UNIT ( * ) SI_UNIT ( .MILLI., .METRE. ) );
#525 = LINE ( 'NONE', #4998, #4032 ) ;
#526 = FACE_OUTER_BOUND ( 'NONE', #4430, .T. ) ;
#527 = CARTESIAN_POINT ( 'NONE',  ( 0.7249999999999998668, 0.2000000000000000944, 0.6250000000000002220 ) ) ;
#528 = CARTESIAN_POINT ( 'NONE',  ( -1.200000000000000178, 0.8900000000000000133, -1.200000000000000178 ) ) ;
#529 = ORIENTED_EDGE ( 'NONE', *, *, #2842, .T. ) ;
#530 = CARTESIAN_POINT ( 'NONE',  ( 0.1150000000000005185, 0.000000000000000000, -1.090000000000000302 ) ) ;
#531 = EDGE_LOOP ( 'NONE', ( #3420, #3583, #2593, #762 ) ) ;
#532 = SURFACE_SIDE_STYLE ('',( #463 ) ) ;
#533 = DIRECTION ( 'NONE',  ( -1.000000000000000000, 0.000000000000000000, 0.000000000000000000 ) ) ;
#534 = ORIENTED_EDGE ( 'NONE', *, *, #4649, .F. ) ;
#535 = ADVANCED_FACE ( 'NONE', ( #1221 ), #1533, .F. ) ;
#536 = ORIENTED_EDGE ( 'NONE', *, *, #3357, .T. ) ;
#537 = DIRECTION ( 'NONE',  ( 0.000000000000000000, -1.000000000000000000, 0.000000000000000000 ) ) ;
#538 = ORIENTED_EDGE ( 'NONE', *, *, #3823, .T. ) ;
#539 = DIRECTION ( 'NONE',  ( -1.000000000000000000, 0.000000000000000000, 2.644395542647570780E-16 ) ) ;
#540 = ORIENTED_EDGE ( 'NONE', *, *, #4208, .T. ) ;
#541 = DIRECTION ( 'NONE',  ( 0.000000000000000000, 0.000000000000000000, 1.000000000000000000 ) ) ;
#542 = AXIS2_PLACEMENT_3D ( 'NONE', #132, #556, #3475 ) ;
#543 = ORIENTED_EDGE ( 'NONE', *, *, #4167, .F. ) ;
#544 = VERTEX_POINT ( 'NONE', #3671 ) ;
#545 = COLOUR_RGB ( '',1.000000000000000000, 0.5019607843137254832, 0.5019607843137254832 ) ;
#546 = VECTOR ( 'NONE', #1038, 1000.000000000000000 ) ;
#547 = DIRECTION ( 'NONE',  ( 0.000000000000000000, -1.000000000000000000, 0.000000000000000000 ) ) ;
#548 =( LENGTH_UNIT ( ) NAMED_UNIT ( * ) SI_UNIT ( .MILLI., .METRE. ) );
#549 = ORIENTED_EDGE ( 'NONE', *, *, #4325, .F. ) ;
#550 = CARTESIAN_POINT ( 'NONE',  ( 0.1150000000000007405, 0.000000000000000000, -1.499999999999999778 ) ) ;
#551 = CARTESIAN_POINT ( 'NONE',  ( -0.7250000000000000888, 0.000000000000000000, 0.6249999999999997780 ) ) ;
#552 = ORIENTED_EDGE ( 'NONE', *, *, #3053, .F. ) ;
#553 = ORIENTED_EDGE ( 'NONE', *, *, #4632, .T. ) ;
#554 = PRESENTATION_STYLE_ASSIGNMENT (( #2679 ) ) ;
#555 = DIRECTION ( 'NONE',  ( -1.000000000000000000, 0.000000000000000000, 0.000000000000000000 ) ) ;
#556 = DIRECTION ( 'NONE',  ( -1.000000000000000000, 0.000000000000000000, -5.288791085295149449E-16 ) ) ;
#557 = AXIS2_PLACEMENT_3D ( 'NONE', #1362, #3849, #2216 ) ;
#558 = EDGE_LOOP ( 'NONE', ( #2709, #1228, #294, #2784 ) ) ;
#559 = VERTEX_POINT ( 'NONE', #1874 ) ;
#560 = CLOSED_SHELL ( 'NONE', ( #4844, #3248, #4893, #804, #1603, #62, #3015, #4933, #4710, #2105 ) ) ;
#561 = CARTESIAN_POINT ( 'NONE',  ( -1.089999999999999858, 0.1999999999999999833, 0.3930000000000003491 ) ) ;
#562 = CARTESIAN_POINT ( 'NONE',  ( -1.089999999999999858, 0.000000000000000000, 0.3930000000000003491 ) ) ;
#563 = ORIENTED_EDGE ( 'NONE', *, *, #1569, .F. ) ;
#564 = AXIS2_PLACEMENT_3D ( 'NONE', #2100, #2594, #59 ) ;
#565 = EDGE_CURVE ( 'NONE', #4905, #4809, #1169, .T. ) ;
#566 = ORIENTED_EDGE ( 'NONE', *, *, #4461, .F. ) ;
#567 = DIRECTION ( 'NONE',  ( -0.000000000000000000, 0.000000000000000000, 1.000000000000000000 ) ) ;
#568 = CARTESIAN_POINT ( 'NONE',  ( 0.3930000000000007931, 0.2000000000000000111, -1.090000000000000302 ) ) ;
#569 = ADVANCED_FACE ( 'NONE', ( #4784 ), #788, .F. ) ;
#570 = VERTEX_POINT ( 'NONE', #1185 ) ;
#571 = ORIENTED_EDGE ( 'NONE', *, *, #302, .T. ) ;
#572 = EDGE_LOOP ( 'NONE', ( #4356, #864, #1104, #1783 ) ) ;
#573 = LINE ( 'NONE', #1895, #4014 ) ;
#574 = EDGE_CURVE ( 'NONE', #4101, #3842, #4864, .T. ) ;
#575 = DIRECTION ( 'NONE',  ( -5.288791085295149449E-16, 0.000000000000000000, 1.000000000000000000 ) ) ;
#576 = CARTESIAN_POINT ( 'NONE',  ( 1.089999999999999858, 0.000000000000000000, -0.6229999999999996652 ) ) ;
#577 = ORIENTED_EDGE ( 'NONE', *, *, #2647, .F. ) ;
#578 = ORIENTED_EDGE ( 'NONE', *, *, #4019, .F. ) ;
#579 = CARTESIAN_POINT ( 'NONE',  ( 0.6230000000000007754, 0.2000000000000000111, 1.090000000000000302 ) ) ;
#580 = ORIENTED_EDGE ( 'NONE', *, *, #246, .T. ) ;
#581 = VECTOR ( 'NONE', #2507, 1000.000000000000000 ) ;
#582 = ADVANCED_FACE ( 'NONE', ( #2958 ), #2328, .F. ) ;
#583 = CARTESIAN_POINT ( 'NONE',  ( -1.500000000000000000, 0.6701063709417264258, 0.1150000000000001993 ) ) ;
#584 = ORIENTED_EDGE ( 'NONE', *, *, #1622, .F. ) ;
#585 = CARTESIAN_POINT ( 'NONE',  ( 0.6230000000000007754, 0.000000000000000000, -1.499999999999999778 ) ) ;
#586 = CARTESIAN_POINT ( 'NONE',  ( 0.6230000000000007754, 0.2000000000000000111, 1.090000000000000302 ) ) ;
#587 = EDGE_CURVE ( 'NONE', #1725, #4704, #4736, .T. ) ;
#588 = AXIS2_PLACEMENT_3D ( 'NONE', #3496, #1108, #4216 ) ;
#589 = EDGE_LOOP ( 'NONE', ( #4659, #86, #4647, #624 ) ) ;
#590 = LINE ( 'NONE', #5287, #727 ) ;
#591 = CARTESIAN_POINT ( 'NONE',  ( 1.089999999999999858, 0.6701063709417264258, 0.1150000000000000883 ) ) ;
#592 = ORIENTED_EDGE ( 'NONE', *, *, #4341, .F. ) ;
#593 = UNCERTAINTY_MEASURE_WITH_UNIT (LENGTH_MEASURE( 1.000000000000000082E-05 ), #4920, 'distance_accuracy_value', 'NONE');
#594 = ORIENTED_EDGE ( 'NONE', *, *, #1815, .F. ) ;
#595 = LINE ( 'NONE', #1668, #4165 ) ;
#596 = DIRECTION ( 'NONE',  ( -1.000000000000000000, 0.000000000000000000, 0.000000000000000000 ) ) ;
#597 = DIRECTION ( 'NONE',  ( -0.000000000000000000, 1.000000000000000000, -0.000000000000000000 ) ) ;
#598 = DIRECTION ( 'NONE',  ( 1.000000000000000000, 0.000000000000000000, -2.644395542647570780E-16 ) ) ;
#599 = DIRECTION ( 'NONE',  ( 1.000000000000000000, -0.000000000000000000, -2.644395542647570780E-16 ) ) ;
#600 = MANIFOLD_SOLID_BREP ( 'PIN1', #114 ) ;
#601 = VERTEX_POINT ( 'NONE', #1501 ) ;
#602 = EDGE_CURVE ( 'NONE', #2429, #2357, #1306, .T. ) ;
#603 = CARTESIAN_POINT ( 'NONE',  ( -1.500000000000000444, 0.000000000000000000, -1.500000000000000222 ) ) ;
#604 = ORIENTED_EDGE ( 'NONE', *, *, #3266, .F. ) ;
#605 = ORIENTED_EDGE ( 'NONE', *, *, #4797, .T. ) ;
#606 = VECTOR ( 'NONE', #1375, 1000.000000000000000 ) ;
#607 = LINE ( 'NONE', #5204, #4173 ) ;
#608 = DIRECTION ( 'NONE',  ( -0.000000000000000000, -1.000000000000000000, -0.000000000000000000 ) ) ;
#609 = ORIENTED_EDGE ( 'NONE', *, *, #4762, .F. ) ;
#610 = AXIS2_PLACEMENT_3D ( 'NONE', #3452, #1300, #3354 ) ;
#611 = ORIENTED_EDGE ( 'NONE', *, *, #1223, .T. ) ;
#612 = DIRECTION ( 'NONE',  ( -0.000000000000000000, -1.000000000000000000, -0.000000000000000000 ) ) ;
#613 = CARTESIAN_POINT ( 'NONE',  ( -1.500000000000000000, 0.6701063709417264258, 0.6230000000000002203 ) ) ;
#614 = ADVANCED_FACE ( 'NONE', ( #3017 ), #496, .F. ) ;
#615 = EDGE_LOOP ( 'NONE', ( #1418, #1503, #5072, #1397 ) ) ;
#616 = LINE ( 'NONE', #4908, #751 ) ;
#617 = DIRECTION ( 'NONE',  ( 0.000000000000000000, -0.000000000000000000, 1.000000000000000000 ) ) ;
#618 = CARTESIAN_POINT ( 'NONE',  ( -1.500000000000000000, 0.1999999999999999833, 0.1150000000000001993 ) ) ;
#619 = VERTEX_POINT ( 'NONE', #4912 ) ;
#620 = DIRECTION ( 'NONE',  ( -0.000000000000000000, -1.000000000000000000, -0.000000000000000000 ) ) ;
#621 = DIRECTION ( 'NONE',  ( 0.000000000000000000, -1.000000000000000000, 0.000000000000000000 ) ) ;
#622 = DIRECTION ( 'NONE',  ( -5.288791085295149449E-16, 0.000000000000000000, 1.000000000000000000 ) ) ;
#623 = ORIENTED_EDGE ( 'NONE', *, *, #4722, .T. ) ;
#624 = ORIENTED_EDGE ( 'NONE', *, *, #2283, .F. ) ;
#625 = CARTESIAN_POINT ( 'NONE',  ( 1.089999999999999858, 0.6701063709417264258, 0.6230000000000001092 ) ) ;
#626 = VECTOR ( 'NONE', #3400, 1000.000000000000000 ) ;
#627 = VECTOR ( 'NONE', #48, 1000.000000000000000 ) ;
#628 = CARTESIAN_POINT ( 'NONE',  ( 0.6230000000000005533, 0.000000000000000000, -1.090000000000000302 ) ) ;
#629 = VERTEX_POINT ( 'NONE', #4940 ) ;
#630 = EDGE_CURVE ( 'NONE', #272, #4397, #4806, .T. ) ;
#631 = ORIENTED_EDGE ( 'NONE', *, *, #1280, .T. ) ;
#632 = LINE ( 'NONE', #4616, #4228 ) ;
#633 = VECTOR ( 'NONE', #1565, 1000.000000000000000 ) ;
#634 =( LENGTH_UNIT ( ) NAMED_UNIT ( * ) SI_UNIT ( .MILLI., .METRE. ) );
#635 = AXIS2_PLACEMENT_3D ( 'NONE', #1, #764, #3267 ) ;
#636 = EDGE_CURVE ( 'NONE', #3688, #2499, #4754, .T. ) ;
#637 = PLANE ( 'NONE',  #99 ) ;
#638 = ORIENTED_EDGE ( 'NONE', *, *, #1369, .T. ) ;
#639 = FILL_AREA_STYLE_COLOUR ( '', #2135 ) ;
#640 = ORIENTED_EDGE ( 'NONE', *, *, #3421, .T. ) ;
#641 = FACE_OUTER_BOUND ( 'NONE', #663, .T. ) ;
#642 = DIRECTION ( 'NONE',  ( 5.288791085295149449E-16, 0.000000000000000000, -1.000000000000000000 ) ) ;
#643 = PLANE ( 'NONE',  #4928 ) ;
#644 = VERTEX_POINT ( 'NONE', #1642 ) ;
#645 = ORIENTED_EDGE ( 'NONE', *, *, #1054, .F. ) ;
#646 = CARTESIAN_POINT ( 'NONE',  ( 0.3930000000000010152, 0.000000000000000000, 1.090000000000000302 ) ) ;
#647 = CARTESIAN_POINT ( 'NONE',  ( 0.1150000000000005185, 0.000000000000000000, -1.090000000000000302 ) ) ;
#648 = VERTEX_POINT ( 'NONE', #22 ) ;
#649 = VECTOR ( 'NONE', #4187, 1000.000000000000000 ) ;
#650 = VECTOR ( 'NONE', #3608, 1000.000000000000000 ) ;
#651 = CARTESIAN_POINT ( 'NONE',  ( 0.000000000000000000, 0.000000000000000000, 0.5080000000000000071 ) ) ;
#652 = ORIENTED_EDGE ( 'NONE', *, *, #4371, .T. ) ;
#653 = EDGE_CURVE ( 'NONE', #452, #544, #1192, .T. ) ;
#654 = EDGE_LOOP ( 'NONE', ( #761, #4184, #4261, #853 ) ) ;
#655 = DIRECTION ( 'NONE',  ( -1.000000000000000000, 0.000000000000000000, 0.000000000000000000 ) ) ;
#656 = ADVANCED_FACE ( 'NONE', ( #3236 ), #2977, .F. ) ;
#657 = DIRECTION ( 'NONE',  ( 0.000000000000000000, -0.000000000000000000, -1.000000000000000000 ) ) ;
#658 = DIRECTION ( 'NONE',  ( 0.000000000000000000, -1.000000000000000000, 0.000000000000000000 ) ) ;
#659 = DIRECTION ( 'NONE',  ( 1.000000000000000000, -0.000000000000000000, -0.000000000000000000 ) ) ;
#660 = VERTEX_POINT ( 'NONE', #4651 ) ;
#661 = VECTOR ( 'NONE', #2227, 1000.000000000000000 ) ;
#662 = LINE ( 'NONE', #1627, #650 ) ;
#663 = EDGE_LOOP ( 'NONE', ( #2070, #87, #3813, #770 ) ) ;
#664 = CARTESIAN_POINT ( 'NONE',  ( -0.6229999999999988880, 0.2000000000000000111, 1.500000000000000222 ) ) ;
#665 = ORIENTED_EDGE ( 'NONE', *, *, #3299, .T. ) ;
#666 = PRESENTATION_LAYER_ASSIGNMENT (  '', '', ( #4052 ) ) ;
#667 = ORIENTED_EDGE ( 'NONE', *, *, #185, .F. ) ;
#668 = FACE_OUTER_BOUND ( 'NONE', #3868, .T. ) ;
#669 = FACE_OUTER_BOUND ( 'NONE', #18, .T. ) ;
#670 = EDGE_CURVE ( 'NONE', #3856, #2365, #3167, .T. ) ;
#671 = AXIS2_PLACEMENT_3D ( 'NONE', #1340, #4373, #2634 ) ;
#672 = ORIENTED_EDGE ( 'NONE', *, *, #5155, .F. ) ;
#673 = ORIENTED_EDGE ( 'NONE', *, *, #3802, .T. ) ;
#674 = DIRECTION ( 'NONE',  ( 0.000000000000000000, -1.000000000000000000, 0.000000000000000000 ) ) ;
#675 = DIRECTION ( 'NONE',  ( -0.000000000000000000, 0.000000000000000000, -1.000000000000000000 ) ) ;
#676 = ORIENTED_EDGE ( 'NONE', *, *, #865, .F. ) ;
#677 = AXIS2_PLACEMENT_3D ( 'NONE', #3219, #5195, #1918 ) ;
#678 = LINE ( 'NONE', #861, #2451 ) ;
#679 = CARTESIAN_POINT ( 'NONE',  ( -0.9750000000000010880, 0.000000000000000000, -1.005000000000000338 ) ) ;
#680 = DIRECTION ( 'NONE',  ( -1.885568995626964336E-15, 0.000000000000000000, 1.000000000000000000 ) ) ;
#681 = ORIENTED_EDGE ( 'NONE', *, *, #4371, .F. ) ;
#682 = AXIS2_PLACEMENT_3D ( 'NONE', #3724, #4589, #4953 ) ;
#683 = CARTESIAN_POINT ( 'NONE',  ( 0.7249999999999998668, 0.2000000000000000944, 0.6250000000000002220 ) ) ;
#684 = ORIENTED_EDGE ( 'NONE', *, *, #1885, .F. ) ;
#685 = VECTOR ( 'NONE', #1252, 1000.000000000000000 ) ;
#686 = VECTOR ( 'NONE', #2233, 1000.000000000000000 ) ;
#687 = DIRECTION ( 'NONE',  ( 0.000000000000000000, -1.000000000000000000, 0.000000000000000000 ) ) ;
#688 = CARTESIAN_POINT ( 'NONE',  ( -1.175000000000000488, 0.000000000000000000, -1.085000000000000187 ) ) ;
#689 = ORIENTED_EDGE ( 'NONE', *, *, #1960, .T. ) ;
#690 = VERTEX_POINT ( 'NONE', #1672 ) ;
#691 = AXIS2_PLACEMENT_3D ( 'NONE', #2757, #4345, #2721 ) ;
#692 = EDGE_CURVE ( 'NONE', #1262, #2209, #3181, .T. ) ;
#693 = CARTESIAN_POINT ( 'NONE',  ( 1.089999999999999858, 0.6701063709417264258, 0.1150000000000000883 ) ) ;
#694 = CARTESIAN_POINT ( 'NONE',  ( -1.089999999999999858, 0.1999999999999999833, 0.6230000000000001092 ) ) ;
#695 = DIRECTION ( 'NONE',  ( -0.000000000000000000, -1.000000000000000000, -0.000000000000000000 ) ) ;
#696 =( NAMED_UNIT ( * ) PLANE_ANGLE_UNIT ( ) SI_UNIT ( $, .RADIAN. ) );
#697 = CARTESIAN_POINT ( 'NONE',  ( -0.8950000000000004619, 0.000000000000000000, -1.085000000000000853 ) ) ;
#698 = ORIENTED_EDGE ( 'NONE', *, *, #4762, .T. ) ;
#699 = ORIENTED_EDGE ( 'NONE', *, *, #4911, .F. ) ;
#700 = LINE ( 'NONE', #2523, #2461 ) ;
#701 = LINE ( 'NONE', #1119, #4250 ) ;
#702 = EDGE_CURVE ( 'NONE', #1332, #2478, #3218, .T. ) ;
#703 = ORIENTED_EDGE ( 'NONE', *, *, #768, .T. ) ;
#704 = DIRECTION ( 'NONE',  ( 0.000000000000000000, 0.000000000000000000, -1.000000000000000000 ) ) ;
#705 = ORIENTED_EDGE ( 'NONE', *, *, #3002, .T. ) ;
#706 = EDGE_CURVE ( 'NONE', #4897, #4312, #3117, .T. ) ;
#707 = ORIENTED_EDGE ( 'NONE', *, *, #2240, .T. ) ;
#708 = ORIENTED_EDGE ( 'NONE', *, *, #5138, .F. ) ;
#709 = CIRCLE ( 'NONE', #3348, 0.07999999999999998779 ) ;
#710 = CARTESIAN_POINT ( 'NONE',  ( -1.089999999999999858, 0.1999999999999999833, -0.1149999999999996581 ) ) ;
#711 = EDGE_CURVE ( 'NONE', #2242, #4120, #4904, .T. ) ;
#712 = VERTEX_POINT ( 'NONE', #4148 ) ;
#713 = CARTESIAN_POINT ( 'NONE',  ( 0.7249999999999998668, 2.250609665440987950, -0.7249999999999998668 ) ) ;
#714 = EDGE_LOOP ( 'NONE', ( #1052, #4867, #895, #2745 ) ) ;
#715 = AXIS2_PLACEMENT_3D ( 'NONE', #2607, #915, #5162 ) ;
#716 = ORIENTED_EDGE ( 'NONE', *, *, #2954, .F. ) ;
#717 = LINE ( 'NONE', #4658, #4274 ) ;
#718 = VECTOR ( 'NONE', #2050, 1000.000000000000000 ) ;
#719 = CARTESIAN_POINT ( 'NONE',  ( -0.3929999999999992388, 0.2000000000000000111, 1.090000000000000302 ) ) ;
#720 = EDGE_LOOP ( 'NONE', ( #3030, #2816, #2032, #3174 ) ) ;
#721 = EDGE_CURVE ( 'NONE', #3912, #4905, #3109, .T. ) ;
#722 = ORIENTED_EDGE ( 'NONE', *, *, #1702, .F. ) ;
#723 = CARTESIAN_POINT ( 'NONE',  ( -0.1149999999999988948, 0.2000000000000000111, 1.500000000000000222 ) ) ;
#724 = DIRECTION ( 'NONE',  ( -1.000000000000000000, 0.000000000000000000, 2.644395542647570780E-16 ) ) ;
#725 = DIRECTION ( 'NONE',  ( 2.644395542647571766E-16, 0.000000000000000000, 1.000000000000000000 ) ) ;
#726 = EDGE_LOOP ( 'NONE', ( #3953, #1827, #563, #753 ) ) ;
#727 = VECTOR ( 'NONE', #3284, 1000.000000000000000 ) ;
#728 = CARTESIAN_POINT ( 'NONE',  ( 0.6249999999999997780, 0.2000000000000000944, -0.7249999999999998668 ) ) ;
#729 = CARTESIAN_POINT ( 'NONE',  ( 0.5080000000000000071, 0.2000000000000000111, 0.000000000000000000 ) ) ;
#730 = EDGE_LOOP ( 'NONE', ( #4471, #2648, #2091, #3575 ) ) ;
#731 = CARTESIAN_POINT ( 'NONE',  ( 0.6230000000000005533, 0.000000000000000000, -1.090000000000000302 ) ) ;
#732 = SURFACE_STYLE_USAGE ( .BOTH. , #164 ) ;
#733 = CARTESIAN_POINT ( 'NONE',  ( -1.089999999999999858, 0.000000000000000000, -0.1149999999999996581 ) ) ;
#734 = DIRECTION ( 'NONE',  ( -0.000000000000000000, 1.000000000000000000, -0.000000000000000000 ) ) ;
#735 = ORIENTED_EDGE ( 'NONE', *, *, #1563, .T. ) ;
#736 = ORIENTED_EDGE ( 'NONE', *, *, #2117, .T. ) ;
#737 = VECTOR ( 'NONE', #3648, 1000.000000000000000 ) ;
#738 = FACE_OUTER_BOUND ( 'NONE', #1550, .T. ) ;
#739 = UNCERTAINTY_MEASURE_WITH_UNIT (LENGTH_MEASURE( 1.000000000000000082E-05 ), #2818, 'distance_accuracy_value', 'NONE');
#740 = ADVANCED_FACE ( 'NONE', ( #4925 ), #4182, .F. ) ;
#741 = ORIENTED_EDGE ( 'NONE', *, *, #1204, .F. ) ;
#742 = CARTESIAN_POINT ( 'NONE',  ( 0.1150000000000007405, 0.2000000000000000111, 1.090000000000000302 ) ) ;
#743 = PRESENTATION_LAYER_ASSIGNMENT (  '', '', ( #4672 ) ) ;
#744 = ORIENTED_EDGE ( 'NONE', *, *, #2136, .T. ) ;
#745 = CARTESIAN_POINT ( 'NONE',  ( -0.6250000000000000000, 0.000000000000000000, 0.6249999999999997780 ) ) ;
#746 = EDGE_CURVE ( 'NONE', #4070, #1090, #1370, .T. ) ;
#747 = ORIENTED_EDGE ( 'NONE', *, *, #1439, .F. ) ;
#748 = AXIS2_PLACEMENT_3D ( 'NONE', #91, #1723, #4280 ) ;
#749 = ORIENTED_EDGE ( 'NONE', *, *, #1500, .T. ) ;
#750 = LINE ( 'NONE', #5239, #778 ) ;
#751 = VECTOR ( 'NONE', #4605, 1000.000000000000000 ) ;
#752 = CARTESIAN_POINT ( 'NONE',  ( 0.6249999999999997780, 0.2000000000000000944, 0.6250000000000002220 ) ) ;
#753 = ORIENTED_EDGE ( 'NONE', *, *, #3180, .F. ) ;
#754 = ADVANCED_FACE ( 'NONE', ( #1347 ), #637, .F. ) ;
#755 = DIRECTION ( 'NONE',  ( 1.000000000000000000, 0.000000000000000000, -0.000000000000000000 ) ) ;
#756 = ORIENTED_EDGE ( 'NONE', *, *, #515, .F. ) ;
#757 = ORIENTED_EDGE ( 'NONE', *, *, #133, .F. ) ;
#758 = FACE_OUTER_BOUND ( 'NONE', #4420, .T. ) ;
#759 = LINE ( 'NONE', #4175, #581 ) ;
#760 = CARTESIAN_POINT ( 'NONE',  ( -1.500000000000000222, 0.8900000000000019007, 1.500000000000000000 ) ) ;
#761 = ORIENTED_EDGE ( 'NONE', *, *, #3612, .F. ) ;
#762 = ORIENTED_EDGE ( 'NONE', *, *, #2086, .T. ) ;
#763 = ORIENTED_EDGE ( 'NONE', *, *, #3486, .T. ) ;
#764 = DIRECTION ( 'NONE',  ( 0.000000000000000000, 1.000000000000000000, 0.000000000000000000 ) ) ;
#765 = VERTEX_POINT ( 'NONE', #4600 ) ;
#766 = LINE ( 'NONE', #4253, #4324 ) ;
#767 = CARTESIAN_POINT ( 'NONE',  ( -1.255000000000000560, 0.1000000000000000056, -1.085000000000000853 ) ) ;
#768 = EDGE_CURVE ( 'NONE', #2115, #4277, #4875, .T. ) ;
#769 = DIRECTION ( 'NONE',  ( 0.000000000000000000, -1.000000000000000000, 0.000000000000000000 ) ) ;
#770 = ORIENTED_EDGE ( 'NONE', *, *, #3986, .T. ) ;
#771 = ORIENTED_EDGE ( 'NONE', *, *, #2782, .T. ) ;
#772 = CARTESIAN_POINT ( 'NONE',  ( -0.1149999999999992140, 0.2000000000000000111, -1.090000000000000302 ) ) ;
#773 = CARTESIAN_POINT ( 'NONE',  ( 1.500000000000000000, 0.000000000000000000, -0.3929999999999997939 ) ) ;
#774 = ORIENTED_EDGE ( 'NONE', *, *, #1159, .F. ) ;
#775 = CARTESIAN_POINT ( 'NONE',  ( -0.7250000000000000888, 0.2000000000000000944, 0.6249999999999997780 ) ) ;
#776 = CARTESIAN_POINT ( 'NONE',  ( -1.500000000000000000, 0.000000000000000000, 0.3930000000000005711 ) ) ;
#777 = EDGE_LOOP ( 'NONE', ( #792, #264, #4338, #1046 ) ) ;
#778 = VECTOR ( 'NONE', #1201, 1000.000000000000000 ) ;
#779 = LINE ( 'NONE', #476, #4479 ) ;
#780 = EDGE_CURVE ( 'NONE', #2436, #4860, #4961, .T. ) ;
#781 = ORIENTED_EDGE ( 'NONE', *, *, #3320, .T. ) ;
#782 = DIRECTION ( 'NONE',  ( 7.228014483236695816E-17, -0.000000000000000000, 1.000000000000000000 ) ) ;
#783 = ORIENTED_EDGE ( 'NONE', *, *, #4741, .F. ) ;
#784 = ORIENTED_EDGE ( 'NONE', *, *, #2842, .F. ) ;
#785 = VECTOR ( 'NONE', #1585, 1000.000000000000000 ) ;
#786 = VECTOR ( 'NONE', #4102, 1000.000000000000000 ) ;
#787 = DIRECTION ( 'NONE',  ( -1.057758217059029890E-15, -0.000000000000000000, -1.000000000000000000 ) ) ;
#788 = PLANE ( 'NONE',  #1802 ) ;
#789 = VERTEX_POINT ( 'NONE', #1753 ) ;
#790 = EDGE_CURVE ( 'NONE', #4905, #3716, #4884, .T. ) ;
#791 = AXIS2_PLACEMENT_3D ( 'NONE', #1795, #680, #1399 ) ;
#792 = ORIENTED_EDGE ( 'NONE', *, *, #972, .F. ) ;
#793 = ORIENTED_EDGE ( 'NONE', *, *, #2647, .T. ) ;
#794 = DIRECTION ( 'NONE',  ( 5.288791085295141560E-16, -0.000000000000000000, 1.000000000000000000 ) ) ;
#795 = DIRECTION ( 'NONE',  ( 0.000000000000000000, 0.000000000000000000, 1.000000000000000000 ) ) ;
#796 = ORIENTED_EDGE ( 'NONE', *, *, #2766, .T. ) ;
#797 = LINE ( 'NONE', #5171, #4306 ) ;
#798 = LINE ( 'NONE', #1599, #833 ) ;
#799 = EDGE_CURVE ( 'NONE', #3856, #4761, #3126, .T. ) ;
#800 = EDGE_LOOP ( 'NONE', ( #2394, #2454, #4293, #4272 ) ) ;
#801 = CARTESIAN_POINT ( 'NONE',  ( -1.089999999999999858, 0.000000000000000000, -0.6229999999999996652 ) ) ;
#802 = PLANE ( 'NONE',  #1703 ) ;
#803 = DIRECTION ( 'NONE',  ( -1.000000000000000000, 0.000000000000000000, -0.000000000000000000 ) ) ;
#804 = ADVANCED_FACE ( 'NONE', ( #1354 ), #3817, .T. ) ;
#805 = ORIENTED_EDGE ( 'NONE', *, *, #175, .T. ) ;
#806 = VECTOR ( 'NONE', #1146, 1000.000000000000000 ) ;
#807 = PLANE ( 'NONE',  #3861 ) ;
#808 = CARTESIAN_POINT ( 'NONE',  ( 1.089999999999999858, 0.6701063709417264258, 0.6230000000000001092 ) ) ;
#809 = ORIENTED_EDGE ( 'NONE', *, *, #4939, .F. ) ;
#810 = ORIENTED_EDGE ( 'NONE', *, *, #2949, .T. ) ;
#811 = DIRECTION ( 'NONE',  ( 0.000000000000000000, 0.000000000000000000, -1.000000000000000000 ) ) ;
#812 = DIRECTION ( 'NONE',  ( 0.000000000000000000, 0.000000000000000000, 1.000000000000000000 ) ) ;
#813 = VERTEX_POINT ( 'NONE', #4733 ) ;
#814 = CARTESIAN_POINT ( 'NONE',  ( -0.8950000000000004619, 0.1000000000000000056, -1.085000000000000853 ) ) ;
#815 = CARTESIAN_POINT ( 'NONE',  ( 0.1150000000000005185, 0.2000000000000000111, -1.090000000000000302 ) ) ;
#816 = AXIS2_PLACEMENT_3D ( 'NONE', #1620, #1715, #3727 ) ;
#817 = LINE ( 'NONE', #5167, #892 ) ;
#818 = ORIENTED_EDGE ( 'NONE', *, *, #3299, .F. ) ;
#819 = DIRECTION ( 'NONE',  ( -2.644395542647571766E-16, 0.000000000000000000, -1.000000000000000000 ) ) ;
#820 = EDGE_CURVE ( 'NONE', #4474, #1235, #1363, .T. ) ;
#821 = ORIENTED_EDGE ( 'NONE', *, *, #502, .F. ) ;
#822 = DIRECTION ( 'NONE',  ( -1.000000000000000000, 0.000000000000000000, -5.288791085295141560E-16 ) ) ;
#823 = ORIENTED_EDGE ( 'NONE', *, *, #947, .F. ) ;
#824 = FACE_OUTER_BOUND ( 'NONE', #2318, .T. ) ;
#825 = DIRECTION ( 'NONE',  ( -1.000000000000000000, 0.000000000000000000, -2.644395542647570780E-16 ) ) ;
#826 = ORIENTED_EDGE ( 'NONE', *, *, #3102, .F. ) ;
#827 = ORIENTED_EDGE ( 'NONE', *, *, #4255, .F. ) ;
#828 = AXIS2_PLACEMENT_3D ( 'NONE', #745, #3478, #286 ) ;
#829 = ORIENTED_EDGE ( 'NONE', *, *, #2476, .T. ) ;
#830 = CARTESIAN_POINT ( 'NONE',  ( 0.3930000000000010152, 0.6701063709417264258, 1.090000000000000302 ) ) ;
#831 = CARTESIAN_POINT ( 'NONE',  ( -0.7250000000000000888, 2.250609665440987950, -0.7250000000000000888 ) ) ;
#832 = VECTOR ( 'NONE', #5206, 1000.000000000000000 ) ;
#833 = VECTOR ( 'NONE', #3694, 1000.000000000000000 ) ;
#834 = ADVANCED_FACE ( 'NONE', ( #1316 ), #215, .F. ) ;
#835 = ORIENTED_EDGE ( 'NONE', *, *, #1125, .F. ) ;
#836 = PLANE ( 'NONE',  #2080 ) ;
#837 = PLANE ( 'NONE',  #3339 ) ;
#838 = VERTEX_POINT ( 'NONE', #487 ) ;
#839 = CARTESIAN_POINT ( 'NONE',  ( 1.089999999999999858, 0.1999999999999999833, -0.1149999999999996581 ) ) ;
#840 = AXIS2_PLACEMENT_3D ( 'NONE', #3942, #1858, #1177 ) ;
#841 = EDGE_CURVE ( 'NONE', #903, #4997, #3261, .T. ) ;
#842 = ORIENTED_EDGE ( 'NONE', *, *, #2837, .F. ) ;
#843 = CARTESIAN_POINT ( 'NONE',  ( -1.175000000000000488, 0.1000000000000000056, -1.085000000000000187 ) ) ;
#844 = LINE ( 'NONE', #3667, #786 ) ;
#845 = DIRECTION ( 'NONE',  ( 5.288791085295149449E-16, 0.000000000000000000, -1.000000000000000000 ) ) ;
#846 = EDGE_LOOP ( 'NONE', ( #1303, #1405, #1331, #4887 ) ) ;
#847 = ORIENTED_EDGE ( 'NONE', *, *, #100, .T. ) ;
#848 = MANIFOLD_SOLID_BREP ( 'Boss-Extrude4', #560 ) ;
#849 = CARTESIAN_POINT ( 'NONE',  ( -0.8950000000000004619, 0.1000000000000000056, -1.085000000000000853 ) ) ;
#850 = EDGE_LOOP ( 'NONE', ( #1990, #119, #2690, #5016 ) ) ;
#851 = EDGE_CURVE ( 'NONE', #3983, #5008, #3101, .T. ) ;
#852 = VECTOR ( 'NONE', #3768, 1000.000000000000000 ) ;
#853 = ORIENTED_EDGE ( 'NONE', *, *, #1500, .F. ) ;
#854 = DIRECTION ( 'NONE',  ( 0.000000000000000000, 1.000000000000000000, 0.000000000000000000 ) ) ;
#855 = CARTESIAN_POINT ( 'NONE',  ( 1.500000000000000000, 0.1999999999999999833, 0.3930000000000005711 ) ) ;
#856 = VERTEX_POINT ( 'NONE', #961 ) ;
#857 = EDGE_LOOP ( 'NONE', ( #3120, #424, #1493, #552 ) ) ;
#858 = VECTOR ( 'NONE', #4557, 1000.000000000000000 ) ;
#859 = EDGE_CURVE ( 'NONE', #147, #466, #3245, .T. ) ;
#860 = PRESENTATION_LAYER_ASSIGNMENT (  '', '', ( #4650 ) ) ;
#861 = CARTESIAN_POINT ( 'NONE',  ( 0.6230000000000011084, 0.000000000000000000, 1.499999999999999778 ) ) ;
#862 = DIRECTION ( 'NONE',  ( 0.000000000000000000, -0.000000000000000000, 1.000000000000000000 ) ) ;
#863 = VERTEX_POINT ( 'NONE', #2995 ) ;
#864 = ORIENTED_EDGE ( 'NONE', *, *, #1690, .F. ) ;
#865 = EDGE_CURVE ( 'NONE', #4328, #3457, #1335, .T. ) ;
#866 = ORIENTED_EDGE ( 'NONE', *, *, #3491, .F. ) ;
#867 = DIRECTION ( 'NONE',  ( 0.000000000000000000, 0.000000000000000000, -1.000000000000000000 ) ) ;
#868 = CARTESIAN_POINT ( 'NONE',  ( -0.1149999999999990058, 0.6701063709417264258, 1.090000000000000302 ) ) ;
#869 = VECTOR ( 'NONE', #1513, 1000.000000000000000 ) ;
#870 = ORIENTED_EDGE ( 'NONE', *, *, #1435, .F. ) ;
#871 =( LENGTH_UNIT ( ) NAMED_UNIT ( * ) SI_UNIT ( .MILLI., .METRE. ) );
#872 = CARTESIAN_POINT ( 'NONE',  ( -1.500000000000000000, 0.1999999999999999833, -0.3929999999999997939 ) ) ;
#873 = ORIENTED_EDGE ( 'NONE', *, *, #2381, .F. ) ;
#874 = FILL_AREA_STYLE_COLOUR ( '', #1857 ) ;
#875 = VERTEX_POINT ( 'NONE', #562 ) ;
#876 = EDGE_CURVE ( 'NONE', #690, #3809, #1414, .T. ) ;
#877 = DIRECTION ( 'NONE',  ( -7.228014483236695816E-17, 0.000000000000000000, -1.000000000000000000 ) ) ;
#878 = DIRECTION ( 'NONE',  ( -1.000000000000000000, 0.000000000000000000, -5.288791085295149449E-16 ) ) ;
#879 = PRESENTATION_STYLE_ASSIGNMENT (( #3600 ) ) ;
#880 = LINE ( 'NONE', #4560, #909 ) ;
#881 = DIRECTION ( 'NONE',  ( -1.000000000000000000, 0.000000000000000000, 0.000000000000000000 ) ) ;
#882 = ADVANCED_FACE ( 'NONE', ( #3134 ), #1481, .F. ) ;
#883 = CARTESIAN_POINT ( 'NONE',  ( 0.1150000000000007405, 0.1999999999999999833, 1.090000000000000302 ) ) ;
#884 = EDGE_LOOP ( 'NONE', ( #1937, #2701, #2326, #2087 ) ) ;
#885 = ORIENTED_EDGE ( 'NONE', *, *, #1970, .F. ) ;
#886 = AXIS2_PLACEMENT_3D ( 'NONE', #1102, #1574, #4473 ) ;
#887 = CARTESIAN_POINT ( 'NONE',  ( 1.089999999999999858, 0.1999999999999999833, -0.1149999999999996581 ) ) ;
#888 = PLANE ( 'NONE',  #1408 ) ;
#889 = ORIENTED_EDGE ( 'NONE', *, *, #4564, .T. ) ;
#890 = CARTESIAN_POINT ( 'NONE',  ( 1.499999999999999556, 0.000000000000000000, 1.499999999999999778 ) ) ;
#891 = EDGE_CURVE ( 'NONE', #3863, #2526, #4971, .T. ) ;
#892 = VECTOR ( 'NONE', #4078, 1000.000000000000000 ) ;
#893 = ORIENTED_EDGE ( 'NONE', *, *, #993, .F. ) ;
#894 = CARTESIAN_POINT ( 'NONE',  ( 0.000000000000000000, 0.2000000000000000111, 0.000000000000000000 ) ) ;
#895 = ORIENTED_EDGE ( 'NONE', *, *, #3664, .F. ) ;
#896 = ADVANCED_FACE ( 'NONE', ( #4894 ), #401, .F. ) ;
#897 = ORIENTED_EDGE ( 'NONE', *, *, #1851, .T. ) ;
#898 = VECTOR ( 'NONE', #2847, 1000.000000000000000 ) ;
#899 = LINE ( 'NONE', #3147, #4394 ) ;
#900 = STYLED_ITEM ( 'NONE', ( #189 ), #1364 ) ;
#901 = CARTESIAN_POINT ( 'NONE',  ( 1.089999999999999858, 0.6701063709417264258, -0.3929999999999999050 ) ) ;
#902 = DIRECTION ( 'NONE',  ( 1.000000000000000000, 0.000000000000000000, 5.288791085295141560E-16 ) ) ;
#903 = VERTEX_POINT ( 'NONE', #1165 ) ;
#904 = ORIENTED_EDGE ( 'NONE', *, *, #1274, .T. ) ;
#905 = CLOSED_SHELL ( 'NONE', ( #4176, #4501, #3978, #4485, #4575, #4622 ) ) ;
#906 = EDGE_CURVE ( 'NONE', #101, #467, #3201, .T. ) ;
#907 = SURFACE_SIDE_STYLE ('',( #3949 ) ) ;
#908 = LINE ( 'NONE', #4988, #4463 ) ;
#909 = VECTOR ( 'NONE', #4959, 1000.000000000000000 ) ;
#910 = AXIS2_PLACEMENT_3D ( 'NONE', #4753, #2887, #4049 ) ;
#911 = EDGE_CURVE ( 'NONE', #457, #3483, #1432, .T. ) ;
#912 = CARTESIAN_POINT ( 'NONE',  ( -0.3929999999999987947, 0.6701063709417264258, 1.499999999999999778 ) ) ;
#913 = CARTESIAN_POINT ( 'NONE',  ( -1.255000000000000560, 0.1000000000000000056, -1.254999999999999671 ) ) ;
#914 = VERTEX_POINT ( 'NONE', #683 ) ;
#915 = DIRECTION ( 'NONE',  ( 1.000000000000000000, -0.000000000000000000, 0.000000000000000000 ) ) ;
#916 = VERTEX_POINT ( 'NONE', #1928 ) ;
#917 = DIRECTION ( 'NONE',  ( 0.000000000000000000, 0.000000000000000000, -1.000000000000000000 ) ) ;
#918 = EDGE_CURVE ( 'NONE', #856, #2425, #1341, .T. ) ;
#919 = DIRECTION ( 'NONE',  ( -1.000000000000000000, 0.000000000000000000, -5.288791085295141560E-16 ) ) ;
#920 = LINE ( 'NONE', #2716, #2664 ) ;
#921 = CARTESIAN_POINT ( 'NONE',  ( -1.200000000000000178, 0.7900000000000000355, -1.200000000000000178 ) ) ;
#922 = ORIENTED_EDGE ( 'NONE', *, *, #3627, .F. ) ;
#923 = PRESENTATION_LAYER_ASSIGNMENT (  '', '', ( #1456 ) ) ;
#924 = ORIENTED_EDGE ( 'NONE', *, *, #1396, .F. ) ;
#925 = PLANE ( 'NONE',  #3814 ) ;
#926 = CARTESIAN_POINT ( 'NONE',  ( 1.089999999999999858, 0.000000000000000000, -0.3929999999999999050 ) ) ;
#927 = ORIENTED_EDGE ( 'NONE', *, *, #4170, .F. ) ;
#928 = APPLICATION_CONTEXT ( 'automotive_design' ) ;
#929 = CARTESIAN_POINT ( 'NONE',  ( -0.1149999999999990058, 0.000000000000000000, 1.090000000000000302 ) ) ;
#930 = LINE ( 'NONE', #3686, #2724 ) ;
#931 = EDGE_LOOP ( 'NONE', ( #2360, #735, #5284, #2479 ) ) ;
#932 = ORIENTED_EDGE ( 'NONE', *, *, #4500, .F. ) ;
#933 = EDGE_CURVE ( 'NONE', #4188, #2371, #4985, .T. ) ;
#934 = ADVANCED_FACE ( 'NONE', ( #1463 ), #2811, .F. ) ;
#935 = ORIENTED_EDGE ( 'NONE', *, *, #1884, .T. ) ;
#936 = FACE_OUTER_BOUND ( 'NONE', #1838, .T. ) ;
#937 = VECTOR ( 'NONE', #822, 1000.000000000000000 ) ;
#938 = DIRECTION ( 'NONE',  ( 1.000000000000000000, 0.000000000000000000, -0.000000000000000000 ) ) ;
#939 = CLOSED_SHELL ( 'NONE', ( #4970, #569, #3232, #582, #2515, #4319 ) ) ;
#940 = CARTESIAN_POINT ( 'NONE',  ( 0.3930000000000007931, 0.2000000000000000111, -1.500000000000000222 ) ) ;
#941 = CARTESIAN_POINT ( 'NONE',  ( -0.3929999999999992388, 0.2000000000000000111, 1.090000000000000302 ) ) ;
#942 = LINE ( 'NONE', #3881, #2761 ) ;
#943 = AXIS2_PLACEMENT_3D ( 'NONE', #941, #4303, #3069 ) ;
#944 = FACE_OUTER_BOUND ( 'NONE', #60, .T. ) ;
#945 = UNCERTAINTY_MEASURE_WITH_UNIT (LENGTH_MEASURE( 1.000000000000000082E-05 ), #4874, 'distance_accuracy_value', 'NONE');
#946 = DIRECTION ( 'NONE',  ( -1.000000000000000000, 0.000000000000000000, 0.000000000000000000 ) ) ;
#947 = EDGE_CURVE ( 'NONE', #1893, #1748, #5013, .T. ) ;
#948 = AXIS2_PLACEMENT_3D ( 'NONE', #729, #2783, #275 ) ;
#949 = ORIENTED_EDGE ( 'NONE', *, *, #3071, .T. ) ;
#950 = DIRECTION ( 'NONE',  ( 0.000000000000000000, 0.000000000000000000, -1.000000000000000000 ) ) ;
#951 = ORIENTED_EDGE ( 'NONE', *, *, #4567, .F. ) ;
#952 = CARTESIAN_POINT ( 'NONE',  ( -1.089999999999999858, 0.1999999999999999833, 0.1150000000000000883 ) ) ;
#953 = LINE ( 'NONE', #2616, #4513 ) ;
#954 = FACE_OUTER_BOUND ( 'NONE', #1792, .T. ) ;
#955 = CARTESIAN_POINT ( 'NONE',  ( -0.1149999999999992140, 0.000000000000000000, -1.090000000000000302 ) ) ;
#956 = AXIS2_PLACEMENT_3D ( 'NONE', #4193, #4268, #1283 ) ;
#957 = CARTESIAN_POINT ( 'NONE',  ( -0.6229999999999988880, 0.6701063709417264258, 1.500000000000000222 ) ) ;
#958 = PRESENTATION_LAYER_ASSIGNMENT (  '', '', ( #3094 ) ) ;
#959 = DIRECTION ( 'NONE',  ( -0.000000000000000000, -1.000000000000000000, -0.000000000000000000 ) ) ;
#960 = ORIENTED_EDGE ( 'NONE', *, *, #2754, .T. ) ;
#961 = CARTESIAN_POINT ( 'NONE',  ( -0.7250000000000000888, 0.000000000000000000, 0.6249999999999997780 ) ) ;
#962 = LINE ( 'NONE', #3394, #4661 ) ;
#963 = FACE_OUTER_BOUND ( 'NONE', #3398, .T. ) ;
#964 =( GEOMETRIC_REPRESENTATION_CONTEXT ( 3 ) GLOBAL_UNCERTAINTY_ASSIGNED_CONTEXT ( ( #269 ) ) GLOBAL_UNIT_ASSIGNED_CONTEXT ( ( #1450, #4384, #1854 ) ) REPRESENTATION_CONTEXT ( 'NONE', 'WORKASPACE' ) );
#965 = EDGE_CURVE ( 'NONE', #1096, #1473, #1580, .T. ) ;
#966 = ORIENTED_EDGE ( 'NONE', *, *, #2169, .F. ) ;
#967 = VECTOR ( 'NONE', #3826, 1000.000000000000000 ) ;
#968 = SURFACE_SIDE_STYLE ('',( #5297 ) ) ;
#969 = LINE ( 'NONE', #297, #4354 ) ;
#970 = CARTESIAN_POINT ( 'NONE',  ( -0.8950000000000004619, 0.1000000000000000472, -1.254999999999999671 ) ) ;
#971 = EDGE_CURVE ( 'NONE', #2499, #2553, #1564, .T. ) ;
#972 = EDGE_CURVE ( 'NONE', #1392, #3129, #5191, .T. ) ;
#973 = ORIENTED_EDGE ( 'NONE', *, *, #3294, .F. ) ;
#974 = DIRECTION ( 'NONE',  ( 0.000000000000000000, 0.000000000000000000, -1.000000000000000000 ) ) ;
#975 = ADVANCED_FACE ( 'NONE', ( #1628 ), #440, .T. ) ;
#976 = CARTESIAN_POINT ( 'NONE',  ( 0.3930000000000010152, 0.2000000000000000111, 1.090000000000000302 ) ) ;
#977 = MECHANICAL_DESIGN_GEOMETRIC_PRESENTATION_REPRESENTATION (  '', ( #2380 ), #4302 ) ;
#978 = EDGE_CURVE ( 'NONE', #648, #466, #5110, .T. ) ;
#979 = DIRECTION ( 'NONE',  ( 0.000000000000000000, -1.000000000000000000, 0.000000000000000000 ) ) ;
#980 = FACE_OUTER_BOUND ( 'NONE', #128, .T. ) ;
#981 = SURFACE_STYLE_FILL_AREA ( #2106 ) ;
#982 = VECTOR ( 'NONE', #2079, 1000.000000000000000 ) ;
#983 = CARTESIAN_POINT ( 'NONE',  ( 0.3930000000000010707, 0.2000000000000000111, 1.500000000000000222 ) ) ;
#984 = EDGE_LOOP ( 'NONE', ( #5286, #4180, #3567, #1752 ) ) ;
#985 = CARTESIAN_POINT ( 'NONE',  ( 0.1150000000000005185, 0.1999999999999999833, -1.090000000000000302 ) ) ;
#986 = DIRECTION ( 'NONE',  ( 0.000000000000000000, -0.000000000000000000, 1.000000000000000000 ) ) ;
#987 = VECTOR ( 'NONE', #1094, 1000.000000000000000 ) ;
#988 = LINE ( 'NONE', #872, #1132 ) ;
#989 = CIRCLE ( 'NONE', #3146, 0.07999999999999998779 ) ;
#990 =( GEOMETRIC_REPRESENTATION_CONTEXT ( 3 ) GLOBAL_UNCERTAINTY_ASSIGNED_CONTEXT ( ( #2672 ) ) GLOBAL_UNIT_ASSIGNED_CONTEXT ( ( #4832, #333, #2840 ) ) REPRESENTATION_CONTEXT ( 'NONE', 'WORKASPACE' ) );
#991 = CARTESIAN_POINT ( 'NONE',  ( -0.6250000000000000000, 0.000000000000000000, -0.7250000000000000888 ) ) ;
#992 = CLOSED_SHELL ( 'NONE', ( #2826, #3328, #2583, #1174, #2468, #25 ) ) ;
#993 = EDGE_CURVE ( 'NONE', #2973, #1708, #5068, .T. ) ;
#994 = CARTESIAN_POINT ( 'NONE',  ( -0.1149999999999990058, 0.000000000000000000, 1.090000000000000302 ) ) ;
#995 = CARTESIAN_POINT ( 'NONE',  ( -1.255000000000000560, 0.1000000000000000056, -1.254999999999999671 ) ) ;
#996 = DIRECTION ( 'NONE',  ( 0.000000000000000000, 1.000000000000000000, 0.000000000000000000 ) ) ;
#997 = VECTOR ( 'NONE', #4278, 1000.000000000000000 ) ;
#998 = VECTOR ( 'NONE', #2715, 1000.000000000000000 ) ;
#999 = DIRECTION ( 'NONE',  ( 0.000000000000000000, -1.000000000000000000, 0.000000000000000000 ) ) ;
#1000 = MANIFOLD_SOLID_BREP ( 'Boss-Extrude2[1]', #905 ) ;
#1001 = CARTESIAN_POINT ( 'NONE',  ( 1.089999999999999858, 0.1999999999999999833, -0.3929999999999999050 ) ) ;
#1002 = LINE ( 'NONE', #2899, #4642 ) ;
#1003 = CARTESIAN_POINT ( 'NONE',  ( 1.500000000000000000, 0.000000000000000000, 0.3930000000000005711 ) ) ;
#1004 = FACE_OUTER_BOUND ( 'NONE', #1427, .T. ) ;
#1005 = LINE ( 'NONE', #2415, #4597 ) ;
#1006 = CARTESIAN_POINT ( 'NONE',  ( 1.500000000000000000, 0.6701063709417264258, 0.3930000000000005711 ) ) ;
#1007 = CARTESIAN_POINT ( 'NONE',  ( -0.6229999999999992211, 0.2000000000000000111, -1.090000000000000302 ) ) ;
#1008 = AXIS2_PLACEMENT_3D ( 'NONE', #1179, #1272, #3246 ) ;
#1009 = UNCERTAINTY_MEASURE_WITH_UNIT (LENGTH_MEASURE( 1.000000000000000082E-05 ), #2869, 'distance_accuracy_value', 'NONE');
#1010 = CARTESIAN_POINT ( 'NONE',  ( -0.6229999999999992211, 0.2000000000000000111, -1.500000000000000222 ) ) ;
#1011 = DIRECTION ( 'NONE',  ( 0.000000000000000000, 0.000000000000000000, -1.000000000000000000 ) ) ;
#1012 = VECTOR ( 'NONE', #1572, 1000.000000000000000 ) ;
#1013 = LINE ( 'NONE', #1145, #2804 ) ;
#1014 = MECHANICAL_DESIGN_GEOMETRIC_PRESENTATION_REPRESENTATION (  '', ( #3148 ), #1929 ) ;
#1015 = PLANE ( 'NONE',  #3356 ) ;
#1016 = DIRECTION ( 'NONE',  ( 1.000000000000000000, -0.000000000000000000, 1.495451272393799296E-16 ) ) ;
#1017 = DIRECTION ( 'NONE',  ( 0.000000000000000000, 0.000000000000000000, -1.000000000000000000 ) ) ;
#1018 = ORIENTED_EDGE ( 'NONE', *, *, #2610, .T. ) ;
#1019 =( NAMED_UNIT ( * ) SI_UNIT ( $, .STERADIAN. ) SOLID_ANGLE_UNIT ( ) );
#1020 = DIRECTION ( 'NONE',  ( 0.000000000000000000, 0.000000000000000000, 1.000000000000000000 ) ) ;
#1021 = ADVANCED_FACE ( 'NONE', ( #1552 ), #5048, .F. ) ;
#1022 = LINE ( 'NONE', #260, #2843 ) ;
#1023 = LINE ( 'NONE', #2981, #4522 ) ;
#1024 = DIRECTION ( 'NONE',  ( 1.000000000000000000, -0.000000000000000000, -0.000000000000000000 ) ) ;
#1025 = AXIS2_PLACEMENT_3D ( 'NONE', #1181, #2322, #4396 ) ;
#1026 = ORIENTED_EDGE ( 'NONE', *, *, #3442, .F. ) ;
#1027 = ORIENTED_EDGE ( 'NONE', *, *, #851, .T. ) ;
#1028 = ADVANCED_FACE ( 'NONE', ( #3300 ), #4667, .F. ) ;
#1029 =( NAMED_UNIT ( * ) PLANE_ANGLE_UNIT ( ) SI_UNIT ( $, .RADIAN. ) );
#1030 = DIRECTION ( 'NONE',  ( 0.000000000000000000, -0.000000000000000000, -1.000000000000000000 ) ) ;
#1031 = CARTESIAN_POINT ( 'NONE',  ( -0.6250000000000000000, 0.2000000000000000944, 0.6249999999999997780 ) ) ;
#1032 = LINE ( 'NONE', #4758, #2834 ) ;
#1033 = VECTOR ( 'NONE', #3005, 1000.000000000000000 ) ;
#1034 = FACE_OUTER_BOUND ( 'NONE', #317, .T. ) ;
#1035 = AXIS2_PLACEMENT_3D ( 'NONE', #5242, #375, #3237 ) ;
#1036 = EDGE_CURVE ( 'NONE', #2631, #3943, #5170, .T. ) ;
#1037 = DIRECTION ( 'NONE',  ( 0.000000000000000000, -1.000000000000000000, 0.000000000000000000 ) ) ;
#1038 = DIRECTION ( 'NONE',  ( 1.000000000000000000, -0.000000000000000000, 2.644395542647570780E-16 ) ) ;
#1039 = ORIENTED_EDGE ( 'NONE', *, *, #2381, .T. ) ;
#1040 = CARTESIAN_POINT ( 'NONE',  ( 1.089999999999999858, 0.6701063709417264258, -0.3929999999999999050 ) ) ;
#1041 = VECTOR ( 'NONE', #4472, 1000.000000000000000 ) ;
#1042 = VECTOR ( 'NONE', #2225, 1000.000000000000000 ) ;
#1043 = EDGE_CURVE ( 'NONE', #3614, #228, #3337, .T. ) ;
#1044 = VERTEX_POINT ( 'NONE', #3766 ) ;
#1045 = DIRECTION ( 'NONE',  ( 1.000000000000000000, -0.000000000000000000, -0.000000000000000000 ) ) ;
#1046 = ORIENTED_EDGE ( 'NONE', *, *, #4794, .T. ) ;
#1047 = CARTESIAN_POINT ( 'NONE',  ( -0.6229999999999989990, 0.000000000000000000, 1.090000000000000302 ) ) ;
#1048 = CARTESIAN_POINT ( 'NONE',  ( 1.089999999999999858, 0.6701063709417264258, 0.1150000000000000883 ) ) ;
#1049 = FACE_OUTER_BOUND ( 'NONE', #187, .T. ) ;
#1050 = LINE ( 'NONE', #3695, #4548 ) ;
#1051 = CARTESIAN_POINT ( 'NONE',  ( 0.1150000000000011707, 0.2000000000000000111, 1.499999999999999778 ) ) ;
#1052 = ORIENTED_EDGE ( 'NONE', *, *, #911, .T. ) ;
#1053 = PLANE ( 'NONE',  #3628 ) ;
#1054 = EDGE_CURVE ( 'NONE', #2109, #1236, #1662, .T. ) ;
#1055 = MECHANICAL_DESIGN_GEOMETRIC_PRESENTATION_REPRESENTATION (  '', ( #1456 ), #990 ) ;
#1056 = PLANE ( 'NONE',  #5249 ) ;
#1057 = LINE ( 'NONE', #3634, #2810 ) ;
#1058 = VECTOR ( 'NONE', #116, 1000.000000000000000 ) ;
#1059 = DIRECTION ( 'NONE',  ( 0.000000000000000000, -1.000000000000000000, 0.000000000000000000 ) ) ;
#1060 = CARTESIAN_POINT ( 'NONE',  ( 0.6249999999999997780, 0.2000000000000000944, 0.7250000000000003109 ) ) ;
#1061 = ADVANCED_FACE ( 'NONE', ( #5131 ), #5022, .T. ) ;
#1062 = ORIENTED_EDGE ( 'NONE', *, *, #3453, .T. ) ;
#1063 = ADVANCED_FACE ( 'NONE', ( #5127 ), #1320, .F. ) ;
#1064 = ORIENTED_EDGE ( 'NONE', *, *, #1905, .T. ) ;
#1065 = PLANE ( 'NONE',  #4535 ) ;
#1066 = CARTESIAN_POINT ( 'NONE',  ( -0.3929999999999992388, 0.6701063709417264258, -1.499999999999999778 ) ) ;
#1067 = PRODUCT_CONTEXT ( 'NONE', #3050, 'mechanical' ) ;
#1068 = DIRECTION ( 'NONE',  ( -1.000000000000000000, 0.000000000000000000, -2.644395542647570780E-16 ) ) ;
#1069 = LINE ( 'NONE', #1135, #1041 ) ;
#1070 = VECTOR ( 'NONE', #2560, 1000.000000000000000 ) ;
#1071 = PRESENTATION_STYLE_ASSIGNMENT (( #2385 ) ) ;
#1072 = DIRECTION ( 'NONE',  ( -0.000000000000000000, -0.000000000000000000, -1.000000000000000000 ) ) ;
#1073 = ORIENTED_EDGE ( 'NONE', *, *, #4709, .T. ) ;
#1074 = CARTESIAN_POINT ( 'NONE',  ( 0.000000000000000000, 0.2000000000000000111, 0.000000000000000000 ) ) ;
#1075 = FACE_OUTER_BOUND ( 'NONE', #2444, .T. ) ;
#1076 = DIRECTION ( 'NONE',  ( 0.000000000000000000, -0.000000000000000000, 1.000000000000000000 ) ) ;
#1077 = MECHANICAL_DESIGN_GEOMETRIC_PRESENTATION_REPRESENTATION (  '', ( #4134 ), #5058 ) ;
#1078 = UNCERTAINTY_MEASURE_WITH_UNIT (LENGTH_MEASURE( 1.000000000000000082E-05 ), #2611, 'distance_accuracy_value', 'NONE');
#1079 = CARTESIAN_POINT ( 'NONE',  ( 0.6230000000000011084, 0.1999999999999996503, 1.499999999999999778 ) ) ;
#1080 = EDGE_LOOP ( 'NONE', ( #4545, #4792, #4996, #2717 ) ) ;
#1081 = EDGE_CURVE ( 'NONE', #3791, #5008, #1547, .T. ) ;
#1082 = DIRECTION ( 'NONE',  ( -1.000000000000000000, 0.000000000000000000, 0.000000000000000000 ) ) ;
#1083 = DIRECTION ( 'NONE',  ( 0.000000000000000000, -0.000000000000000000, -1.000000000000000000 ) ) ;
#1084 = CARTESIAN_POINT ( 'NONE',  ( -0.3929999999999987947, 0.000000000000000000, 1.499999999999999778 ) ) ;
#1085 = FACE_OUTER_BOUND ( 'NONE', #115, .T. ) ;
#1086 = LINE ( 'NONE', #1372, #1042 ) ;
#1087 = DIRECTION ( 'NONE',  ( 0.000000000000000000, -1.000000000000000000, 0.000000000000000000 ) ) ;
#1088 = CARTESIAN_POINT ( 'NONE',  ( 1.500000000000000000, 0.6701063709417264258, -0.6229999999999994431 ) ) ;
#1089 = ORIENTED_EDGE ( 'NONE', *, *, #4178, .T. ) ;
#1090 = VERTEX_POINT ( 'NONE', #2224 ) ;
#1091 = DIRECTION ( 'NONE',  ( -1.000000000000000000, 0.000000000000000000, -0.000000000000000000 ) ) ;
#1092 =( GEOMETRIC_REPRESENTATION_CONTEXT ( 3 ) GLOBAL_UNCERTAINTY_ASSIGNED_CONTEXT ( ( #593 ) ) GLOBAL_UNIT_ASSIGNED_CONTEXT ( ( #4920, #435, #2111 ) ) REPRESENTATION_CONTEXT ( 'NONE', 'WORKASPACE' ) );
#1093 = VECTOR ( 'NONE', #4334, 1000.000000000000000 ) ;
#1094 = DIRECTION ( 'NONE',  ( 1.000000000000000000, -0.000000000000000000, 2.644395542647570780E-16 ) ) ;
#1095 = LINE ( 'NONE', #1263, #2878 ) ;
#1096 = VERTEX_POINT ( 'NONE', #4655 ) ;
#1097 = AXIS2_PLACEMENT_3D ( 'NONE', #3185, #2832, #2897 ) ;
#1098 = EDGE_CURVE ( 'NONE', #4351, #4617, #1591, .T. ) ;
#1099 = LINE ( 'NONE', #1721, #4569 ) ;
#1100 = LINE ( 'NONE', #2521, #4612 ) ;
#1101 = LINE ( 'NONE', #79, #4634 ) ;
#1102 = CARTESIAN_POINT ( 'NONE',  ( -1.089999999999999858, 0.6701063709417264258, -0.6229999999999996652 ) ) ;
#1103 = EDGE_CURVE ( 'NONE', #5200, #2579, #5054, .T. ) ;
#1104 = ORIENTED_EDGE ( 'NONE', *, *, #3959, .F. ) ;
#1105 = CARTESIAN_POINT ( 'NONE',  ( 1.500000000000000000, 0.1999999999999999833, -0.1149999999999994360 ) ) ;
#1106 = DIRECTION ( 'NONE',  ( 1.000000000000000000, -0.000000000000000000, 0.000000000000000000 ) ) ;
#1107 = LINE ( 'NONE', #3190, #4583 ) ;
#1108 = DIRECTION ( 'NONE',  ( 0.000000000000000000, -1.000000000000000000, 0.000000000000000000 ) ) ;
#1109 = VECTOR ( 'NONE', #845, 1000.000000000000000 ) ;
#1110 = DIRECTION ( 'NONE',  ( 2.644395542647571766E-16, 0.000000000000000000, 1.000000000000000000 ) ) ;
#1111 = VERTEX_POINT ( 'NONE', #2675 ) ;
#1112 = CARTESIAN_POINT ( 'NONE',  ( -0.7250000000000000888, 0.000000000000000000, -0.7250000000000000888 ) ) ;
#1113 = CARTESIAN_POINT ( 'NONE',  ( -0.7250000000000000888, 0.2000000000000000944, -0.6250000000000000000 ) ) ;
#1114 = DIRECTION ( 'NONE',  ( 0.000000000000000000, -1.000000000000000000, 0.000000000000000000 ) ) ;
#1115 = VECTOR ( 'NONE', #4883, 1000.000000000000000 ) ;
#1116 = EDGE_CURVE ( 'NONE', #6, #272, #3371, .T. ) ;
#1117 = DIRECTION ( 'NONE',  ( 0.000000000000000000, 0.000000000000000000, -1.000000000000000000 ) ) ;
#1118 = CARTESIAN_POINT ( 'NONE',  ( -0.6250000000000000000, 0.000000000000000000, -0.7250000000000000888 ) ) ;
#1119 = CARTESIAN_POINT ( 'NONE',  ( 1.089999999999999858, 0.6701063709417264258, -0.3929999999999999050 ) ) ;
#1120 = DIRECTION ( 'NONE',  ( -0.000000000000000000, -1.000000000000000000, -0.000000000000000000 ) ) ;
#1121 = ORIENTED_EDGE ( 'NONE', *, *, #636, .T. ) ;
#1122 = DIRECTION ( 'NONE',  ( 0.000000000000000000, -1.000000000000000000, 0.000000000000000000 ) ) ;
#1123 = CARTESIAN_POINT ( 'NONE',  ( 0.1150000000000007405, 0.1999999999999999833, 1.090000000000000302 ) ) ;
#1124 = DIRECTION ( 'NONE',  ( 1.000000000000000000, 0.000000000000000000, -2.644395542647572259E-16 ) ) ;
#1125 = EDGE_CURVE ( 'NONE', #31, #2371, #5139, .T. ) ;
#1126 = CARTESIAN_POINT ( 'NONE',  ( -0.3929999999999994609, 0.2000000000000000111, -1.090000000000000302 ) ) ;
#1127 = VECTOR ( 'NONE', #4629, 1000.000000000000000 ) ;
#1128 = VERTEX_POINT ( 'NONE', #3033 ) ;
#1129 = DIRECTION ( 'NONE',  ( 0.000000000000000000, 1.000000000000000000, 0.000000000000000000 ) ) ;
#1130 = DIRECTION ( 'NONE',  ( -0.000000000000000000, -1.000000000000000000, -0.000000000000000000 ) ) ;
#1131 = DIRECTION ( 'NONE',  ( -1.000000000000000000, 0.000000000000000000, 5.288791085295141560E-16 ) ) ;
#1133 = EDGE_CURVE ( 'NONE', #3483, #304, #5101, .T. ) ;
#1132 = VECTOR ( 'NONE', #4619, 1000.000000000000000 ) ;
#1134 = VECTOR ( 'NONE', #2497, 1000.000000000000000 ) ;
#1135 = CARTESIAN_POINT ( 'NONE',  ( -1.500000000000000000, 0.1999999999999999833, 0.6230000000000002203 ) ) ;
#1136 = ORIENTED_EDGE ( 'NONE', *, *, #4231, .T. ) ;
#1137 = STYLED_ITEM ( 'NONE', ( #1071 ), #2544 ) ;
#1138 = UNCERTAINTY_MEASURE_WITH_UNIT (LENGTH_MEASURE( 1.000000000000000082E-05 ), #4010, 'distance_accuracy_value', 'NONE');
#1139 = VECTOR ( 'NONE', #2934, 1000.000000000000000 ) ;
#1140 = DIRECTION ( 'NONE',  ( 0.000000000000000000, 0.000000000000000000, -1.000000000000000000 ) ) ;
#1141 = AXIS2_PLACEMENT_3D ( 'NONE', #3137, #3438, #5178 ) ;
#1142 = LINE ( 'NONE', #4865, #2805 ) ;
#1143 = ADVANCED_FACE ( 'NONE', ( #3390 ), #5107, .T. ) ;
#1144 = ORIENTED_EDGE ( 'NONE', *, *, #2615, .F. ) ;
#1145 = CARTESIAN_POINT ( 'NONE',  ( 0.3930000000000010152, 0.6701063709417264258, 1.090000000000000302 ) ) ;
#1146 = DIRECTION ( 'NONE',  ( 0.000000000000000000, -1.000000000000000000, 0.000000000000000000 ) ) ;
#1147 = VECTOR ( 'NONE', #4839, 1000.000000000000000 ) ;
#1148 = LINE ( 'NONE', #370, #4712 ) ;
#1149 = FILL_AREA_STYLE_COLOUR ( '', #3644 ) ;
#1150 = DIRECTION ( 'NONE',  ( -5.288791085295149449E-16, 0.000000000000000000, 1.000000000000000000 ) ) ;
#1151 = DIRECTION ( 'NONE',  ( -1.000000000000000000, 0.000000000000000000, 2.644395542647570780E-16 ) ) ;
#1152 =( NAMED_UNIT ( * ) SI_UNIT ( $, .STERADIAN. ) SOLID_ANGLE_UNIT ( ) );
#1153 = CARTESIAN_POINT ( 'NONE',  ( -0.3929999999999987947, 0.1999999999999999833, 1.499999999999999778 ) ) ;
#1154 = EDGE_CURVE ( 'NONE', #2726, #2466, #3289, .T. ) ;
#1155 = AXIS2_PLACEMENT_3D ( 'NONE', #1913, #4025, #316 ) ;
#1156 = EDGE_CURVE ( 'NONE', #4055, #2125, #1645, .T. ) ;
#1157 = DIRECTION ( 'NONE',  ( 0.000000000000000000, -1.000000000000000000, 0.000000000000000000 ) ) ;
#1158 = PRESENTATION_STYLE_ASSIGNMENT (( #732 ) ) ;
#1159 = EDGE_CURVE ( 'NONE', #5200, #4574, #5148, .T. ) ;
#1160 = VECTOR ( 'NONE', #1131, 1000.000000000000000 ) ;
#1161 = CARTESIAN_POINT ( 'NONE',  ( -1.174999999999999822, 0.1000000000000000472, -1.005000000000000338 ) ) ;
#1162 = EDGE_CURVE ( 'NONE', #3104, #813, #1618, .T. ) ;
#1163 =( GEOMETRIC_REPRESENTATION_CONTEXT ( 3 ) GLOBAL_UNCERTAINTY_ASSIGNED_CONTEXT ( ( #2599 ) ) GLOBAL_UNIT_ASSIGNED_CONTEXT ( ( #4814, #307, #2249 ) ) REPRESENTATION_CONTEXT ( 'NONE', 'WORKASPACE' ) );
#1164 = ADVANCED_FACE ( 'NONE', ( #3422 ), #3897, .T. ) ;
#1165 = CARTESIAN_POINT ( 'NONE',  ( -0.1149999999999990058, 0.000000000000000000, 1.090000000000000302 ) ) ;
#1166 = CARTESIAN_POINT ( 'NONE',  ( 0.1150000000000005185, 0.6701063709417264258, -1.090000000000000302 ) ) ;
#1167 = EDGE_CURVE ( 'NONE', #4574, #147, #5184, .T. ) ;
#1168 = CARTESIAN_POINT ( 'NONE',  ( 0.3930000000000010152, 0.1999999999999999833, 1.090000000000000302 ) ) ;
#1169 = LINE ( 'NONE', #3116, #2952 ) ;
#1170 = EDGE_CURVE ( 'NONE', #1419, #2040, #1538, .T. ) ;
#1171 = CARTESIAN_POINT ( 'NONE',  ( -1.089999999999999858, 0.6701063709417264258, -0.6229999999999996652 ) ) ;
#1172 = CARTESIAN_POINT ( 'NONE',  ( -0.7250000000000000888, 0.2000000000000000944, -0.7250000000000000888 ) ) ;
#1173 = CARTESIAN_POINT ( 'NONE',  ( -1.500000000000000000, 0.1999999999999999833, -0.1149999999999994360 ) ) ;
#1174 = ADVANCED_FACE ( 'NONE', ( #5096 ), #1765, .F. ) ;
#1175 = CARTESIAN_POINT ( 'NONE',  ( 0.000000000000000000, 0.2000000000000000111, 0.000000000000000000 ) ) ;
#1176 = PLANE ( 'NONE',  #3187 ) ;
#1177 = DIRECTION ( 'NONE',  ( 0.000000000000000000, 0.000000000000000000, 1.000000000000000000 ) ) ;
#1178 = VECTOR ( 'NONE', #3973, 1000.000000000000000 ) ;
#1179 = CARTESIAN_POINT ( 'NONE',  ( 0.6249999999999997780, 2.250609665440987950, 0.6250000000000002220 ) ) ;
#1180 = PRESENTATION_LAYER_ASSIGNMENT (  '', '', ( #2131 ) ) ;
#1181 = CARTESIAN_POINT ( 'NONE',  ( -1.174999999999999822, 0.1000000000000000056, -1.005000000000000338 ) ) ;
#1182 = EDGE_CURVE ( 'NONE', #101, #1936, #1692, .T. ) ;
#1183 = PRESENTATION_LAYER_ASSIGNMENT (  '', '', ( #3148 ) ) ;
#1184 = DIRECTION ( 'NONE',  ( 1.000000000000000000, -0.000000000000000000, 0.000000000000000000 ) ) ;
#1185 = CARTESIAN_POINT ( 'NONE',  ( -1.500000000000000222, 0.1999999999999996503, 0.6230000000000002203 ) ) ;
#1186 = AXIS2_PLACEMENT_3D ( 'NONE', #1507, #4066, #3258 ) ;
#1187 = DIRECTION ( 'NONE',  ( 1.000000000000000000, 0.000000000000000000, -5.288791085295141560E-16 ) ) ;
#1188 = DIRECTION ( 'NONE',  ( 0.000000000000000000, -1.000000000000000000, 0.000000000000000000 ) ) ;
#1189 =( GEOMETRIC_REPRESENTATION_CONTEXT ( 3 ) GLOBAL_UNCERTAINTY_ASSIGNED_CONTEXT ( ( #3579 ) ) GLOBAL_UNIT_ASSIGNED_CONTEXT ( ( #524, #448, #4635 ) ) REPRESENTATION_CONTEXT ( 'NONE', 'WORKASPACE' ) );
#1190 = LINE ( 'NONE', #2274, #1265 ) ;
#1191 = DIRECTION ( 'NONE',  ( 0.000000000000000000, -1.000000000000000000, 0.000000000000000000 ) ) ;
#1192 = LINE ( 'NONE', #421, #4757 ) ;
#1193 = CARTESIAN_POINT ( 'NONE',  ( -1.089999999999999858, 0.000000000000000000, -0.6229999999999996652 ) ) ;
#1194 = DIRECTION ( 'NONE',  ( -1.000000000000000000, 0.000000000000000000, -5.288791085295141560E-16 ) ) ;
#1195 = CARTESIAN_POINT ( 'NONE',  ( 0.7249999999999998668, 2.250609665440987950, -0.7249999999999998668 ) ) ;
#1196 = ORIENTED_EDGE ( 'NONE', *, *, #4028, .T. ) ;
#1197 = CARTESIAN_POINT ( 'NONE',  ( 1.016000000000000014, 0.2000000000000000111, 0.000000000000000000 ) ) ;
#1198 = STYLED_ITEM ( 'NONE', ( #2045 ), #1409 ) ;
#1199 = ADVANCED_FACE ( 'NONE', ( #98 ), #1342, .F. ) ;
#1200 = EDGE_CURVE ( 'NONE', #3079, #4120, #1862, .T. ) ;
#1201 = DIRECTION ( 'NONE',  ( 0.000000000000000000, -1.000000000000000000, 0.000000000000000000 ) ) ;
#1202 = FACE_OUTER_BOUND ( 'NONE', #3676, .T. ) ;
#1203 = DIRECTION ( 'NONE',  ( -1.885568995626963547E-15, 0.000000000000000000, -1.000000000000000000 ) ) ;
#1204 = EDGE_CURVE ( 'NONE', #2035, #4809, #1738, .T. ) ;
#1205 = PLANE ( 'NONE',  #4425 ) ;
#1206 = CARTESIAN_POINT ( 'NONE',  ( -0.1149999999999992140, 0.000000000000000000, -1.500000000000000222 ) ) ;
#1207 = EDGE_CURVE ( 'NONE', #1736, #3893, #5274, .T. ) ;
#1208 = DIRECTION ( 'NONE',  ( -1.000000000000000000, -0.000000000000000000, -0.000000000000000000 ) ) ;
#1209 = ORIENTED_EDGE ( 'NONE', *, *, #1433, .F. ) ;
#1210 = MANIFOLD_SOLID_BREP ( 'Boss-Extrude2[2]', #2186 ) ;
#1211 = FACE_OUTER_BOUND ( 'NONE', #2700, .T. ) ;
#1212 = EDGE_CURVE ( 'NONE', #2371, #4329, #5223, .T. ) ;
#1213 = SURFACE_SIDE_STYLE ('',( #231 ) ) ;
#1214 = FACE_OUTER_BOUND ( 'NONE', #3554, .T. ) ;
#1215 = ADVANCED_FACE ( 'NONE', ( #5256 ), #2421, .T. ) ;
#1216 = ORIENTED_EDGE ( 'NONE', *, *, #1154, .F. ) ;
#1217 = DIRECTION ( 'NONE',  ( 0.000000000000000000, 0.000000000000000000, -1.000000000000000000 ) ) ;
#1218 = CARTESIAN_POINT ( 'NONE',  ( 0.6230000000000011084, 0.2000000000000000111, 1.499999999999999778 ) ) ;
#1219 = CIRCLE ( 'NONE', #2138, 0.1000000000000000472 ) ;
#1220 = AXIS2_PLACEMENT_3D ( 'NONE', #3657, #4048, #2057 ) ;
#1221 = FACE_OUTER_BOUND ( 'NONE', #846, .T. ) ;
#1222 =( NAMED_UNIT ( * ) PLANE_ANGLE_UNIT ( ) SI_UNIT ( $, .RADIAN. ) );
#1223 = EDGE_CURVE ( 'NONE', #4239, #2529, #1813, .T. ) ;
#1224 = DIRECTION ( 'NONE',  ( -1.885568995626963547E-15, 0.000000000000000000, -1.000000000000000000 ) ) ;
#1225 = LINE ( 'NONE', #3658, #1266 ) ;
#1226 = CARTESIAN_POINT ( 'NONE',  ( -0.3929999999999992388, 0.6701063709417264258, 1.090000000000000302 ) ) ;
#1227 = CARTESIAN_POINT ( 'NONE',  ( 1.499999999999999556, 0.000000000000000000, -1.500000000000000222 ) ) ;
#1228 = ORIENTED_EDGE ( 'NONE', *, *, #4851, .T. ) ;
#1229 = DIRECTION ( 'NONE',  ( -1.000000000000000000, 0.000000000000000000, 1.057758217059029890E-15 ) ) ;
#1230 = DIRECTION ( 'NONE',  ( -0.000000000000000000, -1.000000000000000000, -0.000000000000000000 ) ) ;
#1231 = FACE_OUTER_BOUND ( 'NONE', #348, .T. ) ;
#1232 = VECTOR ( 'NONE', #2400, 1000.000000000000000 ) ;
#1233 = CARTESIAN_POINT ( 'NONE',  ( -1.255000000000000560, 0.000000000000000000, -1.254999999999999671 ) ) ;
#1234 = CARTESIAN_POINT ( 'NONE',  ( 1.499999999999999556, 6.022640687119285019, 1.499999999999999778 ) ) ;
#1235 = VERTEX_POINT ( 'NONE', #4043 ) ;
#1236 = VERTEX_POINT ( 'NONE', #4005 ) ;
#1237 = AXIS2_PLACEMENT_3D ( 'NONE', #591, #4669, #1386 ) ;
#1238 = ADVANCED_FACE ( 'NONE', ( #5218 ), #5291, .F. ) ;
#1239 = FACE_OUTER_BOUND ( 'NONE', #1824, .T. ) ;
#1240 = CARTESIAN_POINT ( 'NONE',  ( -1.200000000000000178, 0.7900000000000000355, -1.200000000000000178 ) ) ;
#1241 = EDGE_CURVE ( 'NONE', #4397, #272, #3622, .T. ) ;
#1242 = AXIS2_PLACEMENT_3D ( 'NONE', #830, #395, #4113 ) ;
#1243 = VERTEX_POINT ( 'NONE', #70 ) ;
#1244 = CARTESIAN_POINT ( 'NONE',  ( -0.1149999999999992140, 0.1999999999999999833, -1.090000000000000302 ) ) ;
#1245 = VECTOR ( 'NONE', #695, 1000.000000000000000 ) ;
#1246 = PLANE ( 'NONE',  #1633 ) ;
#1247 = VECTOR ( 'NONE', #2116, 1000.000000000000000 ) ;
#1248 = VECTOR ( 'NONE', #5292, 1000.000000000000000 ) ;
#1249 = AXIS2_PLACEMENT_3D ( 'NONE', #4523, #2883, #5245 ) ;
#1250 = ADVANCED_FACE ( 'NONE', ( #1722 ), #2931, .F. ) ;
#1251 = CARTESIAN_POINT ( 'NONE',  ( -1.500000000000000000, 0.1999999999999999833, -0.6229999999999994431 ) ) ;
#1252 = DIRECTION ( 'NONE',  ( 1.057758217059029890E-15, 0.000000000000000000, 1.000000000000000000 ) ) ;
#1253 = DIRECTION ( 'NONE',  ( 0.000000000000000000, 0.000000000000000000, -1.000000000000000000 ) ) ;
#1254 = FACE_OUTER_BOUND ( 'NONE', #615, .T. ) ;
#1255 = CARTESIAN_POINT ( 'NONE',  ( 1.089999999999999858, 0.1999999999999999833, 0.1150000000000000883 ) ) ;
#1256 = SURFACE_SIDE_STYLE ('',( #1917 ) ) ;
#1257 = CARTESIAN_POINT ( 'NONE',  ( -0.3929999999999992388, 0.1999999999999999833, -1.499999999999999778 ) ) ;
#1258 = AXIS2_PLACEMENT_3D ( 'NONE', #166, #4952, #1020 ) ;
#1259 = EDGE_CURVE ( 'NONE', #192, #2217, #1684, .T. ) ;
#1260 = CARTESIAN_POINT ( 'NONE',  ( -1.200000000000000178, 0.7900000000000000355, -1.200000000000000178 ) ) ;
#1261 = VERTEX_POINT ( 'NONE', #32 ) ;
#1262 = VERTEX_POINT ( 'NONE', #4859 ) ;
#1263 = CARTESIAN_POINT ( 'NONE',  ( 1.089999999999999858, 0.1999999999999999833, -0.3929999999999999050 ) ) ;
#1264 = CARTESIAN_POINT ( 'NONE',  ( 1.499999999999999556, 0.8900000000000019007, -1.500000000000000222 ) ) ;
#1265 = VECTOR ( 'NONE', #1774, 1000.000000000000000 ) ;
#1266 = VECTOR ( 'NONE', #3388, 1000.000000000000000 ) ;
#1267 = CARTESIAN_POINT ( 'NONE',  ( 1.500000000000000000, 0.1999999999999999833, -0.3929999999999997939 ) ) ;
#1268 = DIRECTION ( 'NONE',  ( -1.000000000000000000, 0.000000000000000000, 5.288791085295141560E-16 ) ) ;
#1269 = CARTESIAN_POINT ( 'NONE',  ( 1.499999999999999556, 0.8900000000000001243, 1.499999999999999778 ) ) ;
#1270 = ORIENTED_EDGE ( 'NONE', *, *, #4691, .T. ) ;
#1271 = LINE ( 'NONE', #1051, #1178 ) ;
#1272 = DIRECTION ( 'NONE',  ( 0.000000000000000000, -1.000000000000000000, 0.000000000000000000 ) ) ;
#1273 = LINE ( 'NONE', #5145, #3028 ) ;
#1274 = EDGE_CURVE ( 'NONE', #193, #3079, #3505, .T. ) ;
#1275 = PRESENTATION_LAYER_ASSIGNMENT (  '', '', ( #4711 ) ) ;
#1276 = DIRECTION ( 'NONE',  ( -1.000000000000000000, -0.000000000000000000, -0.000000000000000000 ) ) ;
#1277 = LINE ( 'NONE', #2127, #1324 ) ;
#1278 = DIRECTION ( 'NONE',  ( -1.000000000000000000, 0.000000000000000000, -5.288791085295149449E-16 ) ) ;
#1279 = FACE_OUTER_BOUND ( 'NONE', #4888, .T. ) ;
#1280 = EDGE_CURVE ( 'NONE', #2323, #2204, #30, .T. ) ;
#1281 = ORIENTED_EDGE ( 'NONE', *, *, #4987, .F. ) ;
#1282 = CARTESIAN_POINT ( 'NONE',  ( 1.499999999999999556, 6.022640687119285019, 1.499999999999999778 ) ) ;
#1283 = DIRECTION ( 'NONE',  ( 0.000000000000000000, 0.000000000000000000, -1.000000000000000000 ) ) ;
#1284 = CARTESIAN_POINT ( 'NONE',  ( 0.6230000000000007754, 0.1999999999999999833, -1.499999999999999778 ) ) ;
#1285 = EDGE_CURVE ( 'NONE', #417, #2540, #1780, .T. ) ;
#1286 = EDGE_CURVE ( 'NONE', #5008, #2242, #5264, .T. ) ;
#1287 = FILL_AREA_STYLE ('',( #1350 ) ) ;
#1288 = ORIENTED_EDGE ( 'NONE', *, *, #2038, .F. ) ;
#1289 = SURFACE_STYLE_FILL_AREA ( #1922 ) ;
#1290 = CARTESIAN_POINT ( 'NONE',  ( -1.089999999999999858, 0.1999999999999999833, 0.6230000000000001092 ) ) ;
#1291 = DIRECTION ( 'NONE',  ( -1.057758217059029890E-15, -0.000000000000000000, -1.000000000000000000 ) ) ;
#1292 = FACE_OUTER_BOUND ( 'NONE', #323, .T. ) ;
#1293 = VECTOR ( 'NONE', #1130, 1000.000000000000000 ) ;
#1294 = AXIS2_PLACEMENT_3D ( 'NONE', #501, #1739, #5047 ) ;
#1295 = DIRECTION ( 'NONE',  ( 0.000000000000000000, -0.000000000000000000, -1.000000000000000000 ) ) ;
#1296 = FILL_AREA_STYLE ('',( #2697 ) ) ;
#1297 = EDGE_LOOP ( 'NONE', ( #4168, #2586, #2561, #4335, #796, #2640, #4258, #3846 ) ) ;
#1298 = EDGE_CURVE ( 'NONE', #2800, #2489, #1846, .T. ) ;
#1299 = COLOUR_RGB ( '',0.7921568627450980005, 0.8196078431372548767, 0.9333333333333333481 ) ;
#1300 = DIRECTION ( 'NONE',  ( -0.000000000000000000, 1.000000000000000000, -0.000000000000000000 ) ) ;
#1301 = DIRECTION ( 'NONE',  ( 1.000000000000000000, 0.000000000000000000, -0.000000000000000000 ) ) ;
#1302 = VECTOR ( 'NONE', #659, 1000.000000000000000 ) ;
#1303 = ORIENTED_EDGE ( 'NONE', *, *, #4691, .F. ) ;
#1304 = EDGE_LOOP ( 'NONE', ( #2808, #4825, #847, #3800 ) ) ;
#1305 = CARTESIAN_POINT ( 'NONE',  ( 0.1150000000000007405, 0.6701063709417264258, 1.090000000000000302 ) ) ;
#1306 = LINE ( 'NONE', #710, #1160 ) ;
#1307 = DIRECTION ( 'NONE',  ( 1.000000000000000000, 0.000000000000000000, 5.288791085295141560E-16 ) ) ;
#1308 =( NAMED_UNIT ( * ) PLANE_ANGLE_UNIT ( ) SI_UNIT ( $, .RADIAN. ) );
#1309 = EDGE_CURVE ( 'NONE', #4609, #5251, #3466, .T. ) ;
#1310 = DIRECTION ( 'NONE',  ( -1.000000000000000000, 0.000000000000000000, -5.288791085295141560E-16 ) ) ;
#1311 = EDGE_LOOP ( 'NONE', ( #927, #3720, #2211, #1623 ) ) ;
#1312 = ORIENTED_EDGE ( 'NONE', *, *, #851, .F. ) ;
#1313 = AXIS2_PLACEMENT_3D ( 'NONE', #2452, #4552, #4481 ) ;
#1314 = EDGE_CURVE ( 'NONE', #192, #5192, #3477, .T. ) ;
#1315 = FILL_AREA_STYLE_COLOUR ( '', #2037 ) ;
#1316 = FACE_OUTER_BOUND ( 'NONE', #4392, .T. ) ;
#1317 =( LENGTH_UNIT ( ) NAMED_UNIT ( * ) SI_UNIT ( .MILLI., .METRE. ) );
#1318 = PLANE ( 'NONE',  #1982 ) ;
#1319 = ADVANCED_FACE ( 'NONE', ( #1791 ), #21, .F. ) ;
#1320 = PLANE ( 'NONE',  #4374 ) ;
#1321 = ORIENTED_EDGE ( 'NONE', *, *, #1043, .T. ) ;
#1322 = CARTESIAN_POINT ( 'NONE',  ( 1.089999999999999858, 0.1999999999999999833, 0.3930000000000003491 ) ) ;
#1323 = DIRECTION ( 'NONE',  ( -0.000000000000000000, -1.000000000000000000, -0.000000000000000000 ) ) ;
#1324 = VECTOR ( 'NONE', #4562, 1000.000000000000000 ) ;
#1325 = PLANE ( 'NONE',  #4787 ) ;
#1326 = CARTESIAN_POINT ( 'NONE',  ( 1.500000000000000000, 0.1999999999999999833, -0.6229999999999994431 ) ) ;
#1327 = ADVANCED_FACE ( 'NONE', ( #3581 ), #2046, .F. ) ;
#1328 = DIRECTION ( 'NONE',  ( 0.000000000000000000, 0.000000000000000000, -1.000000000000000000 ) ) ;
#1329 = CARTESIAN_POINT ( 'NONE',  ( -0.3929999999999992388, 0.000000000000000000, -1.499999999999999778 ) ) ;
#1330 = DIRECTION ( 'NONE',  ( 5.288791085295149449E-16, 0.000000000000000000, -1.000000000000000000 ) ) ;
#1331 = ORIENTED_EDGE ( 'NONE', *, *, #3705, .F. ) ;
#1332 = VERTEX_POINT ( 'NONE', #3223 ) ;
#1333 = LINE ( 'NONE', #3610, #4932 ) ;
#1334 = CARTESIAN_POINT ( 'NONE',  ( -1.089999999999999858, 0.6701063709417264258, 0.1150000000000000883 ) ) ;
#1335 = LINE ( 'NONE', #5034, #3186 ) ;
#1336 = EDGE_CURVE ( 'NONE', #2604, #5200, #3605, .T. ) ;
#1337 = ORIENTED_EDGE ( 'NONE', *, *, #1601, .T. ) ;
#1338 = DIRECTION ( 'NONE',  ( -1.000000000000000000, 0.000000000000000000, 5.288791085295141560E-16 ) ) ;
#1339 = VECTOR ( 'NONE', #4091, 1000.000000000000000 ) ;
#1340 = CARTESIAN_POINT ( 'NONE',  ( 0.1150000000000007405, 0.2000000000000000111, 1.090000000000000302 ) ) ;
#1341 = LINE ( 'NONE', #1112, #3211 ) ;
#1342 = PLANE ( 'NONE',  #1621 ) ;
#1343 = DIRECTION ( 'NONE',  ( 1.000000000000000000, 0.000000000000000000, -2.644395542647572259E-16 ) ) ;
#1344 = SURFACE_SIDE_STYLE ('',( #4106 ) ) ;
#1345 = ORIENTED_EDGE ( 'NONE', *, *, #3635, .F. ) ;
#1346 = AXIS2_PLACEMENT_3D ( 'NONE', #5084, #1120, #1017 ) ;
#1347 = FACE_OUTER_BOUND ( 'NONE', #1814, .T. ) ;
#1348 =( LENGTH_UNIT ( ) NAMED_UNIT ( * ) SI_UNIT ( .MILLI., .METRE. ) );
#1349 = CARTESIAN_POINT ( 'NONE',  ( 1.500000000000000000, 0.1999999999999999833, -0.3929999999999997939 ) ) ;
#1350 = FILL_AREA_STYLE_COLOUR ( '', #1530 ) ;
#1351 = CARTESIAN_POINT ( 'NONE',  ( 0.7249999999999998668, 0.2000000000000000944, -0.7249999999999998668 ) ) ;
#1352 = MECHANICAL_DESIGN_GEOMETRIC_PRESENTATION_REPRESENTATION (  '', ( #1137 ), #1402 ) ;
#1353 = VECTOR ( 'NONE', #4169, 1000.000000000000000 ) ;
#1354 = FACE_OUTER_BOUND ( 'NONE', #2467, .T. ) ;
#1355 = ADVANCED_FACE ( 'NONE', ( #1706 ), #836, .F. ) ;
#1356 = SURFACE_STYLE_USAGE ( .BOTH. , #4246 ) ;
#1357 = CLOSED_SHELL ( 'NONE', ( #4822, #4854, #2619, #1327, #1028, #1661, #1617, #4528, #3290, #126, #1440, #5087, #4271, #1555, #1063, #306, #2206, #1867, #1811, #1955, #4636, #1215, #834, #3203, #76, #2482, #2148, #2940, #3042, #1779, #2025, #656, #1731, #1061, #2758, #2666, #3876, #1164, #2417, #3616, #1515, #3862, #2292, #3424, #4023, #1143, #11, #4588, #5157, #2863, #3790, #1395, #3456, #3048, #5190, #896, #3947, #4366, #2974, #614, #3038, #975, #136, #2163, #1021, #1691, #5001, #1199, #4223, #4880, #354, #1238, #394, #4438, #1319 ) ) ;
#1358 = ORIENTED_EDGE ( 'NONE', *, *, #1170, .T. ) ;
#1359 = PRESENTATION_STYLE_ASSIGNMENT (( #4309 ) ) ;
#1360 = VECTOR ( 'NONE', #3871, 1000.000000000000000 ) ;
#1361 = CARTESIAN_POINT ( 'NONE',  ( -1.500000000000000000, 0.1999999999999999833, 0.6230000000000002203 ) ) ;
#1362 = CARTESIAN_POINT ( 'NONE',  ( 0.000000000000000000, 0.8900000000000000133, 0.000000000000000000 ) ) ;
#1363 = LINE ( 'NONE', #2287, #5004 ) ;
#1364 = ADVANCED_FACE ( 'NONE', ( #2008 ), #3506, .F. ) ;
#1365 = ORIENTED_EDGE ( 'NONE', *, *, #278, .T. ) ;
#1366 = ORIENTED_EDGE ( 'NONE', *, *, #1694, .T. ) ;
#1367 = CARTESIAN_POINT ( 'NONE',  ( -0.3929999999999987947, 0.2000000000000000111, 1.499999999999999778 ) ) ;
#1368 = DIRECTION ( 'NONE',  ( 7.228014483236695816E-17, -0.000000000000000000, 1.000000000000000000 ) ) ;
#1369 = EDGE_CURVE ( 'NONE', #2082, #3508, #179, .T. ) ;
#1370 = LINE ( 'NONE', #3920, #3157 ) ;
#1371 = DIRECTION ( 'NONE',  ( 2.644395542647570780E-16, 0.000000000000000000, -1.000000000000000000 ) ) ;
#1372 = CARTESIAN_POINT ( 'NONE',  ( 1.499999999999999556, 0.000000000000000000, 1.499999999999999778 ) ) ;
#1373 = AXIS2_PLACEMENT_3D ( 'NONE', #4238, #877, #3305 ) ;
#1374 = EDGE_CURVE ( 'NONE', #228, #4502, #200, .T. ) ;
#1375 = DIRECTION ( 'NONE',  ( -0.000000000000000000, 0.000000000000000000, 1.000000000000000000 ) ) ;
#1376 = ORIENTED_EDGE ( 'NONE', *, *, #1259, .F. ) ;
#1377 = FACE_OUTER_BOUND ( 'NONE', #523, .T. ) ;
#1378 = DIRECTION ( 'NONE',  ( 0.000000000000000000, 1.000000000000000000, 0.000000000000000000 ) ) ;
#1379 = DIRECTION ( 'NONE',  ( -0.000000000000000000, -1.000000000000000000, -0.000000000000000000 ) ) ;
#1380 = DIRECTION ( 'NONE',  ( 7.228014483236695816E-17, -0.000000000000000000, 1.000000000000000000 ) ) ;
#1381 = DIRECTION ( 'NONE',  ( 0.000000000000000000, 0.000000000000000000, -1.000000000000000000 ) ) ;
#1382 = EDGE_LOOP ( 'NONE', ( #2508, #3911, #2350, #747 ) ) ;
#1383 = VERTEX_POINT ( 'NONE', #4660 ) ;
#1384 = COLOUR_RGB ( '',0.2509803921568627416, 0.2509803921568627416, 0.2509803921568627416 ) ;
#1385 = PRESENTATION_LAYER_ASSIGNMENT (  '', '', ( #4816 ) ) ;
#1386 = DIRECTION ( 'NONE',  ( -1.000000000000000000, 0.000000000000000000, -2.644395542647570780E-16 ) ) ;
#1387 = LINE ( 'NONE', #4357, #3210 ) ;
#1388 = VECTOR ( 'NONE', #1330, 1000.000000000000000 ) ;
#1389 = DIRECTION ( 'NONE',  ( -1.000000000000000000, -0.000000000000000000, -5.288791085295141560E-16 ) ) ;
#1390 = CARTESIAN_POINT ( 'NONE',  ( 0.3930000000000007931, 0.2000000000000000111, -1.090000000000000302 ) ) ;
#1391 = CARTESIAN_POINT ( 'NONE',  ( 1.499999999999999556, 0.000000000000000000, 1.499999999999999778 ) ) ;
#1392 = VERTEX_POINT ( 'NONE', #3870 ) ;
#1393 = PLANE ( 'NONE',  #4728 ) ;
#1394 = DIRECTION ( 'NONE',  ( -1.000000000000000000, -0.000000000000000000, -5.288791085295141560E-16 ) ) ;
#1395 = ADVANCED_FACE ( 'NONE', ( #1883 ), #1015, .F. ) ;
#1396 = EDGE_CURVE ( 'NONE', #4956, #452, #1993, .T. ) ;
#1397 = ORIENTED_EDGE ( 'NONE', *, *, #2786, .F. ) ;
#1398 = DIRECTION ( 'NONE',  ( 0.000000000000000000, 0.000000000000000000, -1.000000000000000000 ) ) ;
#1399 = DIRECTION ( 'NONE',  ( 1.000000000000000000, 0.000000000000000000, 1.885568995626964336E-15 ) ) ;
#1400 = LINE ( 'NONE', #2987, #1447 ) ;
#1401 = DIRECTION ( 'NONE',  ( 0.000000000000000000, 1.000000000000000000, 0.000000000000000000 ) ) ;
#1402 =( GEOMETRIC_REPRESENTATION_CONTEXT ( 3 ) GLOBAL_UNCERTAINTY_ASSIGNED_CONTEXT ( ( #3019 ) ) GLOBAL_UNIT_ASSIGNED_CONTEXT ( ( #5205, #4484, #1847 ) ) REPRESENTATION_CONTEXT ( 'NONE', 'WORKASPACE' ) );
#1403 = DIRECTION ( 'NONE',  ( -0.000000000000000000, 1.000000000000000000, -0.000000000000000000 ) ) ;
#1404 = CARTESIAN_POINT ( 'NONE',  ( -1.500000000000000000, 0.6701063709417264258, 0.3930000000000005711 ) ) ;
#1405 = ORIENTED_EDGE ( 'NONE', *, *, #3767, .F. ) ;
#1406 = ORIENTED_EDGE ( 'NONE', *, *, #125, .F. ) ;
#1407 = EDGE_CURVE ( 'NONE', #2550, #3912, #3839, .T. ) ;
#1408 = AXIS2_PLACEMENT_3D ( 'NONE', #3204, #4524, #812 ) ;
#1409 = MANIFOLD_SOLID_BREP ( 'Fillet2', #1502 ) ;
#1410 = LINE ( 'NONE', #1786, #4944 ) ;
#1411 = DIRECTION ( 'NONE',  ( 1.000000000000000000, 0.000000000000000000, 2.990902544787599085E-16 ) ) ;
#1412 = PLANE ( 'NONE',  #691 ) ;
#1413 = DIRECTION ( 'NONE',  ( -1.000000000000000000, -0.000000000000000000, -5.288791085295141560E-16 ) ) ;
#1414 = LINE ( 'NONE', #4282, #3195 ) ;
#1415 = CARTESIAN_POINT ( 'NONE',  ( -0.8950000000000004619, 0.1000000000000000056, -1.254999999999999671 ) ) ;
#1416 = CARTESIAN_POINT ( 'NONE',  ( 0.6249999999999997780, 2.250609665440987950, 0.7250000000000003109 ) ) ;
#1417 = CARTESIAN_POINT ( 'NONE',  ( 1.500000000000000000, 0.000000000000000000, 0.6230000000000002203 ) ) ;
#1418 = ORIENTED_EDGE ( 'NONE', *, *, #2865, .F. ) ;
#1419 = VERTEX_POINT ( 'NONE', #3836 ) ;
#1420 = DIRECTION ( 'NONE',  ( -0.000000000000000000, -1.000000000000000000, -0.000000000000000000 ) ) ;
#1421 = AXIS2_PLACEMENT_3D ( 'NONE', #5244, #3654, #4900 ) ;
#1422 = UNCERTAINTY_MEASURE_WITH_UNIT (LENGTH_MEASURE( 1.000000000000000082E-05 ), #3524, 'distance_accuracy_value', 'NONE');
#1423 = LINE ( 'NONE', #561, #3200 ) ;
#1424 = CARTESIAN_POINT ( 'NONE',  ( -0.3929999999999992388, 0.000000000000000000, 1.090000000000000302 ) ) ;
#1425 = VECTOR ( 'NONE', #3792, 1000.000000000000000 ) ;
#1426 = DIRECTION ( 'NONE',  ( -1.885568995626964336E-15, 0.000000000000000000, 1.000000000000000000 ) ) ;
#1427 = EDGE_LOOP ( 'NONE', ( #4931, #2857, #4941, #1018 ) ) ;
#1428 = FACE_OUTER_BOUND ( 'NONE', #4876, .T. ) ;
#1429 = LINE ( 'NONE', #49, #4909 ) ;
#1430 = EDGE_CURVE ( 'NONE', #2367, #2194, #1872, .T. ) ;
#1431 = CARTESIAN_POINT ( 'NONE',  ( 0.1150000000000007405, 0.6701063709417264258, 1.090000000000000302 ) ) ;
#1432 = CIRCLE ( 'NONE', #1313, 0.07999999999999998779 ) ;
#1433 = EDGE_CURVE ( 'NONE', #417, #544, #3653, .T. ) ;
#1434 = DIRECTION ( 'NONE',  ( -0.000000000000000000, 0.000000000000000000, 1.000000000000000000 ) ) ;
#1435 = EDGE_CURVE ( 'NONE', #2217, #1567, #3746, .T. ) ;
#1436 = DIRECTION ( 'NONE',  ( -1.057758217059029890E-15, -0.000000000000000000, -1.000000000000000000 ) ) ;
#1437 = FACE_OUTER_BOUND ( 'NONE', #4689, .T. ) ;
#1438 = DIRECTION ( 'NONE',  ( -2.644395542647570780E-16, 0.000000000000000000, -1.000000000000000000 ) ) ;
#1439 = EDGE_CURVE ( 'NONE', #2252, #1128, #143, .T. ) ;
#1440 = ADVANCED_FACE ( 'NONE', ( #3704 ), #4838, .T. ) ;
#1441 = VECTOR ( 'NONE', #2345, 1000.000000000000000 ) ;
#1442 = CARTESIAN_POINT ( 'NONE',  ( -0.9750000000000005329, 0.000000000000000000, -1.085000000000000187 ) ) ;
#1443 = SURFACE_SIDE_STYLE ('',( #2924 ) ) ;
#1444 = CARTESIAN_POINT ( 'NONE',  ( 0.6230000000000007754, 0.2000000000000000111, 1.090000000000000302 ) ) ;
#1445 = ORIENTED_EDGE ( 'NONE', *, *, #3774, .F. ) ;
#1446 = ORIENTED_EDGE ( 'NONE', *, *, #2190, .F. ) ;
#1447 = VECTOR ( 'NONE', #204, 1000.000000000000000 ) ;
#1448 = EDGE_CURVE ( 'NONE', #601, #1782, #1903, .T. ) ;
#1449 = FACE_OUTER_BOUND ( 'NONE', #3537, .T. ) ;
#1450 =( LENGTH_UNIT ( ) NAMED_UNIT ( * ) SI_UNIT ( .MILLI., .METRE. ) );
#1451 = COLOUR_RGB ( '',0.7921568627450980005, 0.8196078431372548767, 0.9333333333333333481 ) ;
#1452 = CARTESIAN_POINT ( 'NONE',  ( -1.089999999999999858, 0.000000000000000000, 0.1150000000000000883 ) ) ;
#1453 = DIRECTION ( 'NONE',  ( -0.000000000000000000, -1.000000000000000000, -0.000000000000000000 ) ) ;
#1454 = CARTESIAN_POINT ( 'NONE',  ( -1.089999999999999858, 0.1999999999999999833, 0.6230000000000001092 ) ) ;
#1455 = EDGE_CURVE ( 'NONE', #3555, #4574, #249, .T. ) ;
#1456 = STYLED_ITEM ( 'NONE', ( #1644 ), #4780 ) ;
#1457 = DIRECTION ( 'NONE',  ( -0.000000000000000000, -1.000000000000000000, -0.000000000000000000 ) ) ;
#1458 = ORIENTED_EDGE ( 'NONE', *, *, #5197, .F. ) ;
#1459 = VERTEX_POINT ( 'NONE', #2422 ) ;
#1460 = LINE ( 'NONE', #2645, #3230 ) ;
#1461 = CARTESIAN_POINT ( 'NONE',  ( -0.3929999999999992388, 0.2000000000000000111, -1.499999999999999778 ) ) ;
#1462 = VECTOR ( 'NONE', #364, 1000.000000000000000 ) ;
#1463 = FACE_OUTER_BOUND ( 'NONE', #2305, .T. ) ;
#1464 = CARTESIAN_POINT ( 'NONE',  ( 0.6249999999999997780, 0.000000000000000000, -0.7249999999999998668 ) ) ;
#1465 = CARTESIAN_POINT ( 'NONE',  ( -1.500000000000000444, 0.1999999999999996503, -0.3929999999999996829 ) ) ;
#1466 = CARTESIAN_POINT ( 'NONE',  ( -1.089999999999999858, 0.1999999999999999833, -0.3929999999999999050 ) ) ;
#1467 = PLANE ( 'NONE',  #2996 ) ;
#1468 = ORIENTED_EDGE ( 'NONE', *, *, #4833, .F. ) ;
#1469 = LINE ( 'NONE', #5019, #1568 ) ;
#1470 = CARTESIAN_POINT ( 'NONE',  ( -1.255000000000000560, 0.5883646178829911033, -1.085000000000000853 ) ) ;
#1471 = VECTOR ( 'NONE', #176, 1000.000000000000000 ) ;
#1472 = CARTESIAN_POINT ( 'NONE',  ( -1.089999999999999858, 0.000000000000000000, 0.6230000000000001092 ) ) ;
#1473 = VERTEX_POINT ( 'NONE', #5081 ) ;
#1474 = EDGE_LOOP ( 'NONE', ( #2066, #213, #4639, #3569 ) ) ;
#1475 = DIRECTION ( 'NONE',  ( -0.000000000000000000, -0.000000000000000000, 1.000000000000000000 ) ) ;
#1476 = AXIS2_PLACEMENT_3D ( 'NONE', #3343, #1229, #4 ) ;
#1477 = LINE ( 'NONE', #1912, #1484 ) ;
#1478 = PLANE ( 'NONE',  #3584 ) ;
#1479 = LINE ( 'NONE', #5086, #3254 ) ;
#1480 = VECTOR ( 'NONE', #2925, 1000.000000000000000 ) ;
#1481 = PLANE ( 'NONE',  #2656 ) ;
#1482 = CARTESIAN_POINT ( 'NONE',  ( -0.3929999999999992388, 0.000000000000000000, -1.500000000000000222 ) ) ;
#1483 = CARTESIAN_POINT ( 'NONE',  ( 0.1150000000000005185, 0.6701063709417264258, -1.090000000000000302 ) ) ;
#1484 = VECTOR ( 'NONE', #4790, 1000.000000000000000 ) ;
#1485 = DIRECTION ( 'NONE',  ( 0.000000000000000000, 0.000000000000000000, -1.000000000000000000 ) ) ;
#1486 = DIRECTION ( 'NONE',  ( -0.000000000000000000, -0.000000000000000000, -1.000000000000000000 ) ) ;
#1487 = CARTESIAN_POINT ( 'NONE',  ( 1.500000000000000000, 0.000000000000000000, 0.6230000000000002203 ) ) ;
#1488 = VECTOR ( 'NONE', #4610, 1000.000000000000000 ) ;
#1489 = CARTESIAN_POINT ( 'NONE',  ( -0.6250000000000000000, 0.2000000000000000944, 0.7249999999999998668 ) ) ;
#1490 = DIRECTION ( 'NONE',  ( -0.000000000000000000, -1.000000000000000000, -0.000000000000000000 ) ) ;
#1491 = DIRECTION ( 'NONE',  ( -1.000000000000000000, 0.000000000000000000, 0.000000000000000000 ) ) ;
#1492 = EDGE_LOOP ( 'NONE', ( #2753, #4921, #2340, #5104 ) ) ;
#1493 = ORIENTED_EDGE ( 'NONE', *, *, #2754, .F. ) ;
#1494 = DIRECTION ( 'NONE',  ( 0.000000000000000000, -1.000000000000000000, 0.000000000000000000 ) ) ;
#1495 = LINE ( 'NONE', #1836, #5119 ) ;
#1496 = VECTOR ( 'NONE', #5051, 1000.000000000000000 ) ;
#1497 = CARTESIAN_POINT ( 'NONE',  ( -1.200000000000000178, 0.8900000000000000133, -1.200000000000000178 ) ) ;
#1498 = PLANE ( 'NONE',  #4391 ) ;
#1499 = AXIS2_PLACEMENT_3D ( 'NONE', #458, #3361, #862 ) ;
#1500 = EDGE_CURVE ( 'NONE', #3285, #1594, #3714, .T. ) ;
#1501 = CARTESIAN_POINT ( 'NONE',  ( -1.255000000000000560, 0.1000000000000000472, -1.254999999999999671 ) ) ;
#1502 = CLOSED_SHELL ( 'NONE', ( #5227, #5053, #3737, #2090, #2054, #338, #3414, #2950, #4237, #3281 ) ) ;
#1503 = ORIENTED_EDGE ( 'NONE', *, *, #2458, .F. ) ;
#1504 = VECTOR ( 'NONE', #4891, 1000.000000000000000 ) ;
#1505 = LINE ( 'NONE', #985, #3317 ) ;
#1506 = VECTOR ( 'NONE', #917, 1000.000000000000000 ) ;
#1507 = CARTESIAN_POINT ( 'NONE',  ( -0.9750000000000005329, 0.1000000000000000056, -1.255000000000000338 ) ) ;
#1508 = CARTESIAN_POINT ( 'NONE',  ( -0.9750000000000005329, 0.1000000000000000056, -1.255000000000000338 ) ) ;
#1509 = FACE_OUTER_BOUND ( 'NONE', #1080, .T. ) ;
#1510 = FACE_OUTER_BOUND ( 'NONE', #273, .T. ) ;
#1511 = VECTOR ( 'NONE', #1082, 1000.000000000000000 ) ;
#1512 = DIRECTION ( 'NONE',  ( 0.000000000000000000, 0.000000000000000000, -1.000000000000000000 ) ) ;
#1513 = DIRECTION ( 'NONE',  ( -1.057758217059029890E-15, -0.000000000000000000, -1.000000000000000000 ) ) ;
#1514 = FILL_AREA_STYLE_COLOUR ( '', #4674 ) ;
#1515 = ADVANCED_FACE ( 'NONE', ( #1946 ), #1412, .T. ) ;
#1516 = DIRECTION ( 'NONE',  ( -2.644395542647570780E-16, 0.000000000000000000, -1.000000000000000000 ) ) ;
#1517 = ORIENTED_EDGE ( 'NONE', *, *, #4858, .T. ) ;
#1518 = EDGE_CURVE ( 'NONE', #3457, #101, #3753, .T. ) ;
#1519 =( GEOMETRIC_REPRESENTATION_CONTEXT ( 3 ) GLOBAL_UNCERTAINTY_ASSIGNED_CONTEXT ( ( #3733 ) ) GLOBAL_UNIT_ASSIGNED_CONTEXT ( ( #472, #330, #1652 ) ) REPRESENTATION_CONTEXT ( 'NONE', 'WORKASPACE' ) );
#1520 = VECTOR ( 'NONE', #3224, 1000.000000000000000 ) ;
#1521 = SURFACE_SIDE_STYLE ('',( #4001 ) ) ;
#1522 = VECTOR ( 'NONE', #271, 1000.000000000000000 ) ;
#1523 = PLANE ( 'NONE',  #1669 ) ;
#1524 = CARTESIAN_POINT ( 'NONE',  ( 1.500000000000000000, 0.6701063709417264258, -0.6229999999999994431 ) ) ;
#1525 = CARTESIAN_POINT ( 'NONE',  ( 0.1150000000000011707, 0.1999999999999996503, 1.499999999999999778 ) ) ;
#1526 = ORIENTED_EDGE ( 'NONE', *, *, #1259, .T. ) ;
#1527 = PLANE ( 'NONE',  #5298 ) ;
#1528 = LINE ( 'NONE', #3482, #3252 ) ;
#1529 = DIRECTION ( 'NONE',  ( -1.000000000000000000, 0.000000000000000000, -2.644395542647570780E-16 ) ) ;
#1530 = COLOUR_RGB ( '',0.7921568627450980005, 0.8196078431372548767, 0.9333333333333333481 ) ;
#1531 = DIRECTION ( 'NONE',  ( 0.000000000000000000, 0.000000000000000000, -1.000000000000000000 ) ) ;
#1532 = EDGE_CURVE ( 'NONE', #2747, #2795, #239, .T. ) ;
#1533 = PLANE ( 'NONE',  #1097 ) ;
#1534 = ORIENTED_EDGE ( 'NONE', *, *, #4960, .F. ) ;
#1535 = EDGE_CURVE ( 'NONE', #2208, #4277, #259, .T. ) ;
#1536 = LINE ( 'NONE', #2237, #3333 ) ;
#1537 = LINE ( 'NONE', #1367, #3389 ) ;
#1538 = LINE ( 'NONE', #3097, #3318 ) ;
#1539 = CARTESIAN_POINT ( 'NONE',  ( 0.1150000000000005185, 0.000000000000000000, -1.090000000000000302 ) ) ;
#1540 = AXIS2_PLACEMENT_3D ( 'NONE', #2828, #1596, #2030 ) ;
#1541 = ORIENTED_EDGE ( 'NONE', *, *, #5112, .F. ) ;
#1542 = ORIENTED_EDGE ( 'NONE', *, *, #2445, .F. ) ;
#1543 = DIRECTION ( 'NONE',  ( -1.000000000000000000, 0.000000000000000000, -1.885568995626964336E-15 ) ) ;
#1544 = LINE ( 'NONE', #839, #3278 ) ;
#1545 = EDGE_CURVE ( 'NONE', #3893, #3286, #573, .T. ) ;
#1546 = FACE_OUTER_BOUND ( 'NONE', #2961, .T. ) ;
#1547 = LINE ( 'NONE', #2189, #3436 ) ;
#1548 = DIRECTION ( 'NONE',  ( -2.644395542647571766E-16, 0.000000000000000000, -1.000000000000000000 ) ) ;
#1549 = CARTESIAN_POINT ( 'NONE',  ( -1.089999999999999858, 0.6701063709417264258, 0.1150000000000000883 ) ) ;
#1550 = EDGE_LOOP ( 'NONE', ( #2395, #71, #3623, #5169 ) ) ;
#1551 = DIRECTION ( 'NONE',  ( -0.000000000000000000, 1.000000000000000000, 0.000000000000000000 ) ) ;
#1552 = FACE_OUTER_BOUND ( 'NONE', #369, .T. ) ;
#1553 = CARTESIAN_POINT ( 'NONE',  ( 1.499999999999999556, 0.8900000000000001243, 1.499999999999999778 ) ) ;
#1554 = DIRECTION ( 'NONE',  ( -0.000000000000000000, -1.000000000000000000, -0.000000000000000000 ) ) ;
#1555 = ADVANCED_FACE ( 'NONE', ( #3852 ), #3573, .T. ) ;
#1556 = ORIENTED_EDGE ( 'NONE', *, *, #965, .T. ) ;
#1557 = ORIENTED_EDGE ( 'NONE', *, *, #1826, .F. ) ;
#1558 = EDGE_CURVE ( 'NONE', #14, #4239, #4024, .T. ) ;
#1559 = DIRECTION ( 'NONE',  ( 1.000000000000000000, 0.000000000000000000, -5.288791085295141560E-16 ) ) ;
#1560 = MANIFOLD_SOLID_BREP ( 'Boss-Extrude3[1]', #2158 ) ;
#1561 = CIRCLE ( 'NONE', #1757, 0.1000000000000000472 ) ;
#1562 = AXIS2_PLACEMENT_3D ( 'NONE', #3041, #4695, #4236 ) ;
#1563 = EDGE_CURVE ( 'NONE', #1128, #4323, #4108, .T. ) ;
#1564 = LINE ( 'NONE', #2014, #3429 ) ;
#1565 = DIRECTION ( 'NONE',  ( -0.000000000000000000, -0.000000000000000000, 1.000000000000000000 ) ) ;
#1566 = DIRECTION ( 'NONE',  ( 1.000000000000000000, 0.000000000000000000, 5.288791085295141560E-16 ) ) ;
#1567 = VERTEX_POINT ( 'NONE', #1118 ) ;
#1568 = VECTOR ( 'NONE', #3012, 1000.000000000000000 ) ;
#1569 = EDGE_CURVE ( 'NONE', #2678, #1782, #320, .T. ) ;
#1570 = ADVANCED_FACE ( 'NONE', ( #2299 ), #4490, .F. ) ;
#1571 = SURFACE_STYLE_FILL_AREA ( #1287 ) ;
#1572 = DIRECTION ( 'NONE',  ( -0.000000000000000000, -1.000000000000000000, -0.000000000000000000 ) ) ;
#1573 = EDGE_CURVE ( 'NONE', #2194, #914, #4060, .T. ) ;
#1574 = DIRECTION ( 'NONE',  ( 5.288791085295141560E-16, -0.000000000000000000, 1.000000000000000000 ) ) ;
#1575 = ORIENTED_EDGE ( 'NONE', *, *, #3479, .T. ) ;
#1576 = CARTESIAN_POINT ( 'NONE',  ( -0.7250000000000000888, 0.000000000000000000, -0.7250000000000000888 ) ) ;
#1577 = CARTESIAN_POINT ( 'NONE',  ( -1.175000000000000488, 0.000000000000000000, -1.085000000000000187 ) ) ;
#1578 = LINE ( 'NONE', #3854, #5039 ) ;
#1579 = CARTESIAN_POINT ( 'NONE',  ( 1.499999999999999556, 0.1999999999999996503, -0.6229999999999996652 ) ) ;
#1580 = LINE ( 'NONE', #3130, #3347 ) ;
#1581 = CARTESIAN_POINT ( 'NONE',  ( 0.000000000000000000, 0.2000000000000000111, 0.000000000000000000 ) ) ;
#1582 = CARTESIAN_POINT ( 'NONE',  ( 0.1150000000000007405, 0.2000000000000000111, 1.090000000000000302 ) ) ;
#1583 = EDGE_CURVE ( 'NONE', #2035, #2978, #2332, .T. ) ;
#1584 = DIRECTION ( 'NONE',  ( 1.000000000000000000, -0.000000000000000000, -0.000000000000000000 ) ) ;
#1585 = DIRECTION ( 'NONE',  ( -0.000000000000000000, -1.000000000000000000, -0.000000000000000000 ) ) ;
#1586 = ORIENTED_EDGE ( 'NONE', *, *, #5089, .T. ) ;
#1587 = FACE_OUTER_BOUND ( 'NONE', #3963, .T. ) ;
#1588 = DIRECTION ( 'NONE',  ( 0.000000000000000000, -1.000000000000000000, 0.000000000000000000 ) ) ;
#1589 = DIRECTION ( 'NONE',  ( 0.000000000000000000, 0.000000000000000000, 1.000000000000000000 ) ) ;
#1590 = CARTESIAN_POINT ( 'NONE',  ( 1.089999999999999858, 0.6701063709417264258, -0.6229999999999996652 ) ) ;
#1591 = CIRCLE ( 'NONE', #3298, 0.07999999999999998779 ) ;
#1592 = DIRECTION ( 'NONE',  ( -0.000000000000000000, -1.000000000000000000, -0.000000000000000000 ) ) ;
#1593 = CARTESIAN_POINT ( 'NONE',  ( -0.1149999999999992140, 0.6701063709417264258, -1.090000000000000302 ) ) ;
#1594 = VERTEX_POINT ( 'NONE', #2882 ) ;
#1595 = ORIENTED_EDGE ( 'NONE', *, *, #1167, .T. ) ;
#1596 = DIRECTION ( 'NONE',  ( -1.000000000000000000, 0.000000000000000000, 0.000000000000000000 ) ) ;
#1597 = MECHANICAL_DESIGN_GEOMETRIC_PRESENTATION_REPRESENTATION (  '', ( #4995 ), #211 ) ;
#1598 = DIRECTION ( 'NONE',  ( 0.000000000000000000, 0.000000000000000000, -1.000000000000000000 ) ) ;
#1599 = CARTESIAN_POINT ( 'NONE',  ( 0.7249999999999998668, 0.000000000000000000, 0.7250000000000003109 ) ) ;
#1600 = PRESENTATION_STYLE_ASSIGNMENT (( #2164 ) ) ;
#1601 = EDGE_CURVE ( 'NONE', #2141, #2002, #2272, .T. ) ;
#1602 = AXIS2_PLACEMENT_3D ( 'NONE', #2234, #5179, #2684 ) ;
#1603 = ADVANCED_FACE ( 'NONE', ( #2089 ), #4033, .T. ) ;
#1604 = DIRECTION ( 'NONE',  ( 0.000000000000000000, -0.000000000000000000, -1.000000000000000000 ) ) ;
#1605 = ORIENTED_EDGE ( 'NONE', *, *, #799, .T. ) ;
#1606 = ORIENTED_EDGE ( 'NONE', *, *, #216, .T. ) ;
#1607 = VECTOR ( 'NONE', #2743, 1000.000000000000000 ) ;
#1608 =( GEOMETRIC_REPRESENTATION_CONTEXT ( 3 ) GLOBAL_UNCERTAINTY_ASSIGNED_CONTEXT ( ( #4559 ) ) GLOBAL_UNIT_ASSIGNED_CONTEXT ( ( #2654, #1029, #3415 ) ) REPRESENTATION_CONTEXT ( 'NONE', 'WORKASPACE' ) );
#1609 = VECTOR ( 'NONE', #541, 1000.000000000000000 ) ;
#1610 = PLANE ( 'NONE',  #2876 ) ;
#1611 = DIRECTION ( 'NONE',  ( -1.000000000000000000, 0.000000000000000000, 0.000000000000000000 ) ) ;
#1612 =( GEOMETRIC_REPRESENTATION_CONTEXT ( 3 ) GLOBAL_UNCERTAINTY_ASSIGNED_CONTEXT ( ( #4493 ) ) GLOBAL_UNIT_ASSIGNED_CONTEXT ( ( #4687, #1308, #4262 ) ) REPRESENTATION_CONTEXT ( 'NONE', 'WORKASPACE' ) );
#1613 = ORIENTED_EDGE ( 'NONE', *, *, #125, .T. ) ;
#1614 = ORIENTED_EDGE ( 'NONE', *, *, #3599, .F. ) ;
#1615 = SURFACE_STYLE_USAGE ( .BOTH. , #1650 ) ;
#1616 = FACE_OUTER_BOUND ( 'NONE', #3850, .T. ) ;
#1617 = ADVANCED_FACE ( 'NONE', ( #351, #4085 ), #4708, .T. ) ;
#1618 = LINE ( 'NONE', #613, #1522 ) ;
#1619 = CARTESIAN_POINT ( 'NONE',  ( -1.500000000000000000, 0.000000000000000000, 0.3930000000000005711 ) ) ;
#1620 = CARTESIAN_POINT ( 'NONE',  ( 1.500000000000000000, 0.6701063709417264258, 0.1150000000000001993 ) ) ;
#1621 = AXIS2_PLACEMENT_3D ( 'NONE', #113, #974, #1737 ) ;
#1622 = EDGE_CURVE ( 'NONE', #3914, #3715, #495, .T. ) ;
#1623 = ORIENTED_EDGE ( 'NONE', *, *, #820, .T. ) ;
#1624 = ORIENTED_EDGE ( 'NONE', *, *, #3504, .T. ) ;
#1625 = VECTOR ( 'NONE', #3384, 1000.000000000000000 ) ;
#1626 = VERTEX_POINT ( 'NONE', #603 ) ;
#1627 = CARTESIAN_POINT ( 'NONE',  ( 0.1150000000000007405, 0.6701063709417264258, -1.499999999999999778 ) ) ;
#1628 = FACE_OUTER_BOUND ( 'NONE', #423, .T. ) ;
#1629 = CARTESIAN_POINT ( 'NONE',  ( -0.1149999999999992140, 0.000000000000000000, -1.500000000000000222 ) ) ;
#1630 = EDGE_CURVE ( 'NONE', #2660, #406, #3898, .T. ) ;
#1631 = ORIENTED_EDGE ( 'NONE', *, *, #4938, .T. ) ;
#1632 = ORIENTED_EDGE ( 'NONE', *, *, #19, .T. ) ;
#1633 = AXIS2_PLACEMENT_3D ( 'NONE', #2398, #4577, #902 ) ;
#1634 = EDGE_CURVE ( 'NONE', #2432, #4143, #2307, .T. ) ;
#1635 = DIRECTION ( 'NONE',  ( 0.000000000000000000, -1.000000000000000000, 0.000000000000000000 ) ) ;
#1636 = CARTESIAN_POINT ( 'NONE',  ( -1.089999999999999858, 0.000000000000000000, -0.3929999999999999050 ) ) ;
#1637 = FACE_OUTER_BOUND ( 'NONE', #2196, .T. ) ;
#1638 = VECTOR ( 'NONE', #2300, 1000.000000000000000 ) ;
#1639 = EDGE_CURVE ( 'NONE', #3565, #3256, #2282, .T. ) ;
#1640 = ORIENTED_EDGE ( 'NONE', *, *, #4649, .T. ) ;
#1641 = DIRECTION ( 'NONE',  ( 1.000000000000000000, 0.000000000000000000, 2.644395542647570780E-16 ) ) ;
#1642 = CARTESIAN_POINT ( 'NONE',  ( 0.3930000000000010152, 0.1999999999999999833, 1.090000000000000302 ) ) ;
#1643 =( GEOMETRIC_REPRESENTATION_CONTEXT ( 3 ) GLOBAL_UNCERTAINTY_ASSIGNED_CONTEXT ( ( #945 ) ) GLOBAL_UNIT_ASSIGNED_CONTEXT ( ( #4874, #3697, #411 ) ) REPRESENTATION_CONTEXT ( 'NONE', 'WORKASPACE' ) );
#1644 = PRESENTATION_STYLE_ASSIGNMENT (( #1925 ) ) ;
#1645 = CIRCLE ( 'NONE', #2718, 0.1000000000000000472 ) ;
#1646 = CARTESIAN_POINT ( 'NONE',  ( 0.6230000000000007754, 0.2000000000000000111, -1.499999999999999778 ) ) ;
#1647 = CARTESIAN_POINT ( 'NONE',  ( 1.089999999999999858, 0.000000000000000000, -0.6229999999999996652 ) ) ;
#1648 = EDGE_LOOP ( 'NONE', ( #3725, #318, #2456, #3707 ) ) ;
#1649 = ORIENTED_EDGE ( 'NONE', *, *, #3740, .T. ) ;
#1650 = SURFACE_SIDE_STYLE ('',( #42 ) ) ;
#1651 = CARTESIAN_POINT ( 'NONE',  ( 0.3930000000000007931, 0.000000000000000000, -1.090000000000000302 ) ) ;
#1652 =( NAMED_UNIT ( * ) SI_UNIT ( $, .STERADIAN. ) SOLID_ANGLE_UNIT ( ) );
#1653 = PLANE ( 'NONE',  #5031 ) ;
#1654 = VECTOR ( 'NONE', #1045, 1000.000000000000000 ) ;
#1655 = ORIENTED_EDGE ( 'NONE', *, *, #3479, .F. ) ;
#1656 = CARTESIAN_POINT ( 'NONE',  ( 1.089999999999999858, 0.1999999999999999833, 0.3930000000000003491 ) ) ;
#1657 = CARTESIAN_POINT ( 'NONE',  ( -0.3929999999999994609, 0.000000000000000000, -1.090000000000000302 ) ) ;
#1658 = ORIENTED_EDGE ( 'NONE', *, *, #1407, .F. ) ;
#1659 = FACE_OUTER_BOUND ( 'NONE', #3878, .T. ) ;
#1660 = DIRECTION ( 'NONE',  ( 0.000000000000000000, 0.000000000000000000, 1.000000000000000000 ) ) ;
#1661 = ADVANCED_FACE ( 'NONE', ( #332 ), #2703, .F. ) ;
#1662 = LINE ( 'NONE', #4197, #5161 ) ;
#1663 = DIRECTION ( 'NONE',  ( -1.000000000000000000, 0.000000000000000000, 0.000000000000000000 ) ) ;
#1664 = ORIENTED_EDGE ( 'NONE', *, *, #4697, .F. ) ;
#1665 = ORIENTED_EDGE ( 'NONE', *, *, #2658, .T. ) ;
#1666 = ORIENTED_EDGE ( 'NONE', *, *, #602, .T. ) ;
#1667 = CARTESIAN_POINT ( 'NONE',  ( 1.089999999999999858, 0.000000000000000000, 0.6230000000000001092 ) ) ;
#1668 = CARTESIAN_POINT ( 'NONE',  ( -1.089999999999999858, 0.6701063709417264258, 0.6230000000000001092 ) ) ;
#1669 = AXIS2_PLACEMENT_3D ( 'NONE', #1855, #4781, #657 ) ;
#1670 = LINE ( 'NONE', #227, #182 ) ;
#1671 = ORIENTED_EDGE ( 'NONE', *, *, #2190, .T. ) ;
#1672 = CARTESIAN_POINT ( 'NONE',  ( 0.7249999999999998668, 0.000000000000000000, -0.6249999999999997780 ) ) ;
#1673 = VERTEX_POINT ( 'NONE', #2137 ) ;
#1674 = AXIS2_PLACEMENT_3D ( 'NONE', #3057, #4643, #1301 ) ;
#1675 = DIRECTION ( 'NONE',  ( 0.000000000000000000, -1.000000000000000000, 0.000000000000000000 ) ) ;
#1676 = ORIENTED_EDGE ( 'NONE', *, *, #3827, .T. ) ;
#1677 = SURFACE_STYLE_USAGE ( .BOTH. , #907 ) ;
#1678 = UNCERTAINTY_MEASURE_WITH_UNIT (LENGTH_MEASURE( 1.000000000000000082E-05 ), #3542, 'distance_accuracy_value', 'NONE');
#1679 = SURFACE_STYLE_USAGE ( .BOTH. , #4118 ) ;
#1680 = CARTESIAN_POINT ( 'NONE',  ( -0.6250000000000000000, 0.2000000000000000944, 0.6249999999999997780 ) ) ;
#1681 = DIRECTION ( 'NONE',  ( 0.000000000000000000, -1.000000000000000000, 0.000000000000000000 ) ) ;
#1682 = LINE ( 'NONE', #1762, #5237 ) ;
#1683 = EDGE_CURVE ( 'NONE', #2359, #4254, #2362, .T. ) ;
#1684 = LINE ( 'NONE', #1576, #1700 ) ;
#1685 = DIRECTION ( 'NONE',  ( -0.000000000000000000, -1.000000000000000000, -0.000000000000000000 ) ) ;
#1686 = ORIENTED_EDGE ( 'NONE', *, *, #3525, .F. ) ;
#1687 = CARTESIAN_POINT ( 'NONE',  ( -1.255000000000000560, 0.1000000000000000472, -1.085000000000000853 ) ) ;
#1688 = CARTESIAN_POINT ( 'NONE',  ( -0.3929999999999992388, 0.000000000000000000, 1.090000000000000302 ) ) ;
#1689 = EDGE_LOOP ( 'NONE', ( #2368, #5160, #1697, #699, #5258, #1959, #1686, #4059, #4026, #1998, #2011, #1958, #413, #431, #3941, #3321 ) ) ;
#1690 = EDGE_CURVE ( 'NONE', #3633, #3943, #2099, .T. ) ;
#1691 = ADVANCED_FACE ( 'NONE', ( #526 ), #2972, .F. ) ;
#1692 = LINE ( 'NONE', #2979, #5250 ) ;
#1693 = CARTESIAN_POINT ( 'NONE',  ( -1.200000000000000178, 0.7900000000000000355, -1.074999999999999956 ) ) ;
#1694 = EDGE_CURVE ( 'NONE', #36, #3791, #766, .T. ) ;
#1695 = ORIENTED_EDGE ( 'NONE', *, *, #5201, .F. ) ;
#1696 =( LENGTH_UNIT ( ) NAMED_UNIT ( * ) SI_UNIT ( .MILLI., .METRE. ) );
#1697 = ORIENTED_EDGE ( 'NONE', *, *, #2652, .F. ) ;
#1698 = CARTESIAN_POINT ( 'NONE',  ( 1.089999999999999858, 0.000000000000000000, 0.6230000000000001092 ) ) ;
#1699 = VECTOR ( 'NONE', #1381, 1000.000000000000000 ) ;
#1700 = VECTOR ( 'NONE', #2907, 1000.000000000000000 ) ;
#1701 = ORIENTED_EDGE ( 'NONE', *, *, #965, .F. ) ;
#1702 = EDGE_CURVE ( 'NONE', #2680, #4761, #595, .T. ) ;
#1703 = AXIS2_PLACEMENT_3D ( 'NONE', #1577, #2261, #2447 ) ;
#1704 = DIRECTION ( 'NONE',  ( -1.000000000000000000, 0.000000000000000000, 1.057758217059029890E-15 ) ) ;
#1705 = DIRECTION ( 'NONE',  ( 0.000000000000000000, 0.000000000000000000, -1.000000000000000000 ) ) ;
#1706 = FACE_OUTER_BOUND ( 'NONE', #3935, .T. ) ;
#1707 = DIRECTION ( 'NONE',  ( 0.000000000000000000, -1.000000000000000000, 0.000000000000000000 ) ) ;
#1708 = VERTEX_POINT ( 'NONE', #2891 ) ;
#1709 = VERTEX_POINT ( 'NONE', #855 ) ;
#1710 = CARTESIAN_POINT ( 'NONE',  ( 1.089999999999999858, 0.6701063709417264258, -0.6229999999999996652 ) ) ;
#1711 = CARTESIAN_POINT ( 'NONE',  ( -0.3929999999999992388, 0.2000000000000000111, -1.499999999999999778 ) ) ;
#1712 = PRESENTATION_STYLE_ASSIGNMENT (( #1615 ) ) ;
#1713 = CARTESIAN_POINT ( 'NONE',  ( 1.499999999999999556, 0.000000000000000000, -1.500000000000000222 ) ) ;
#1714 = VERTEX_POINT ( 'NONE', #4968 ) ;
#1715 = DIRECTION ( 'NONE',  ( -1.000000000000000000, 0.000000000000000000, 0.000000000000000000 ) ) ;
#1716 = DIRECTION ( 'NONE',  ( 0.000000000000000000, 0.000000000000000000, 1.000000000000000000 ) ) ;
#1717 = ORIENTED_EDGE ( 'NONE', *, *, #4084, .T. ) ;
#1718 = COLOUR_RGB ( '',0.7921568627450980005, 0.8196078431372548767, 0.9333333333333333481 ) ;
#1719 = AXIS2_PLACEMENT_3D ( 'NONE', #1197, #2455, #477 ) ;
#1720 = DIRECTION ( 'NONE',  ( 0.000000000000000000, 0.000000000000000000, -1.000000000000000000 ) ) ;
#1721 = CARTESIAN_POINT ( 'NONE',  ( -1.174999999999999822, 0.1000000000000000472, -1.335000000000000187 ) ) ;
#1722 = FACE_OUTER_BOUND ( 'NONE', #2460, .T. ) ;
#1723 = DIRECTION ( 'NONE',  ( -1.000000000000000000, 0.000000000000000000, 1.057758217059029890E-15 ) ) ;
#1724 = CARTESIAN_POINT ( 'NONE',  ( -0.9750000000000010880, 0.000000000000000000, -1.005000000000000338 ) ) ;
#1725 = VERTEX_POINT ( 'NONE', #5037 ) ;
#1726 = EDGE_CURVE ( 'NONE', #358, #875, #590, .T. ) ;
#1727 = ORIENTED_EDGE ( 'NONE', *, *, #45, .F. ) ;
#1728 = DIRECTION ( 'NONE',  ( 0.000000000000000000, -0.000000000000000000, 1.000000000000000000 ) ) ;
#1729 = CARTESIAN_POINT ( 'NONE',  ( -0.8950000000000004619, 0.1000000000000000056, -1.254999999999999671 ) ) ;
#1730 = FACE_OUTER_BOUND ( 'NONE', #984, .T. ) ;
#1731 = ADVANCED_FACE ( 'NONE', ( #2430 ), #145, .T. ) ;
#1732 = VECTOR ( 'NONE', #3760, 1000.000000000000000 ) ;
#1733 = ORIENTED_EDGE ( 'NONE', *, *, #2162, .F. ) ;
#1734 =( NAMED_UNIT ( * ) PLANE_ANGLE_UNIT ( ) SI_UNIT ( $, .RADIAN. ) );
#1735 = AXIS2_PLACEMENT_3D ( 'NONE', #3202, #3606, #2463 ) ;
#1736 = VERTEX_POINT ( 'NONE', #3665 ) ;
#1737 = DIRECTION ( 'NONE',  ( -1.000000000000000000, 0.000000000000000000, -0.000000000000000000 ) ) ;
#1738 = LINE ( 'NONE', #155, #1758 ) ;
#1739 = DIRECTION ( 'NONE',  ( 0.000000000000000000, -1.000000000000000000, 0.000000000000000000 ) ) ;
#1740 = EDGE_LOOP ( 'NONE', ( #2133, #4046, #870, #4090 ) ) ;
#1741 = EDGE_LOOP ( 'NONE', ( #5294, #5176, #4162, #3445 ) ) ;
#1742 = EDGE_CURVE ( 'NONE', #2564, #5156, #4229, .T. ) ;
#1743 = DIRECTION ( 'NONE',  ( 0.000000000000000000, 0.000000000000000000, -1.000000000000000000 ) ) ;
#1744 = CARTESIAN_POINT ( 'NONE',  ( -0.6229999999999992211, 0.000000000000000000, -1.090000000000000302 ) ) ;
#1745 = CARTESIAN_POINT ( 'NONE',  ( -1.200000000000000178, 0.8900000000000000133, -1.325000000000000178 ) ) ;
#1746 = LINE ( 'NONE', #509, #3535 ) ;
#1747 = CARTESIAN_POINT ( 'NONE',  ( 0.6249999999999997780, 0.2000000000000000944, -0.6249999999999997780 ) ) ;
#1748 = VERTEX_POINT ( 'NONE', #2060 ) ;
#1749 = EDGE_CURVE ( 'NONE', #3386, #629, #759, .T. ) ;
#1750 = LINE ( 'NONE', #4714, #3527 ) ;
#1751 = DIRECTION ( 'NONE',  ( -1.000000000000000000, 0.000000000000000000, -1.885568995626964336E-15 ) ) ;
#1752 = ORIENTED_EDGE ( 'NONE', *, *, #4093, .T. ) ;
#1753 = CARTESIAN_POINT ( 'NONE',  ( -0.3929999999999992388, 0.000000000000000000, -1.499999999999999778 ) ) ;
#1754 = CARTESIAN_POINT ( 'NONE',  ( -0.6229999999999992211, 0.1999999999999999833, -1.090000000000000302 ) ) ;
#1755 = DIRECTION ( 'NONE',  ( 0.000000000000000000, -1.000000000000000000, 0.000000000000000000 ) ) ;
#1756 = EDGE_CURVE ( 'NONE', #430, #5122, #616, .T. ) ;
#1757 = AXIS2_PLACEMENT_3D ( 'NONE', #752, #1157, #1953 ) ;
#1758 = VECTOR ( 'NONE', #1588, 1000.000000000000000 ) ;
#1759 = ORIENTED_EDGE ( 'NONE', *, *, #133, .T. ) ;
#1760 = DIRECTION ( 'NONE',  ( 0.000000000000000000, 0.000000000000000000, 1.000000000000000000 ) ) ;
#1761 = ORIENTED_EDGE ( 'NONE', *, *, #172, .F. ) ;
#1762 = CARTESIAN_POINT ( 'NONE',  ( -1.089999999999999858, 0.000000000000000000, -0.6229999999999996652 ) ) ;
#1763 = ORIENTED_EDGE ( 'NONE', *, *, #256, .F. ) ;
#1764 = CARTESIAN_POINT ( 'NONE',  ( -1.174999999999999822, 0.000000000000000000, -1.335000000000000187 ) ) ;
#1765 = PLANE ( 'NONE',  #5254 ) ;
#1766 = ADVANCED_FACE ( 'NONE', ( #2473 ), #4141, .T. ) ;
#1767 = LINE ( 'NONE', #1349, #29 ) ;
#1768 = DIRECTION ( 'NONE',  ( 0.000000000000000000, 0.000000000000000000, -1.000000000000000000 ) ) ;
#1769 = ORIENTED_EDGE ( 'NONE', *, *, #494, .F. ) ;
#1770 = CARTESIAN_POINT ( 'NONE',  ( -0.3929999999999992388, 0.000000000000000000, 1.090000000000000302 ) ) ;
#1771 = ORIENTED_EDGE ( 'NONE', *, *, #38, .F. ) ;
#1772 = CARTESIAN_POINT ( 'NONE',  ( 1.500000000000000000, 0.1999999999999999833, 0.6230000000000002203 ) ) ;
#1773 = EDGE_CURVE ( 'NONE', #3444, #601, #709, .T. ) ;
#1774 = DIRECTION ( 'NONE',  ( 7.228014483236695816E-17, -0.000000000000000000, 1.000000000000000000 ) ) ;
#1775 = DIRECTION ( 'NONE',  ( -0.000000000000000000, -1.000000000000000000, -0.000000000000000000 ) ) ;
#1776 = CYLINDRICAL_SURFACE ( 'NONE', #516, 0.1250000000000001110 ) ;
#1777 = CARTESIAN_POINT ( 'NONE',  ( 0.1150000000000005185, 0.000000000000000000, -1.090000000000000302 ) ) ;
#1778 = VECTOR ( 'NONE', #5248, 1000.000000000000000 ) ;
#1779 = ADVANCED_FACE ( 'NONE', ( #641 ), #3355, .T. ) ;
#1780 = CIRCLE ( 'NONE', #5020, 0.07999999999999998779 ) ;
#1781 = CARTESIAN_POINT ( 'NONE',  ( -0.6250000000000000000, 0.2000000000000000944, -0.6250000000000000000 ) ) ;
#1782 = VERTEX_POINT ( 'NONE', #1233 ) ;
#1783 = ORIENTED_EDGE ( 'NONE', *, *, #4375, .F. ) ;
#1784 = EDGE_CURVE ( 'NONE', #2540, #3315, #2543, .T. ) ;
#1785 = ORIENTED_EDGE ( 'NONE', *, *, #1749, .F. ) ;
#1786 = CARTESIAN_POINT ( 'NONE',  ( 1.089999999999999858, 0.1999999999999999833, 0.6230000000000001092 ) ) ;
#1787 = ORIENTED_EDGE ( 'NONE', *, *, #4363, .T. ) ;
#1788 = VERTEX_POINT ( 'NONE', #3312 ) ;
#1789 = ORIENTED_EDGE ( 'NONE', *, *, #5078, .T. ) ;
#1790 = DIRECTION ( 'NONE',  ( 0.000000000000000000, 0.000000000000000000, 1.000000000000000000 ) ) ;
#1791 = FACE_OUTER_BOUND ( 'NONE', #2260, .T. ) ;
#1792 = EDGE_LOOP ( 'NONE', ( #1613, #5114, #1526, #3314, #5071, #1631, #3277, #3592 ) ) ;
#1793 = CARTESIAN_POINT ( 'NONE',  ( -1.500000000000000000, 0.000000000000000000, 0.6230000000000002203 ) ) ;
#1794 = ORIENTED_EDGE ( 'NONE', *, *, #2735, .F. ) ;
#1795 = CARTESIAN_POINT ( 'NONE',  ( 0.6230000000000007754, 0.6701063709417264258, -1.499999999999999778 ) ) ;
#1796 = VERTEX_POINT ( 'NONE', #1173 ) ;
#1797 = EDGE_CURVE ( 'NONE', #2429, #5219, #2396, .T. ) ;
#1798 = CARTESIAN_POINT ( 'NONE',  ( 1.089999999999999858, 0.6701063709417264258, 0.6230000000000001092 ) ) ;
#1799 = EDGE_LOOP ( 'NONE', ( #3987, #2145, #2076, #352 ) ) ;
#1800 = VECTOR ( 'NONE', #811, 1000.000000000000000 ) ;
#1801 = CARTESIAN_POINT ( 'NONE',  ( 1.089999999999999858, 0.000000000000000000, -0.3929999999999999050 ) ) ;
#1802 = AXIS2_PLACEMENT_3D ( 'NONE', #4062, #3985, #825 ) ;
#1803 = EDGE_CURVE ( 'NONE', #3668, #4065, #2481, .T. ) ;
#1804 = ORIENTED_EDGE ( 'NONE', *, *, #1797, .F. ) ;
#1805 = ORIENTED_EDGE ( 'NONE', *, *, #4973, .F. ) ;
#1806 = ORIENTED_EDGE ( 'NONE', *, *, #3376, .T. ) ;
#1807 = CARTESIAN_POINT ( 'NONE',  ( 0.6230000000000005533, 0.1999999999999999833, -1.090000000000000302 ) ) ;
#1808 = DIRECTION ( 'NONE',  ( -0.000000000000000000, -1.000000000000000000, -0.000000000000000000 ) ) ;
#1809 = FACE_OUTER_BOUND ( 'NONE', #714, .T. ) ;
#1810 = CARTESIAN_POINT ( 'NONE',  ( -1.089999999999999858, 0.1999999999999999833, 0.1150000000000000883 ) ) ;
#1811 = ADVANCED_FACE ( 'NONE', ( #4211 ), #3274, .F. ) ;
#1812 = CARTESIAN_POINT ( 'NONE',  ( -0.1149999999999990058, 0.2000000000000000111, 1.090000000000000302 ) ) ;
#1813 = LINE ( 'NONE', #4811, #13 ) ;
#1814 = EDGE_LOOP ( 'NONE', ( #473, #4227, #4031, #609 ) ) ;
#1815 = EDGE_CURVE ( 'NONE', #2553, #4136, #662, .T. ) ;
#1816 = PLANE ( 'NONE',  #542 ) ;
#1817 = ORIENTED_EDGE ( 'NONE', *, *, #3227, .F. ) ;
#1818 = VECTOR ( 'NONE', #5041, 1000.000000000000000 ) ;
#1819 = ORIENTED_EDGE ( 'NONE', *, *, #918, .F. ) ;
#1820 = LINE ( 'NONE', #1269, #109 ) ;
#1821 = LINE ( 'NONE', #4699, #313 ) ;
#1822 = DIRECTION ( 'NONE',  ( 0.000000000000000000, -1.000000000000000000, 0.000000000000000000 ) ) ;
#1823 = DIRECTION ( 'NONE',  ( 1.000000000000000000, 0.000000000000000000, 1.885568995626964336E-15 ) ) ;
#1824 = EDGE_LOOP ( 'NONE', ( #5188, #2659, #5210, #3464 ) ) ;
#1825 = DIRECTION ( 'NONE',  ( 0.000000000000000000, -1.000000000000000000, 0.000000000000000000 ) ) ;
#1826 = EDGE_CURVE ( 'NONE', #334, #4436, #2438, .T. ) ;
#1827 = ORIENTED_EDGE ( 'NONE', *, *, #1448, .T. ) ;
#1828 = ORIENTED_EDGE ( 'NONE', *, *, #2663, .T. ) ;
#1829 = PLANE ( 'NONE',  #2692 ) ;
#1830 = LINE ( 'NONE', #2935, #130 ) ;
#1831 = ORIENTED_EDGE ( 'NONE', *, *, #3909, .F. ) ;
#1832 = LINE ( 'NONE', #5144, #3712 ) ;
#1833 = VECTOR ( 'NONE', #247, 1000.000000000000000 ) ;
#1834 = VECTOR ( 'NONE', #2488, 1000.000000000000000 ) ;
#1835 = ORIENTED_EDGE ( 'NONE', *, *, #1159, .T. ) ;
#1836 = CARTESIAN_POINT ( 'NONE',  ( 0.1150000000000005185, 0.000000000000000000, -1.090000000000000302 ) ) ;
#1837 = DIRECTION ( 'NONE',  ( -0.000000000000000000, 1.000000000000000000, -0.000000000000000000 ) ) ;
#1838 = EDGE_LOOP ( 'NONE', ( #4146, #3492, #5228, #3615 ) ) ;
#1839 = ORIENTED_EDGE ( 'NONE', *, *, #3170, .T. ) ;
#1840 = CIRCLE ( 'NONE', #321, 0.1000000000000000472 ) ;
#1841 = CARTESIAN_POINT ( 'NONE',  ( 0.000000000000000000, 0.2000000000000000111, 0.000000000000000000 ) ) ;
#1842 =( GEOMETRIC_REPRESENTATION_CONTEXT ( 3 ) GLOBAL_UNCERTAINTY_ASSIGNED_CONTEXT ( ( #2919 ) ) GLOBAL_UNIT_ASSIGNED_CONTEXT ( ( #548, #5111, #503 ) ) REPRESENTATION_CONTEXT ( 'NONE', 'WORKASPACE' ) );
#1843 = EDGE_LOOP ( 'NONE', ( #4292, #2176, #2269, #2278 ) ) ;
#1844 = VECTOR ( 'NONE', #3103, 1000.000000000000000 ) ;
#1845 = LINE ( 'NONE', #991, #97 ) ;
#1846 = LINE ( 'NONE', #3338, #3632 ) ;
#1847 =( NAMED_UNIT ( * ) SI_UNIT ( $, .STERADIAN. ) SOLID_ANGLE_UNIT ( ) );
#1848 = EDGE_LOOP ( 'NONE', ( #707, #2376, #2517, #2319 ) ) ;
#1849 = SURFACE_STYLE_USAGE ( .BOTH. , #1344 ) ;
#1850 = EDGE_LOOP ( 'NONE', ( #1614, #69, #604, #3587 ) ) ;
#1851 = EDGE_CURVE ( 'NONE', #3140, #2425, #2502, .T. ) ;
#1852 = STYLED_ITEM ( 'NONE', ( #879 ), #3517 ) ;
#1853 = ORIENTED_EDGE ( 'NONE', *, *, #5255, .F. ) ;
#1854 =( NAMED_UNIT ( * ) SI_UNIT ( $, .STERADIAN. ) SOLID_ANGLE_UNIT ( ) );
#1855 = CARTESIAN_POINT ( 'NONE',  ( 0.000000000000000000, 0.2000000000000000111, 0.000000000000000000 ) ) ;
#1856 = DIRECTION ( 'NONE',  ( 0.000000000000000000, 0.000000000000000000, -1.000000000000000000 ) ) ;
#1857 = COLOUR_RGB ( '',0.7921568627450980005, 0.8196078431372548767, 0.9333333333333333481 ) ;
#1858 = DIRECTION ( 'NONE',  ( 0.000000000000000000, 1.000000000000000000, 0.000000000000000000 ) ) ;
#1859 = CIRCLE ( 'NONE', #1220, 0.1000000000000000472 ) ;
#1860 = STYLED_ITEM ( 'NONE', ( #1158 ), #4251 ) ;
#1861 = VECTOR ( 'NONE', #3980, 1000.000000000000000 ) ;
#1862 = LINE ( 'NONE', #3829, #5299 ) ;
#1863 = DIRECTION ( 'NONE',  ( 0.000000000000000000, -1.000000000000000000, 0.000000000000000000 ) ) ;
#1864 = MECHANICAL_DESIGN_GEOMETRIC_PRESENTATION_REPRESENTATION (  '', ( #3094 ), #1612 ) ;
#1865 = ORIENTED_EDGE ( 'NONE', *, *, #692, .F. ) ;
#1866 = EDGE_LOOP ( 'NONE', ( #842, #383, #793, #3757 ) ) ;
#1867 = ADVANCED_FACE ( 'NONE', ( #2520 ), #1205, .T. ) ;
#1868 = LINE ( 'NONE', #1284, #1972 ) ;
#1869 = VERTEX_POINT ( 'NONE', #4537 ) ;
#1870 = LINE ( 'NONE', #203, #3744 ) ;
#1871 = FACE_OUTER_BOUND ( 'NONE', #5209, .T. ) ;
#1872 = LINE ( 'NONE', #2232, #3789 ) ;
#1873 = PLANE ( 'NONE',  #4834 ) ;
#1874 = CARTESIAN_POINT ( 'NONE',  ( -1.089999999999999858, 0.1999999999999999833, -0.3929999999999999050 ) ) ;
#1875 = ORIENTED_EDGE ( 'NONE', *, *, #2439, .F. ) ;
#1876 = ORIENTED_EDGE ( 'NONE', *, *, #2861, .T. ) ;
#1877 = EDGE_CURVE ( 'NONE', #2604, #3555, #4316, .T. ) ;
#1878 = LINE ( 'NONE', #437, #94 ) ;
#1879 = DIRECTION ( 'NONE',  ( -1.000000000000000000, 0.000000000000000000, 5.288791085295141560E-16 ) ) ;
#1880 = ORIENTED_EDGE ( 'NONE', *, *, #5089, .F. ) ;
#1881 = FACE_OUTER_BOUND ( 'NONE', #3975, .T. ) ;
#1882 = LINE ( 'NONE', #2241, #1833 ) ;
#1883 = FACE_OUTER_BOUND ( 'NONE', #1382, .T. ) ;
#1884 = EDGE_CURVE ( 'NONE', #5122, #2188, #4125, .T. ) ;
#1885 = EDGE_CURVE ( 'NONE', #559, #3213, #2411, .T. ) ;
#1886 = VERTEX_POINT ( 'NONE', #2514 ) ;
#1887 = DIRECTION ( 'NONE',  ( -1.000000000000000000, 0.000000000000000000, 1.057758217059029890E-15 ) ) ;
#1888 = EDGE_CURVE ( 'NONE', #425, #3183, #2420, .T. ) ;
#1889 = FACE_OUTER_BOUND ( 'NONE', #2548, .T. ) ;
#1890 = ORIENTED_EDGE ( 'NONE', *, *, #2896, .T. ) ;
#1891 = FILL_AREA_STYLE_COLOUR ( '', #2889 ) ;
#1892 = EDGE_CURVE ( 'NONE', #4312, #2436, #4295, .T. ) ;
#1893 = VERTEX_POINT ( 'NONE', #3670 ) ;
#1894 = CARTESIAN_POINT ( 'NONE',  ( 1.089999999999999858, 0.1999999999999999833, 0.1150000000000000883 ) ) ;
#1895 = CARTESIAN_POINT ( 'NONE',  ( -0.8950000000000004619, 0.5883646178829911033, -1.254999999999999671 ) ) ;
#1896 = DIRECTION ( 'NONE',  ( 1.000000000000000000, 0.000000000000000000, 0.000000000000000000 ) ) ;
#1897 = VECTOR ( 'NONE', #1368, 1000.000000000000000 ) ;
#1898 = CARTESIAN_POINT ( 'NONE',  ( 0.000000000000000000, 0.2000000000000000111, 0.000000000000000000 ) ) ;
#1899 = AXIS2_PLACEMENT_3D ( 'NONE', #4951, #5302, #2375 ) ;
#1900 = ORIENTED_EDGE ( 'NONE', *, *, #3684, .T. ) ;
#1901 = LINE ( 'NONE', #1744, #197 ) ;
#1902 = LINE ( 'NONE', #1126, #3745 ) ;
#1903 = LINE ( 'NONE', #4749, #1933 ) ;
#1904 = ORIENTED_EDGE ( 'NONE', *, *, #2412, .T. ) ;
#1905 = EDGE_CURVE ( 'NONE', #3129, #1869, #678, .T. ) ;
#1906 = ORIENTED_EDGE ( 'NONE', *, *, #172, .T. ) ;
#1907 = LINE ( 'NONE', #2159, #3678 ) ;
#1908 = ORIENTED_EDGE ( 'NONE', *, *, #4638, .T. ) ;
#1909 = LINE ( 'NONE', #2722, #160 ) ;
#1910 = FACE_OUTER_BOUND ( 'NONE', #4215, .T. ) ;
#1911 = CARTESIAN_POINT ( 'NONE',  ( -1.200000000000000178, 0.7900000000000000355, -1.325000000000000178 ) ) ;
#1912 = CARTESIAN_POINT ( 'NONE',  ( 0.3930000000000007931, 0.6701063709417264258, -1.500000000000000222 ) ) ;
#1913 = CARTESIAN_POINT ( 'NONE',  ( 0.6249999999999997780, 0.2000000000000000944, -0.6249999999999997780 ) ) ;
#1914 = ORIENTED_EDGE ( 'NONE', *, *, #1877, .T. ) ;
#1915 = ORIENTED_EDGE ( 'NONE', *, *, #4889, .T. ) ;
#1916 = EDGE_CURVE ( 'NONE', #3140, #2304, #4137, .T. ) ;
#1917 = SURFACE_STYLE_FILL_AREA ( #5198 ) ;
#1918 = DIRECTION ( 'NONE',  ( 1.000000000000000000, 0.000000000000000000, 5.288791085295141560E-16 ) ) ;
#1919 = ORIENTED_EDGE ( 'NONE', *, *, #400, .T. ) ;
#1920 = LINE ( 'NONE', #3139, #3807 ) ;
#1921 = VECTOR ( 'NONE', #1947, 1000.000000000000000 ) ;
#1922 = FILL_AREA_STYLE ('',( #4798 ) ) ;
#1923 = PRESENTATION_LAYER_ASSIGNMENT (  '', '', ( #4134 ) ) ;
#1924 = ORIENTED_EDGE ( 'NONE', *, *, #2663, .F. ) ;
#1925 = SURFACE_STYLE_USAGE ( .BOTH. , #4801 ) ;
#1926 = LINE ( 'NONE', #3027, #139 ) ;
#1927 = EDGE_CURVE ( 'NONE', #1714, #3256, #4220, .T. ) ;
#1928 = CARTESIAN_POINT ( 'NONE',  ( -0.6229999999999992211, 0.2000000000000000111, -1.500000000000000222 ) ) ;
#1929 =( GEOMETRIC_REPRESENTATION_CONTEXT ( 3 ) GLOBAL_UNCERTAINTY_ASSIGNED_CONTEXT ( ( #3660 ) ) GLOBAL_UNIT_ASSIGNED_CONTEXT ( ( #634, #3816, #5029 ) ) REPRESENTATION_CONTEXT ( 'NONE', 'WORKASPACE' ) );
#1930 = DIRECTION ( 'NONE',  ( 1.495451272393799542E-16, 0.000000000000000000, -1.000000000000000000 ) ) ;
#1931 = VERTEX_POINT ( 'NONE', #4130 ) ;
#1932 = PRESENTATION_STYLE_ASSIGNMENT (( #4937 ) ) ;
#1933 = VECTOR ( 'NONE', #1985, 1000.000000000000000 ) ;
#1934 = DIRECTION ( 'NONE',  ( 0.000000000000000000, -0.000000000000000000, -1.000000000000000000 ) ) ;
#1935 = DIRECTION ( 'NONE',  ( -1.000000000000000000, 0.000000000000000000, 2.644395542647570780E-16 ) ) ;
#1936 = VERTEX_POINT ( 'NONE', #3736 ) ;
#1937 = ORIENTED_EDGE ( 'NONE', *, *, #4747, .T. ) ;
#1938 = ORIENTED_EDGE ( 'NONE', *, *, #4461, .T. ) ;
#1939 = FILL_AREA_STYLE ('',( #1149 ) ) ;
#1940 = CARTESIAN_POINT ( 'NONE',  ( -1.255000000000000560, 0.000000000000000000, -1.254999999999999671 ) ) ;
#1941 = PLANE ( 'NONE',  #4843 ) ;
#1942 = DIRECTION ( 'NONE',  ( -0.000000000000000000, -1.000000000000000000, -0.000000000000000000 ) ) ;
#1943 = CARTESIAN_POINT ( 'NONE',  ( -0.9750000000000005329, 0.1000000000000000056, -1.085000000000000187 ) ) ;
#1944 = CIRCLE ( 'NONE', #2671, 0.1000000000000000472 ) ;
#1945 = LINE ( 'NONE', #490, #3853 ) ;
#1946 = FACE_OUTER_BOUND ( 'NONE', #800, .T. ) ;
#1947 = DIRECTION ( 'NONE',  ( -1.057758217059029890E-15, -0.000000000000000000, -1.000000000000000000 ) ) ;
#1948 = ORIENTED_EDGE ( 'NONE', *, *, #3986, .F. ) ;
#1949 = VERTEX_POINT ( 'NONE', #4750 ) ;
#1950 = ORIENTED_EDGE ( 'NONE', *, *, #5266, .F. ) ;
#1951 = LINE ( 'NONE', #5085, #3763 ) ;
#1952 = VECTOR ( 'NONE', #3662, 1000.000000000000000 ) ;
#1953 = DIRECTION ( 'NONE',  ( 0.000000000000000000, 0.000000000000000000, -1.000000000000000000 ) ) ;
#1954 = AXIS2_PLACEMENT_3D ( 'NONE', #1282, #946, #2156 ) ;
#1955 = ADVANCED_FACE ( 'NONE', ( #669 ), #3171, .T. ) ;
#1956 = EDGE_CURVE ( 'NONE', #146, #3515, #2370, .T. ) ;
#1957 = ORIENTED_EDGE ( 'NONE', *, *, #865, .T. ) ;
#1958 = ORIENTED_EDGE ( 'NONE', *, *, #2283, .T. ) ;
#1959 = ORIENTED_EDGE ( 'NONE', *, *, #2970, .T. ) ;
#1960 = EDGE_CURVE ( 'NONE', #2058, #1262, #4147, .T. ) ;
#1961 = FACE_OUTER_BOUND ( 'NONE', #282, .T. ) ;
#1962 = PLANE ( 'NONE',  #2213 ) ;
#1963 = CARTESIAN_POINT ( 'NONE',  ( -0.7250000000000000888, 0.000000000000000000, 0.6249999999999997780 ) ) ;
#1964 = ORIENTED_EDGE ( 'NONE', *, *, #670, .F. ) ;
#1965 = VECTOR ( 'NONE', #3974, 1000.000000000000000 ) ;
#1966 = LINE ( 'NONE', #4755, #3682 ) ;
#1967 = SURFACE_STYLE_FILL_AREA ( #4266 ) ;
#1968 = ORIENTED_EDGE ( 'NONE', *, *, #1532, .T. ) ;
#1969 = SURFACE_STYLE_USAGE ( .BOTH. , #1256 ) ;
#1970 = EDGE_CURVE ( 'NONE', #570, #2680, #4285, .T. ) ;
#1971 = ORIENTED_EDGE ( 'NONE', *, *, #1298, .F. ) ;
#1972 = VECTOR ( 'NONE', #2528, 1000.000000000000000 ) ;
#1973 = DIRECTION ( 'NONE',  ( -0.000000000000000000, -0.000000000000000000, -1.000000000000000000 ) ) ;
#1974 = DIRECTION ( 'NONE',  ( -1.000000000000000000, 0.000000000000000000, -1.495451272393799542E-16 ) ) ;
#1975 = ORIENTED_EDGE ( 'NONE', *, *, #3866, .F. ) ;
#1976 = VECTOR ( 'NONE', #1380, 1000.000000000000000 ) ;
#1977 = FACE_OUTER_BOUND ( 'NONE', #3770, .T. ) ;
#1978 = VECTOR ( 'NONE', #5177, 1000.000000000000000 ) ;
#1979 = CARTESIAN_POINT ( 'NONE',  ( -0.1149999999999992140, 0.1999999999999999833, -1.500000000000000222 ) ) ;
#1980 = DIRECTION ( 'NONE',  ( 0.000000000000000000, -1.000000000000000000, 0.000000000000000000 ) ) ;
#1981 = EDGE_CURVE ( 'NONE', #2432, #4312, #701, .T. ) ;
#1982 = AXIS2_PLACEMENT_3D ( 'NONE', #3958, #73, #4922 ) ;
#1983 = VERTEX_POINT ( 'NONE', #4008 ) ;
#1984 = DIRECTION ( 'NONE',  ( 0.000000000000000000, 0.000000000000000000, 1.000000000000000000 ) ) ;
#1985 = DIRECTION ( 'NONE',  ( 0.000000000000000000, -1.000000000000000000, 0.000000000000000000 ) ) ;
#1986 = CARTESIAN_POINT ( 'NONE',  ( 1.499999999999999556, 0.000000000000000000, 1.499999999999999778 ) ) ;
#1987 = CARTESIAN_POINT ( 'NONE',  ( 0.6230000000000007754, 0.1999999999999999833, -1.499999999999999778 ) ) ;
#1988 = CARTESIAN_POINT ( 'NONE',  ( 0.000000000000000000, 0.000000000000000000, 0.000000000000000000 ) ) ;
#1989 = CARTESIAN_POINT ( 'NONE',  ( 0.7249999999999998668, 0.2000000000000000944, 0.6250000000000002220 ) ) ;
#1990 = ORIENTED_EDGE ( 'NONE', *, *, #3759, .F. ) ;
#1991 = FACE_OUTER_BOUND ( 'NONE', #3748, .T. ) ;
#1992 = COLOUR_RGB ( '',1.000000000000000000, 0.5019607843137254832, 0.5019607843137254832 ) ;
#1993 = LINE ( 'NONE', #3072, #162 ) ;
#1994 = CARTESIAN_POINT ( 'NONE',  ( -0.6229999999999989990, 0.6701063709417264258, 1.090000000000000302 ) ) ;
#1995 = ORIENTED_EDGE ( 'NONE', *, *, #3102, .T. ) ;
#1996 = CARTESIAN_POINT ( 'NONE',  ( -1.500000000000000000, 0.000000000000000000, -0.6229999999999994431 ) ) ;
#1997 = LINE ( 'NONE', #508, #3773 ) ;
#1998 = ORIENTED_EDGE ( 'NONE', *, *, #5092, .T. ) ;
#1999 = LINE ( 'NONE', #4782, #1976 ) ;
#2000 = CARTESIAN_POINT ( 'NONE',  ( -1.089999999999999858, 0.1999999999999999833, -0.3929999999999999050 ) ) ;
#2001 = CARTESIAN_POINT ( 'NONE',  ( -1.089999999999999858, 0.000000000000000000, -0.3929999999999999050 ) ) ;
#2002 = VERTEX_POINT ( 'NONE', #1487 ) ;
#2003 = EDGE_LOOP ( 'NONE', ( #5080, #3105, #3954, #973 ) ) ;
#2004 = FILL_AREA_STYLE_COLOUR ( '', #2144 ) ;
#2005 = ORIENTED_EDGE ( 'NONE', *, *, #261, .T. ) ;
#2006 = VECTOR ( 'NONE', #2275, 1000.000000000000000 ) ;
#2007 = AXIS2_PLACEMENT_3D ( 'NONE', #5186, #1635, #2858 ) ;
#2008 = FACE_OUTER_BOUND ( 'NONE', #3058, .T. ) ;
#2009 = ADVANCED_FACE ( 'NONE', ( #738 ), #3971, .F. ) ;
#2010 = CARTESIAN_POINT ( 'NONE',  ( -0.7250000000000000888, 2.250609665440987950, 0.6249999999999997780 ) ) ;
#2011 = ORIENTED_EDGE ( 'NONE', *, *, #246, .F. ) ;
#2012 = EDGE_LOOP ( 'NONE', ( #2039, #2617, #611, #2601 ) ) ;
#2013 = PRODUCT_DEFINITION_CONTEXT ( 'detailed design', #928, 'design' ) ;
#2014 = CARTESIAN_POINT ( 'NONE',  ( 0.1150000000000007405, 0.1999999999999999833, -1.499999999999999778 ) ) ;
#2015 = DIRECTION ( 'NONE',  ( -5.288791085295149449E-16, 0.000000000000000000, 1.000000000000000000 ) ) ;
#2016 = ORIENTED_EDGE ( 'NONE', *, *, #630, .F. ) ;
#2017 = VECTOR ( 'NONE', #1117, 1000.000000000000000 ) ;
#2018 = DIRECTION ( 'NONE',  ( 5.288791085295149449E-16, 0.000000000000000000, -1.000000000000000000 ) ) ;
#2019 = ORIENTED_EDGE ( 'NONE', *, *, #574, .T. ) ;
#2020 = ORIENTED_EDGE ( 'NONE', *, *, #100, .F. ) ;
#2021 = AXIS2_PLACEMENT_3D ( 'NONE', #1497, #3982, #4821 ) ;
#2022 = DIRECTION ( 'NONE',  ( 1.000000000000000000, -0.000000000000000000, -0.000000000000000000 ) ) ;
#2023 = CARTESIAN_POINT ( 'NONE',  ( 1.089999999999999858, 0.000000000000000000, 0.6230000000000001092 ) ) ;
#2024 = CARTESIAN_POINT ( 'NONE',  ( -1.089999999999999858, 0.6701063709417264258, -0.1149999999999996581 ) ) ;
#2025 = ADVANCED_FACE ( 'NONE', ( #4154 ), #1941, .T. ) ;
#2026 = PLANE ( 'NONE',  #217 ) ;
#2027 = DIRECTION ( 'NONE',  ( -1.000000000000000000, 0.000000000000000000, 0.000000000000000000 ) ) ;
#2028 = CARTESIAN_POINT ( 'NONE',  ( 1.089999999999999858, 0.6701063709417264258, -0.3929999999999999050 ) ) ;
#2029 = VECTOR ( 'NONE', #658, 1000.000000000000000 ) ;
#2030 = DIRECTION ( 'NONE',  ( 0.000000000000000000, 0.000000000000000000, 1.000000000000000000 ) ) ;
#2031 = ORIENTED_EDGE ( 'NONE', *, *, #1569, .T. ) ;
#2032 = ORIENTED_EDGE ( 'NONE', *, *, #1154, .T. ) ;
#2033 = AXIS2_PLACEMENT_3D ( 'NONE', #3342, #2534, #2937 ) ;
#2034 = EDGE_CURVE ( 'NONE', #3104, #334, #2494, .T. ) ;
#2035 = VERTEX_POINT ( 'NONE', #1656 ) ;
#2036 = LINE ( 'NONE', #4840, #96 ) ;
#2037 = COLOUR_RGB ( '',1.000000000000000000, 0.5019607843137254832, 0.5019607843137254832 ) ;
#2038 = EDGE_CURVE ( 'NONE', #406, #2141, #2403, .T. ) ;
#2039 = ORIENTED_EDGE ( 'NONE', *, *, #3513, .F. ) ;
#2040 = VERTEX_POINT ( 'NONE', #1619 ) ;
#2041 = CARTESIAN_POINT ( 'NONE',  ( 0.7249999999999998668, 0.000000000000000000, 0.6250000000000002220 ) ) ;
#2042 = EDGE_CURVE ( 'NONE', #1796, #2466, #4259, .T. ) ;
#2043 = ORIENTED_EDGE ( 'NONE', *, *, #1241, .F. ) ;
#2044 = LINE ( 'NONE', #2236, #218 ) ;
#2045 = PRESENTATION_STYLE_ASSIGNMENT (( #2308 ) ) ;
#2046 = PLANE ( 'NONE',  #1954 ) ;
#2047 = DIRECTION ( 'NONE',  ( -0.000000000000000000, -0.000000000000000000, 1.000000000000000000 ) ) ;
#2048 = ORIENTED_EDGE ( 'NONE', *, *, #26, .F. ) ;
#2049 = ORIENTED_EDGE ( 'NONE', *, *, #1241, .T. ) ;
#2050 = DIRECTION ( 'NONE',  ( -0.000000000000000000, -0.000000000000000000, 1.000000000000000000 ) ) ;
#2051 = ORIENTED_EDGE ( 'NONE', *, *, #3923, .T. ) ;
#2052 = EDGE_CURVE ( 'NONE', #1594, #5105, #607, .T. ) ;
#2053 = CARTESIAN_POINT ( 'NONE',  ( 1.089999999999999858, 0.1999999999999999833, 0.6230000000000001092 ) ) ;
#2054 = ADVANCED_FACE ( 'NONE', ( #954 ), #4414, .T. ) ;
#2055 = PLANE ( 'NONE',  #948 ) ;
#2056 = ORIENTED_EDGE ( 'NONE', *, *, #4964, .F. ) ;
#2057 = DIRECTION ( 'NONE',  ( 0.000000000000000000, 0.000000000000000000, 1.000000000000000000 ) ) ;
#2058 = VERTEX_POINT ( 'NONE', #2 ) ;
#2059 =( NAMED_UNIT ( * ) PLANE_ANGLE_UNIT ( ) SI_UNIT ( $, .RADIAN. ) );
#2060 = CARTESIAN_POINT ( 'NONE',  ( 0.1150000000000007405, 0.2000000000000000111, -1.499999999999999778 ) ) ;
#2061 = ORIENTED_EDGE ( 'NONE', *, *, #3368, .F. ) ;
#2062 = ADVANCED_FACE ( 'NONE', ( #2687 ), #2909, .F. ) ;
#2063 = EDGE_CURVE ( 'NONE', #4860, #4897, #817, .T. ) ;
#2064 = ORIENTED_EDGE ( 'NONE', *, *, #2212, .F. ) ;
#2065 = CARTESIAN_POINT ( 'NONE',  ( -1.500000000000000222, 0.000000000000000000, 1.500000000000000000 ) ) ;
#2066 = ORIENTED_EDGE ( 'NONE', *, *, #3170, .F. ) ;
#2067 = AXIS2_PLACEMENT_3D ( 'NONE', #894, #4100, #3212 ) ;
#2068 = CARTESIAN_POINT ( 'NONE',  ( 0.000000000000000000, 0.000000000000000000, 0.000000000000000000 ) ) ;
#2069 = PLANE ( 'NONE',  #886 ) ;
#2070 = ORIENTED_EDGE ( 'NONE', *, *, #1167, .F. ) ;
#2071 = AXIS2_PLACEMENT_3D ( 'NONE', #843, #3268, #3162 ) ;
#2072 =( NAMED_UNIT ( * ) SI_UNIT ( $, .STERADIAN. ) SOLID_ANGLE_UNIT ( ) );
#2073 = FILL_AREA_STYLE_COLOUR ( '', #4700 ) ;
#2075 = ORIENTED_EDGE ( 'NONE', *, *, #2901, .F. ) ;
#2074 = DIRECTION ( 'NONE',  ( 0.000000000000000000, 0.000000000000000000, 1.000000000000000000 ) ) ;
#2076 = ORIENTED_EDGE ( 'NONE', *, *, #587, .F. ) ;
#2077 = CARTESIAN_POINT ( 'NONE',  ( -1.500000000000000000, 0.6701063709417264258, -0.1149999999999994360 ) ) ;
#2078 = ORIENTED_EDGE ( 'NONE', *, *, #3165, .F. ) ;
#2079 = DIRECTION ( 'NONE',  ( -0.000000000000000000, -1.000000000000000000, -0.000000000000000000 ) ) ;
#2080 = AXIS2_PLACEMENT_3D ( 'NONE', #912, #1224, #3262 ) ;
#2081 = DIRECTION ( 'NONE',  ( 1.000000000000000000, -0.000000000000000000, 0.000000000000000000 ) ) ;
#2082 = VERTEX_POINT ( 'NONE', #1582 ) ;
#2083 = CARTESIAN_POINT ( 'NONE',  ( 0.6230000000000005533, 0.6701063709417264258, -1.090000000000000302 ) ) ;
#2084 = CARTESIAN_POINT ( 'NONE',  ( -1.255000000000000560, 0.1000000000000000056, -1.085000000000000853 ) ) ;
#2085 = PLANE ( 'NONE',  #5006 ) ;
#2086 = EDGE_CURVE ( 'NONE', #3943, #3183, #2750, .T. ) ;
#2087 = ORIENTED_EDGE ( 'NONE', *, *, #1639, .F. ) ;
#2088 = UNCERTAINTY_MEASURE_WITH_UNIT (LENGTH_MEASURE( 1.000000000000000082E-05 ), #2708, 'distance_accuracy_value', 'NONE');
#2089 = FACE_OUTER_BOUND ( 'NONE', #5233, .T. ) ;
#2090 = ADVANCED_FACE ( 'NONE', ( #2598 ), #2414, .T. ) ;
#2091 = ORIENTED_EDGE ( 'NONE', *, *, #1535, .T. ) ;
#2092 = FACE_OUTER_BOUND ( 'NONE', #4076, .T. ) ;
#2093 = EDGE_CURVE ( 'NONE', #2489, #3250, #969, .T. ) ;
#2094 = CARTESIAN_POINT ( 'NONE',  ( -1.089999999999999858, 0.1999999999999999833, -0.3929999999999999050 ) ) ;
#2095 = DIRECTION ( 'NONE',  ( 1.000000000000000000, 0.000000000000000000, 0.000000000000000000 ) ) ;
#2096 = ORIENTED_EDGE ( 'NONE', *, *, #3755, .T. ) ;
#2097 = ORIENTED_EDGE ( 'NONE', *, *, #4794, .F. ) ;
#2098 = ORIENTED_EDGE ( 'NONE', *, *, #4297, .F. ) ;
#2099 = LINE ( 'NONE', #416, #357 ) ;
#2100 = CARTESIAN_POINT ( 'NONE',  ( -1.200000000000000178, 0.8900000000000000133, -1.200000000000000178 ) ) ;
#2101 = ORIENTED_EDGE ( 'NONE', *, *, #2920, .F. ) ;
#2102 = LINE ( 'NONE', #2650, #3713 ) ;
#2103 = DIRECTION ( 'NONE',  ( -5.288791085295149449E-16, 0.000000000000000000, 1.000000000000000000 ) ) ;
#2104 = ORIENTED_EDGE ( 'NONE', *, *, #3447, .T. ) ;
#2105 = ADVANCED_FACE ( 'NONE', ( #2581 ), #2384, .F. ) ;
#2106 = FILL_AREA_STYLE ('',( #4580 ) ) ;
#2107 = DIRECTION ( 'NONE',  ( 0.000000000000000000, -0.000000000000000000, -1.000000000000000000 ) ) ;
#2108 = ORIENTED_EDGE ( 'NONE', *, *, #653, .F. ) ;
#2109 = VERTEX_POINT ( 'NONE', #4836 ) ;
#2110 = VECTOR ( 'NONE', #1188, 1000.000000000000000 ) ;
#2111 =( NAMED_UNIT ( * ) SI_UNIT ( $, .STERADIAN. ) SOLID_ANGLE_UNIT ( ) );
#2112 = DIRECTION ( 'NONE',  ( 0.000000000000000000, -1.000000000000000000, 0.000000000000000000 ) ) ;
#2113 = ORIENTED_EDGE ( 'NONE', *, *, #3309, .F. ) ;
#2115 = VERTEX_POINT ( 'NONE', #2845 ) ;
#2114 = DIRECTION ( 'NONE',  ( -0.000000000000000000, -1.000000000000000000, 0.000000000000000000 ) ) ;
#2116 = DIRECTION ( 'NONE',  ( 0.000000000000000000, 0.000000000000000000, -1.000000000000000000 ) ) ;
#2117 = EDGE_CURVE ( 'NONE', #3508, #46, #930, .T. ) ;
#2118 =( NAMED_UNIT ( * ) PLANE_ANGLE_UNIT ( ) SI_UNIT ( $, .RADIAN. ) );
#2119 = ORIENTED_EDGE ( 'NONE', *, *, #2848, .T. ) ;
#2120 = VECTOR ( 'NONE', #3024, 1000.000000000000000 ) ;
#2121 = PLANE ( 'NONE',  #816 ) ;
#2122 = CARTESIAN_POINT ( 'NONE',  ( -0.1149999999999992140, 0.6701063709417264258, -1.090000000000000302 ) ) ;
#2123 = ORIENTED_EDGE ( 'NONE', *, *, #1204, .T. ) ;
#2124 = VECTOR ( 'NONE', #2903, 1000.000000000000000 ) ;
#2125 = VERTEX_POINT ( 'NONE', #4926 ) ;
#2126 = EDGE_LOOP ( 'NONE', ( #949, #4989, #5098, #3730 ) ) ;
#2127 = CARTESIAN_POINT ( 'NONE',  ( -0.3929999999999994609, 0.000000000000000000, -1.090000000000000302 ) ) ;
#2128 = ORIENTED_EDGE ( 'NONE', *, *, #4015, .F. ) ;
#2129 =( NAMED_UNIT ( * ) PLANE_ANGLE_UNIT ( ) SI_UNIT ( $, .RADIAN. ) );
#2130 = ORIENTED_EDGE ( 'NONE', *, *, #2906, .F. ) ;
#2131 = STYLED_ITEM ( 'NONE', ( #3891 ), #3232 ) ;
#2132 = COLOUR_RGB ( '',0.7921568627450980005, 0.8196078431372548767, 0.9333333333333333481 ) ;
#2133 = ORIENTED_EDGE ( 'NONE', *, *, #1156, .F. ) ;
#2134 = ORIENTED_EDGE ( 'NONE', *, *, #1532, .F. ) ;
#2135 = COLOUR_RGB ( '',0.7921568627450980005, 0.8196078431372548767, 0.9333333333333333481 ) ;
#2136 = EDGE_CURVE ( 'NONE', #228, #1090, #4506, .T. ) ;
#2137 = CARTESIAN_POINT ( 'NONE',  ( -1.500000000000000000, 0.1999999999999999833, -0.3929999999999997939 ) ) ;
#2138 = AXIS2_PLACEMENT_3D ( 'NONE', #1680, #4119, #1743 ) ;
#2139 = ORIENTED_EDGE ( 'NONE', *, *, #3430, .T. ) ;
#2140 = ORIENTED_EDGE ( 'NONE', *, *, #3995, .T. ) ;
#2141 = VERTEX_POINT ( 'NONE', #4198 ) ;
#2142 = AXIS2_PLACEMENT_3D ( 'NONE', #3728, #3812, #4929 ) ;
#2143 = DIRECTION ( 'NONE',  ( -0.000000000000000000, -0.000000000000000000, 1.000000000000000000 ) ) ;
#2144 = COLOUR_RGB ( '',1.000000000000000000, 0.5019607843137254832, 0.5019607843137254832 ) ;
#2145 = ORIENTED_EDGE ( 'NONE', *, *, #2563, .T. ) ;
#2146 = VERTEX_POINT ( 'NONE', #514 ) ;
#2147 = AXIS2_PLACEMENT_3D ( 'NONE', #3273, #482, #4129 ) ;
#2148 = ADVANCED_FACE ( 'NONE', ( #963 ), #4627, .F. ) ;
#2149 = CARTESIAN_POINT ( 'NONE',  ( -1.500000000000000000, 0.1999999999999999833, -0.1149999999999994360 ) ) ;
#2150 = EDGE_LOOP ( 'NONE', ( #3359, #5133, #3322, #5009, #3241, #3161, #1365, #4906 ) ) ;
#2151 = FILL_AREA_STYLE_COLOUR ( '', #4124 ) ;
#2152 = ORIENTED_EDGE ( 'NONE', *, *, #4939, .T. ) ;
#2153 = VERTEX_POINT ( 'NONE', #1687 ) ;
#2154 = EDGE_LOOP ( 'NONE', ( #4233, #584, #1995, #2267 ) ) ;
#2155 = LINE ( 'NONE', #4602, #2228 ) ;
#2156 = DIRECTION ( 'NONE',  ( 0.000000000000000000, 0.000000000000000000, 1.000000000000000000 ) ) ;
#2157 =( NAMED_UNIT ( * ) PLANE_ANGLE_UNIT ( ) SI_UNIT ( $, .RADIAN. ) );
#2158 = CLOSED_SHELL ( 'NONE', ( #2245, #934, #4919, #3159, #2372, #1766 ) ) ;
#2160 = ORIENTED_EDGE ( 'NONE', *, *, #746, .F. ) ;
#2159 = CARTESIAN_POINT ( 'NONE',  ( -1.089999999999999858, 0.1999999999999999833, -0.1149999999999996581 ) ) ;
#2161 = DIRECTION ( 'NONE',  ( -0.000000000000000000, -0.000000000000000000, 1.000000000000000000 ) ) ;
#2162 = EDGE_CURVE ( 'NONE', #2296, #4224, #779, .T. ) ;
#2163 = ADVANCED_FACE ( 'NONE', ( #4435 ), #2965, .F. ) ;
#2164 = SURFACE_STYLE_USAGE ( .BOTH. , #2572 ) ;
#2165 = ORIENTED_EDGE ( 'NONE', *, *, #2257, .F. ) ;
#2166 = ORIENTED_EDGE ( 'NONE', *, *, #2412, .F. ) ;
#2167 = CYLINDRICAL_SURFACE ( 'NONE', #2930, 0.07999999999999998779 ) ;
#2168 = EDGE_CURVE ( 'NONE', #3291, #2612, #2665, .T. ) ;
#2169 = EDGE_CURVE ( 'NONE', #4188, #1626, #4442, .T. ) ;
#2170 = SURFACE_STYLE_USAGE ( .BOTH. , #3349 ) ;
#2171 = FILL_AREA_STYLE ('',( #174 ) ) ;
#2172 = EDGE_CURVE ( 'NONE', #1949, #192, #2676, .T. ) ;
#2173 = ORIENTED_EDGE ( 'NONE', *, *, #3617, .T. ) ;
#2174 = CARTESIAN_POINT ( 'NONE',  ( -0.8950000000000004619, 0.5883646178829911033, -1.254999999999999671 ) ) ;
#2175 = ORIENTED_EDGE ( 'NONE', *, *, #1756, .F. ) ;
#2176 = ORIENTED_EDGE ( 'NONE', *, *, #1116, .T. ) ;
#2177 = ORIENTED_EDGE ( 'NONE', *, *, #1116, .F. ) ;
#2178 = LINE ( 'NONE', #1698, #439 ) ;
#2179 = PLANE ( 'NONE',  #3029 ) ;
#2180 = DIRECTION ( 'NONE',  ( 0.000000000000000000, 0.000000000000000000, -1.000000000000000000 ) ) ;
#2181 = ORIENTED_EDGE ( 'NONE', *, *, #3108, .T. ) ;
#2182 = COLOUR_RGB ( '',0.7921568627450980005, 0.8196078431372548767, 0.9333333333333333481 ) ;
#2183 = CARTESIAN_POINT ( 'NONE',  ( -1.200000000000000178, 0.7900000000000000355, -1.200000000000000178 ) ) ;
#2184 = MECHANICAL_DESIGN_GEOMETRIC_PRESENTATION_REPRESENTATION (  '', ( #447 ), #1519 ) ;
#2185 = ORIENTED_EDGE ( 'NONE', *, *, #4804, .F. ) ;
#2186 = CLOSED_SHELL ( 'NONE', ( #4318, #1355, #2915, #3988, #4957, #3151 ) ) ;
#2187 = LINE ( 'NONE', #1470, #2281 ) ;
#2188 = VERTEX_POINT ( 'NONE', #1424 ) ;
#2189 = CARTESIAN_POINT ( 'NONE',  ( 1.500000000000000000, 0.6701063709417264258, -0.1149999999999994360 ) ) ;
#2190 = EDGE_CURVE ( 'NONE', #2125, #5192, #899, .T. ) ;
#2191 = CARTESIAN_POINT ( 'NONE',  ( -1.089999999999999858, 0.1999999999999999833, -0.1149999999999996581 ) ) ;
#2192 = ORIENTED_EDGE ( 'NONE', *, *, #5137, .F. ) ;
#2193 = CARTESIAN_POINT ( 'NONE',  ( -0.8950000000000004619, 0.000000000000000000, -1.254999999999999671 ) ) ;
#2194 = VERTEX_POINT ( 'NONE', #1060 ) ;
#2195 =( NAMED_UNIT ( * ) SI_UNIT ( $, .STERADIAN. ) SOLID_ANGLE_UNIT ( ) );
#2196 = EDGE_LOOP ( 'NONE', ( #2337, #2175, #2152, #3960 ) ) ;
#2197 = CARTESIAN_POINT ( 'NONE',  ( 1.089999999999999858, 0.6701063709417264258, 0.1150000000000000883 ) ) ;
#2198 = CARTESIAN_POINT ( 'NONE',  ( -0.6229999999999989990, 0.2000000000000000111, 1.090000000000000302 ) ) ;
#2199 = ADVANCED_FACE ( 'NONE', ( #4361 ), #4333, .T. ) ;
#2200 = ORIENTED_EDGE ( 'NONE', *, *, #5155, .T. ) ;
#2201 = ORIENTED_EDGE ( 'NONE', *, *, #2387, .F. ) ;
#2202 = PLANE ( 'NONE',  #3578 ) ;
#2203 = ORIENTED_EDGE ( 'NONE', *, *, #5062, .F. ) ;
#2204 = VERTEX_POINT ( 'NONE', #1996 ) ;
#2205 = LINE ( 'NONE', #3848, #426 ) ;
#2206 = ADVANCED_FACE ( 'NONE', ( #2763 ), #5123, .T. ) ;
#2207 = DIRECTION ( 'NONE',  ( 0.000000000000000000, 0.000000000000000000, -1.000000000000000000 ) ) ;
#2208 = VERTEX_POINT ( 'NONE', #4054 ) ;
#2209 = VERTEX_POINT ( 'NONE', #4534 ) ;
#2210 = DIRECTION ( 'NONE',  ( 2.644395542647570780E-16, 0.000000000000000000, -1.000000000000000000 ) ) ;
#2211 = ORIENTED_EDGE ( 'NONE', *, *, #241, .F. ) ;
#2212 = EDGE_CURVE ( 'NONE', #3196, #1931, #844, .T. ) ;
#2213 = AXIS2_PLACEMENT_3D ( 'NONE', #713, #755, #675 ) ;
#2214 = ORIENTED_EDGE ( 'NONE', *, *, #565, .F. ) ;
#2215 = PLANE ( 'NONE',  #4831 ) ;
#2216 = DIRECTION ( 'NONE',  ( 0.000000000000000000, -0.000000000000000000, 1.000000000000000000 ) ) ;
#2217 = VERTEX_POINT ( 'NONE', #4878 ) ;
#2218 = VERTEX_POINT ( 'NONE', #386 ) ;
#2219 = DIRECTION ( 'NONE',  ( 1.000000000000000000, -0.000000000000000000, -0.000000000000000000 ) ) ;
#2220 =( GEOMETRIC_REPRESENTATION_CONTEXT ( 3 ) GLOBAL_UNCERTAINTY_ASSIGNED_CONTEXT ( ( #739 ) ) GLOBAL_UNIT_ASSIGNED_CONTEXT ( ( #2818, #3169, #4087 ) ) REPRESENTATION_CONTEXT ( 'NONE', 'WORKASPACE' ) );
#2221 = ORIENTED_EDGE ( 'NONE', *, *, #2329, .T. ) ;
#2222 = DIRECTION ( 'NONE',  ( -0.000000000000000000, -1.000000000000000000, -0.000000000000000000 ) ) ;
#2223 = ORIENTED_EDGE ( 'NONE', *, *, #5032, .F. ) ;
#2224 = CARTESIAN_POINT ( 'NONE',  ( -1.089999999999999858, 0.000000000000000000, 0.1150000000000000883 ) ) ;
#2225 = DIRECTION ( 'NONE',  ( 1.000000000000000000, -0.000000000000000000, -7.228014483236695816E-17 ) ) ;
#2226 = EDGE_LOOP ( 'NONE', ( #684, #553, #3387, #1769 ) ) ;
#2227 = DIRECTION ( 'NONE',  ( -1.000000000000000000, 0.000000000000000000, 0.000000000000000000 ) ) ;
#2229 = STYLED_ITEM ( 'NONE', ( #4946 ), #848 ) ;
#2228 = VECTOR ( 'NONE', #4967, 1000.000000000000000 ) ;
#2230 = EDGE_CURVE ( 'NONE', #1709, #2712, #2693, .T. ) ;
#2231 = PRESENTATION_STYLE_ASSIGNMENT (( #3437 ) ) ;
#2232 = CARTESIAN_POINT ( 'NONE',  ( 0.7249999999999998668, 0.2000000000000000944, 0.7250000000000003109 ) ) ;
#2233 = DIRECTION ( 'NONE',  ( -0.000000000000000000, -0.000000000000000000, 1.000000000000000000 ) ) ;
#2234 = CARTESIAN_POINT ( 'NONE',  ( 0.000000000000000000, 0.2000000000000000111, 0.000000000000000000 ) ) ;
#2235 = ORIENTED_EDGE ( 'NONE', *, *, #428, .F. ) ;
#2236 = CARTESIAN_POINT ( 'NONE',  ( -0.9750000000000010880, 0.5883646178829911033, -1.335000000000000187 ) ) ;
#2237 = CARTESIAN_POINT ( 'NONE',  ( -1.500000000000000000, 0.000000000000000000, 0.1150000000000001993 ) ) ;
#2238 = ORIENTED_EDGE ( 'NONE', *, *, #1573, .F. ) ;
#2239 = VERTEX_POINT ( 'NONE', #5253 ) ;
#2240 = EDGE_CURVE ( 'NONE', #629, #4183, #798, .T. ) ;
#2241 = CARTESIAN_POINT ( 'NONE',  ( 0.6230000000000011084, 0.6701063709417264258, 1.499999999999999778 ) ) ;
#2242 = VERTEX_POINT ( 'NONE', #89 ) ;
#2243 = LINE ( 'NONE', #4706, #393 ) ;
#2244 = EDGE_CURVE ( 'NONE', #601, #2153, #4453, .T. ) ;
#2245 = ADVANCED_FACE ( 'NONE', ( #4514 ), #1325, .F. ) ;
#2246 = EDGE_LOOP ( 'NONE', ( #1853, #873, #885, #104 ) ) ;
#2247 = ADVANCED_FACE ( 'NONE', ( #4417 ), #2913, .F. ) ;
#2248 = CARTESIAN_POINT ( 'NONE',  ( 0.6249999999999997780, 0.2000000000000000944, -0.7249999999999998668 ) ) ;
#2249 =( NAMED_UNIT ( * ) SI_UNIT ( $, .STERADIAN. ) SOLID_ANGLE_UNIT ( ) );
#2250 = ORIENTED_EDGE ( 'NONE', *, *, #5172, .T. ) ;
#2251 = DIRECTION ( 'NONE',  ( 1.000000000000000000, 0.000000000000000000, -0.000000000000000000 ) ) ;
#2252 = VERTEX_POINT ( 'NONE', #887 ) ;
#2253 = ORIENTED_EDGE ( 'NONE', *, *, #4572, .F. ) ;
#2254 = LINE ( 'NONE', #4734, #449 ) ;
#2255 = VECTOR ( 'NONE', #621, 1000.000000000000000 ) ;
#2256 = CARTESIAN_POINT ( 'NONE',  ( 0.000000000000000000, 0.2000000000000000111, 0.000000000000000000 ) ) ;
#2257 = EDGE_CURVE ( 'NONE', #3557, #2239, #880, .T. ) ;
#2258 = ADVANCED_FACE ( 'NONE', ( #944 ), #925, .F. ) ;
#2259 = EDGE_LOOP ( 'NONE', ( #4846, #4447, #4978, #1468 ) ) ;
#2260 = EDGE_LOOP ( 'NONE', ( #951, #3358, #1880, #1785 ) ) ;
#2261 = DIRECTION ( 'NONE',  ( 0.000000000000000000, -1.000000000000000000, 0.000000000000000000 ) ) ;
#2262 = SURFACE_SIDE_STYLE ('',( #3487 ) ) ;
#2263 = LINE ( 'NONE', #3819, #3927 ) ;
#2264 = VECTOR ( 'NONE', #3904, 1000.000000000000000 ) ;
#2265 = CARTESIAN_POINT ( 'NONE',  ( -1.200000000000000178, 0.7900000000000000355, -1.325000000000000178 ) ) ;
#2266 = CARTESIAN_POINT ( 'NONE',  ( -0.1149999999999992140, 0.000000000000000000, -1.090000000000000302 ) ) ;
#2267 = ORIENTED_EDGE ( 'NONE', *, *, #2595, .T. ) ;
#2268 = FILL_AREA_STYLE_COLOUR ( '', #545 ) ;
#2269 = ORIENTED_EDGE ( 'NONE', *, *, #630, .T. ) ;
#2270 = ORIENTED_EDGE ( 'NONE', *, *, #971, .F. ) ;
#2271 = VECTOR ( 'NONE', #674, 1000.000000000000000 ) ;
#2272 = LINE ( 'NONE', #2023, #450 ) ;
#2273 = EDGE_CURVE ( 'NONE', #5129, #2141, #2705, .T. ) ;
#2274 = CARTESIAN_POINT ( 'NONE',  ( -1.500000000000000222, 0.000000000000000000, 1.500000000000000000 ) ) ;
#2275 = DIRECTION ( 'NONE',  ( -0.000000000000000000, 1.000000000000000000, -0.000000000000000000 ) ) ;
#2276 = CARTESIAN_POINT ( 'NONE',  ( -1.500000000000000000, 0.6701063709417264258, -0.1149999999999994360 ) ) ;
#2277 = EDGE_LOOP ( 'NONE', ( #4221, #4267, #2096, #3886 ) ) ;
#2278 = ORIENTED_EDGE ( 'NONE', *, *, #4478, .F. ) ;
#2279 = CARTESIAN_POINT ( 'NONE',  ( -1.089999999999999858, 0.1999999999999999833, 0.1150000000000000883 ) ) ;
#2280 = AXIS2_PLACEMENT_3D ( 'NONE', #5252, #854, #4139 ) ;
#2281 = VECTOR ( 'NONE', #3588, 1000.000000000000000 ) ;
#2282 = LINE ( 'NONE', #3888, #3875 ) ;
#2283 = EDGE_CURVE ( 'NONE', #2357, #146, #2713, .T. ) ;
#2284 = CARTESIAN_POINT ( 'NONE',  ( 1.089999999999999858, 0.000000000000000000, -0.1149999999999996581 ) ) ;
#2285 = ORIENTED_EDGE ( 'NONE', *, *, #4983, .T. ) ;
#2286 = ORIENTED_EDGE ( 'NONE', *, *, #3071, .F. ) ;
#2287 = CARTESIAN_POINT ( 'NONE',  ( 0.6249999999999997780, 2.250609665440987950, -0.7249999999999998668 ) ) ;
#2288 = VERTEX_POINT ( 'NONE', #5147 ) ;
#2289 = VECTOR ( 'NONE', #3023, 1000.000000000000000 ) ;
#2290 = VECTOR ( 'NONE', #3247, 1000.000000000000000 ) ;
#2291 = DIRECTION ( 'NONE',  ( -1.000000000000000000, 0.000000000000000000, -0.000000000000000000 ) ) ;
#2292 = ADVANCED_FACE ( 'NONE', ( #2740 ), #1056, .T. ) ;
#2293 = AXIS2_PLACEMENT_3D ( 'NONE', #579, #3396, #938 ) ;
#2294 = DIRECTION ( 'NONE',  ( 1.057758217059029890E-15, 0.000000000000000000, 1.000000000000000000 ) ) ;
#2295 = ORIENTED_EDGE ( 'NONE', *, *, #3020, .F. ) ;
#2296 = VERTEX_POINT ( 'NONE', #1326 ) ;
#2297 = VECTOR ( 'NONE', #1072, 1000.000000000000000 ) ;
#2298 = CARTESIAN_POINT ( 'NONE',  ( 1.016000000000000014, 0.000000000000000000, 0.000000000000000000 ) ) ;
#2299 = FACE_OUTER_BOUND ( 'NONE', #3922, .T. ) ;
#2300 = DIRECTION ( 'NONE',  ( -1.000000000000000000, 0.000000000000000000, 5.288791085295141560E-16 ) ) ;
#2301 = VERTEX_POINT ( 'NONE', #90 ) ;
#2302 = EDGE_CURVE ( 'NONE', #3842, #3786, #2731, .T. ) ;
#2303 = DIRECTION ( 'NONE',  ( 0.000000000000000000, 0.000000000000000000, -1.000000000000000000 ) ) ;
#2304 = VERTEX_POINT ( 'NONE', #1464 ) ;
#2305 = EDGE_LOOP ( 'NONE', ( #1727, #623, #4199, #5221 ) ) ;
#2306 = FACE_OUTER_BOUND ( 'NONE', #504, .T. ) ;
#2307 = LINE ( 'NONE', #2662, #546 ) ;
#2308 = SURFACE_STYLE_USAGE ( .BOTH. , #4720 ) ;
#2309 = DIRECTION ( 'NONE',  ( 0.000000000000000000, -1.000000000000000000, 0.000000000000000000 ) ) ;
#2310 = CARTESIAN_POINT ( 'NONE',  ( 0.000000000000000000, 0.000000000000000000, 0.000000000000000000 ) ) ;
#2311 = VERTEX_POINT ( 'NONE', #527 ) ;
#2312 = DIRECTION ( 'NONE',  ( -1.000000000000000000, 0.000000000000000000, 2.644395542647570780E-16 ) ) ;
#2313 = CARTESIAN_POINT ( 'NONE',  ( 1.089999999999999858, 0.000000000000000000, 0.3930000000000003491 ) ) ;
#2314 = CARTESIAN_POINT ( 'NONE',  ( -1.500000000000000000, 0.1999999999999999833, 0.1150000000000001993 ) ) ;
#2315 = ORIENTED_EDGE ( 'NONE', *, *, #433, .F. ) ;
#2316 = EDGE_CURVE ( 'NONE', #3515, #3902, #1050, .T. ) ;
#2317 = AXIS2_PLACEMENT_3D ( 'NONE', #2695, #4732, #5030 ) ;
#2318 = EDGE_LOOP ( 'NONE', ( #2235, #2474, #2500, #372 ) ) ;
#2319 = ORIENTED_EDGE ( 'NONE', *, *, #1749, .T. ) ;
#2320 = LINE ( 'NONE', #3296, #2110 ) ;
#2321 = VECTOR ( 'NONE', #5211, 1000.000000000000000 ) ;
#2322 = DIRECTION ( 'NONE',  ( 0.000000000000000000, 0.000000000000000000, 1.000000000000000000 ) ) ;
#2323 = VERTEX_POINT ( 'NONE', #8 ) ;
#2324 = ORIENTED_EDGE ( 'NONE', *, *, #5028, .F. ) ;
#2325 = PLANE ( 'NONE',  #748 ) ;
#2326 = ORIENTED_EDGE ( 'NONE', *, *, #3504, .F. ) ;
#2327 = VERTEX_POINT ( 'NONE', #1267 ) ;
#2328 = PLANE ( 'NONE',  #3484 ) ;
#2329 = EDGE_CURVE ( 'NONE', #3863, #4079, #4679, .T. ) ;
#2330 = ORIENTED_EDGE ( 'NONE', *, *, #768, .F. ) ;
#2331 = ORIENTED_EDGE ( 'NONE', *, *, #2741, .F. ) ;
#2332 = LINE ( 'NONE', #4044, #2351 ) ;
#2333 = DIRECTION ( 'NONE',  ( 0.000000000000000000, 0.000000000000000000, -1.000000000000000000 ) ) ;
#2334 = VERTEX_POINT ( 'NONE', #4945 ) ;
#2335 = EDGE_CURVE ( 'NONE', #2125, #2217, #1023, .T. ) ;
#2336 = MANIFOLD_SOLID_BREP ( 'LPattern4[4]', #939 ) ;
#2337 = ORIENTED_EDGE ( 'NONE', *, *, #1884, .F. ) ;
#2338 = DIRECTION ( 'NONE',  ( 0.000000000000000000, -0.000000000000000000, -1.000000000000000000 ) ) ;
#2339 = SURFACE_STYLE_USAGE ( .BOTH. , #2262 ) ;
#2340 = ORIENTED_EDGE ( 'NONE', *, *, #5021, .F. ) ;
#2341 = VERTEX_POINT ( 'NONE', #1251 ) ;
#2342 = SURFACE_STYLE_FILL_AREA ( #2785 ) ;
#2343 = VECTOR ( 'NONE', #2424, 1000.000000000000000 ) ;
#2344 = ADVANCED_FACE ( 'NONE', ( #4633 ), #3864, .T. ) ;
#2345 = DIRECTION ( 'NONE',  ( -0.000000000000000000, -0.000000000000000000, 1.000000000000000000 ) ) ;
#2346 = ORIENTED_EDGE ( 'NONE', *, *, #3607, .T. ) ;
#2347 = CARTESIAN_POINT ( 'NONE',  ( 0.6230000000000007754, 0.6701063709417264258, 1.090000000000000302 ) ) ;
#2348 = AXIS2_PLACEMENT_3D ( 'NONE', #2491, #398, #3263 ) ;
#2349 = ORIENTED_EDGE ( 'NONE', *, *, #2240, .F. ) ;
#2350 = ORIENTED_EDGE ( 'NONE', *, *, #4084, .F. ) ;
#2351 = VECTOR ( 'NONE', #1589, 1000.000000000000000 ) ;
#2352 = CARTESIAN_POINT ( 'NONE',  ( 0.000000000000000000, 0.2000000000000000111, 0.000000000000000000 ) ) ;
#2353 = DIRECTION ( 'NONE',  ( 1.000000000000000000, -0.000000000000000000, 1.495451272393799296E-16 ) ) ;
#2354 = DIRECTION ( 'NONE',  ( 0.000000000000000000, -0.000000000000000000, -1.000000000000000000 ) ) ;
#2355 = MECHANICAL_DESIGN_GEOMETRIC_PRESENTATION_REPRESENTATION (  '', ( #4205 ), #151 ) ;
#2356 = ORIENTED_EDGE ( 'NONE', *, *, #4630, .F. ) ;
#2357 = VERTEX_POINT ( 'NONE', #2149 ) ;
#2358 = DIRECTION ( 'NONE',  ( 0.000000000000000000, 0.000000000000000000, -1.000000000000000000 ) ) ;
#2359 = VERTEX_POINT ( 'NONE', #1646 ) ;
#2360 = ORIENTED_EDGE ( 'NONE', *, *, #1439, .T. ) ;
#2361 = SURFACE_STYLE_FILL_AREA ( #3756 ) ;
#2362 = LINE ( 'NONE', #2627, #2290 ) ;
#2363 = VECTOR ( 'NONE', #2855, 1000.000000000000000 ) ;
#2364 = CARTESIAN_POINT ( 'NONE',  ( -0.1149999999999992140, 0.000000000000000000, -1.090000000000000302 ) ) ;
#2365 = VERTEX_POINT ( 'NONE', #4718 ) ;
#2366 = DIRECTION ( 'NONE',  ( 0.000000000000000000, -1.000000000000000000, 0.000000000000000000 ) ) ;
#2367 = VERTEX_POINT ( 'NONE', #4615 ) ;
#2368 = ORIENTED_EDGE ( 'NONE', *, *, #502, .T. ) ;
#2369 =( GEOMETRIC_REPRESENTATION_CONTEXT ( 3 ) GLOBAL_UNCERTAINTY_ASSIGNED_CONTEXT ( ( #118 ) ) GLOBAL_UNIT_ASSIGNED_CONTEXT ( ( #5208, #4899, #5174 ) ) REPRESENTATION_CONTEXT ( 'NONE', 'WORKASPACE' ) );
#2370 = LINE ( 'NONE', #4813, #2462 ) ;
#2371 = VERTEX_POINT ( 'NONE', #3367 ) ;
#2372 = ADVANCED_FACE ( 'NONE', ( #2771 ), #4974, .F. ) ;
#2373 = ORIENTED_EDGE ( 'NONE', *, *, #1563, .F. ) ;
#2374 = EDGE_CURVE ( 'NONE', #5122, #4997, #1086, .T. ) ;
#2375 = DIRECTION ( 'NONE',  ( 0.000000000000000000, 0.000000000000000000, 1.000000000000000000 ) ) ;
#2376 = ORIENTED_EDGE ( 'NONE', *, *, #4167, .T. ) ;
#2377 = PRESENTATION_STYLE_ASSIGNMENT (( #1849 ) ) ;
#2378 = DIRECTION ( 'NONE',  ( 0.000000000000000000, -1.000000000000000000, 0.000000000000000000 ) ) ;
#2379 = VECTOR ( 'NONE', #3625, 1000.000000000000000 ) ;
#2380 = STYLED_ITEM ( 'NONE', ( #4796 ), #600 ) ;
#2381 = EDGE_CURVE ( 'NONE', #2680, #358, #4571, .T. ) ;
#2382 = DIRECTION ( 'NONE',  ( 5.288791085295149449E-16, 0.000000000000000000, -1.000000000000000000 ) ) ;
#2383 = UNCERTAINTY_MEASURE_WITH_UNIT (LENGTH_MEASURE( 1.000000000000000082E-05 ), #5136, 'distance_accuracy_value', 'NONE');
#2384 = PLANE ( 'NONE',  #2071 ) ;
#2385 = SURFACE_STYLE_USAGE ( .BOTH. , #1443 ) ;
#2386 = CARTESIAN_POINT ( 'NONE',  ( -0.6250000000000000000, 2.250609665440987950, 0.6249999999999997780 ) ) ;
#2387 = EDGE_CURVE ( 'NONE', #4565, #4245, #2831, .T. ) ;
#2388 = ORIENTED_EDGE ( 'NONE', *, *, #3235, .T. ) ;
#2389 = VECTOR ( 'NONE', #3073, 1000.000000000000000 ) ;
#2390 = CARTESIAN_POINT ( 'NONE',  ( -0.3929999999999994609, 0.000000000000000000, -1.090000000000000302 ) ) ;
#2391 = CARTESIAN_POINT ( 'NONE',  ( -0.3929999999999992388, 0.000000000000000000, 1.090000000000000302 ) ) ;
#2392 = DIRECTION ( 'NONE',  ( 0.000000000000000000, -1.000000000000000000, 0.000000000000000000 ) ) ;
#2393 = PLANE ( 'NONE',  #3111 ) ;
#2394 = ORIENTED_EDGE ( 'NONE', *, *, #4858, .F. ) ;
#2395 = ORIENTED_EDGE ( 'NONE', *, *, #3421, .F. ) ;
#2396 = LINE ( 'NONE', #2024, #2551 ) ;
#2397 = EDGE_CURVE ( 'NONE', #916, #4188, #2835, .T. ) ;
#2398 = CARTESIAN_POINT ( 'NONE',  ( 1.089999999999999858, 0.6701063709417264258, 0.3930000000000003491 ) ) ;
#2399 = ORIENTED_EDGE ( 'NONE', *, *, #3062, .F. ) ;
#2400 = DIRECTION ( 'NONE',  ( 0.000000000000000000, -1.000000000000000000, 0.000000000000000000 ) ) ;
#2401 = ORIENTED_EDGE ( 'NONE', *, *, #5025, .F. ) ;
#2402 = FACE_OUTER_BOUND ( 'NONE', #4536, .T. ) ;
#2403 = LINE ( 'NONE', #5236, #718 ) ;
#2404 = DIRECTION ( 'NONE',  ( 0.000000000000000000, 0.000000000000000000, -1.000000000000000000 ) ) ;
#2405 = CARTESIAN_POINT ( 'NONE',  ( 0.1150000000000007405, 0.000000000000000000, 1.090000000000000302 ) ) ;
#2406 = ORIENTED_EDGE ( 'NONE', *, *, #2741, .T. ) ;
#2407 = AXIS2_PLACEMENT_3D ( 'NONE', #1781, #4315, #4727 ) ;
#2408 = ORIENTED_EDGE ( 'NONE', *, *, #4518, .F. ) ;
#2409 = VECTOR ( 'NONE', #4719, 1000.000000000000000 ) ;
#2410 = CARTESIAN_POINT ( 'NONE',  ( 0.000000000000000000, 0.2000000000000000111, 0.000000000000000000 ) ) ;
#2411 = LINE ( 'NONE', #2000, #4181 ) ;
#2412 = EDGE_CURVE ( 'NONE', #2631, #712, #2812, .T. ) ;
#2413 =( GEOMETRIC_REPRESENTATION_CONTEXT ( 3 ) GLOBAL_UNCERTAINTY_ASSIGNED_CONTEXT ( ( #1138 ) ) GLOBAL_UNIT_ASSIGNED_CONTEXT ( ( #4010, #4459, #1152 ) ) REPRESENTATION_CONTEXT ( 'NONE', 'WORKASPACE' ) );
#2414 = PLANE ( 'NONE',  #2710 ) ;
#2415 = CARTESIAN_POINT ( 'NONE',  ( -1.089999999999999858, 0.6701063709417264258, -0.6229999999999996652 ) ) ;
#2416 = ORIENTED_EDGE ( 'NONE', *, *, #388, .F. ) ;
#2417 = ADVANCED_FACE ( 'NONE', ( #2844 ), #4301, .T. ) ;
#2418 = DIRECTION ( 'NONE',  ( -1.000000000000000000, 0.000000000000000000, -1.885568995626964336E-15 ) ) ;
#2419 = ORIENTED_EDGE ( 'NONE', *, *, #2329, .F. ) ;
#2420 = LINE ( 'NONE', #5290, #2379 ) ;
#2421 = PLANE ( 'NONE',  #4556 ) ;
#2422 = CARTESIAN_POINT ( 'NONE',  ( -0.6229999999999988880, 0.1999999999999999833, 1.500000000000000222 ) ) ;
#2423 = CARTESIAN_POINT ( 'NONE',  ( 1.089999999999999858, 0.6701063709417264258, -0.1149999999999996581 ) ) ;
#2424 = DIRECTION ( 'NONE',  ( 1.000000000000000000, 0.000000000000000000, 0.000000000000000000 ) ) ;
#2425 = VERTEX_POINT ( 'NONE', #427 ) ;
#2426 = PRESENTATION_LAYER_ASSIGNMENT (  '', '', ( #480 ) ) ;
#2427 = EDGE_LOOP ( 'NONE', ( #134, #3698, #823, #2416 ) ) ;
#2428 = CARTESIAN_POINT ( 'NONE',  ( -1.089999999999999858, 0.6701063709417264258, 0.3930000000000003491 ) ) ;
#2429 = VERTEX_POINT ( 'NONE', #2191 ) ;
#2430 = FACE_OUTER_BOUND ( 'NONE', #3188, .T. ) ;
#2431 = DIRECTION ( 'NONE',  ( -1.000000000000000000, 0.000000000000000000, 0.000000000000000000 ) ) ;
#2432 = VERTEX_POINT ( 'NONE', #4186 ) ;
#2433 = EDGE_LOOP ( 'NONE', ( #578, #5224, #4112, #2324 ) ) ;
#2434 = EDGE_CURVE ( 'NONE', #1383, #108, #2767, .T. ) ;
#2435 = CARTESIAN_POINT ( 'NONE',  ( 1.016000000000000014, 0.000000000000000000, 0.000000000000000000 ) ) ;
#2436 = VERTEX_POINT ( 'NONE', #3399 ) ;
#2437 = LINE ( 'NONE', #3369, #2409 ) ;
#2438 = LINE ( 'NONE', #4872, #4307 ) ;
#2439 = EDGE_CURVE ( 'NONE', #2058, #648, #4662, .T. ) ;
#2440 = PLANE ( 'NONE',  #677 ) ;
#2441 = EDGE_CURVE ( 'NONE', #2188, #2489, #1100, .T. ) ;
#2442 = ORIENTED_EDGE ( 'NONE', *, *, #5099, .T. ) ;
#2443 = FILL_AREA_STYLE ('',( #2004 ) ) ;
#2444 = EDGE_LOOP ( 'NONE', ( #3883, #1787, #566, #3474 ) ) ;
#2445 = EDGE_CURVE ( 'NONE', #4245, #2146, #2893, .T. ) ;
#2446 = CARTESIAN_POINT ( 'NONE',  ( -1.175000000000000488, 0.1000000000000000056, -1.085000000000000187 ) ) ;
#2447 = DIRECTION ( 'NONE',  ( 0.000000000000000000, -0.000000000000000000, -1.000000000000000000 ) ) ;
#2448 = ORIENTED_EDGE ( 'NONE', *, *, #820, .F. ) ;
#2449 = ORIENTED_EDGE ( 'NONE', *, *, #3995, .F. ) ;
#2450 = DIRECTION ( 'NONE',  ( -0.000000000000000000, -1.000000000000000000, -0.000000000000000000 ) ) ;
#2451 = VECTOR ( 'NONE', #3037, 1000.000000000000000 ) ;
#2452 = CARTESIAN_POINT ( 'NONE',  ( -0.9750000000000005329, 0.000000000000000000, -1.255000000000000338 ) ) ;
#2453 = EDGE_CURVE ( 'NONE', #3889, #1736, #989, .T. ) ;
#2454 = ORIENTED_EDGE ( 'NONE', *, *, #4243, .F. ) ;
#2455 = DIRECTION ( 'NONE',  ( 0.000000000000000000, 1.000000000000000000, 0.000000000000000000 ) ) ;
#2456 = ORIENTED_EDGE ( 'NONE', *, *, #2302, .T. ) ;
#2457 = DIRECTION ( 'NONE',  ( 0.000000000000000000, 0.000000000000000000, -1.000000000000000000 ) ) ;
#2458 = EDGE_CURVE ( 'NONE', #2425, #2208, #4596, .T. ) ;
#2459 = AXIS2_PLACEMENT_3D ( 'NONE', #5117, #1896, #3471 ) ;
#2460 = EDGE_LOOP ( 'NONE', ( #932, #4510, #4965, #407 ) ) ;
#2461 = VECTOR ( 'NONE', #2929, 1000.000000000000000 ) ;
#2462 = VECTOR ( 'NONE', #2787, 1000.000000000000000 ) ;
#2463 = DIRECTION ( 'NONE',  ( 0.000000000000000000, 0.000000000000000000, -1.000000000000000000 ) ) ;
#2464 = CARTESIAN_POINT ( 'NONE',  ( -0.3929999999999994609, 0.000000000000000000, -1.090000000000000302 ) ) ;
#2465 = DIRECTION ( 'NONE',  ( 0.000000000000000000, -1.000000000000000000, 0.000000000000000000 ) ) ;
#2466 = VERTEX_POINT ( 'NONE', #3163 ) ;
#2467 = EDGE_LOOP ( 'NONE', ( #3711, #1908, #5064, #169 ) ) ;
#2468 = ADVANCED_FACE ( 'NONE', ( #4644 ), #3965, .T. ) ;
#2469 = PLANE ( 'NONE',  #2007 ) ;
#2470 = ORIENTED_EDGE ( 'NONE', *, *, #3020, .T. ) ;
#2471 = ORIENTED_EDGE ( 'NONE', *, *, #251, .F. ) ;
#2472 = VECTOR ( 'NONE', #3260, 1000.000000000000000 ) ;
#2473 = FACE_OUTER_BOUND ( 'NONE', #2890, .T. ) ;
#2474 = ORIENTED_EDGE ( 'NONE', *, *, #3607, .F. ) ;
#2475 = DIRECTION ( 'NONE',  ( 1.000000000000000000, 0.000000000000000000, 5.288791085295141560E-16 ) ) ;
#2476 = EDGE_CURVE ( 'NONE', #212, #4329, #4654, .T. ) ;
#2477 = CARTESIAN_POINT ( 'NONE',  ( 1.089999999999999858, 0.6701063709417264258, 0.3930000000000003491 ) ) ;
#2478 = VERTEX_POINT ( 'NONE', #1801 ) ;
#2479 = ORIENTED_EDGE ( 'NONE', *, *, #4363, .F. ) ;
#2480 = LINE ( 'NONE', #429, #685 ) ;
#2481 = LINE ( 'NONE', #1986, #627 ) ;
#2482 = ADVANCED_FACE ( 'NONE', ( #2779 ), #300, .F. ) ;
#2483 = CARTESIAN_POINT ( 'NONE',  ( 0.6230000000000011084, 0.2000000000000000111, 1.499999999999999778 ) ) ;
#2484 = ORIENTED_EDGE ( 'NONE', *, *, #19, .F. ) ;
#2485 = DIRECTION ( 'NONE',  ( 0.000000000000000000, 0.000000000000000000, 1.000000000000000000 ) ) ;
#2486 = AXIS2_PLACEMENT_3D ( 'NONE', #1240, #311, #4877 ) ;
#2487 = ORIENTED_EDGE ( 'NONE', *, *, #1690, .T. ) ;
#2488 = DIRECTION ( 'NONE',  ( 0.000000000000000000, -1.000000000000000000, 0.000000000000000000 ) ) ;
#2489 = VERTEX_POINT ( 'NONE', #1047 ) ;
#2490 = STYLED_ITEM ( 'NONE', ( #4756 ), #4071 ) ;
#2491 = CARTESIAN_POINT ( 'NONE',  ( 1.089999999999999858, 0.6701063709417264258, 0.6230000000000001092 ) ) ;
#2492 = ORIENTED_EDGE ( 'NONE', *, *, #2997, .F. ) ;
#2493 = LINE ( 'NONE', #4976, #626 ) ;
#2494 = LINE ( 'NONE', #4038, #2532 ) ;
#2495 = DIRECTION ( 'NONE',  ( 0.000000000000000000, -0.000000000000000000, -1.000000000000000000 ) ) ;
#2496 = ORIENTED_EDGE ( 'NONE', *, *, #2136, .F. ) ;
#2497 = DIRECTION ( 'NONE',  ( -0.000000000000000000, -0.000000000000000000, 1.000000000000000000 ) ) ;
#2498 = CARTESIAN_POINT ( 'NONE',  ( -1.175000000000000488, 0.1000000000000000472, -1.335000000000000187 ) ) ;
#2499 = VERTEX_POINT ( 'NONE', #1979 ) ;
#2500 = ORIENTED_EDGE ( 'NONE', *, *, #2117, .F. ) ;
#2501 = VECTOR ( 'NONE', #4688, 1000.000000000000000 ) ;
#2502 = CIRCLE ( 'NONE', #1249, 0.1000000000000000472 ) ;
#2503 = DIRECTION ( 'NONE',  ( 0.000000000000000000, -1.000000000000000000, 0.000000000000000000 ) ) ;
#2504 = PLANE ( 'NONE',  #3840 ) ;
#2505 = CARTESIAN_POINT ( 'NONE',  ( -0.9750000000000010880, 0.1000000000000000056, -1.335000000000000187 ) ) ;
#2506 = ORIENTED_EDGE ( 'NONE', *, *, #278, .F. ) ;
#2507 = DIRECTION ( 'NONE',  ( 0.000000000000000000, -1.000000000000000000, 0.000000000000000000 ) ) ;
#2508 = ORIENTED_EDGE ( 'NONE', *, *, #66, .F. ) ;
#2509 = VERTEX_POINT ( 'NONE', #2266 ) ;
#2510 = VECTOR ( 'NONE', #1413, 1000.000000000000000 ) ;
#2511 = AXIS2_PLACEMENT_3D ( 'NONE', #2174, #2251, #5097 ) ;
#2512 = EDGE_CURVE ( 'NONE', #3591, #28, #4540, .T. ) ;
#2513 = ORIENTED_EDGE ( 'NONE', *, *, #972, .T. ) ;
#2514 = CARTESIAN_POINT ( 'NONE',  ( -1.174999999999999822, 0.1000000000000000472, -1.005000000000000338 ) ) ;
#2515 = ADVANCED_FACE ( 'NONE', ( #2792 ), #3067, .T. ) ;
#2516 = DIRECTION ( 'NONE',  ( 0.000000000000000000, 1.000000000000000000, 0.000000000000000000 ) ) ;
#2517 = ORIENTED_EDGE ( 'NONE', *, *, #3368, .T. ) ;
#2518 = ORIENTED_EDGE ( 'NONE', *, *, #4604, .T. ) ;
#2519 = LINE ( 'NONE', #1404, #4189 ) ;
#2520 = FACE_OUTER_BOUND ( 'NONE', #2927, .T. ) ;
#2521 = CARTESIAN_POINT ( 'NONE',  ( -0.3929999999999992388, 0.000000000000000000, 1.090000000000000302 ) ) ;
#2522 = ORIENTED_EDGE ( 'NONE', *, *, #1212, .F. ) ;
#2523 = CARTESIAN_POINT ( 'NONE',  ( -1.089999999999999858, 0.000000000000000000, -0.3929999999999999050 ) ) ;
#2524 = UNCERTAINTY_MEASURE_WITH_UNIT (LENGTH_MEASURE( 1.000000000000000082E-05 ), #1317, 'distance_accuracy_value', 'NONE');
#2525 = ORIENTED_EDGE ( 'NONE', *, *, #3550, .F. ) ;
#2526 = VERTEX_POINT ( 'NONE', #3541 ) ;
#2527 = DIRECTION ( 'NONE',  ( -1.000000000000000000, 0.000000000000000000, -1.885568995626964336E-15 ) ) ;
#2528 = DIRECTION ( 'NONE',  ( 1.000000000000000000, 0.000000000000000000, 1.885568995626964336E-15 ) ) ;
#2529 = VERTEX_POINT ( 'NONE', #4745 ) ;
#2530 = LINE ( 'NONE', #1688, #4294 ) ;
#2531 = DIRECTION ( 'NONE',  ( 0.000000000000000000, -0.000000000000000000, 1.000000000000000000 ) ) ;
#2532 = VECTOR ( 'NONE', #3231, 1000.000000000000000 ) ;
#2533 = ADVANCED_FACE ( 'NONE', ( #1004 ), #4379, .T. ) ;
#2534 = DIRECTION ( 'NONE',  ( -0.000000000000000000, -1.000000000000000000, -0.000000000000000000 ) ) ;
#2535 = VERTEX_POINT ( 'NONE', #728 ) ;
#2536 = EDGE_CURVE ( 'NONE', #644, #838, #1013, .T. ) ;
#2537 =( GEOMETRIC_REPRESENTATION_CONTEXT ( 3 ) GLOBAL_UNCERTAINTY_ASSIGNED_CONTEXT ( ( #3327 ) ) GLOBAL_UNIT_ASSIGNED_CONTEXT ( ( #1348, #696, #1019 ) ) REPRESENTATION_CONTEXT ( 'NONE', 'WORKASPACE' ) );
#2538 = CARTESIAN_POINT ( 'NONE',  ( 0.1150000000000011707, 0.1999999999999999833, 1.499999999999999778 ) ) ;
#2539 = CARTESIAN_POINT ( 'NONE',  ( 1.089999999999999858, 0.1999999999999999833, -0.6229999999999996652 ) ) ;
#2540 = VERTEX_POINT ( 'NONE', #767 ) ;
#2541 = ORIENTED_EDGE ( 'NONE', *, *, #3251, .F. ) ;
#2542 = FACE_OUTER_BOUND ( 'NONE', #2433, .T. ) ;
#2543 = LINE ( 'NONE', #2084, #4202 ) ;
#2544 = MANIFOLD_SOLID_BREP ( 'LPattern3[2]', #3926 ) ;
#2545 = CARTESIAN_POINT ( 'NONE',  ( -0.3929999999999994609, 0.1999999999999999833, -1.090000000000000302 ) ) ;
#2546 = FILL_AREA_STYLE_COLOUR ( '', #2182 ) ;
#2547 = EDGE_LOOP ( 'NONE', ( #2471, #698, #3439, #5259 ) ) ;
#2548 = EDGE_LOOP ( 'NONE', ( #708, #2706, #3939, #3925 ) ) ;
#2549 = DIRECTION ( 'NONE',  ( 0.000000000000000000, -0.000000000000000000, 1.000000000000000000 ) ) ;
#2550 = VERTEX_POINT ( 'NONE', #337 ) ;
#2551 = VECTOR ( 'NONE', #2503, 1000.000000000000000 ) ;
#2552 = EDGE_CURVE ( 'NONE', #1392, #644, #2793, .T. ) ;
#2553 = VERTEX_POINT ( 'NONE', #3098 ) ;
#2554 = ORIENTED_EDGE ( 'NONE', *, *, #1694, .F. ) ;
#2555 = CARTESIAN_POINT ( 'NONE',  ( 1.500000000000000000, 0.000000000000000000, 0.1150000000000001993 ) ) ;
#2556 = ORIENTED_EDGE ( 'NONE', *, *, #4775, .T. ) ;
#2557 = EDGE_LOOP ( 'NONE', ( #4582, #4930, #309, #2496 ) ) ;
#2558 = AXIS2_PLACEMENT_3D ( 'NONE', #396, #4030, #4509 ) ;
#2559 = VECTOR ( 'NONE', #1641, 1000.000000000000000 ) ;
#2560 = DIRECTION ( 'NONE',  ( -0.000000000000000000, -1.000000000000000000, -0.000000000000000000 ) ) ;
#2561 = ORIENTED_EDGE ( 'NONE', *, *, #2453, .T. ) ;
#2562 = DIRECTION ( 'NONE',  ( 0.000000000000000000, -1.000000000000000000, 0.000000000000000000 ) ) ;
#2563 = EDGE_CURVE ( 'NONE', #1708, #4704, #1005, .T. ) ;
#2564 = VERTEX_POINT ( 'NONE', #194 ) ;
#2565 = ORIENTED_EDGE ( 'NONE', *, *, #2434, .T. ) ;
#2566 = DIRECTION ( 'NONE',  ( 5.288791085295141560E-16, -0.000000000000000000, 1.000000000000000000 ) ) ;
#2567 = CARTESIAN_POINT ( 'NONE',  ( 0.6230000000000007754, 0.2000000000000000111, -1.499999999999999778 ) ) ;
#2568 = EDGE_LOOP ( 'NONE', ( #40, #897, #1819, #2728, #2349, #1586, #3351, #960 ) ) ;
#2569 = CYLINDRICAL_SURFACE ( 'NONE', #402, 0.1000000000000000472 ) ;
#2570 = DIRECTION ( 'NONE',  ( 0.000000000000000000, -1.000000000000000000, 0.000000000000000000 ) ) ;
#2571 = VECTOR ( 'NONE', #3518, 1000.000000000000000 ) ;
#2572 = SURFACE_SIDE_STYLE ('',( #1571 ) ) ;
#2573 = ORIENTED_EDGE ( 'NONE', *, *, #199, .T. ) ;
#2574 = ORIENTED_EDGE ( 'NONE', *, *, #2670, .T. ) ;
#2575 = CARTESIAN_POINT ( 'NONE',  ( -1.500000000000000222, 6.022640687119285019, 1.500000000000000000 ) ) ;
#2576 = AXIS2_PLACEMENT_3D ( 'NONE', #3717, #2985, #3638 ) ;
#2577 = CARTESIAN_POINT ( 'NONE',  ( -1.500000000000000000, 0.1999999999999999833, 0.1150000000000001993 ) ) ;
#2578 = ORIENTED_EDGE ( 'NONE', *, *, #1683, .F. ) ;
#2579 = VERTEX_POINT ( 'NONE', #1482 ) ;
#2580 = LINE ( 'NONE', #4837, #4407 ) ;
#2581 = FACE_OUTER_BOUND ( 'NONE', #1297, .T. ) ;
#2582 = CARTESIAN_POINT ( 'NONE',  ( -1.255000000000000560, 0.1000000000000000472, -1.254999999999999671 ) ) ;
#2583 = ADVANCED_FACE ( 'NONE', ( #1034 ), #2121, .F. ) ;
#2584 = CARTESIAN_POINT ( 'NONE',  ( 1.089999999999999858, 0.000000000000000000, -0.1149999999999996581 ) ) ;
#2585 = EDGE_CURVE ( 'NONE', #1567, #4055, #2870, .T. ) ;
#2586 = ORIENTED_EDGE ( 'NONE', *, *, #3759, .T. ) ;
#2587 =( NAMED_UNIT ( * ) SI_UNIT ( $, .STERADIAN. ) SOLID_ANGLE_UNIT ( ) );
#2588 = PRESENTATION_LAYER_ASSIGNMENT (  '', '', ( #2229 ) ) ;
#2589 = ORIENTED_EDGE ( 'NONE', *, *, #4964, .T. ) ;
#2590 = SURFACE_STYLE_USAGE ( .BOTH. , #532 ) ;
#2591 = LINE ( 'NONE', #303, #806 ) ;
#2592 = EDGE_CURVE ( 'NONE', #2509, #3673, #1142, .T. ) ;
#2593 = ORIENTED_EDGE ( 'NONE', *, *, #1036, .T. ) ;
#2594 = DIRECTION ( 'NONE',  ( 0.000000000000000000, 1.000000000000000000, 0.000000000000000000 ) ) ;
#2595 = EDGE_CURVE ( 'NONE', #4101, #2301, #1101, .T. ) ;
#2596 = PRODUCT_DEFINITION ( 'UNKNOWN', '', #379, #2013 ) ;
#2597 = FACE_OUTER_BOUND ( 'NONE', #2003, .T. ) ;
#2598 = FACE_OUTER_BOUND ( 'NONE', #1311, .T. ) ;
#2599 = UNCERTAINTY_MEASURE_WITH_UNIT (LENGTH_MEASURE( 1.000000000000000082E-05 ), #4814, 'distance_accuracy_value', 'NONE');
#2600 = SURFACE_STYLE_USAGE ( .BOTH. , #2677 ) ;
#2601 = ORIENTED_EDGE ( 'NONE', *, *, #2698, .T. ) ;
#2602 = DIRECTION ( 'NONE',  ( 2.644395542647570780E-16, 0.000000000000000000, -1.000000000000000000 ) ) ;
#2603 = ORIENTED_EDGE ( 'NONE', *, *, #3442, .T. ) ;
#2604 = VERTEX_POINT ( 'NONE', #403 ) ;
#2605 = DIRECTION ( 'NONE',  ( 0.000000000000000000, -1.000000000000000000, 0.000000000000000000 ) ) ;
#2606 = DIRECTION ( 'NONE',  ( 0.000000000000000000, -0.000000000000000000, 1.000000000000000000 ) ) ;
#2607 = CARTESIAN_POINT ( 'NONE',  ( 1.089999999999999858, 0.6701063709417264258, 0.6230000000000001092 ) ) ;
#2608 = LINE ( 'NONE', #808, #4477 ) ;
#2609 = CARTESIAN_POINT ( 'NONE',  ( 1.499999999999999556, 0.1999999999999996503, -0.1149999999999996581 ) ) ;
#2610 = EDGE_CURVE ( 'NONE', #334, #619, #2825, .T. ) ;
#2611 =( LENGTH_UNIT ( ) NAMED_UNIT ( * ) SI_UNIT ( .MILLI., .METRE. ) );
#2612 = VERTEX_POINT ( 'NONE', #4519 ) ;
#2613 = ORIENTED_EDGE ( 'NONE', *, *, #4572, .T. ) ;
#2614 =( NAMED_UNIT ( * ) SI_UNIT ( $, .STERADIAN. ) SOLID_ANGLE_UNIT ( ) );
#2615 = EDGE_CURVE ( 'NONE', #3775, #3688, #1148, .T. ) ;
#2616 = CARTESIAN_POINT ( 'NONE',  ( -1.200000000000000178, 0.8900000000000000133, -1.074999999999999734 ) ) ;
#2617 = ORIENTED_EDGE ( 'NONE', *, *, #1558, .T. ) ;
#2618 = LINE ( 'NONE', #3233, #898 ) ;
#2619 = ADVANCED_FACE ( 'NONE', ( #2856 ), #807, .F. ) ;
#2620 = CARTESIAN_POINT ( 'NONE',  ( -1.089999999999999858, 0.6701063709417264258, -0.3929999999999999050 ) ) ;
#2621 = CARTESIAN_POINT ( 'NONE',  ( -0.9750000000000010880, 0.5883646178829911033, -1.005000000000000338 ) ) ;
#2622 = CARTESIAN_POINT ( 'NONE',  ( -0.9750000000000010880, 0.000000000000000000, -1.335000000000000187 ) ) ;
#2623 = ORIENTED_EDGE ( 'NONE', *, *, #5262, .F. ) ;
#2624 = AXIS2_PLACEMENT_3D ( 'NONE', #1048, #2602, #5076 ) ;
#2625 = EDGE_LOOP ( 'NONE', ( #1039, #4640, #353, #722 ) ) ;
#2626 =( NAMED_UNIT ( * ) SI_UNIT ( $, .STERADIAN. ) SOLID_ANGLE_UNIT ( ) );
#2627 = CARTESIAN_POINT ( 'NONE',  ( 0.6230000000000007754, 0.2000000000000000111, -1.499999999999999778 ) ) ;
#2628 = AXIS2_PLACEMENT_3D ( 'NONE', #371, #4774, #4002 ) ;
#2629 = SURFACE_STYLE_FILL_AREA ( #4380 ) ;
#2630 = COLOUR_RGB ( '',1.000000000000000000, 0.5019607843137254832, 0.5019607843137254832 ) ;
#2631 = VERTEX_POINT ( 'NONE', #2538 ) ;
#2632 = DIRECTION ( 'NONE',  ( -1.000000000000000000, 0.000000000000000000, 0.000000000000000000 ) ) ;
#2633 = AXIS2_PLACEMENT_3D ( 'NONE', #528, #959, #1328 ) ;
#2634 = DIRECTION ( 'NONE',  ( 1.000000000000000000, 0.000000000000000000, -0.000000000000000000 ) ) ;
#2635 = CLOSED_SHELL ( 'NONE', ( #1364, #3830, #3546, #1250, #535, #2533 ) ) ;
#2636 = DIRECTION ( 'NONE',  ( -0.000000000000000000, -1.000000000000000000, -0.000000000000000000 ) ) ;
#2637 = EDGE_LOOP ( 'NONE', ( #3523, #5199, #4040, #2019, #538, #3851, #592, #2098, #252, #2250, #2130, #4075, #3769, #3873, #2048, #2346 ) ) ;
#2638 =( NAMED_UNIT ( * ) PLANE_ANGLE_UNIT ( ) SI_UNIT ( $, .RADIAN. ) );
#2639 = ORIENTED_EDGE ( 'NONE', *, *, #2786, .T. ) ;
#2640 = ORIENTED_EDGE ( 'NONE', *, *, #3909, .T. ) ;
#2641 = CARTESIAN_POINT ( 'NONE',  ( 0.000000000000000000, 0.2000000000000000111, 0.000000000000000000 ) ) ;
#2642 = DIRECTION ( 'NONE',  ( -1.885568995626963547E-15, 0.000000000000000000, -1.000000000000000000 ) ) ;
#2643 = DIRECTION ( 'NONE',  ( 1.000000000000000000, 0.000000000000000000, 0.000000000000000000 ) ) ;
#2644 = VECTOR ( 'NONE', #1230, 1000.000000000000000 ) ;
#2645 = CARTESIAN_POINT ( 'NONE',  ( -1.500000000000000000, 0.1999999999999999833, -0.3929999999999997939 ) ) ;
#2646 = PRESENTATION_STYLE_ASSIGNMENT (( #2170 ) ) ;
#2647 = EDGE_CURVE ( 'NONE', #2209, #2359, #4623, .T. ) ;
#2648 = ORIENTED_EDGE ( 'NONE', *, *, #2458, .T. ) ;
#2649 = ORIENTED_EDGE ( 'NONE', *, *, #4255, .T. ) ;
#2650 = CARTESIAN_POINT ( 'NONE',  ( -0.1149999999999990058, 0.2000000000000000111, 1.090000000000000302 ) ) ;
#2651 = ORIENTED_EDGE ( 'NONE', *, *, #1298, .T. ) ;
#2652 = EDGE_CURVE ( 'NONE', #4914, #2365, #4646, .T. ) ;
#2653 = COLOUR_RGB ( '',0.7921568627450980005, 0.8196078431372548767, 0.9333333333333333481 ) ;
#2654 =( LENGTH_UNIT ( ) NAMED_UNIT ( * ) SI_UNIT ( .MILLI., .METRE. ) );
#2655 = APPLICATION_PROTOCOL_DEFINITION ( 'draft international standard', 'automotive_design', 1998, #3050 ) ;
#2656 = AXIS2_PLACEMENT_3D ( 'NONE', #5166, #4516, #4445 ) ;
#2657 = CARTESIAN_POINT ( 'NONE',  ( 0.1150000000000007405, 0.000000000000000000, -1.499999999999999778 ) ) ;
#2658 = EDGE_CURVE ( 'NONE', #1332, #2327, #1095, .T. ) ;
#2659 = ORIENTED_EDGE ( 'NONE', *, *, #3046, .T. ) ;
#2660 = VERTEX_POINT ( 'NONE', #3378 ) ;
#2661 = DIRECTION ( 'NONE',  ( 1.000000000000000000, 0.000000000000000000, 2.644395542647570780E-16 ) ) ;
#2662 = CARTESIAN_POINT ( 'NONE',  ( 1.089999999999999858, 0.1999999999999999833, -0.3929999999999999050 ) ) ;
#2663 = EDGE_CURVE ( 'NONE', #2478, #4444, #4656, .T. ) ;
#2664 = VECTOR ( 'NONE', #4340, 1000.000000000000000 ) ;
#2665 = LINE ( 'NONE', #3110, #2571 ) ;
#2666 = ADVANCED_FACE ( 'NONE', ( #2772 ), #4954, .F. ) ;
#2667 = ORIENTED_EDGE ( 'NONE', *, *, #5138, .T. ) ;
#2668 = CARTESIAN_POINT ( 'NONE',  ( -1.089999999999999858, 0.000000000000000000, 0.6230000000000001092 ) ) ;
#2669 = CARTESIAN_POINT ( 'NONE',  ( -1.500000000000000222, 0.8900000000000001243, 1.500000000000000000 ) ) ;
#2670 = EDGE_CURVE ( 'NONE', #4376, #6, #2894, .T. ) ;
#2671 = AXIS2_PLACEMENT_3D ( 'NONE', #4269, #4348, #3906 ) ;
#2672 = UNCERTAINTY_MEASURE_WITH_UNIT (LENGTH_MEASURE( 1.000000000000000082E-05 ), #4832, 'distance_accuracy_value', 'NONE');
#2673 = ORIENTED_EDGE ( 'NONE', *, *, #497, .T. ) ;
#2674 = FACE_OUTER_BOUND ( 'NONE', #3739, .T. ) ;
#2675 = CARTESIAN_POINT ( 'NONE',  ( -1.089999999999999858, 0.1999999999999999833, 0.1150000000000000883 ) ) ;
#2676 = CIRCLE ( 'NONE', #828, 0.1000000000000000472 ) ;
#2677 = SURFACE_SIDE_STYLE ('',( #981 ) ) ;
#2678 = VERTEX_POINT ( 'NONE', #5271 ) ;
#2679 = SURFACE_STYLE_USAGE ( .BOTH. , #117 ) ;
#2680 = VERTEX_POINT ( 'NONE', #1290 ) ;
#2681 = ORIENTED_EDGE ( 'NONE', *, *, #3447, .F. ) ;
#2682 = CARTESIAN_POINT ( 'NONE',  ( -1.500000000000000000, 0.6701063709417264258, 0.6230000000000002203 ) ) ;
#2683 = VECTOR ( 'NONE', #5090, 1000.000000000000000 ) ;
#2684 = DIRECTION ( 'NONE',  ( 0.000000000000000000, -0.000000000000000000, 1.000000000000000000 ) ) ;
#2685 = LINE ( 'NONE', #883, #4416 ) ;
#2686 = DIRECTION ( 'NONE',  ( -1.000000000000000000, -0.000000000000000000, -0.000000000000000000 ) ) ;
#2687 = FACE_OUTER_BOUND ( 'NONE', #2688, .T. ) ;
#2688 = EDGE_LOOP ( 'NONE', ( #594, #1606, #640, #3609 ) ) ;
#2689 = CARTESIAN_POINT ( 'NONE',  ( 1.089999999999999858, 0.1999999999999999833, 0.6230000000000001092 ) ) ;
#2690 = ORIENTED_EDGE ( 'NONE', *, *, #175, .F. ) ;
#2691 = LINE ( 'NONE', #84, #4452 ) ;
#2692 = AXIS2_PLACEMENT_3D ( 'NONE', #1334, #2291, #220 ) ;
#2693 = LINE ( 'NONE', #4498, #937 ) ;
#2694 = CARTESIAN_POINT ( 'NONE',  ( 0.6230000000000007754, 0.2000000000000000111, 1.090000000000000302 ) ) ;
#2695 = CARTESIAN_POINT ( 'NONE',  ( 0.000000000000000000, 0.000000000000000000, 0.000000000000000000 ) ) ;
#2696 = ORIENTED_EDGE ( 'NONE', *, *, #1885, .T. ) ;
#2697 = FILL_AREA_STYLE_COLOUR ( '', #1451 ) ;
#2698 = EDGE_CURVE ( 'NONE', #2529, #789, #4533, .T. ) ;
#2699 = AXIS2_PLACEMENT_3D ( 'NONE', #2347, #3166, #4808 ) ;
#2700 = EDGE_LOOP ( 'NONE', ( #4402, #2139, #4308, #741 ) ) ;
#2701 = ORIENTED_EDGE ( 'NONE', *, *, #702, .T. ) ;
#2702 = DIRECTION ( 'NONE',  ( 0.000000000000000000, -1.000000000000000000, 0.000000000000000000 ) ) ;
#2703 = PLANE ( 'NONE',  #1674 ) ;
#2704 = VECTOR ( 'NONE', #4520, 1000.000000000000000 ) ;
#2705 = LINE ( 'NONE', #625, #4464 ) ;
#2706 = ORIENTED_EDGE ( 'NONE', *, *, #3251, .T. ) ;
#2707 = DIRECTION ( 'NONE',  ( -0.000000000000000000, -0.000000000000000000, 1.000000000000000000 ) ) ;
#2708 =( LENGTH_UNIT ( ) NAMED_UNIT ( * ) SI_UNIT ( .MILLI., .METRE. ) );
#2709 = ORIENTED_EDGE ( 'NONE', *, *, #2512, .F. ) ;
#2710 = AXIS2_PLACEMENT_3D ( 'NONE', #1195, #1930, #1974 ) ;
#2711 = PLANE ( 'NONE',  #671 ) ;
#2712 = VERTEX_POINT ( 'NONE', #1322 ) ;
#2713 = LINE ( 'NONE', #2314, #4470 ) ;
#2714 = ADVANCED_FACE ( 'NONE', ( #2904 ), #2879, .F. ) ;
#2715 = DIRECTION ( 'NONE',  ( -0.000000000000000000, -1.000000000000000000, -0.000000000000000000 ) ) ;
#2716 = CARTESIAN_POINT ( 'NONE',  ( 1.499999999999999556, 0.000000000000000000, 1.499999999999999778 ) ) ;
#2717 = ORIENTED_EDGE ( 'NONE', *, *, #1433, .T. ) ;
#2718 = AXIS2_PLACEMENT_3D ( 'NONE', #2749, #4299, #1705 ) ;
#2719 = EDGE_CURVE ( 'NONE', #5129, #1983, #4680, .T. ) ;
#2720 = ORIENTED_EDGE ( 'NONE', *, *, #5025, .T. ) ;
#2721 = DIRECTION ( 'NONE',  ( 1.057758217059029890E-15, 0.000000000000000000, 1.000000000000000000 ) ) ;
#2722 = CARTESIAN_POINT ( 'NONE',  ( 0.6230000000000007754, 0.6701063709417264258, -1.499999999999999778 ) ) ;
#2723 = LINE ( 'NONE', #1483, #832 ) ;
#2724 = VECTOR ( 'NONE', #4553, 1000.000000000000000 ) ;
#2725 = EDGE_CURVE ( 'NONE', #4349, #2509, #2910, .T. ) ;
#2726 = VERTEX_POINT ( 'NONE', #3269 ) ;
#2727 = CARTESIAN_POINT ( 'NONE',  ( 0.6230000000000007754, 0.000000000000000000, -1.499999999999999778 ) ) ;
#2728 = ORIENTED_EDGE ( 'NONE', *, *, #5260, .T. ) ;
#2729 = EDGE_CURVE ( 'NONE', #3153, #903, #4701, .T. ) ;
#2730 = VECTOR ( 'NONE', #2333, 1000.000000000000000 ) ;
#2731 = LINE ( 'NONE', #2694, #4497 ) ;
#2732 = DIRECTION ( 'NONE',  ( -1.000000000000000000, 0.000000000000000000, 2.644395542647570780E-16 ) ) ;
#2733 = CARTESIAN_POINT ( 'NONE',  ( -1.089999999999999858, 0.1999999999999999833, -0.1149999999999996581 ) ) ;
#2734 = DIRECTION ( 'NONE',  ( 0.000000000000000000, -1.000000000000000000, 0.000000000000000000 ) ) ;
#2735 = EDGE_CURVE ( 'NONE', #2535, #5276, #4696, .T. ) ;
#2736 = ORIENTED_EDGE ( 'NONE', *, *, #2719, .F. ) ;
#2737 = ORIENTED_EDGE ( 'NONE', *, *, #2766, .F. ) ;
#2738 = CARTESIAN_POINT ( 'NONE',  ( -1.175000000000000488, 0.5883646178829911033, -1.255000000000000338 ) ) ;
#2739 = LINE ( 'NONE', #3325, #4496 ) ;
#2740 = FACE_OUTER_BOUND ( 'NONE', #5165, .T. ) ;
#2741 = EDGE_CURVE ( 'NONE', #2978, #2550, #4468, .T. ) ;
#2742 = AXIS2_PLACEMENT_3D ( 'NONE', #3642, #3264, #4410 ) ;
#2743 = DIRECTION ( 'NONE',  ( 0.000000000000000000, -1.000000000000000000, 0.000000000000000000 ) ) ;
#2744 = CARTESIAN_POINT ( 'NONE',  ( 1.089999999999999858, 0.6701063709417264258, 0.3930000000000003491 ) ) ;
#2745 = ORIENTED_EDGE ( 'NONE', *, *, #5044, .T. ) ;
#2746 = EDGE_CURVE ( 'NONE', #4966, #916, #3070, .T. ) ;
#2747 = VERTEX_POINT ( 'NONE', #628 ) ;
#2748 = VECTOR ( 'NONE', #3955, 1000.000000000000000 ) ;
#2749 = CARTESIAN_POINT ( 'NONE',  ( -0.6250000000000000000, 0.2000000000000000944, -0.6250000000000000000 ) ) ;
#2750 = LINE ( 'NONE', #4446, #869 ) ;
#2751 = FILL_AREA_STYLE ('',( #1514 ) ) ;
#2752 = PLANE ( 'NONE',  #2628 ) ;
#2753 = ORIENTED_EDGE ( 'NONE', *, *, #3866, .T. ) ;
#2754 = EDGE_CURVE ( 'NONE', #690, #2304, #3100, .T. ) ;
#2755 = VERTEX_POINT ( 'NONE', #5024 ) ;
#2756 = CARTESIAN_POINT ( 'NONE',  ( -0.6250000000000000000, 0.000000000000000000, -0.6250000000000000000 ) ) ;
#2757 = CARTESIAN_POINT ( 'NONE',  ( 0.1150000000000007405, 0.2000000000000000111, 1.090000000000000302 ) ) ;
#2758 = ADVANCED_FACE ( 'NONE', ( #4903 ), #1816, .T. ) ;
#2759 = CARTESIAN_POINT ( 'NONE',  ( 1.500000000000000000, 0.1999999999999999833, -0.3929999999999997939 ) ) ;
#2760 = CARTESIAN_POINT ( 'NONE',  ( -1.174999999999999822, 0.1000000000000000056, -1.335000000000000187 ) ) ;
#2761 = VECTOR ( 'NONE', #254, 1000.000000000000000 ) ;
#2762 = CARTESIAN_POINT ( 'NONE',  ( -1.500000000000000000, 0.000000000000000000, -0.3929999999999997939 ) ) ;
#2763 = FACE_OUTER_BOUND ( 'NONE', #3977, .T. ) ;
#2764 = AXIS2_PLACEMENT_3D ( 'NONE', #274, #2814, #1083 ) ;
#2766 = EDGE_CURVE ( 'NONE', #3893, #505, #3143, .T. ) ;
#2765 = LINE ( 'NONE', #2483, #2748 ) ;
#2767 = LINE ( 'NONE', #5295, #2902 ) ;
#2768 = DIRECTION ( 'NONE',  ( 0.000000000000000000, 1.000000000000000000, 0.000000000000000000 ) ) ;
#2769 = FILL_AREA_STYLE_COLOUR ( '', #4842 ) ;
#2770 = LINE ( 'NONE', #1651, #4530 ) ;
#2771 = FACE_OUTER_BOUND ( 'NONE', #1850, .T. ) ;
#2772 = FACE_OUTER_BOUND ( 'NONE', #405, .T. ) ;
#2773 = CARTESIAN_POINT ( 'NONE',  ( -0.1149999999999990058, 0.1999999999999999833, 1.090000000000000302 ) ) ;
#2774 = SURFACE_STYLE_USAGE ( .BOTH. , #968 ) ;
#2775 = ORIENTED_EDGE ( 'NONE', *, *, #1286, .T. ) ;
#2776 = CARTESIAN_POINT ( 'NONE',  ( -1.200000000000000178, 0.8900000000000000133, -1.325000000000000400 ) ) ;
#2777 = LINE ( 'NONE', #4827, #4547 ) ;
#2778 = CARTESIAN_POINT ( 'NONE',  ( -1.089999999999999858, 0.6701063709417264258, -0.3929999999999999050 ) ) ;
#2779 = FACE_OUTER_BOUND ( 'NONE', #5293, .T. ) ;
#2780 = DIRECTION ( 'NONE',  ( 1.000000000000000000, 0.000000000000000000, 0.000000000000000000 ) ) ;
#2781 = AXIS2_PLACEMENT_3D ( 'NONE', #1943, #2465, #4815 ) ;
#2782 = EDGE_CURVE ( 'NONE', #2535, #2334, #3885, .T. ) ;
#2783 = DIRECTION ( 'NONE',  ( 0.000000000000000000, -1.000000000000000000, 0.000000000000000000 ) ) ;
#2784 = ORIENTED_EDGE ( 'NONE', *, *, #3553, .T. ) ;
#2785 = FILL_AREA_STYLE ('',( #201 ) ) ;
#2786 = EDGE_CURVE ( 'NONE', #5276, #3140, #1845, .T. ) ;
#2787 = DIRECTION ( 'NONE',  ( 0.000000000000000000, -1.000000000000000000, 0.000000000000000000 ) ) ;
#2788 = CARTESIAN_POINT ( 'NONE',  ( 0.7249999999999998668, 0.000000000000000000, -0.7249999999999998668 ) ) ;
#2789 = CARTESIAN_POINT ( 'NONE',  ( -0.3929999999999992388, 0.6701063709417264258, 1.090000000000000302 ) ) ;
#2790 = LINE ( 'NONE', #4917, #1012 ) ;
#2791 = DIRECTION ( 'NONE',  ( 0.000000000000000000, 0.000000000000000000, -1.000000000000000000 ) ) ;
#2792 = FACE_OUTER_BOUND ( 'NONE', #4483, .T. ) ;
#2793 = LINE ( 'NONE', #1168, #4551 ) ;
#2794 = EDGE_CURVE ( 'NONE', #31, #212, #1902, .T. ) ;
#2795 = VERTEX_POINT ( 'NONE', #2727 ) ;
#2796 = DIRECTION ( 'NONE',  ( 1.000000000000000000, -0.000000000000000000, 0.000000000000000000 ) ) ;
#2797 = LINE ( 'NONE', #2620, #4487 ) ;
#2798 = VECTOR ( 'NONE', #1403, 1000.000000000000000 ) ;
#2799 = CARTESIAN_POINT ( 'NONE',  ( -1.255000000000000560, 0.1000000000000000056, -1.254999999999999671 ) ) ;
#2800 = VERTEX_POINT ( 'NONE', #3446 ) ;
#2801 = EDGE_CURVE ( 'NONE', #712, #4668, #3621, .T. ) ;
#2802 = AXIS2_PLACEMENT_3D ( 'NONE', #4480, #3892, #1434 ) ;
#2803 = VECTOR ( 'NONE', #5007, 1000.000000000000000 ) ;
#2804 = VECTOR ( 'NONE', #3999, 1000.000000000000000 ) ;
#2805 = VECTOR ( 'NONE', #1584, 1000.000000000000000 ) ;
#2806 = DIRECTION ( 'NONE',  ( -1.057758217059029890E-15, -0.000000000000000000, -1.000000000000000000 ) ) ;
#2807 = ORIENTED_EDGE ( 'NONE', *, *, #3362, .T. ) ;
#2808 = ORIENTED_EDGE ( 'NONE', *, *, #3362, .F. ) ;
#2809 = CARTESIAN_POINT ( 'NONE',  ( 0.6230000000000007754, 0.000000000000000000, 1.090000000000000302 ) ) ;
#2810 = VECTOR ( 'NONE', #5261, 1000.000000000000000 ) ;
#2811 = PLANE ( 'NONE',  #3831 ) ;
#2812 = LINE ( 'NONE', #3433, #1058 ) ;
#2813 = DIRECTION ( 'NONE',  ( 2.644395542647571766E-16, 0.000000000000000000, 1.000000000000000000 ) ) ;
#2814 = DIRECTION ( 'NONE',  ( 0.000000000000000000, -1.000000000000000000, 0.000000000000000000 ) ) ;
#2815 = CARTESIAN_POINT ( 'NONE',  ( 1.500000000000000000, 0.6701063709417264258, 0.1150000000000001993 ) ) ;
#2816 = ORIENTED_EDGE ( 'NONE', *, *, #3895, .T. ) ;
#2817 = DIRECTION ( 'NONE',  ( -0.000000000000000000, -1.000000000000000000, -0.000000000000000000 ) ) ;
#2818 =( LENGTH_UNIT ( ) NAMED_UNIT ( * ) SI_UNIT ( .MILLI., .METRE. ) );
#2819 = CARTESIAN_POINT ( 'NONE',  ( 0.7249999999999998668, 0.000000000000000000, -0.7249999999999998668 ) ) ;
#2820 = FILL_AREA_STYLE ('',( #4347 ) ) ;
#2821 = CARTESIAN_POINT ( 'NONE',  ( 0.000000000000000000, 0.2000000000000000111, 0.000000000000000000 ) ) ;
#2822 = FACE_OUTER_BOUND ( 'NONE', #3818, .T. ) ;
#2823 = PLANE ( 'NONE',  #367 ) ;
#2824 = MECHANICAL_DESIGN_GEOMETRIC_PRESENTATION_REPRESENTATION (  '', ( #4672 ), #3397 ) ;
#2825 = LINE ( 'NONE', #4241, #4614 ) ;
#2826 = ADVANCED_FACE ( 'NONE', ( #1977 ), #2202, .F. ) ;
#2827 = ORIENTED_EDGE ( 'NONE', *, *, #287, .F. ) ;
#2828 = CARTESIAN_POINT ( 'NONE',  ( 1.500000000000000000, 0.6701063709417264258, -0.3929999999999997939 ) ) ;
#2829 = EDGE_CURVE ( 'NONE', #1708, #2341, #3732, .T. ) ;
#2830 = LINE ( 'NONE', #1161, #2854 ) ;
#2831 = CIRCLE ( 'NONE', #4601, 0.07999999999999998779 ) ;
#2832 = DIRECTION ( 'NONE',  ( 0.000000000000000000, 1.000000000000000000, 0.000000000000000000 ) ) ;
#2833 = ORIENTED_EDGE ( 'NONE', *, *, #3635, .T. ) ;
#2834 = VECTOR ( 'NONE', #3915, 1000.000000000000000 ) ;
#2835 = LINE ( 'NONE', #1010, #2868 ) ;
#2836 = PRESENTATION_STYLE_ASSIGNMENT (( #4773 ) ) ;
#2837 = EDGE_CURVE ( 'NONE', #660, #4254, #1821, .T. ) ;
#2838 = ORIENTED_EDGE ( 'NONE', *, *, #368, .F. ) ;
#2839 = ORIENTED_EDGE ( 'NONE', *, *, #4478, .T. ) ;
#2840 =( NAMED_UNIT ( * ) SI_UNIT ( $, .STERADIAN. ) SOLID_ANGLE_UNIT ( ) );
#2841 =( GEOMETRIC_REPRESENTATION_CONTEXT ( 3 ) GLOBAL_UNCERTAINTY_ASSIGNED_CONTEXT ( ( #2969 ) ) GLOBAL_UNIT_ASSIGNED_CONTEXT ( ( #1696, #2129, #2587 ) ) REPRESENTATION_CONTEXT ( 'NONE', 'WORKASPACE' ) );
#2842 = EDGE_CURVE ( 'NONE', #3508, #903, #2102, .T. ) ;
#2843 = VECTOR ( 'NONE', #293, 1000.000000000000000 ) ;
#2844 = FACE_OUTER_BOUND ( 'NONE', #2154, .T. ) ;
#2845 = CARTESIAN_POINT ( 'NONE',  ( -0.6250000000000000000, 0.2000000000000000944, 0.7249999999999998668 ) ) ;
#2846 = SURFACE_STYLE_FILL_AREA ( #3501 ) ;
#2847 = DIRECTION ( 'NONE',  ( 1.000000000000000000, -0.000000000000000000, -0.000000000000000000 ) ) ;
#2848 = EDGE_CURVE ( 'NONE', #3196, #1594, #345, .T. ) ;
#2849 = ORIENTED_EDGE ( 'NONE', *, *, #4368, .T. ) ;
#2850 = ORIENTED_EDGE ( 'NONE', *, *, #4231, .F. ) ;
#2851 =( NAMED_UNIT ( * ) PLANE_ANGLE_UNIT ( ) SI_UNIT ( $, .RADIAN. ) );
#2852 = DIRECTION ( 'NONE',  ( 0.000000000000000000, -0.000000000000000000, 1.000000000000000000 ) ) ;
#2853 = DIRECTION ( 'NONE',  ( 0.000000000000000000, -1.000000000000000000, 0.000000000000000000 ) ) ;
#2854 = VECTOR ( 'NONE', #4543, 1000.000000000000000 ) ;
#2855 = DIRECTION ( 'NONE',  ( -1.000000000000000000, 0.000000000000000000, 0.000000000000000000 ) ) ;
#2856 = FACE_OUTER_BOUND ( 'NONE', #1689, .T. ) ;
#2857 = ORIENTED_EDGE ( 'NONE', *, *, #3774, .T. ) ;
#2858 = DIRECTION ( 'NONE',  ( 0.000000000000000000, -0.000000000000000000, -1.000000000000000000 ) ) ;
#2859 = LINE ( 'NONE', #4403, #4670 ) ;
#2860 = COLOUR_RGB ( '',0.7921568627450980005, 0.8196078431372548767, 0.9333333333333333481 ) ;
#2861 = EDGE_CURVE ( 'NONE', #1111, #2429, #3693, .T. ) ;
#2862 = VECTOR ( 'NONE', #2018, 1000.000000000000000 ) ;
#2863 = ADVANCED_FACE ( 'NONE', ( #2092 ), #3879, .T. ) ;
#2864 = VERTEX_POINT ( 'NONE', #3077 ) ;
#2865 = EDGE_CURVE ( 'NONE', #2208, #5276, #3721, .T. ) ;
#2866 = CARTESIAN_POINT ( 'NONE',  ( 0.6230000000000007754, 0.2000000000000000111, 1.090000000000000302 ) ) ;
#2867 = FACE_OUTER_BOUND ( 'NONE', #720, .T. ) ;
#2868 = VECTOR ( 'NONE', #547, 1000.000000000000000 ) ;
#2869 =( LENGTH_UNIT ( ) NAMED_UNIT ( * ) SI_UNIT ( .MILLI., .METRE. ) );
#2870 = LINE ( 'NONE', #4163, #4587 ) ;
#2871 = DIRECTION ( 'NONE',  ( -0.000000000000000000, 0.000000000000000000, 1.000000000000000000 ) ) ;
#2872 = AXIS2_PLACEMENT_3D ( 'NONE', #27, #1611, #2485 ) ;
#2873 = CARTESIAN_POINT ( 'NONE',  ( -1.500000000000000000, 0.6701063709417264258, -0.3929999999999997939 ) ) ;
#2874 = LINE ( 'NONE', #3534, #2803 ) ;
#2875 = VECTOR ( 'NONE', #1768, 1000.000000000000000 ) ;
#2876 = AXIS2_PLACEMENT_3D ( 'NONE', #360, #794, #1187 ) ;
#2877 = DIRECTION ( 'NONE',  ( -1.000000000000000000, 0.000000000000000000, -5.288791085295149449E-16 ) ) ;
#2878 = VECTOR ( 'NONE', #41, 1000.000000000000000 ) ;
#2879 = PLANE ( 'NONE',  #1476 ) ;
#2880 = CARTESIAN_POINT ( 'NONE',  ( -0.8950000000000004619, 0.000000000000000000, -1.254999999999999671 ) ) ;
#2881 = AXIS2_PLACEMENT_3D ( 'NONE', #3780, #4206, #5212 ) ;
#2882 = CARTESIAN_POINT ( 'NONE',  ( -0.6229999999999989990, 0.000000000000000000, 1.090000000000000302 ) ) ;
#2883 = DIRECTION ( 'NONE',  ( 0.000000000000000000, 1.000000000000000000, 0.000000000000000000 ) ) ;
#2884 = DIRECTION ( 'NONE',  ( 0.000000000000000000, -1.000000000000000000, 0.000000000000000000 ) ) ;
#2885 = PLANE ( 'NONE',  #3377 ) ;
#2886 = LINE ( 'NONE', #994, #997 ) ;
#2887 = DIRECTION ( 'NONE',  ( 0.000000000000000000, -1.000000000000000000, 0.000000000000000000 ) ) ;
#2888 =( GEOMETRIC_REPRESENTATION_CONTEXT ( 3 ) GLOBAL_UNCERTAINTY_ASSIGNED_CONTEXT ( ( #3520 ) ) GLOBAL_UNIT_ASSIGNED_CONTEXT ( ( #3507, #2851, #5142 ) ) REPRESENTATION_CONTEXT ( 'NONE', 'WORKASPACE' ) );
#2889 = COLOUR_RGB ( '',1.000000000000000000, 0.5019607843137254832, 0.5019607843137254832 ) ;
#2890 = EDGE_LOOP ( 'NONE', ( #3877, #1759, #5185, #2696 ) ) ;
#2891 = CARTESIAN_POINT ( 'NONE',  ( -1.089999999999999858, 0.1999999999999999833, -0.6229999999999996652 ) ) ;
#2892 = FACE_OUTER_BOUND ( 'NONE', #777, .T. ) ;
#2893 = LINE ( 'NONE', #4151, #1070 ) ;
#2894 = CIRCLE ( 'NONE', #4886, 0.1250000000000001110 ) ;
#2895 = AXIS2_PLACEMENT_3D ( 'NONE', #2352, #1087, #3969 ) ;
#2896 = EDGE_CURVE ( 'NONE', #3715, #2301, #1966, .T. ) ;
#2897 = DIRECTION ( 'NONE',  ( 0.000000000000000000, -0.000000000000000000, 1.000000000000000000 ) ) ;
#2898 = ORIENTED_EDGE ( 'NONE', *, *, #2801, .F. ) ;
#2899 = CARTESIAN_POINT ( 'NONE',  ( 1.500000000000000000, 0.6701063709417264258, 0.1150000000000001993 ) ) ;
#2900 = LINE ( 'NONE', #4507, #1115 ) ;
#2901 = EDGE_CURVE ( 'NONE', #4263, #1869, #1882, .T. ) ;
#2902 = VECTOR ( 'NONE', #867, 1000.000000000000000 ) ;
#2903 = DIRECTION ( 'NONE',  ( -0.000000000000000000, -1.000000000000000000, -0.000000000000000000 ) ) ;
#2904 = FACE_OUTER_BOUND ( 'NONE', #558, .T. ) ;
#2905 = AXIS2_PLACEMENT_3D ( 'NONE', #5214, #3243, #4012 ) ;
#2906 = EDGE_CURVE ( 'NONE', #2864, #3250, #210, .T. ) ;
#2908 = EDGE_LOOP ( 'NONE', ( #67, #5141, #1406, #4511 ) ) ;
#2907 = DIRECTION ( 'NONE',  ( -0.000000000000000000, -0.000000000000000000, -1.000000000000000000 ) ) ;
#2909 = PLANE ( 'NONE',  #3589 ) ;
#2910 = LINE ( 'NONE', #955, #1134 ) ;
#2911 = CARTESIAN_POINT ( 'NONE',  ( -0.3929999999999992388, 0.6701063709417264258, -1.499999999999999778 ) ) ;
#2912 = AXIS2_PLACEMENT_3D ( 'NONE', #3194, #3564, #2074 ) ;
#2913 = PLANE ( 'NONE',  #2147 ) ;
#2914 = DIRECTION ( 'NONE',  ( -0.000000000000000000, -1.000000000000000000, -0.000000000000000000 ) ) ;
#2915 = ADVANCED_FACE ( 'NONE', ( #3752 ), #1527, .F. ) ;
#2916 = CARTESIAN_POINT ( 'NONE',  ( -1.089999999999999858, 0.6701063709417264258, 0.6230000000000001092 ) ) ;
#2917 = DIRECTION ( 'NONE',  ( 0.000000000000000000, -0.000000000000000000, -1.000000000000000000 ) ) ;
#2918 = LINE ( 'NONE', #4584, #1139 ) ;
#2919 = UNCERTAINTY_MEASURE_WITH_UNIT (LENGTH_MEASURE( 1.000000000000000082E-05 ), #548, 'distance_accuracy_value', 'NONE');
#2920 = EDGE_CURVE ( 'NONE', #544, #3315, #152, .T. ) ;
#2921 = VECTOR ( 'NONE', #881, 1000.000000000000000 ) ;
#2922 = PLANE ( 'NONE',  #1540 ) ;
#2923 = VECTOR ( 'NONE', #1942, 1000.000000000000000 ) ;
#2924 = SURFACE_STYLE_FILL_AREA ( #2751 ) ;
#2925 = DIRECTION ( 'NONE',  ( 7.228014483236695816E-17, -0.000000000000000000, 1.000000000000000000 ) ) ;
#2926 = EDGE_LOOP ( 'NONE', ( #2177, #4404, #2839, #2049 ) ) ;
#2927 = EDGE_LOOP ( 'NONE', ( #267, #519, #291, #1950 ) ) ;
#2928 = CYLINDRICAL_SURFACE ( 'NONE', #5300, 0.1000000000000000472 ) ;
#2929 = DIRECTION ( 'NONE',  ( 0.000000000000000000, 0.000000000000000000, -1.000000000000000000 ) ) ;
#2930 = AXIS2_PLACEMENT_3D ( 'NONE', #2738, #1037, #52 ) ;
#2932 = ORIENTED_EDGE ( 'NONE', *, *, #1518, .T. ) ;
#2931 = PLANE ( 'NONE',  #4289 ) ;
#2933 = AXIS2_PLACEMENT_3D ( 'NONE', #3470, #3905, #485 ) ;
#2934 = DIRECTION ( 'NONE',  ( -0.000000000000000000, -1.000000000000000000, -0.000000000000000000 ) ) ;
#2935 = CARTESIAN_POINT ( 'NONE',  ( -1.174999999999999822, 0.5883646178829911033, -1.005000000000000338 ) ) ;
#2936 = COLOUR_RGB ( '',0.7921568627450980005, 0.8196078431372548767, 0.9333333333333333481 ) ;
#2937 = DIRECTION ( 'NONE',  ( 0.000000000000000000, 0.000000000000000000, -1.000000000000000000 ) ) ;
#2938 = VECTOR ( 'NONE', #4504, 1000.000000000000000 ) ;
#2939 = DIRECTION ( 'NONE',  ( 1.000000000000000000, 0.000000000000000000, 2.644395542647570780E-16 ) ) ;
#2940 = ADVANCED_FACE ( 'NONE', ( #3631 ), #3618, .T. ) ;
#2941 = DIRECTION ( 'NONE',  ( -0.000000000000000000, -0.000000000000000000, 1.000000000000000000 ) ) ;
#2942 = FILL_AREA_STYLE_COLOUR ( '', #2630 ) ;
#2943 = DIRECTION ( 'NONE',  ( 0.000000000000000000, -0.000000000000000000, 1.000000000000000000 ) ) ;
#2944 = FILL_AREA_STYLE ('',( #2546 ) ) ;
#2945 = VECTOR ( 'NONE', #1208, 1000.000000000000000 ) ;
#2946 = DIRECTION ( 'NONE',  ( 0.000000000000000000, 0.000000000000000000, -1.000000000000000000 ) ) ;
#2947 = DIRECTION ( 'NONE',  ( 0.000000000000000000, -1.000000000000000000, 0.000000000000000000 ) ) ;
#2948 = MECHANICAL_DESIGN_GEOMETRIC_PRESENTATION_REPRESENTATION (  '', ( #80 ), #4004 ) ;
#2949 = EDGE_CURVE ( 'NONE', #6, #4376, #3604, .T. ) ;
#2950 = ADVANCED_FACE ( 'NONE', ( #3652 ), #219, .T. ) ;
#2951 = SURFACE_STYLE_FILL_AREA ( #2820 ) ;
#2952 = VECTOR ( 'NONE', #5154, 1000.000000000000000 ) ;
#2953 = CARTESIAN_POINT ( 'NONE',  ( 1.089999999999999858, 0.000000000000000000, -0.3929999999999999050 ) ) ;
#2954 = EDGE_CURVE ( 'NONE', #2082, #3153, #110, .T. ) ;
#2955 = CARTESIAN_POINT ( 'NONE',  ( -0.9750000000000005329, 0.1000000000000000472, -1.085000000000000187 ) ) ;
#2956 = LINE ( 'NONE', #5017, #2975 ) ;
#2957 = EDGE_CURVE ( 'NONE', #3668, #2218, #82, .T. ) ;
#2958 = FACE_OUTER_BOUND ( 'NONE', #2259, .T. ) ;
#2959 = CARTESIAN_POINT ( 'NONE',  ( -1.174999999999999822, 0.000000000000000000, -1.005000000000000338 ) ) ;
#2960 = PLANE ( 'NONE',  #2912 ) ;
#2961 = EDGE_LOOP ( 'NONE', ( #4681, #1957, #1089, #1968 ) ) ;
#2962 = CARTESIAN_POINT ( 'NONE',  ( 0.3930000000000007931, 0.1999999999999999833, -1.090000000000000302 ) ) ;
#2963 = LINE ( 'NONE', #1489, #4769 ) ;
#2964 = CARTESIAN_POINT ( 'NONE',  ( 0.6230000000000005533, 0.2000000000000000111, -1.090000000000000302 ) ) ;
#2965 = PLANE ( 'NONE',  #1025 ) ;
#2966 = EDGE_CURVE ( 'NONE', #4079, #486, #3643, .T. ) ;
#2967 = AXIS2_PLACEMENT_3D ( 'NONE', #5152, #4431, #1531 ) ;
#2968 = LINE ( 'NONE', #1989, #4730 ) ;
#2969 = UNCERTAINTY_MEASURE_WITH_UNIT (LENGTH_MEASURE( 1.000000000000000082E-05 ), #1696, 'distance_accuracy_value', 'NONE');
#2970 = EDGE_CURVE ( 'NONE', #1626, #5289, #198, .T. ) ;
#2971 = DIRECTION ( 'NONE',  ( 1.000000000000000000, 0.000000000000000000, -0.000000000000000000 ) ) ;
#2972 = PLANE ( 'NONE',  #4353 ) ;
#2973 = VERTEX_POINT ( 'NONE', #2094 ) ;
#2974 = ADVANCED_FACE ( 'NONE', ( #1910 ), #5285, .T. ) ;
#2975 = VECTOR ( 'NONE', #4663, 1000.000000000000000 ) ;
#2976 = LINE ( 'NONE', #255, #1232 ) ;
#2977 = PLANE ( 'NONE',  #1499 ) ;
#2978 = VERTEX_POINT ( 'NONE', #4495 ) ;
#2979 = CARTESIAN_POINT ( 'NONE',  ( 0.3930000000000007931, 0.6701063709417264258, -1.090000000000000302 ) ) ;
#2980 = ADVANCED_FACE ( 'NONE', ( #1871 ), #2469, .F. ) ;
#2981 = CARTESIAN_POINT ( 'NONE',  ( -0.7250000000000000888, 2.250609665440987950, -0.6250000000000000000 ) ) ;
#2982 = LINE ( 'NONE', #550, #4812 ) ;
#2983 = FILL_AREA_STYLE ('',( #2268 ) ) ;
#2984 = LINE ( 'NONE', #3512, #2945 ) ;
#2985 = DIRECTION ( 'NONE',  ( -0.000000000000000000, -1.000000000000000000, 0.000000000000000000 ) ) ;
#2986 = DIRECTION ( 'NONE',  ( -1.000000000000000000, 0.000000000000000000, 5.288791085295141560E-16 ) ) ;
#2987 = CARTESIAN_POINT ( 'NONE',  ( 0.7249999999999998668, 0.000000000000000000, 0.7250000000000003109 ) ) ;
#2988 = FACE_OUTER_BOUND ( 'NONE', #2150, .T. ) ;
#2989 = DIRECTION ( 'NONE',  ( 0.000000000000000000, 0.000000000000000000, -1.000000000000000000 ) ) ;
#2990 = MECHANICAL_DESIGN_GEOMETRIC_PRESENTATION_REPRESENTATION (  '', ( #4793 ), #2888 ) ;
#2991 = CARTESIAN_POINT ( 'NONE',  ( -0.6229999999999992211, 0.000000000000000000, -1.090000000000000302 ) ) ;
#2992 = CARTESIAN_POINT ( 'NONE',  ( 0.1150000000000011707, 0.000000000000000000, 1.499999999999999778 ) ) ;
#2993 = FILL_AREA_STYLE ('',( #3521 ) ) ;
#2994 = CARTESIAN_POINT ( 'NONE',  ( 0.3930000000000007931, 0.1999999999999999833, -1.500000000000000222 ) ) ;
#2995 = CARTESIAN_POINT ( 'NONE',  ( -0.8950000000000004619, 0.1000000000000000056, -1.254999999999999671 ) ) ;
#2996 = AXIS2_PLACEMENT_3D ( 'NONE', #2435, #356, #1604 ) ;
#2997 = EDGE_CURVE ( 'NONE', #2526, #3863, #3703, .T. ) ;
#2998 = CARTESIAN_POINT ( 'NONE',  ( 0.3930000000000010707, 0.000000000000000000, 1.500000000000000222 ) ) ;
#2999 = LINE ( 'NONE', #5143, #4707 ) ;
#3000 = DIRECTION ( 'NONE',  ( 0.000000000000000000, 0.000000000000000000, -1.000000000000000000 ) ) ;
#3001 = VECTOR ( 'NONE', #2366, 1000.000000000000000 ) ;
#3002 = EDGE_CURVE ( 'NONE', #2795, #3596, #171, .T. ) ;
#3003 = CARTESIAN_POINT ( 'NONE',  ( 1.499999999999999556, 0.000000000000000000, -1.500000000000000222 ) ) ;
#3004 = ADVANCED_FACE ( 'NONE', ( #142 ), #2922, .F. ) ;
#3005 = DIRECTION ( 'NONE',  ( -0.000000000000000000, -1.000000000000000000, -0.000000000000000000 ) ) ;
#3006 = FACE_OUTER_BOUND ( 'NONE', #3432, .T. ) ;
#3007 =( NAMED_UNIT ( * ) SI_UNIT ( $, .STERADIAN. ) SOLID_ANGLE_UNIT ( ) );
#3008 = SURFACE_STYLE_FILL_AREA ( #390 ) ;
#3009 = DIRECTION ( 'NONE',  ( 1.000000000000000000, -0.000000000000000000, 2.644395542647570780E-16 ) ) ;
#3010 = CARTESIAN_POINT ( 'NONE',  ( -1.089999999999999858, 0.6701063709417264258, 0.1150000000000000883 ) ) ;
#3011 = VERTEX_POINT ( 'NONE', #1667 ) ;
#3012 = DIRECTION ( 'NONE',  ( 1.000000000000000000, 0.000000000000000000, 0.000000000000000000 ) ) ;
#3013 = EDGE_CURVE ( 'NONE', #875, #310, #1945, .T. ) ;
#3014 = STYLED_ITEM ( 'NONE', ( #3503 ), #4807 ) ;
#3015 = ADVANCED_FACE ( 'NONE', ( #3865 ), #2167, .T. ) ;
#3016 = LINE ( 'NONE', #913, #4678 ) ;
#3017 = FACE_OUTER_BOUND ( 'NONE', #2246, .T. ) ;
#3018 = CARTESIAN_POINT ( 'NONE',  ( -0.6229999999999989990, 0.6701063709417264258, 1.090000000000000302 ) ) ;
#3019 = UNCERTAINTY_MEASURE_WITH_UNIT (LENGTH_MEASURE( 1.000000000000000082E-05 ), #5205, 'distance_accuracy_value', 'NONE');
#3020 = EDGE_CURVE ( 'NONE', #914, #1473, #4051, .T. ) ;
#3021 = EDGE_LOOP ( 'NONE', ( #4045, #1948, #373, #3896 ) ) ;
#3022 = CARTESIAN_POINT ( 'NONE',  ( 1.500000000000000000, 0.000000000000000000, 0.1150000000000001993 ) ) ;
#3023 = DIRECTION ( 'NONE',  ( 0.000000000000000000, 0.000000000000000000, -1.000000000000000000 ) ) ;
#3024 = DIRECTION ( 'NONE',  ( 0.000000000000000000, -1.000000000000000000, 0.000000000000000000 ) ) ;
#3025 = ORIENTED_EDGE ( 'NONE', *, *, #2273, .T. ) ;
#3026 = CARTESIAN_POINT ( 'NONE',  ( 1.500000000000000000, 0.6701063709417264258, -0.3929999999999997939 ) ) ;
#3027 = CARTESIAN_POINT ( 'NONE',  ( 0.1150000000000007405, 0.000000000000000000, 1.090000000000000302 ) ) ;
#3028 = VECTOR ( 'NONE', #1491, 1000.000000000000000 ) ;
#3029 = AXIS2_PLACEMENT_3D ( 'NONE', #1431, #1728, #2971 ) ;
#3030 = ORIENTED_EDGE ( 'NONE', *, *, #4913, .F. ) ;
#3031 = ORIENTED_EDGE ( 'NONE', *, *, #1601, .F. ) ;
#3032 = AXIS2_PLACEMENT_3D ( 'NONE', #568, #2095, #4999 ) ;
#3033 = CARTESIAN_POINT ( 'NONE',  ( 1.089999999999999858, 0.1999999999999999833, 0.1150000000000000883 ) ) ;
#3034 = CARTESIAN_POINT ( 'NONE',  ( -1.089999999999999858, 0.1999999999999999833, 0.6230000000000001092 ) ) ;
#3035 = FACE_OUTER_BOUND ( 'NONE', #205, .T. ) ;
#3036 = LINE ( 'NONE', #3052, #3076 ) ;
#3037 = DIRECTION ( 'NONE',  ( 1.000000000000000000, -0.000000000000000000, -1.885568995626963942E-15 ) ) ;
#3038 = ADVANCED_FACE ( 'NONE', ( #4021 ), #359, .F. ) ;
#3039 = CARTESIAN_POINT ( 'NONE',  ( -0.6250000000000000000, 2.250609665440987950, -0.6250000000000000000 ) ) ;
#3040 = PLANE ( 'NONE',  #262 ) ;
#3041 = CARTESIAN_POINT ( 'NONE',  ( 0.7249999999999998668, 2.250609665440987950, 0.7250000000000003109 ) ) ;
#3042 = ADVANCED_FACE ( 'NONE', ( #511 ), #2215, .T. ) ;
#3043 = AXIS2_PLACEMENT_3D ( 'NONE', #4155, #3301, #3801 ) ;
#3044 = FACE_OUTER_BOUND ( 'NONE', #1740, .T. ) ;
#3045 = DIRECTION ( 'NONE',  ( 0.000000000000000000, -1.000000000000000000, 0.000000000000000000 ) ) ;
#3046 = EDGE_CURVE ( 'NONE', #4224, #2432, #2254, .T. ) ;
#3047 = CARTESIAN_POINT ( 'NONE',  ( 1.499999999999999556, 0.1999999999999996503, 0.3930000000000003491 ) ) ;
#3048 = ADVANCED_FACE ( 'NONE', ( #3957 ), #1829, .T. ) ;
#3049 = DIRECTION ( 'NONE',  ( 0.000000000000000000, -0.000000000000000000, 1.000000000000000000 ) ) ;
#3050 = APPLICATION_CONTEXT ( 'automotive_design' ) ;
#3051 = SURFACE_STYLE_FILL_AREA ( #2171 ) ;
#3052 = CARTESIAN_POINT ( 'NONE',  ( -1.500000000000000000, 0.6701063709417264258, 0.6230000000000002203 ) ) ;
#3053 = EDGE_CURVE ( 'NONE', #2334, #690, #2205, .T. ) ;
#3054 = SURFACE_SIDE_STYLE ('',( #5040 ) ) ;
#3055 = VECTOR ( 'NONE', #4881, 1000.000000000000000 ) ;
#3056 = DIRECTION ( 'NONE',  ( -1.000000000000000000, 0.000000000000000000, 5.288791085295141560E-16 ) ) ;
#3057 = CARTESIAN_POINT ( 'NONE',  ( 1.499999999999999556, 6.022640687119285019, -1.500000000000000222 ) ) ;
#3058 = EDGE_LOOP ( 'NONE', ( #1445, #1358, #1270, #4896 ) ) ;
#3059 = ORIENTED_EDGE ( 'NONE', *, *, #1133, .T. ) ;
#3060 = FACE_OUTER_BOUND ( 'NONE', #3540, .T. ) ;
#3061 = CARTESIAN_POINT ( 'NONE',  ( 0.6230000000000005533, 0.000000000000000000, -1.090000000000000302 ) ) ;
#3062 = EDGE_CURVE ( 'NONE', #3011, #4050, #2178, .T. ) ;
#3063 = AXIS2_PLACEMENT_3D ( 'NONE', #4296, #3064, #232 ) ;
#3064 = DIRECTION ( 'NONE',  ( -1.885568995626964336E-15, 0.000000000000000000, 1.000000000000000000 ) ) ;
#3065 = ORIENTED_EDGE ( 'NONE', *, *, #3887, .T. ) ;
#3066 = MANIFOLD_SOLID_BREP ( 'LPattern3[1]', #4818 ) ;
#3067 = PLANE ( 'NONE',  #2764 ) ;
#3068 = LINE ( 'NONE', #2545, #3115 ) ;
#3069 = DIRECTION ( 'NONE',  ( 1.000000000000000000, 0.000000000000000000, -0.000000000000000000 ) ) ;
#3070 = LINE ( 'NONE', #1461, #4879 ) ;
#3071 = EDGE_CURVE ( 'NONE', #3315, #1261, #474, .T. ) ;
#3072 = CARTESIAN_POINT ( 'NONE',  ( -0.9750000000000010880, 0.1000000000000000056, -1.005000000000000338 ) ) ;
#3073 = DIRECTION ( 'NONE',  ( 1.000000000000000000, 0.000000000000000000, -2.644395542647570780E-16 ) ) ;
#3074 = PLANE ( 'NONE',  #2933 ) ;
#3075 = DIRECTION ( 'NONE',  ( 1.000000000000000000, 0.000000000000000000, -2.644395542647572259E-16 ) ) ;
#3076 = VECTOR ( 'NONE', #3919, 1000.000000000000000 ) ;
#3077 = CARTESIAN_POINT ( 'NONE',  ( -0.6229999999999988880, 0.2000000000000000111, 1.500000000000000222 ) ) ;
#3078 = DIRECTION ( 'NONE',  ( 0.000000000000000000, 0.000000000000000000, 1.000000000000000000 ) ) ;
#3079 = VERTEX_POINT ( 'NONE', #4174 ) ;
#3080 =( GEOMETRIC_REPRESENTATION_CONTEXT ( 3 ) GLOBAL_UNCERTAINTY_ASSIGNED_CONTEXT ( ( #1009 ) ) GLOBAL_UNIT_ASSIGNED_CONTEXT ( ( #2869, #1222, #3924 ) ) REPRESENTATION_CONTEXT ( 'NONE', 'WORKASPACE' ) );
#3081 = CARTESIAN_POINT ( 'NONE',  ( -0.3929999999999994609, 0.6701063709417264258, -1.090000000000000302 ) ) ;
#3082 = DIRECTION ( 'NONE',  ( -0.000000000000000000, -1.000000000000000000, -0.000000000000000000 ) ) ;
#3083 = LINE ( 'NONE', #451, #3150 ) ;
#3084 = CARTESIAN_POINT ( 'NONE',  ( -1.200000000000000178, 0.7900000000000000355, -1.074999999999999734 ) ) ;
#3085 = DIRECTION ( 'NONE',  ( 1.000000000000000000, -0.000000000000000000, -2.644395542647570780E-16 ) ) ;
#3086 = EDGE_CURVE ( 'NONE', #75, #3565, #525, .T. ) ;
#3087 = AXIS2_PLACEMENT_3D ( 'NONE', #1226, #2606, #3718 ) ;
#3088 = CYLINDRICAL_SURFACE ( 'NONE', #840, 0.1000000000000000472 ) ;
#3089 = CARTESIAN_POINT ( 'NONE',  ( -0.1149999999999992140, 0.2000000000000000111, -1.090000000000000302 ) ) ;
#3090 = ORIENTED_EDGE ( 'NONE', *, *, #4851, .F. ) ;
#3091 = ORIENTED_EDGE ( 'NONE', *, *, #2230, .T. ) ;
#3092 = AXIS2_PLACEMENT_3D ( 'NONE', #1549, #1516, #1935 ) ;
#3093 = DIRECTION ( 'NONE',  ( 1.000000000000000000, -0.000000000000000000, -2.644395542647570780E-16 ) ) ;
#3094 = STYLED_ITEM ( 'NONE', ( #4606 ), #2336 ) ;
#3095 = ORIENTED_EDGE ( 'NONE', *, *, #2552, .F. ) ;
#3096 = ORIENTED_EDGE ( 'NONE', *, *, #1905, .F. ) ;
#3097 = CARTESIAN_POINT ( 'NONE',  ( -1.500000000000000000, 0.6701063709417264258, 0.3930000000000005711 ) ) ;
#3098 = CARTESIAN_POINT ( 'NONE',  ( 0.1150000000000007405, 0.1999999999999999833, -1.499999999999999778 ) ) ;
#3099 = DIRECTION ( 'NONE',  ( 1.000000000000000000, -0.000000000000000000, 0.000000000000000000 ) ) ;
#3100 = CIRCLE ( 'NONE', #3931, 0.1000000000000000472 ) ;
#3101 = LINE ( 'NONE', #3022, #3222 ) ;
#3102 = EDGE_CURVE ( 'NONE', #3914, #4101, #2155, .T. ) ;
#3103 = DIRECTION ( 'NONE',  ( 1.000000000000000000, 0.000000000000000000, 0.000000000000000000 ) ) ;
#3104 = VERTEX_POINT ( 'NONE', #1361 ) ;
#3105 = ORIENTED_EDGE ( 'NONE', *, *, #1826, .T. ) ;
#3106 = DIRECTION ( 'NONE',  ( 1.000000000000000000, 0.000000000000000000, 0.000000000000000000 ) ) ;
#3107 = EDGE_CURVE ( 'NONE', #863, #4311, #2263, .T. ) ;
#3108 = EDGE_CURVE ( 'NONE', #3945, #2109, #3991, .T. ) ;
#3109 = LINE ( 'NONE', #4576, #5023 ) ;
#3110 = CARTESIAN_POINT ( 'NONE',  ( -0.3929999999999987947, 0.6701063709417264258, 1.499999999999999778 ) ) ;
#3111 = AXIS2_PLACEMENT_3D ( 'NONE', #1898, #243, #2354 ) ;
#3112 = EDGE_CURVE ( 'NONE', #4966, #2579, #2243, .T. ) ;
#3113 = ORIENTED_EDGE ( 'NONE', *, *, #2719, .T. ) ;
#3114 = PLANE ( 'NONE',  #5063 ) ;
#3115 = VECTOR ( 'NONE', #4902, 1000.000000000000000 ) ;
#3116 = CARTESIAN_POINT ( 'NONE',  ( 1.089999999999999858, 0.000000000000000000, 0.3930000000000003491 ) ) ;
#3117 = LINE ( 'NONE', #2953, #1488 ) ;
#3118 = ADVANCED_FACE ( 'NONE', ( #4000 ), #2179, .F. ) ;
#3119 = ORIENTED_EDGE ( 'NONE', *, *, #3832, .F. ) ;
#3120 = ORIENTED_EDGE ( 'NONE', *, *, #2782, .F. ) ;
#3121 = CARTESIAN_POINT ( 'NONE',  ( -0.1149999999999988948, 0.000000000000000000, 1.500000000000000222 ) ) ;
#3122 =( GEOMETRIC_REPRESENTATION_CONTEXT ( 3 ) GLOBAL_UNCERTAINTY_ASSIGNED_CONTEXT ( ( #2088 ) ) GLOBAL_UNIT_ASSIGNED_CONTEXT ( ( #2708, #1734, #266 ) ) REPRESENTATION_CONTEXT ( 'NONE', 'WORKASPACE' ) );
#3123 = LINE ( 'NONE', #2423, #4862 ) ;
#3124 = DIRECTION ( 'NONE',  ( 1.000000000000000000, -0.000000000000000000, -2.644395542647570780E-16 ) ) ;
#3125 = PLANE ( 'NONE',  #4455 ) ;
#3126 = LINE ( 'NONE', #3782, #4993 ) ;
#3127 = CARTESIAN_POINT ( 'NONE',  ( -1.089999999999999858, 0.6701063709417264258, 0.6230000000000001092 ) ) ;
#3128 = ORIENTED_EDGE ( 'NONE', *, *, #1081, .F. ) ;
#3129 = VERTEX_POINT ( 'NONE', #2998 ) ;
#3130 = CARTESIAN_POINT ( 'NONE',  ( 0.7249999999999998668, 2.250609665440987950, -0.6249999999999997780 ) ) ;
#3131 = DIRECTION ( 'NONE',  ( 0.000000000000000000, -1.000000000000000000, 0.000000000000000000 ) ) ;
#3132 = VECTOR ( 'NONE', #1389, 1000.000000000000000 ) ;
#3133 = DIRECTION ( 'NONE',  ( 0.000000000000000000, 0.000000000000000000, -1.000000000000000000 ) ) ;
#3134 = FACE_OUTER_BOUND ( 'NONE', #3242, .T. ) ;
#3135 = DIRECTION ( 'NONE',  ( 0.000000000000000000, 0.000000000000000000, -1.000000000000000000 ) ) ;
#3136 = FILL_AREA_STYLE_COLOUR ( '', #456 ) ;
#3137 = CARTESIAN_POINT ( 'NONE',  ( 0.1150000000000005185, 0.6701063709417264258, -1.090000000000000302 ) ) ;
#3138 = CARTESIAN_POINT ( 'NONE',  ( 1.089999999999999858, 0.1999999999999999833, -0.6229999999999996652 ) ) ;
#3139 = CARTESIAN_POINT ( 'NONE',  ( -1.089999999999999858, 0.1999999999999999833, -0.3929999999999999050 ) ) ;
#3140 = VERTEX_POINT ( 'NONE', #4212 ) ;
#3141 = DIRECTION ( 'NONE',  ( 0.000000000000000000, 0.000000000000000000, 1.000000000000000000 ) ) ;
#3142 = LINE ( 'NONE', #3656, #1339 ) ;
#3143 = CIRCLE ( 'NONE', #3659, 0.07999999999999998779 ) ;
#3144 = VECTOR ( 'NONE', #3710, 1000.000000000000000 ) ;
#3145 = CARTESIAN_POINT ( 'NONE',  ( -0.1149999999999990058, 0.1999999999999999833, 1.090000000000000302 ) ) ;
#3146 = AXIS2_PLACEMENT_3D ( 'NONE', #2955, #3332, #3754 ) ;
#3147 = CARTESIAN_POINT ( 'NONE',  ( -0.7250000000000000888, 0.2000000000000000944, -0.7250000000000000888 ) ) ;
#3148 = STYLED_ITEM ( 'NONE', ( #4924 ), #4448 ) ;
#3149 = PLANE ( 'NONE',  #2967 ) ;
#3150 = VECTOR ( 'NONE', #1268, 1000.000000000000000 ) ;
#3151 = ADVANCED_FACE ( 'NONE', ( #483 ), #1393, .F. ) ;
#3152 = VECTOR ( 'NONE', #3353, 1000.000000000000000 ) ;
#3153 = VERTEX_POINT ( 'NONE', #2405 ) ;
#3154 = ORIENTED_EDGE ( 'NONE', *, *, #1286, .F. ) ;
#3155 = CARTESIAN_POINT ( 'NONE',  ( -0.1149999999999992140, 0.1999999999999999833, -1.090000000000000302 ) ) ;
#3156 = SURFACE_SIDE_STYLE ('',( #1289 ) ) ;
#3157 = VECTOR ( 'NONE', #599, 1000.000000000000000 ) ;
#3158 = CARTESIAN_POINT ( 'NONE',  ( 1.500000000000000000, 0.1999999999999999833, 0.1150000000000001993 ) ) ;
#3159 = ADVANCED_FACE ( 'NONE', ( #2306 ), #2069, .F. ) ;
#3160 = EDGE_LOOP ( 'NONE', ( #3979, #1971, #673, #234 ) ) ;
#3161 = ORIENTED_EDGE ( 'NONE', *, *, #3107, .T. ) ;
#3162 = DIRECTION ( 'NONE',  ( 0.000000000000000000, -0.000000000000000000, -1.000000000000000000 ) ) ;
#3163 = CARTESIAN_POINT ( 'NONE',  ( -1.500000000000000000, 0.000000000000000000, -0.1149999999999994360 ) ) ;
#3164 = LINE ( 'NONE', #2284, #3132 ) ;
#3165 = EDGE_CURVE ( 'NONE', #4277, #856, #3944, .T. ) ;
#3166 = DIRECTION ( 'NONE',  ( 0.000000000000000000, -0.000000000000000000, 1.000000000000000000 ) ) ;
#3167 = LINE ( 'NONE', #2065, #1480 ) ;
#3168 = SURFACE_STYLE_USAGE ( .BOTH. , #305 ) ;
#3169 =( NAMED_UNIT ( * ) PLANE_ANGLE_UNIT ( ) SI_UNIT ( $, .RADIAN. ) );
#3170 = EDGE_CURVE ( 'NONE', #4668, #1243, #492, .T. ) ;
#3171 = PLANE ( 'NONE',  #4613 ) ;
#3172 = CARTESIAN_POINT ( 'NONE',  ( -0.6229999999999992211, 0.000000000000000000, -1.500000000000000222 ) ) ;
#3173 = DIRECTION ( 'NONE',  ( 1.000000000000000000, 0.000000000000000000, -5.288791085295141560E-16 ) ) ;
#3174 = ORIENTED_EDGE ( 'NONE', *, *, #2042, .F. ) ;
#3175 = ORIENTED_EDGE ( 'NONE', *, *, #2273, .F. ) ;
#3176 = PLANE ( 'NONE',  #910 ) ;
#3177 = VECTOR ( 'NONE', #2378, 1000.000000000000000 ) ;
#3178 = LINE ( 'NONE', #5126, #3192 ) ;
#3179 = LINE ( 'NONE', #4270, #1247 ) ;
#3180 = EDGE_CURVE ( 'NONE', #2153, #2678, #2187, .T. ) ;
#3181 = LINE ( 'NONE', #3288, #1425 ) ;
#3182 = DIRECTION ( 'NONE',  ( 0.000000000000000000, -1.000000000000000000, 0.000000000000000000 ) ) ;
#3183 = VERTEX_POINT ( 'NONE', #5263 ) ;
#3184 = VECTOR ( 'NONE', #1592, 1000.000000000000000 ) ;
#3185 = CARTESIAN_POINT ( 'NONE',  ( 0.000000000000000000, 0.000000000000000000, 1.016000000000000014 ) ) ;
#3186 = VECTOR ( 'NONE', #138, 1000.000000000000000 ) ;
#3187 = AXIS2_PLACEMENT_3D ( 'NONE', #4011, #5247, #3173 ) ;
#3188 = EDGE_LOOP ( 'NONE', ( #3981, #1875, #689, #2673 ) ) ;
#3189 = ORIENTED_EDGE ( 'NONE', *, *, #2729, .T. ) ;
#3190 = CARTESIAN_POINT ( 'NONE',  ( -1.089999999999999858, 0.000000000000000000, 0.3930000000000003491 ) ) ;
#3191 = EDGE_CURVE ( 'NONE', #2755, #2188, #3900, .T. ) ;
#3192 = VECTOR ( 'NONE', #597, 1000.000000000000000 ) ;
#3193 = ADVANCED_FACE ( 'NONE', ( #500 ), #4857, .F. ) ;
#3194 = CARTESIAN_POINT ( 'NONE',  ( -1.089999999999999858, 0.6701063709417264258, -0.3929999999999999050 ) ) ;
#3195 = VECTOR ( 'NONE', #3451, 1000.000000000000000 ) ;
#3196 = VERTEX_POINT ( 'NONE', #465 ) ;
#3197 = ORIENTED_EDGE ( 'NONE', *, *, #2453, .F. ) ;
#3198 = CARTESIAN_POINT ( 'NONE',  ( -0.6229999999999992211, 0.000000000000000000, -1.090000000000000302 ) ) ;
#3199 = CARTESIAN_POINT ( 'NONE',  ( -0.3929999999999994609, 0.2000000000000000111, -1.090000000000000302 ) ) ;
#3200 = VECTOR ( 'NONE', #4731, 1000.000000000000000 ) ;
#3201 = LINE ( 'NONE', #3229, #4975 ) ;
#3202 = CARTESIAN_POINT ( 'NONE',  ( 0.6249999999999997780, 0.2000000000000000944, 0.6250000000000002220 ) ) ;
#3203 = ADVANCED_FACE ( 'NONE', ( #366 ), #4885, .F. ) ;
#3204 = CARTESIAN_POINT ( 'NONE',  ( -1.089999999999999858, 0.6701063709417264258, 0.1150000000000000883 ) ) ;
#3205 = CARTESIAN_POINT ( 'NONE',  ( 0.6249999999999997780, 0.000000000000000000, 0.7250000000000003109 ) ) ;
#3206 = EDGE_LOOP ( 'NONE', ( #4105, #676, #1805, #4698 ) ) ;
#3207 = CARTESIAN_POINT ( 'NONE',  ( -0.1149999999999992140, 0.6701063709417264258, -1.500000000000000222 ) ) ;
#3208 = FACE_OUTER_BOUND ( 'NONE', #3834, .T. ) ;
#3209 = AXIS2_PLACEMENT_3D ( 'NONE', #651, #3598, #1934 ) ;
#3210 = VECTOR ( 'NONE', #2207, 1000.000000000000000 ) ;
#3211 = VECTOR ( 'NONE', #1973, 1000.000000000000000 ) ;
#3212 = DIRECTION ( 'NONE',  ( 0.000000000000000000, -0.000000000000000000, -1.000000000000000000 ) ) ;
#3213 = VERTEX_POINT ( 'NONE', #3334 ) ;
#3214 = ORIENTED_EDGE ( 'NONE', *, *, #5260, .F. ) ;
#3215 = VECTOR ( 'NONE', #5231, 1000.000000000000000 ) ;
#3216 = FACE_OUTER_BOUND ( 'NONE', #2625, .T. ) ;
#3217 = CARTESIAN_POINT ( 'NONE',  ( 0.3930000000000007931, 0.6701063709417264258, -1.090000000000000302 ) ) ;
#3218 = LINE ( 'NONE', #901, #3144 ) ;
#3219 = CARTESIAN_POINT ( 'NONE',  ( 1.089999999999999858, 0.6701063709417264258, -0.1149999999999996581 ) ) ;
#3220 = FACE_OUTER_BOUND ( 'NONE', #3160, .T. ) ;
#3221 = VECTOR ( 'NONE', #1475, 1000.000000000000000 ) ;
#3222 = VECTOR ( 'NONE', #4207, 1000.000000000000000 ) ;
#3223 = CARTESIAN_POINT ( 'NONE',  ( 1.089999999999999858, 0.1999999999999999833, -0.3929999999999999050 ) ) ;
#3224 = DIRECTION ( 'NONE',  ( -0.000000000000000000, -1.000000000000000000, -0.000000000000000000 ) ) ;
#3225 = DIRECTION ( 'NONE',  ( -1.000000000000000000, 0.000000000000000000, 0.000000000000000000 ) ) ;
#3226 = AXIS2_PLACEMENT_3D ( 'NONE', #3217, #1184, #1217 ) ;
#3227 = EDGE_CURVE ( 'NONE', #4476, #276, #2320, .T. ) ;
#3228 = EDGE_LOOP ( 'NONE', ( #4103, #5240, #4144, #3454 ) ) ;
#3229 = CARTESIAN_POINT ( 'NONE',  ( 0.3930000000000007931, 0.1999999999999999833, -1.090000000000000302 ) ) ;
#3230 = VECTOR ( 'NONE', #3838, 1000.000000000000000 ) ;
#3231 = DIRECTION ( 'NONE',  ( 1.000000000000000000, 0.000000000000000000, -2.644395542647570780E-16 ) ) ;
#3232 = ADVANCED_FACE ( 'NONE', ( #387 ), #4364, .F. ) ;
#3233 = CARTESIAN_POINT ( 'NONE',  ( -0.3929999999999994609, 0.000000000000000000, -1.090000000000000302 ) ) ;
#3234 = LINE ( 'NONE', #3341, #1496 ) ;
#3235 = EDGE_CURVE ( 'NONE', #4434, #4323, #4172, .T. ) ;
#3236 = FACE_OUTER_BOUND ( 'NONE', #2427, .T. ) ;
#3237 = DIRECTION ( 'NONE',  ( 0.000000000000000000, 0.000000000000000000, 1.000000000000000000 ) ) ;
#3238 = DIRECTION ( 'NONE',  ( 1.000000000000000000, 0.000000000000000000, 2.644395542647570780E-16 ) ) ;
#3239 = DIRECTION ( 'NONE',  ( -0.000000000000000000, 0.000000000000000000, 1.000000000000000000 ) ) ;
#3240 = DIRECTION ( 'NONE',  ( -1.000000000000000000, 0.000000000000000000, 5.288791085295141560E-16 ) ) ;
#3241 = ORIENTED_EDGE ( 'NONE', *, *, #3664, .T. ) ;
#3242 = EDGE_LOOP ( 'NONE', ( #64, #3964, #1839, #327 ) ) ;
#3243 = DIRECTION ( 'NONE',  ( 0.000000000000000000, 1.000000000000000000, 0.000000000000000000 ) ) ;
#3244 = CIRCLE ( 'NONE', #1258, 0.1250000000000003331 ) ;
#3245 = LINE ( 'NONE', #530, #1388 ) ;
#3246 = DIRECTION ( 'NONE',  ( 0.000000000000000000, 0.000000000000000000, -1.000000000000000000 ) ) ;
#3247 = DIRECTION ( 'NONE',  ( 0.000000000000000000, -1.000000000000000000, 0.000000000000000000 ) ) ;
#3248 = ADVANCED_FACE ( 'NONE', ( #4201 ), #4544, .T. ) ;
#3249 = ORIENTED_EDGE ( 'NONE', *, *, #329, .T. ) ;
#3250 = VERTEX_POINT ( 'NONE', #5296 ) ;
#3251 = EDGE_CURVE ( 'NONE', #1931, #3291, #2480, .T. ) ;
#3252 = VECTOR ( 'NONE', #4992, 1000.000000000000000 ) ;
#3253 = CARTESIAN_POINT ( 'NONE',  ( 1.089999999999999858, 0.000000000000000000, -0.3929999999999999050 ) ) ;
#3254 = VECTOR ( 'NONE', #2570, 1000.000000000000000 ) ;
#3255 = VECTOR ( 'NONE', #2143, 1000.000000000000000 ) ;
#3256 = VERTEX_POINT ( 'NONE', #1647 ) ;
#3257 = ORIENTED_EDGE ( 'NONE', *, *, #2441, .T. ) ;
#3258 = DIRECTION ( 'NONE',  ( 0.000000000000000000, 0.000000000000000000, -1.000000000000000000 ) ) ;
#3259 = LINE ( 'NONE', #723, #3177 ) ;
#3260 = DIRECTION ( 'NONE',  ( -0.000000000000000000, -0.000000000000000000, 1.000000000000000000 ) ) ;
#3261 = LINE ( 'NONE', #929, #1471 ) ;
#3262 = DIRECTION ( 'NONE',  ( -1.000000000000000000, 0.000000000000000000, 1.885568995626963547E-15 ) ) ;
#3263 = DIRECTION ( 'NONE',  ( 0.000000000000000000, 0.000000000000000000, -1.000000000000000000 ) ) ;
#3264 = DIRECTION ( 'NONE',  ( 0.000000000000000000, -1.000000000000000000, 0.000000000000000000 ) ) ;
#3265 = ORIENTED_EDGE ( 'NONE', *, *, #4433, .T. ) ;
#3266 = EDGE_CURVE ( 'NONE', #5156, #2323, #700, .T. ) ;
#3267 = DIRECTION ( 'NONE',  ( 0.000000000000000000, 0.000000000000000000, 1.000000000000000000 ) ) ;
#3268 = DIRECTION ( 'NONE',  ( 0.000000000000000000, -1.000000000000000000, 0.000000000000000000 ) ) ;
#3269 = CARTESIAN_POINT ( 'NONE',  ( -1.089999999999999858, 0.000000000000000000, -0.1149999999999996581 ) ) ;
#3270 = LINE ( 'NONE', #4515, #1462 ) ;
#3271 = CARTESIAN_POINT ( 'NONE',  ( 0.3930000000000007931, 0.000000000000000000, -1.500000000000000222 ) ) ;
#3272 = AXIS2_PLACEMENT_3D ( 'NONE', #976, #1343, #65 ) ;
#3273 = CARTESIAN_POINT ( 'NONE',  ( 0.5080000000000000071, 0.000000000000000000, 0.000000000000000000 ) ) ;
#3274 = PLANE ( 'NONE',  #7 ) ;
#3275 = CARTESIAN_POINT ( 'NONE',  ( -1.175000000000000488, 0.000000000000000000, -1.255000000000000338 ) ) ;
#3276 = DIRECTION ( 'NONE',  ( 0.000000000000000000, -0.000000000000000000, 1.000000000000000000 ) ) ;
#3277 = ORIENTED_EDGE ( 'NONE', *, *, #3788, .T. ) ;
#3278 = VECTOR ( 'NONE', #1194, 1000.000000000000000 ) ;
#3279 = AXIS2_PLACEMENT_3D ( 'NONE', #409, #1203, #4871 ) ;
#3280 = LINE ( 'NONE', #995, #5011 ) ;
#3281 = ADVANCED_FACE ( 'NONE', ( #4218 ), #4164, .T. ) ;
#3282 = VECTOR ( 'NONE', #1685, 1000.000000000000000 ) ;
#3283 = CARTESIAN_POINT ( 'NONE',  ( -1.200000000000000178, 0.8900000000000000133, -1.200000000000000178 ) ) ;
#3284 = DIRECTION ( 'NONE',  ( 0.000000000000000000, -1.000000000000000000, 0.000000000000000000 ) ) ;
#3285 = VERTEX_POINT ( 'NONE', #1770 ) ;
#3286 = VERTEX_POINT ( 'NONE', #2193 ) ;
#3287 = LINE ( 'NONE', #5102, #5125 ) ;
#3288 = CARTESIAN_POINT ( 'NONE',  ( 0.6230000000000005533, 0.2000000000000000111, -1.090000000000000302 ) ) ;
#3289 = LINE ( 'NONE', #3860, #1638 ) ;
#3290 = ADVANCED_FACE ( 'NONE', ( #2402 ), #5014, .T. ) ;
#3291 = VERTEX_POINT ( 'NONE', #4748 ) ;
#3292 = ORIENTED_EDGE ( 'NONE', *, *, #1803, .F. ) ;
#3293 = DIRECTION ( 'NONE',  ( -1.000000000000000000, 0.000000000000000000, 0.000000000000000000 ) ) ;
#3294 = EDGE_CURVE ( 'NONE', #619, #1788, #2493, .T. ) ;
#3295 = LINE ( 'NONE', #3996, #1504 ) ;
#3296 = CARTESIAN_POINT ( 'NONE',  ( -1.500000000000000000, 0.6701063709417264258, -0.3929999999999997939 ) ) ;
#3297 = LINE ( 'NONE', #1001, #5067 ) ;
#3298 = AXIS2_PLACEMENT_3D ( 'NONE', #1442, #4716, #4743 ) ;
#3299 = EDGE_CURVE ( 'NONE', #2755, #2800, #2437, .T. ) ;
#3300 = FACE_OUTER_BOUND ( 'NONE', #2637, .T. ) ;
#3301 = DIRECTION ( 'NONE',  ( 0.000000000000000000, 1.000000000000000000, -0.000000000000000000 ) ) ;
#3302 = CARTESIAN_POINT ( 'NONE',  ( 0.1150000000000007405, 0.000000000000000000, -1.499999999999999778 ) ) ;
#3303 = DIRECTION ( 'NONE',  ( -1.000000000000000000, 0.000000000000000000, 0.000000000000000000 ) ) ;
#3304 = ORIENTED_EDGE ( 'NONE', *, *, #2093, .T. ) ;
#3305 = DIRECTION ( 'NONE',  ( -1.000000000000000000, 0.000000000000000000, 7.228014483236695816E-17 ) ) ;
#3306 = EDGE_CURVE ( 'NONE', #5105, #2612, #4096, .T. ) ;
#3307 = DIRECTION ( 'NONE',  ( -0.000000000000000000, -1.000000000000000000, -0.000000000000000000 ) ) ;
#3308 = FACE_OUTER_BOUND ( 'NONE', #3500, .T. ) ;
#3309 = EDGE_CURVE ( 'NONE', #3786, #3914, #4210, .T. ) ;
#3310 = PRESENTATION_LAYER_ASSIGNMENT (  '', '', ( #447 ) ) ;
#3311 = DIRECTION ( 'NONE',  ( 1.000000000000000000, -0.000000000000000000, 0.000000000000000000 ) ) ;
#3312 = CARTESIAN_POINT ( 'NONE',  ( -1.089999999999999858, 0.000000000000000000, 0.3930000000000003491 ) ) ;
#3313 = CARTESIAN_POINT ( 'NONE',  ( -0.7250000000000000888, 0.2000000000000000944, 0.6249999999999997780 ) ) ;
#3314 = ORIENTED_EDGE ( 'NONE', *, *, #1435, .T. ) ;
#3315 = VERTEX_POINT ( 'NONE', #4226 ) ;
#3316 = LINE ( 'NONE', #3026, #5093 ) ;
#3317 = VECTOR ( 'NONE', #622, 1000.000000000000000 ) ;
#3318 = VECTOR ( 'NONE', #3364, 1000.000000000000000 ) ;
#3319 = DIRECTION ( 'NONE',  ( 1.000000000000000000, -0.000000000000000000, -1.885568995626963942E-15 ) ) ;
#3320 = EDGE_CURVE ( 'NONE', #3912, #2035, #632, .T. ) ;
#3321 = ORIENTED_EDGE ( 'NONE', *, *, #4927, .T. ) ;
#3322 = ORIENTED_EDGE ( 'NONE', *, *, #2387, .T. ) ;
#3323 = CIRCLE ( 'NONE', #3443, 0.07999999999999998779 ) ;
#3324 = DIRECTION ( 'NONE',  ( 0.000000000000000000, -1.000000000000000000, 0.000000000000000000 ) ) ;
#3325 = CARTESIAN_POINT ( 'NONE',  ( 0.1150000000000005185, 0.2000000000000000111, -1.090000000000000302 ) ) ;
#3326 = VECTOR ( 'NONE', #4770, 1000.000000000000000 ) ;
#3327 = UNCERTAINTY_MEASURE_WITH_UNIT (LENGTH_MEASURE( 1.000000000000000082E-05 ), #1348, 'distance_accuracy_value', 'NONE');
#3328 = ADVANCED_FACE ( 'NONE', ( #668 ), #3434, .F. ) ;
#3329 = MANIFOLD_SOLID_BREP ( 'LPattern3[3]', #3597 ) ;
#3330 = ORIENTED_EDGE ( 'NONE', *, *, #4325, .T. ) ;
#3331 = EDGE_LOOP ( 'NONE', ( #488, #3661, #5193, #3806 ) ) ;
#3332 = DIRECTION ( 'NONE',  ( -0.000000000000000000, 1.000000000000000000, -0.000000000000000000 ) ) ;
#3333 = VECTOR ( 'NONE', #2161, 1000.000000000000000 ) ;
#3334 = CARTESIAN_POINT ( 'NONE',  ( -1.089999999999999858, 0.1999999999999999833, -0.6229999999999996652 ) ) ;
#3335 = AXIS2_PLACEMENT_3D ( 'NONE', #4152, #4581, #2303 ) ;
#3336 = FACE_OUTER_BOUND ( 'NONE', #1799, .T. ) ;
#3337 = LINE ( 'NONE', #952, #5153 ) ;
#3338 = CARTESIAN_POINT ( 'NONE',  ( -0.6229999999999989990, 0.2000000000000000111, 1.090000000000000302 ) ) ;
#3339 = AXIS2_PLACEMENT_3D ( 'NONE', #1710, #4693, #4981 ) ;
#3340 = CARTESIAN_POINT ( 'NONE',  ( -1.500000000000000000, 0.000000000000000000, -0.1149999999999994360 ) ) ;
#3341 = CARTESIAN_POINT ( 'NONE',  ( 1.500000000000000000, 0.1999999999999999833, -0.3929999999999997939 ) ) ;
#3342 = CARTESIAN_POINT ( 'NONE',  ( -0.9750000000000005329, 0.1000000000000000056, -1.085000000000000187 ) ) ;
#3343 = CARTESIAN_POINT ( 'NONE',  ( 0.6230000000000007754, 0.6701063709417264258, 1.090000000000000302 ) ) ;
#3344 = LINE ( 'NONE', #4890, #5135 ) ;
#3345 = MECHANICAL_DESIGN_GEOMETRIC_PRESENTATION_REPRESENTATION (  '', ( #1860 ), #2413 ) ;
#3346 = PLANE ( 'NONE',  #4342 ) ;
#3347 = VECTOR ( 'NONE', #3538, 1000.000000000000000 ) ;
#3348 = AXIS2_PLACEMENT_3D ( 'NONE', #4570, #54, #454 ) ;
#3349 = SURFACE_SIDE_STYLE ('',( #4344 ) ) ;
#3350 = DIRECTION ( 'NONE',  ( 0.000000000000000000, 0.000000000000000000, -1.000000000000000000 ) ) ;
#3351 = ORIENTED_EDGE ( 'NONE', *, *, #876, .F. ) ;
#3352 = ORIENTED_EDGE ( 'NONE', *, *, #2038, .T. ) ;
#3353 = DIRECTION ( 'NONE',  ( 0.000000000000000000, 0.000000000000000000, -1.000000000000000000 ) ) ;
#3354 = DIRECTION ( 'NONE',  ( 0.000000000000000000, 0.000000000000000000, 1.000000000000000000 ) ) ;
#3355 = PLANE ( 'NONE',  #4068 ) ;
#3356 = AXIS2_PLACEMENT_3D ( 'NONE', #2641, #1378, #3406 ) ;
#3357 = EDGE_CURVE ( 'NONE', #1459, #3196, #4082, .T. ) ;
#3358 = ORIENTED_EDGE ( 'NONE', *, *, #363, .F. ) ;
#3359 = ORIENTED_EDGE ( 'NONE', *, *, #1285, .T. ) ;
#3360 = FACE_OUTER_BOUND ( 'NONE', #5303, .T. ) ;
#3361 = DIRECTION ( 'NONE',  ( 0.000000000000000000, 1.000000000000000000, 0.000000000000000000 ) ) ;
#3362 = EDGE_CURVE ( 'NONE', #1796, #3614, #4264, .T. ) ;
#3363 = EDGE_CURVE ( 'NONE', #4367, #310, #2519, .T. ) ;
#3364 = DIRECTION ( 'NONE',  ( -0.000000000000000000, -1.000000000000000000, -0.000000000000000000 ) ) ;
#3365 = ORIENTED_EDGE ( 'NONE', *, *, #4833, .T. ) ;
#3366 = ORIENTED_EDGE ( 'NONE', *, *, #4593, .F. ) ;
#3367 = CARTESIAN_POINT ( 'NONE',  ( -0.6229999999999992211, 0.000000000000000000, -1.090000000000000302 ) ) ;
#3368 = EDGE_CURVE ( 'NONE', #2115, #3386, #717, .T. ) ;
#3369 = CARTESIAN_POINT ( 'NONE',  ( -0.3929999999999992388, 0.2000000000000000111, 1.090000000000000302 ) ) ;
#3370 = LINE ( 'NONE', #1793, #3221 ) ;
#3371 = LINE ( 'NONE', #2265, #3381 ) ;
#3372 = CARTESIAN_POINT ( 'NONE',  ( -1.089999999999999858, 0.6701063709417264258, 0.3930000000000003491 ) ) ;
#3373 = ADVANCED_FACE ( 'NONE', ( #4284 ), #3901, .F. ) ;
#3374 = EDGE_LOOP ( 'NONE', ( #322, #446 ) ) ;
#3375 = DIRECTION ( 'NONE',  ( 1.000000000000000000, 0.000000000000000000, -2.644395542647570780E-16 ) ) ;
#3376 = EDGE_CURVE ( 'NONE', #44, #4444, #920, .T. ) ;
#3377 = AXIS2_PLACEMENT_3D ( 'NONE', #1988, #4092, #2917 ) ;
#3378 = CARTESIAN_POINT ( 'NONE',  ( 1.500000000000000000, 0.000000000000000000, 0.3930000000000005711 ) ) ;
#3379 = FACE_OUTER_BOUND ( 'NONE', #5187, .T. ) ;
#3380 = DIRECTION ( 'NONE',  ( 0.000000000000000000, 0.000000000000000000, -1.000000000000000000 ) ) ;
#3381 = VECTOR ( 'NONE', #5074, 1000.000000000000000 ) ;
#3382 = DIRECTION ( 'NONE',  ( -1.057758217059029890E-15, -0.000000000000000000, -1.000000000000000000 ) ) ;
#3383 = ADVANCED_FACE ( 'NONE', ( #2674 ), #2752, .F. ) ;
#3384 = DIRECTION ( 'NONE',  ( 0.000000000000000000, -1.000000000000000000, 0.000000000000000000 ) ) ;
#3385 = APPLICATION_PROTOCOL_DEFINITION ( 'draft international standard', 'automotive_design', 1998, #928 ) ;
#3386 = VERTEX_POINT ( 'NONE', #4486 ) ;
#3387 = ORIENTED_EDGE ( 'NONE', *, *, #3266, .T. ) ;
#3388 = DIRECTION ( 'NONE',  ( -0.000000000000000000, -0.000000000000000000, 1.000000000000000000 ) ) ;
#3389 = VECTOR ( 'NONE', #4290, 1000.000000000000000 ) ;
#3390 = FACE_OUTER_BOUND ( 'NONE', #55, .T. ) ;
#3391 = CARTESIAN_POINT ( 'NONE',  ( -1.255000000000000560, 0.000000000000000000, -1.254999999999999671 ) ) ;
#3392 = DIRECTION ( 'NONE',  ( -0.000000000000000000, 1.000000000000000000, -0.000000000000000000 ) ) ;
#3393 = LINE ( 'NONE', #2621, #1625 ) ;
#3394 = CARTESIAN_POINT ( 'NONE',  ( -1.089999999999999858, 0.6701063709417264258, -0.1149999999999996581 ) ) ;
#3395 = VECTOR ( 'NONE', #2382, 1000.000000000000000 ) ;
#3396 = DIRECTION ( 'NONE',  ( 0.000000000000000000, 0.000000000000000000, 1.000000000000000000 ) ) ;
#3397 =( GEOMETRIC_REPRESENTATION_CONTEXT ( 3 ) GLOBAL_UNCERTAINTY_ASSIGNED_CONTEXT ( ( #2383 ) ) GLOBAL_UNIT_ASSIGNED_CONTEXT ( ( #5136, #4555, #2614 ) ) REPRESENTATION_CONTEXT ( 'NONE', 'WORKASPACE' ) );
#3398 = EDGE_LOOP ( 'NONE', ( #4115, #1915, #3669, #2639 ) ) ;
#3399 = CARTESIAN_POINT ( 'NONE',  ( 1.500000000000000000, 0.000000000000000000, -0.3929999999999997939 ) ) ;
#3400 = DIRECTION ( 'NONE',  ( -0.000000000000000000, -1.000000000000000000, -0.000000000000000000 ) ) ;
#3401 = EDGE_CURVE ( 'NONE', #1748, #466, #750, .T. ) ;
#3402 = AXIS2_PLACEMENT_3D ( 'NONE', #688, #1114, #3133 ) ;
#3403 = VECTOR ( 'NONE', #2219, 1000.000000000000000 ) ;
#3404 = EDGE_LOOP ( 'NONE', ( #1831, #4053, #5232, #549 ) ) ;
#3405 = VECTOR ( 'NONE', #4626, 1000.000000000000000 ) ;
#3406 = DIRECTION ( 'NONE',  ( 0.000000000000000000, -0.000000000000000000, 1.000000000000000000 ) ) ;
#3407 = CARTESIAN_POINT ( 'NONE',  ( 1.089999999999999858, 0.000000000000000000, 0.1150000000000000883 ) ) ;
#3408 = DIRECTION ( 'NONE',  ( -0.000000000000000000, -0.000000000000000000, 1.000000000000000000 ) ) ;
#3409 = PLANE ( 'NONE',  #4910 ) ;
#3410 = LINE ( 'NONE', #4370, #5002 ) ;
#3411 = PRESENTATION_LAYER_ASSIGNMENT (  '', '', ( #4793 ) ) ;
#3412 = VECTOR ( 'NONE', #5234, 1000.000000000000000 ) ;
#3413 = ORIENTED_EDGE ( 'NONE', *, *, #185, .T. ) ;
#3414 = ADVANCED_FACE ( 'NONE', ( #2542 ), #2569, .T. ) ;
#3415 =( NAMED_UNIT ( * ) SI_UNIT ( $, .STERADIAN. ) SOLID_ANGLE_UNIT ( ) );
#3416 = EDGE_LOOP ( 'NONE', ( #4882, #3154, #1312, #415 ) ) ;
#3417 = DIRECTION ( 'NONE',  ( 1.000000000000000000, 0.000000000000000000, -2.644395542647570780E-16 ) ) ;
#3418 = DIRECTION ( 'NONE',  ( 1.057758217059029890E-15, 0.000000000000000000, 1.000000000000000000 ) ) ;
#3419 = MECHANICAL_DESIGN_GEOMETRIC_PRESENTATION_REPRESENTATION (  '', ( #301 ), #4230 ) ;
#3420 = ORIENTED_EDGE ( 'NONE', *, *, #1888, .F. ) ;
#3421 = EDGE_CURVE ( 'NONE', #3775, #3673, #2723, .T. ) ;
#3422 = FACE_OUTER_BOUND ( 'NONE', #3859, .T. ) ;
#3423 =( NAMED_UNIT ( * ) PLANE_ANGLE_UNIT ( ) SI_UNIT ( $, .RADIAN. ) );
#3424 = ADVANCED_FACE ( 'NONE', ( #824 ), #2055, .T. ) ;
#3425 = ORIENTED_EDGE ( 'NONE', *, *, #841, .T. ) ;
#3426 = DIRECTION ( 'NONE',  ( 0.000000000000000000, -1.000000000000000000, 0.000000000000000000 ) ) ;
#3427 = CARTESIAN_POINT ( 'NONE',  ( 0.000000000000000000, 0.000000000000000000, 0.000000000000000000 ) ) ;
#3428 = LINE ( 'NONE', #2744, #20 ) ;
#3429 = VECTOR ( 'NONE', #3962, 1000.000000000000000 ) ;
#3430 = EDGE_CURVE ( 'NONE', #2978, #3011, #2608, .T. ) ;
#3431 = EDGE_LOOP ( 'NONE', ( #2238, #2203, #499, #1655 ) ) ;
#3432 = EDGE_LOOP ( 'NONE', ( #1733, #540, #491, #534 ) ) ;
#3433 = CARTESIAN_POINT ( 'NONE',  ( 0.1150000000000011707, 0.1999999999999999833, 1.499999999999999778 ) ) ;
#3434 = PLANE ( 'NONE',  #2624 ) ;
#3435 = CYLINDRICAL_SURFACE ( 'NONE', #588, 0.07999999999999998779 ) ;
#3436 = VECTOR ( 'NONE', #2636, 1000.000000000000000 ) ;
#3437 = SURFACE_STYLE_USAGE ( .BOTH. , #4778 ) ;
#3438 = DIRECTION ( 'NONE',  ( 0.000000000000000000, 0.000000000000000000, -1.000000000000000000 ) ) ;
#3439 = ORIENTED_EDGE ( 'NONE', *, *, #780, .T. ) ;
#3440 = CARTESIAN_POINT ( 'NONE',  ( 0.6230000000000011084, 0.1999999999999999833, 1.499999999999999778 ) ) ;
#3441 = DIRECTION ( 'NONE',  ( 0.000000000000000000, 0.000000000000000000, -1.000000000000000000 ) ) ;
#3442 = EDGE_CURVE ( 'NONE', #193, #2242, #4332, .T. ) ;
#3443 = AXIS2_PLACEMENT_3D ( 'NONE', #315, #3426, #265 ) ;
#3444 = VERTEX_POINT ( 'NONE', #2498 ) ;
#3445 = ORIENTED_EDGE ( 'NONE', *, *, #2592, .F. ) ;
#3446 = CARTESIAN_POINT ( 'NONE',  ( -0.6229999999999989990, 0.2000000000000000111, 1.090000000000000302 ) ) ;
#3447 = EDGE_CURVE ( 'NONE', #3990, #2678, #4382, .T. ) ;
#3448 = PLANE ( 'NONE',  #4785 ) ;
#3449 = CARTESIAN_POINT ( 'NONE',  ( -0.3929999999999994609, 0.6701063709417264258, -1.090000000000000302 ) ) ;
#3450 = ORIENTED_EDGE ( 'NONE', *, *, #1448, .F. ) ;
#3451 = DIRECTION ( 'NONE',  ( 0.000000000000000000, 0.000000000000000000, 1.000000000000000000 ) ) ;
#3452 = CARTESIAN_POINT ( 'NONE',  ( -1.200000000000000178, 0.7900000000000000355, -1.200000000000000178 ) ) ;
#3453 = EDGE_CURVE ( 'NONE', #36, #3983, #4427, .T. ) ;
#3454 = ORIENTED_EDGE ( 'NONE', *, *, #1892, .F. ) ;
#3455 = ADVANCED_FACE ( 'NONE', ( #758 ), #4866, .F. ) ;
#3456 = ADVANCED_FACE ( 'NONE', ( #936 ), #3502, .T. ) ;
#3457 = VERTEX_POINT ( 'NONE', #3570 ) ;
#3458 = PLANE ( 'NONE',  #4313 ) ;
#3459 = DIRECTION ( 'NONE',  ( 0.000000000000000000, 0.000000000000000000, 1.000000000000000000 ) ) ;
#3460 = LINE ( 'NONE', #646, #3476 ) ;
#3461 = VECTOR ( 'NONE', #2871, 1000.000000000000000 ) ;
#3462 = ORIENTED_EDGE ( 'NONE', *, *, #1927, .T. ) ;
#3463 = CARTESIAN_POINT ( 'NONE',  ( -0.1149999999999992140, 0.000000000000000000, -1.090000000000000302 ) ) ;
#3464 = ORIENTED_EDGE ( 'NONE', *, *, #251, .T. ) ;
#3465 = LINE ( 'NONE', #1417, #1699 ) ;
#3466 = CIRCLE ( 'NONE', #2576, 0.1000000000000000472 ) ;
#3467 = DIRECTION ( 'NONE',  ( 0.000000000000000000, 0.000000000000000000, -1.000000000000000000 ) ) ;
#3468 = DIRECTION ( 'NONE',  ( -1.000000000000000000, 0.000000000000000000, 0.000000000000000000 ) ) ;
#3469 = EDGE_LOOP ( 'NONE', ( #3522, #3843, #5268, #4064 ) ) ;
#3470 = CARTESIAN_POINT ( 'NONE',  ( -0.3929999999999994609, 0.2000000000000000111, -1.090000000000000302 ) ) ;
#3471 = DIRECTION ( 'NONE',  ( 0.000000000000000000, 0.000000000000000000, -1.000000000000000000 ) ) ;
#3472 = DIRECTION ( 'NONE',  ( 0.000000000000000000, -1.000000000000000000, 0.000000000000000000 ) ) ;
#3473 = PRESENTATION_LAYER_ASSIGNMENT (  '', '', ( #493 ) ) ;
#3474 = ORIENTED_EDGE ( 'NONE', *, *, #3684, .F. ) ;
#3475 = DIRECTION ( 'NONE',  ( -5.288791085295149449E-16, 0.000000000000000000, 1.000000000000000000 ) ) ;
#3476 = VECTOR ( 'NONE', #1110, 1000.000000000000000 ) ;
#3477 = LINE ( 'NONE', #2010, #1732 ) ;
#3478 = DIRECTION ( 'NONE',  ( -0.000000000000000000, -1.000000000000000000, 0.000000000000000000 ) ) ;
#3479 = EDGE_CURVE ( 'NONE', #914, #4609, #2580, .T. ) ;
#3480 = ORIENTED_EDGE ( 'NONE', *, *, #5215, .F. ) ;
#3481 = DIRECTION ( 'NONE',  ( -2.644395542647572259E-16, 0.000000000000000000, -1.000000000000000000 ) ) ;
#3482 = CARTESIAN_POINT ( 'NONE',  ( -1.089999999999999858, 0.6701063709417264258, 0.1150000000000000883 ) ) ;
#3483 = VERTEX_POINT ( 'NONE', #2880 ) ;
#3484 = AXIS2_PLACEMENT_3D ( 'NONE', #2477, #4359, #1566 ) ;
#3485 = CARTESIAN_POINT ( 'NONE',  ( -1.089999999999999858, 0.6701063709417264258, -0.6229999999999996652 ) ) ;
#3486 = EDGE_CURVE ( 'NONE', #1748, #2604, #797, .T. ) ;
#3487 = SURFACE_STYLE_FILL_AREA ( #4738 ) ;
#3488 = VECTOR ( 'NONE', #3472, 1000.000000000000000 ) ;
#3489 = COLOUR_RGB ( '',1.000000000000000000, 0.5019607843137254832, 0.5019607843137254832 ) ;
#3490 = FILL_AREA_STYLE ('',( #639 ) ) ;
#3491 = EDGE_CURVE ( 'NONE', #3536, #2529, #2618, .T. ) ;
#3492 = ORIENTED_EDGE ( 'NONE', *, *, #4518, .T. ) ;
#3493 = ORIENTED_EDGE ( 'NONE', *, *, #3951, .F. ) ;
#3494 = ORIENTED_EDGE ( 'NONE', *, *, #4412, .T. ) ;
#3495 = CARTESIAN_POINT ( 'NONE',  ( -0.8950000000000004619, 0.5883646178829911033, -1.085000000000000853 ) ) ;
#3496 = CARTESIAN_POINT ( 'NONE',  ( -1.175000000000000488, 0.5883646178829911033, -1.085000000000000187 ) ) ;
#3497 = COLOUR_RGB ( '',1.000000000000000000, 0.5019607843137254832, 0.5019607843137254832 ) ;
#3498 = PLANE ( 'NONE',  #3867 ) ;
#3499 = EDGE_LOOP ( 'NONE', ( #4298, #652, #2442, #156 ) ) ;
#3500 = EDGE_LOOP ( 'NONE', ( #4192, #2181, #4204, #380 ) ) ;
#3501 = FILL_AREA_STYLE ('',( #1891 ) ) ;
#3502 = PLANE ( 'NONE',  #3092 ) ;
#3503 = PRESENTATION_STYLE_ASSIGNMENT (( #2774 ) ) ;
#3504 = EDGE_CURVE ( 'NONE', #3256, #2478, #4360, .T. ) ;
#3505 = LINE ( 'NONE', #4977, #3461 ) ;
#3506 = PLANE ( 'NONE',  #4219 ) ;
#3507 =( LENGTH_UNIT ( ) NAMED_UNIT ( * ) SI_UNIT ( .MILLI., .METRE. ) );
#3508 = VERTEX_POINT ( 'NONE', #4086 ) ;
#3509 = DIRECTION ( 'NONE',  ( 0.000000000000000000, -0.000000000000000000, 1.000000000000000000 ) ) ;
#3510 = PLANE ( 'NONE',  #39 ) ;
#3511 = ORIENTED_EDGE ( 'NONE', *, *, #1133, .F. ) ;
#3512 = CARTESIAN_POINT ( 'NONE',  ( -1.174999999999999822, 0.1000000000000000056, -1.005000000000000338 ) ) ;
#3513 = EDGE_CURVE ( 'NONE', #14, #789, #4469, .T. ) ;
#3514 = ORIENTED_EDGE ( 'NONE', *, *, #4395, .F. ) ;
#3515 = VERTEX_POINT ( 'NONE', #4042 ) ;
#3516 = DIRECTION ( 'NONE',  ( 0.000000000000000000, 0.000000000000000000, 1.000000000000000000 ) ) ;
#3517 = MANIFOLD_SOLID_BREP ( 'LPattern4[3]', #2635 ) ;
#3518 = DIRECTION ( 'NONE',  ( -0.000000000000000000, -1.000000000000000000, -0.000000000000000000 ) ) ;
#3519 = ORIENTED_EDGE ( 'NONE', *, *, #4697, .T. ) ;
#3520 = UNCERTAINTY_MEASURE_WITH_UNIT (LENGTH_MEASURE( 1.000000000000000082E-05 ), #3507, 'distance_accuracy_value', 'NONE');
#3521 = FILL_AREA_STYLE_COLOUR ( '', #5046 ) ;
#3522 = ORIENTED_EDGE ( 'NONE', *, *, #3086, .F. ) ;
#3523 = ORIENTED_EDGE ( 'NONE', *, *, #4243, .T. ) ;
#3524 =( LENGTH_UNIT ( ) NAMED_UNIT ( * ) SI_UNIT ( .MILLI., .METRE. ) );
#3525 = EDGE_CURVE ( 'NONE', #2341, #5289, #2591, .T. ) ;
#3526 =( GEOMETRIC_REPRESENTATION_CONTEXT ( 3 ) GLOBAL_UNCERTAINTY_ASSIGNED_CONTEXT ( ( #2524 ) ) GLOBAL_UNIT_ASSIGNED_CONTEXT ( ( #1317, #2157, #2195 ) ) REPRESENTATION_CONTEXT ( 'NONE', 'WORKASPACE' ) );
#3527 = VECTOR ( 'NONE', #612, 1000.000000000000000 ) ;
#3528 = VECTOR ( 'NONE', #4982, 1000.000000000000000 ) ;
#3529 = SURFACE_STYLE_FILL_AREA ( #1939 ) ;
#3530 = MECHANICAL_DESIGN_GEOMETRIC_PRESENTATION_REPRESENTATION (  '', ( #2490 ), #3526 ) ;
#3531 = ORIENTED_EDGE ( 'NONE', *, *, #180, .T. ) ;
#3532 = VERTEX_POINT ( 'NONE', #43 ) ;
#3533 = CARTESIAN_POINT ( 'NONE',  ( 0.6249999999999997780, 0.2000000000000000944, -0.7249999999999998668 ) ) ;
#3534 = CARTESIAN_POINT ( 'NONE',  ( 1.089999999999999858, 0.1999999999999999833, 0.1150000000000000883 ) ) ;
#3535 = VECTOR ( 'NONE', #950, 1000.000000000000000 ) ;
#3536 = VERTEX_POINT ( 'NONE', #2991 ) ;
#3537 = EDGE_LOOP ( 'NONE', ( #2020, #1216, #2850, #2160 ) ) ;
#3538 = DIRECTION ( 'NONE',  ( -0.000000000000000000, 1.000000000000000000, -0.000000000000000000 ) ) ;
#3539 = ORIENTED_EDGE ( 'NONE', *, *, #1545, .T. ) ;
#3540 = EDGE_LOOP ( 'NONE', ( #2522, #835, #127, #829 ) ) ;
#3541 = CARTESIAN_POINT ( 'NONE',  ( -1.200000000000000178, 0.8900000000000000133, -1.074999999999999734 ) ) ;
#3542 =( LENGTH_UNIT ( ) NAMED_UNIT ( * ) SI_UNIT ( .MILLI., .METRE. ) );
#3543 = VECTOR ( 'NONE', #2022, 1000.000000000000000 ) ;
#3544 = FILL_AREA_STYLE ('',( #3136 ) ) ;
#3545 = EDGE_LOOP ( 'NONE', ( #1876, #24, #2401, #2408 ) ) ;
#3546 = ADVANCED_FACE ( 'NONE', ( #2597 ), #3346, .F. ) ;
#3547 = DIRECTION ( 'NONE',  ( 0.000000000000000000, 0.000000000000000000, -1.000000000000000000 ) ) ;
#3548 = SURFACE_SIDE_STYLE ('',( #3828 ) ) ;
#3549 = ORIENTED_EDGE ( 'NONE', *, *, #4433, .F. ) ;
#3550 = EDGE_CURVE ( 'NONE', #4668, #425, #2685, .T. ) ;
#3551 = DIRECTION ( 'NONE',  ( 2.644395542647571766E-16, 0.000000000000000000, 1.000000000000000000 ) ) ;
#3552 = AXIS2_PLACEMENT_3D ( 'NONE', #1260, #4984, #986 ) ;
#3553 = EDGE_CURVE ( 'NONE', #1869, #28, #4401, .T. ) ;
#3554 = EDGE_LOOP ( 'NONE', ( #1144, #4676, #2270, #135 ) ) ;
#3555 = VERTEX_POINT ( 'NONE', #4955 ) ;
#3556 = ORIENTED_EDGE ( 'NONE', *, *, #5124, .F. ) ;
#3557 = VERTEX_POINT ( 'NONE', #1264 ) ;
#3558 = VECTOR ( 'NONE', #3225, 1000.000000000000000 ) ;
#3559 = CIRCLE ( 'NONE', #2781, 0.07999999999999998779 ) ;
#3560 = VERTEX_POINT ( 'NONE', #4203 ) ;
#3561 = CARTESIAN_POINT ( 'NONE',  ( -1.174999999999999822, 0.000000000000000000, -1.335000000000000187 ) ) ;
#3562 = PRESENTATION_LAYER_ASSIGNMENT (  '', '', ( #3014 ) ) ;
#3563 = ORIENTED_EDGE ( 'NONE', *, *, #3967, .T. ) ;
#3564 = DIRECTION ( 'NONE',  ( -1.000000000000000000, 0.000000000000000000, 0.000000000000000000 ) ) ;
#3565 = VERTEX_POINT ( 'NONE', #2539 ) ;
#3566 = LINE ( 'NONE', #4423, #4097 ) ;
#3567 = ORIENTED_EDGE ( 'NONE', *, *, #1815, .T. ) ;
#3568 = CARTESIAN_POINT ( 'NONE',  ( 0.000000000000000000, 0.000000000000000000, 0.000000000000000000 ) ) ;
#3569 = ORIENTED_EDGE ( 'NONE', *, *, #4375, .T. ) ;
#3570 = CARTESIAN_POINT ( 'NONE',  ( 0.6230000000000005533, 0.1999999999999999833, -1.090000000000000302 ) ) ;
#3571 = LINE ( 'NONE', #1227, #3558 ) ;
#3572 = DIRECTION ( 'NONE',  ( 5.288791085295141560E-16, 0.000000000000000000, 1.000000000000000000 ) ) ;
#3573 = PLANE ( 'NONE',  #3822 ) ;
#3574 = DIRECTION ( 'NONE',  ( -0.000000000000000000, -1.000000000000000000, -0.000000000000000000 ) ) ;
#3575 = ORIENTED_EDGE ( 'NONE', *, *, #3165, .T. ) ;
#3576 = PLANE ( 'NONE',  #288 ) ;
#3577 = FILL_AREA_STYLE ('',( #384 ) ) ;
#3578 = AXIS2_PLACEMENT_3D ( 'NONE', #284, #2796, #704 ) ;
#3579 = UNCERTAINTY_MEASURE_WITH_UNIT (LENGTH_MEASURE( 1.000000000000000082E-05 ), #524, 'distance_accuracy_value', 'NONE');
#3580 = ORIENTED_EDGE ( 'NONE', *, *, #4804, .T. ) ;
#3581 = FACE_OUTER_BOUND ( 'NONE', #289, .T. ) ;
#3582 = ADVANCED_FACE ( 'NONE', ( #4441 ), #4166, .F. ) ;
#3583 = ORIENTED_EDGE ( 'NONE', *, *, #38, .T. ) ;
#3584 = AXIS2_PLACEMENT_3D ( 'NONE', #4652, #1887, #270 ) ;
#3585 = EDGE_LOOP ( 'NONE', ( #2253, #3708, #1789, #705 ) ) ;
#3586 = PRESENTATION_STYLE_ASSIGNMENT (( #3168 ) ) ;
#3587 = ORIENTED_EDGE ( 'NONE', *, *, #1742, .F. ) ;
#3588 = DIRECTION ( 'NONE',  ( 0.000000000000000000, -1.000000000000000000, 0.000000000000000000 ) ) ;
#3589 = AXIS2_PLACEMENT_3D ( 'NONE', #1166, #878, #3645 ) ;
#3590 = ORIENTED_EDGE ( 'NONE', *, *, #3827, .F. ) ;
#3591 = VERTEX_POINT ( 'NONE', #3772 ) ;
#3592 = ORIENTED_EDGE ( 'NONE', *, *, #1309, .T. ) ;
#3593 = ORIENTED_EDGE ( 'NONE', *, *, #859, .T. ) ;
#3594 = CARTESIAN_POINT ( 'NONE',  ( 0.3930000000000010707, 0.6701063709417264258, 1.500000000000000222 ) ) ;
#3595 = DIRECTION ( 'NONE',  ( 0.000000000000000000, -1.000000000000000000, 0.000000000000000000 ) ) ;
#3596 = VERTEX_POINT ( 'NONE', #3271 ) ;
#3597 = CLOSED_SHELL ( 'NONE', ( #3858, #4807, #4742, #2258, #222, #3193 ) ) ;
#3598 = DIRECTION ( 'NONE',  ( 0.000000000000000000, -1.000000000000000000, 0.000000000000000000 ) ) ;
#3599 = EDGE_CURVE ( 'NONE', #2204, #2564, #2691, .T. ) ;
#3600 = SURFACE_STYLE_USAGE ( .BOTH. , #5140 ) ;
#3601 = FACE_OUTER_BOUND ( 'NONE', #3921, .T. ) ;
#3602 = ORIENTED_EDGE ( 'NONE', *, *, #790, .F. ) ;
#3603 = LINE ( 'NONE', #5280, #81 ) ;
#3604 = CIRCLE ( 'NONE', #2486, 0.1250000000000001110 ) ;
#3605 = LINE ( 'NONE', #4072, #1834 ) ;
#3606 = DIRECTION ( 'NONE',  ( -0.000000000000000000, 1.000000000000000000, -0.000000000000000000 ) ) ;
#3607 = EDGE_CURVE ( 'NONE', #46, #362, #908, .T. ) ;
#3608 = DIRECTION ( 'NONE',  ( -0.000000000000000000, -1.000000000000000000, -0.000000000000000000 ) ) ;
#3609 = ORIENTED_EDGE ( 'NONE', *, *, #4645, .T. ) ;
#3610 = CARTESIAN_POINT ( 'NONE',  ( -1.174999999999999822, 0.5883646178829911033, -1.335000000000000187 ) ) ;
#3611 = PLANE ( 'NONE',  #5042 ) ;
#3612 = EDGE_CURVE ( 'NONE', #2612, #3285, #2530, .T. ) ;
#3613 = CARTESIAN_POINT ( 'NONE',  ( -1.089999999999999858, 0.1999999999999999833, 0.3930000000000003491 ) ) ;
#3614 = VERTEX_POINT ( 'NONE', #2577 ) ;
#3615 = ORIENTED_EDGE ( 'NONE', *, *, #1956, .F. ) ;
#3616 = ADVANCED_FACE ( 'NONE', ( #4505 ), #518, .T. ) ;
#3617 = EDGE_CURVE ( 'NONE', #1459, #5105, #4631, .T. ) ;
#3618 = PLANE ( 'NONE',  #2067 ) ;
#3619 = FACE_OUTER_BOUND ( 'NONE', #2126, .T. ) ;
#3620 = LINE ( 'NONE', #890, #1965 ) ;
#3621 = LINE ( 'NONE', #3145, #58 ) ;
#3622 = CIRCLE ( 'NONE', #1035, 0.1250000000000001110 ) ;
#3623 = ORIENTED_EDGE ( 'NONE', *, *, #5201, .T. ) ;
#3624 = ORIENTED_EDGE ( 'NONE', *, *, #574, .F. ) ;
#3625 = DIRECTION ( 'NONE',  ( -0.000000000000000000, -1.000000000000000000, -0.000000000000000000 ) ) ;
#3626 = FACE_OUTER_BOUND ( 'NONE', #4095, .T. ) ;
#3627 = EDGE_CURVE ( 'NONE', #2526, #486, #953, .T. ) ;
#3628 = AXIS2_PLACEMENT_3D ( 'NONE', #4664, #3837, #4389 ) ;
#3629 = ORIENTED_EDGE ( 'NONE', *, *, #2746, .T. ) ;
#3630 = FACE_OUTER_BOUND ( 'NONE', #2908, .T. ) ;
#3631 = FACE_OUTER_BOUND ( 'NONE', #4628, .T. ) ;
#3632 = VECTOR ( 'NONE', #2605, 1000.000000000000000 ) ;
#3633 = VERTEX_POINT ( 'NONE', #3121 ) ;
#3634 = CARTESIAN_POINT ( 'NONE',  ( -0.6229999999999989990, 0.2000000000000000111, 1.090000000000000302 ) ) ;
#3635 = EDGE_CURVE ( 'NONE', #1983, #2002, #2790, .T. ) ;
#3636 = ORIENTED_EDGE ( 'NONE', *, *, #721, .T. ) ;
#3637 = ORIENTED_EDGE ( 'NONE', *, *, #906, .T. ) ;
#3638 = DIRECTION ( 'NONE',  ( 0.000000000000000000, 0.000000000000000000, -1.000000000000000000 ) ) ;
#3639 = CARTESIAN_POINT ( 'NONE',  ( 0.6230000000000005533, 0.6701063709417264258, -1.090000000000000302 ) ) ;
#3640 = ORIENTED_EDGE ( 'NONE', *, *, #2316, .T. ) ;
#3641 = VECTOR ( 'NONE', #5213, 1000.000000000000000 ) ;
#3642 = CARTESIAN_POINT ( 'NONE',  ( -0.9750000000000005329, 0.000000000000000000, -1.255000000000000338 ) ) ;
#3643 = CIRCLE ( 'NONE', #2280, 0.1250000000000003331 ) ;
#3644 = COLOUR_RGB ( '',0.7921568627450980005, 0.8196078431372548767, 0.9333333333333333481 ) ;
#3645 = DIRECTION ( 'NONE',  ( -5.288791085295149449E-16, 0.000000000000000000, 1.000000000000000000 ) ) ;
#3646 = ORIENTED_EDGE ( 'NONE', *, *, #3755, .F. ) ;
#3647 = DIRECTION ( 'NONE',  ( -0.000000000000000000, 1.000000000000000000, -0.000000000000000000 ) ) ;
#3648 = DIRECTION ( 'NONE',  ( -0.000000000000000000, -0.000000000000000000, 1.000000000000000000 ) ) ;
#3649 = CIRCLE ( 'NONE', #3706, 0.07999999999999998779 ) ;
#3650 = ORIENTED_EDGE ( 'NONE', *, *, #4869, .F. ) ;
#3651 = LINE ( 'NONE', #1524, #120 ) ;
#3652 = FACE_OUTER_BOUND ( 'NONE', #3431, .T. ) ;
#3653 = LINE ( 'NONE', #3903, #3666 ) ;
#3654 = DIRECTION ( 'NONE',  ( 0.000000000000000000, -1.000000000000000000, 0.000000000000000000 ) ) ;
#3655 = CARTESIAN_POINT ( 'NONE',  ( 0.000000000000000000, 0.2000000000000000111, 0.000000000000000000 ) ) ;
#3656 = CARTESIAN_POINT ( 'NONE',  ( 1.089999999999999858, 0.000000000000000000, 0.1150000000000000883 ) ) ;
#3657 = CARTESIAN_POINT ( 'NONE',  ( -0.6250000000000000000, 0.000000000000000000, 0.6249999999999997780 ) ) ;
#3658 = CARTESIAN_POINT ( 'NONE',  ( 1.089999999999999858, 0.000000000000000000, 0.6230000000000001092 ) ) ;
#3659 = AXIS2_PLACEMENT_3D ( 'NONE', #4352, #5149, #4786 ) ;
#3660 = UNCERTAINTY_MEASURE_WITH_UNIT (LENGTH_MEASURE( 1.000000000000000082E-05 ), #634, 'distance_accuracy_value', 'NONE');
#3661 = ORIENTED_EDGE ( 'NONE', *, *, #4911, .T. ) ;
#3662 = DIRECTION ( 'NONE',  ( 0.000000000000000000, -1.000000000000000000, 0.000000000000000000 ) ) ;
#3663 = LINE ( 'NONE', #719, #3729 ) ;
#3664 = EDGE_CURVE ( 'NONE', #460, #863, #4618, .T. ) ;
#3665 = CARTESIAN_POINT ( 'NONE',  ( -0.8950000000000004619, 0.1000000000000000472, -1.085000000000000853 ) ) ;
#3666 = VECTOR ( 'NONE', #5113, 1000.000000000000000 ) ;
#3667 = CARTESIAN_POINT ( 'NONE',  ( -0.3929999999999992388, 0.1999999999999999833, 1.090000000000000302 ) ) ;
#3668 = VERTEX_POINT ( 'NONE', #5158 ) ;
#3669 = ORIENTED_EDGE ( 'NONE', *, *, #2735, .T. ) ;
#3670 = CARTESIAN_POINT ( 'NONE',  ( 0.1150000000000005185, 0.2000000000000000111, -1.090000000000000302 ) ) ;
#3671 = CARTESIAN_POINT ( 'NONE',  ( -1.174999999999999822, 0.000000000000000000, -1.005000000000000338 ) ) ;
#3672 = FACE_BOUND ( 'NONE', #4331, .T. ) ;
#3673 = VERTEX_POINT ( 'NONE', #1539 ) ;
#3674 = LINE ( 'NONE', #5018, #177 ) ;
#3675 = DIRECTION ( 'NONE',  ( 0.000000000000000000, -1.000000000000000000, 0.000000000000000000 ) ) ;
#3676 = EDGE_LOOP ( 'NONE', ( #2075, #2649, #2513, #1064 ) ) ;
#3677 = VERTEX_POINT ( 'NONE', #3561 ) ;
#3678 = VECTOR ( 'NONE', #2986, 1000.000000000000000 ) ;
#3679 = CARTESIAN_POINT ( 'NONE',  ( -0.6250000000000000000, 0.2000000000000000944, -0.7250000000000000888 ) ) ;
#3680 = ORIENTED_EDGE ( 'NONE', *, *, #261, .F. ) ;
#3681 = FACE_OUTER_BOUND ( 'NONE', #931, .T. ) ;
#3682 = VECTOR ( 'NONE', #3551, 1000.000000000000000 ) ;
#3683 = VECTOR ( 'NONE', #5115, 1000.000000000000000 ) ;
#3684 = EDGE_CURVE ( 'NONE', #108, #44, #1022, .T. ) ;
#3685 = ADVANCED_FACE ( 'NONE', ( #2892 ), #5225, .F. ) ;
#3686 = CARTESIAN_POINT ( 'NONE',  ( -0.1149999999999990058, 0.2000000000000000111, 1.090000000000000302 ) ) ;
#3687 = ORIENTED_EDGE ( 'NONE', *, *, #4395, .T. ) ;
#3688 = VERTEX_POINT ( 'NONE', #3155 ) ;
#3689 = CARTESIAN_POINT ( 'NONE',  ( 0.1150000000000007405, 0.000000000000000000, 1.090000000000000302 ) ) ;
#3690 = DIRECTION ( 'NONE',  ( 1.000000000000000000, -0.000000000000000000, -1.885568995626963942E-15 ) ) ;
#3691 = FACE_OUTER_BOUND ( 'NONE', #2226, .T. ) ;
#3692 = VECTOR ( 'NONE', #1453, 1000.000000000000000 ) ;
#3693 = LINE ( 'NONE', #2279, #1861 ) ;
#3694 = DIRECTION ( 'NONE',  ( -1.000000000000000000, 0.000000000000000000, -2.990902544787598592E-16 ) ) ;
#3695 = CARTESIAN_POINT ( 'NONE',  ( -1.089999999999999858, 0.000000000000000000, 0.1150000000000000883 ) ) ;
#3696 = DIRECTION ( 'NONE',  ( 0.000000000000000000, -1.000000000000000000, 0.000000000000000000 ) ) ;
#3697 =( NAMED_UNIT ( * ) PLANE_ANGLE_UNIT ( ) SI_UNIT ( $, .RADIAN. ) );
#3698 = ORIENTED_EDGE ( 'NONE', *, *, #3486, .F. ) ;
#3699 = DIRECTION ( 'NONE',  ( 5.288791085295141560E-16, 0.000000000000000000, 1.000000000000000000 ) ) ;
#3700 = LINE ( 'NONE', #3993, #148 ) ;
#3701 = ORIENTED_EDGE ( 'NONE', *, *, #702, .F. ) ;
#3702 = LINE ( 'NONE', #814, #170 ) ;
#3703 = CIRCLE ( 'NONE', #5121, 0.1250000000000003331 ) ;
#3704 = FACE_OUTER_BOUND ( 'NONE', #4288, .T. ) ;
#3705 = EDGE_CURVE ( 'NONE', #4436, #1788, #4611, .T. ) ;
#3706 = AXIS2_PLACEMENT_3D ( 'NONE', #4682, #1837, #4257 ) ;
#3707 = ORIENTED_EDGE ( 'NONE', *, *, #5137, .T. ) ;
#3708 = ORIENTED_EDGE ( 'NONE', *, *, #4973, .T. ) ;
#3709 = DIRECTION ( 'NONE',  ( -5.288791085295141560E-16, 0.000000000000000000, 1.000000000000000000 ) ) ;
#3710 = DIRECTION ( 'NONE',  ( 0.000000000000000000, -1.000000000000000000, 0.000000000000000000 ) ) ;
#3711 = ORIENTED_EDGE ( 'NONE', *, *, #1207, .F. ) ;
#3712 = VECTOR ( 'NONE', #1775, 1000.000000000000000 ) ;
#3713 = VECTOR ( 'NONE', #1494, 1000.000000000000000 ) ;
#3714 = LINE ( 'NONE', #2391, #1978 ) ;
#3715 = VERTEX_POINT ( 'NONE', #4027 ) ;
#3716 = VERTEX_POINT ( 'NONE', #3989 ) ;
#3717 = CARTESIAN_POINT ( 'NONE',  ( 0.6249999999999997780, 0.000000000000000000, 0.6250000000000002220 ) ) ;
#3718 = DIRECTION ( 'NONE',  ( 1.000000000000000000, 0.000000000000000000, -0.000000000000000000 ) ) ;
#3719 = DIRECTION ( 'NONE',  ( -0.000000000000000000, -1.000000000000000000, -0.000000000000000000 ) ) ;
#3720 = ORIENTED_EDGE ( 'NONE', *, *, #2585, .T. ) ;
#3721 = CIRCLE ( 'NONE', #2407, 0.1000000000000000472 ) ;
#3722 = VECTOR ( 'NONE', #3468, 1000.000000000000000 ) ;
#3723 = DIRECTION ( 'NONE',  ( -0.000000000000000000, -1.000000000000000000, -0.000000000000000000 ) ) ;
#3724 = CARTESIAN_POINT ( 'NONE',  ( 0.7249999999999998668, 2.250609665440987950, -0.7249999999999998668 ) ) ;
#3725 = ORIENTED_EDGE ( 'NONE', *, *, #2957, .F. ) ;
#3726 = EDGE_LOOP ( 'NONE', ( #453, #3330, #3514, #3450 ) ) ;
#3727 = DIRECTION ( 'NONE',  ( 0.000000000000000000, 0.000000000000000000, 1.000000000000000000 ) ) ;
#3728 = CARTESIAN_POINT ( 'NONE',  ( 1.016000000000000014, 0.2000000000000000111, 0.000000000000000000 ) ) ;
#3729 = VECTOR ( 'NONE', #2806, 1000.000000000000000 ) ;
#3730 = ORIENTED_EDGE ( 'NONE', *, *, #1784, .T. ) ;
#3731 = LINE ( 'NONE', #4752, #238 ) ;
#3732 = LINE ( 'NONE', #4273, #161 ) ;
#3733 = UNCERTAINTY_MEASURE_WITH_UNIT (LENGTH_MEASURE( 1.000000000000000082E-05 ), #472, 'distance_accuracy_value', 'NONE');
#3734 = VECTOR ( 'NONE', #655, 1000.000000000000000 ) ;
#3735 = CARTESIAN_POINT ( 'NONE',  ( -1.500000000000000000, 0.6701063709417264258, -0.3929999999999997939 ) ) ;
#3736 = CARTESIAN_POINT ( 'NONE',  ( 0.3930000000000007931, 0.000000000000000000, -1.090000000000000302 ) ) ;
#3737 = ADVANCED_FACE ( 'NONE', ( #1085 ), #1962, .T. ) ;
#3738 = DIRECTION ( 'NONE',  ( -1.000000000000000000, 0.000000000000000000, -0.000000000000000000 ) ) ;
#3739 = EDGE_LOOP ( 'NONE', ( #438, #667 ) ) ;
#3740 = EDGE_CURVE ( 'NONE', #2311, #2334, #2859, .T. ) ;
#3741 = ORIENTED_EDGE ( 'NONE', *, *, #420, .F. ) ;
#3742 = DIRECTION ( 'NONE',  ( 0.000000000000000000, 1.000000000000000000, 0.000000000000000000 ) ) ;
#3743 = ORIENTED_EDGE ( 'NONE', *, *, #5092, .F. ) ;
#3744 = VECTOR ( 'NONE', #3872, 1000.000000000000000 ) ;
#3745 = VECTOR ( 'NONE', #1024, 1000.000000000000000 ) ;
#3746 = CIRCLE ( 'NONE', #4083, 0.1000000000000000472 ) ;
#3747 = ORIENTED_EDGE ( 'NONE', *, *, #497, .F. ) ;
#3748 = EDGE_LOOP ( 'NONE', ( #1666, #580, #3549, #1804 ) ) ;
#3749 = MECHANICAL_DESIGN_GEOMETRIC_PRESENTATION_REPRESENTATION (  '', ( #1198 ), #964 ) ;
#3750 = CARTESIAN_POINT ( 'NONE',  ( 1.089999999999999858, 0.000000000000000000, 0.1150000000000000883 ) ) ;
#3751 = LINE ( 'NONE', #2567, #3761 ) ;
#3752 = FACE_OUTER_BOUND ( 'NONE', #53, .T. ) ;
#3753 = LINE ( 'NONE', #1807, #3722 ) ;
#3754 = DIRECTION ( 'NONE',  ( 0.000000000000000000, 0.000000000000000000, -1.000000000000000000 ) ) ;
#3755 = EDGE_CURVE ( 'NONE', #212, #4966, #2777, .T. ) ;
#3756 = FILL_AREA_STYLE ('',( #2151 ) ) ;
#3757 = ORIENTED_EDGE ( 'NONE', *, *, #1683, .T. ) ;
#3758 = ORIENTED_EDGE ( 'NONE', *, *, #1200, .F. ) ;
#3759 = EDGE_CURVE ( 'NONE', #1886, #3889, #2830, .T. ) ;
#3760 = DIRECTION ( 'NONE',  ( -0.000000000000000000, 1.000000000000000000, -0.000000000000000000 ) ) ;
#3761 = VECTOR ( 'NONE', #1543, 1000.000000000000000 ) ;
#3762 = PLANE ( 'NONE',  #3087 ) ;
#3763 = VECTOR ( 'NONE', #1856, 1000.000000000000000 ) ;
#3764 = CARTESIAN_POINT ( 'NONE',  ( -1.500000000000000222, 0.1999999999999996503, 0.1150000000000002964 ) ) ;
#3765 = VECTOR ( 'NONE', #782, 1000.000000000000000 ) ;
#3766 = CARTESIAN_POINT ( 'NONE',  ( -0.9750000000000010880, 0.000000000000000000, -1.335000000000000187 ) ) ;
#3767 = EDGE_CURVE ( 'NONE', #1788, #2040, #1107, .T. ) ;
#3768 = DIRECTION ( 'NONE',  ( -0.000000000000000000, -1.000000000000000000, -0.000000000000000000 ) ) ;
#3769 = ORIENTED_EDGE ( 'NONE', *, *, #1756, .T. ) ;
#3770 = EDGE_LOOP ( 'NONE', ( #336, #2603, #244, #3758 ) ) ;
#3771 = DIRECTION ( 'NONE',  ( 1.000000000000000000, 0.000000000000000000, -7.228014483236695816E-17 ) ) ;
#3772 = CARTESIAN_POINT ( 'NONE',  ( 0.6230000000000007754, 0.1999999999999999833, 1.090000000000000302 ) ) ;
#3773 = VECTOR ( 'NONE', #3303, 1000.000000000000000 ) ;
#3774 = EDGE_CURVE ( 'NONE', #1419, #3104, #1069, .T. ) ;
#3775 = VERTEX_POINT ( 'NONE', #4855 ) ;
#3776 = FACE_OUTER_BOUND ( 'NONE', #2557, .T. ) ;
#3777 = ADVANCED_FACE ( 'NONE', ( #2867 ), #1610, .F. ) ;
#3778 = VECTOR ( 'NONE', #163, 1000.000000000000000 ) ;
#3779 = FILL_AREA_STYLE ('',( #2942 ) ) ;
#3780 = CARTESIAN_POINT ( 'NONE',  ( -0.6250000000000000000, 2.250609665440987950, 0.6249999999999997780 ) ) ;
#3781 = DIRECTION ( 'NONE',  ( -1.057758217059029890E-15, -0.000000000000000000, -1.000000000000000000 ) ) ;
#3782 = CARTESIAN_POINT ( 'NONE',  ( -1.089999999999999858, 0.000000000000000000, 0.6230000000000001092 ) ) ;
#3783 = EDGE_LOOP ( 'NONE', ( #2449, #344, #2134, #314 ) ) ;
#3784 =( LENGTH_UNIT ( ) NAMED_UNIT ( * ) SI_UNIT ( .MILLI., .METRE. ) );
#3785 = CARTESIAN_POINT ( 'NONE',  ( 0.1150000000000005185, 0.2000000000000000111, -1.090000000000000302 ) ) ;
#3786 = VERTEX_POINT ( 'NONE', #2866 ) ;
#3787 = LINE ( 'NONE', #1593, #248 ) ;
#3788 = EDGE_CURVE ( 'NONE', #1096, #4609, #2900, .T. ) ;
#3789 = VECTOR ( 'NONE', #1411, 1000.000000000000000 ) ;
#3790 = ADVANCED_FACE ( 'NONE', ( #1075 ), #2440, .T. ) ;
#3791 = VERTEX_POINT ( 'NONE', #1105 ) ;
#3792 = DIRECTION ( 'NONE',  ( 1.000000000000000000, -0.000000000000000000, -0.000000000000000000 ) ) ;
#3793 = EDGE_LOOP ( 'NONE', ( #1671, #5163, #4217, #4013, #2470, #489, #4248, #4411 ) ) ;
#3794 = CARTESIAN_POINT ( 'NONE',  ( -0.8950000000000004619, 0.000000000000000000, -1.254999999999999671 ) ) ;
#3795 = VECTOR ( 'NONE', #4385, 1000.000000000000000 ) ;
#3796 = DIRECTION ( 'NONE',  ( 0.000000000000000000, 1.000000000000000000, 0.000000000000000000 ) ) ;
#3797 =( LENGTH_UNIT ( ) NAMED_UNIT ( * ) SI_UNIT ( .MILLI., .METRE. ) );
#3798 = PRESENTATION_LAYER_ASSIGNMENT (  '', '', ( #4995 ) ) ;
#3799 = ORIENTED_EDGE ( 'NONE', *, *, #1212, .T. ) ;
#3800 = ORIENTED_EDGE ( 'NONE', *, *, #4099, .F. ) ;
#3801 = DIRECTION ( 'NONE',  ( 0.000000000000000000, 0.000000000000000000, 1.000000000000000000 ) ) ;
#3802 = EDGE_CURVE ( 'NONE', #2800, #2864, #1057, .T. ) ;
#3803 = MECHANICAL_DESIGN_GEOMETRIC_PRESENTATION_REPRESENTATION (  '', ( #1852 ), #4142 ) ;
#3804 = CARTESIAN_POINT ( 'NONE',  ( 0.6230000000000011084, 0.6701063709417264258, 1.499999999999999778 ) ) ;
#3805 = PLANE ( 'NONE',  #2459 ) ;
#3806 = ORIENTED_EDGE ( 'NONE', *, *, #5222, .T. ) ;
#3807 = VECTOR ( 'NONE', #4235, 1000.000000000000000 ) ;
#3808 = CARTESIAN_POINT ( 'NONE',  ( -1.174999999999999822, 0.000000000000000000, -1.005000000000000338 ) ) ;
#3809 = VERTEX_POINT ( 'NONE', #2041 ) ;
#3810 = CARTESIAN_POINT ( 'NONE',  ( 1.089999999999999858, 0.000000000000000000, -0.3929999999999999050 ) ) ;
#3811 = MECHANICAL_DESIGN_GEOMETRIC_PRESENTATION_REPRESENTATION (  '', ( #408 ), #1608 ) ;
#3812 = DIRECTION ( 'NONE',  ( 0.000000000000000000, -1.000000000000000000, 0.000000000000000000 ) ) ;
#3813 = ORIENTED_EDGE ( 'NONE', *, *, #388, .T. ) ;
#3814 = AXIS2_PLACEMENT_3D ( 'NONE', #2083, #207, #1091 ) ;
#3815 = CARTESIAN_POINT ( 'NONE',  ( -1.089999999999999858, 0.6701063709417264258, 0.6230000000000001092 ) ) ;
#3816 =( NAMED_UNIT ( * ) PLANE_ANGLE_UNIT ( ) SI_UNIT ( $, .RADIAN. ) );
#3817 = PLANE ( 'NONE',  #2511 ) ;
#3818 = EDGE_LOOP ( 'NONE', ( #462, #3835, #3884, #821 ) ) ;
#3819 = CARTESIAN_POINT ( 'NONE',  ( -0.8950000000000004619, 0.1000000000000000056, -1.254999999999999671 ) ) ;
#3820 = DIRECTION ( 'NONE',  ( 1.000000000000000000, 0.000000000000000000, 0.000000000000000000 ) ) ;
#3821 = ORIENTED_EDGE ( 'NONE', *, *, #933, .T. ) ;
#3822 = AXIS2_PLACEMENT_3D ( 'NONE', #4006, #3938, #1150 ) ;
#3823 = EDGE_CURVE ( 'NONE', #3842, #3668, #2765, .T. ) ;
#3824 = DIRECTION ( 'NONE',  ( 0.000000000000000000, 1.000000000000000000, 0.000000000000000000 ) ) ;
#3825 = ORIENTED_EDGE ( 'NONE', *, *, #5255, .T. ) ;
#3826 = DIRECTION ( 'NONE',  ( 1.000000000000000000, 0.000000000000000000, 0.000000000000000000 ) ) ;
#3827 = EDGE_CURVE ( 'NONE', #1383, #3716, #1002, .T. ) ;
#3828 = SURFACE_STYLE_FILL_AREA ( #2944 ) ;
#3829 = CARTESIAN_POINT ( 'NONE',  ( 1.089999999999999858, 0.6701063709417264258, 0.1150000000000000883 ) ) ;
#3830 = ADVANCED_FACE ( 'NONE', ( #4539 ), #153, .F. ) ;
#3831 = AXIS2_PLACEMENT_3D ( 'NONE', #2778, #4037, #724 ) ;
#3832 = EDGE_CURVE ( 'NONE', #1709, #2660, #4653, .T. ) ;
#3833 = DIRECTION ( 'NONE',  ( 1.000000000000000000, 0.000000000000000000, 2.990902544787599085E-16 ) ) ;
#3834 = EDGE_LOOP ( 'NONE', ( #4492, #904, #3065, #1366 ) ) ;
#3835 = ORIENTED_EDGE ( 'NONE', *, *, #1702, .T. ) ;
#3836 = CARTESIAN_POINT ( 'NONE',  ( -1.500000000000000000, 0.1999999999999999833, 0.3930000000000005711 ) ) ;
#3837 = DIRECTION ( 'NONE',  ( -2.990902544787599085E-16, 0.000000000000000000, 1.000000000000000000 ) ) ;
#3838 = DIRECTION ( 'NONE',  ( -0.000000000000000000, 0.000000000000000000, 1.000000000000000000 ) ) ;
#3839 = LINE ( 'NONE', #1772, #2017 ) ;
#3840 = AXIS2_PLACEMENT_3D ( 'NONE', #2821, #5180, #3276 ) ;
#3841 = EDGE_LOOP ( 'NONE', ( #2736, #3025, #1337, #1345 ) ) ;
#3842 = VERTEX_POINT ( 'NONE', #1079 ) ;
#3843 = ORIENTED_EDGE ( 'NONE', *, *, #180, .F. ) ;
#3844 = VECTOR ( 'NONE', #1485, 1000.000000000000000 ) ;
#3845 = CARTESIAN_POINT ( 'NONE',  ( 1.500000000000000000, 0.000000000000000000, -0.3929999999999997939 ) ) ;
#3846 = ORIENTED_EDGE ( 'NONE', *, *, #2244, .T. ) ;
#3847 = ORIENTED_EDGE ( 'NONE', *, *, #3107, .F. ) ;
#3848 = CARTESIAN_POINT ( 'NONE',  ( 0.7249999999999998668, 0.000000000000000000, -0.6249999999999997780 ) ) ;
#3849 = DIRECTION ( 'NONE',  ( 0.000000000000000000, 1.000000000000000000, 0.000000000000000000 ) ) ;
#3850 = EDGE_LOOP ( 'NONE', ( #922, #481, #2221, #4304 ) ) ;
#3851 = ORIENTED_EDGE ( 'NONE', *, *, #1803, .T. ) ;
#3852 = FACE_OUTER_BOUND ( 'NONE', #2277, .T. ) ;
#3853 = VECTOR ( 'NONE', #3056, 1000.000000000000000 ) ;
#3854 = CARTESIAN_POINT ( 'NONE',  ( -0.6229999999999992211, 0.2000000000000000111, -1.090000000000000302 ) ) ;
#3855 = FILL_AREA_STYLE ('',( #149 ) ) ;
#3856 = VERTEX_POINT ( 'NONE', #4260 ) ;
#3857 = PLANE ( 'NONE',  #3063 ) ;
#3858 = ADVANCED_FACE ( 'NONE', ( #4595 ), #3498, .F. ) ;
#3859 = EDGE_LOOP ( 'NONE', ( #4358, #2192, #4317, #4381 ) ) ;
#3860 = CARTESIAN_POINT ( 'NONE',  ( -1.089999999999999858, 0.000000000000000000, -0.1149999999999996581 ) ) ;
#3861 = AXIS2_PLACEMENT_3D ( 'NONE', #4200, #3771, #4123 ) ;
#3862 = ADVANCED_FACE ( 'NONE', ( #1049 ), #2711, .T. ) ;
#3863 = VERTEX_POINT ( 'NONE', #2776 ) ;
#3864 = PLANE ( 'NONE',  #1294 ) ;
#3865 = FACE_OUTER_BOUND ( 'NONE', #3726, .T. ) ;
#3866 = EDGE_CURVE ( 'NONE', #2146, #457, #4578, .T. ) ;
#3867 = AXIS2_PLACEMENT_3D ( 'NONE', #2298, #190, #3932 ) ;
#3868 = EDGE_LOOP ( 'NONE', ( #4845, #355, #2849, #299 ) ) ;
#3869 = ORIENTED_EDGE ( 'NONE', *, *, #3013, .F. ) ;
#3870 = CARTESIAN_POINT ( 'NONE',  ( 0.3930000000000010707, 0.1999999999999999833, 1.500000000000000222 ) ) ;
#3871 = DIRECTION ( 'NONE',  ( -1.000000000000000000, 0.000000000000000000, 1.885568995626963547E-15 ) ) ;
#3872 = DIRECTION ( 'NONE',  ( 0.000000000000000000, -1.000000000000000000, 0.000000000000000000 ) ) ;
#3873 = ORIENTED_EDGE ( 'NONE', *, *, #2374, .T. ) ;
#3874 = CARTESIAN_POINT ( 'NONE',  ( -1.175000000000000488, 0.1000000000000000056, -1.085000000000000187 ) ) ;
#3875 = VECTOR ( 'NONE', #1755, 1000.000000000000000 ) ;
#3876 = ADVANCED_FACE ( 'NONE', ( #4558 ), #1478, .T. ) ;
#3877 = ORIENTED_EDGE ( 'NONE', *, *, #256, .T. ) ;
#3878 = EDGE_LOOP ( 'NONE', ( #3650, #10, #2681, #1534 ) ) ;
#3879 = PLANE ( 'NONE',  #1237 ) ;
#3880 = ORIENTED_EDGE ( 'NONE', *, *, #1103, .T. ) ;
#3881 = CARTESIAN_POINT ( 'NONE',  ( -0.8950000000000004619, 0.000000000000000000, -1.254999999999999671 ) ) ;
#3882 = DIRECTION ( 'NONE',  ( 0.000000000000000000, 0.000000000000000000, -1.000000000000000000 ) ) ;
#3883 = ORIENTED_EDGE ( 'NONE', *, *, #66, .T. ) ;
#3884 = ORIENTED_EDGE ( 'NONE', *, *, #799, .F. ) ;
#3885 = CIRCLE ( 'NONE', #4541, 0.1000000000000000472 ) ;
#3886 = ORIENTED_EDGE ( 'NONE', *, *, #3112, .T. ) ;
#3887 = EDGE_CURVE ( 'NONE', #3079, #36, #2874, .T. ) ;
#3888 = CARTESIAN_POINT ( 'NONE',  ( 1.089999999999999858, 0.6701063709417264258, -0.6229999999999996652 ) ) ;
#3889 = VERTEX_POINT ( 'NONE', #111 ) ;
#3890 = EDGE_LOOP ( 'NONE', ( #2827, #381, #2775, #1026 ) ) ;
#3891 = PRESENTATION_STYLE_ASSIGNMENT (( #1677 ) ) ;
#3892 = DIRECTION ( 'NONE',  ( -1.000000000000000000, 0.000000000000000000, -0.000000000000000000 ) ) ;
#3893 = VERTEX_POINT ( 'NONE', #970 ) ;
#3894 = EDGE_LOOP ( 'NONE', ( #2223, #2315, #4327, #866 ) ) ;
#3895 = EDGE_CURVE ( 'NONE', #4502, #2726, #962, .T. ) ;
#3896 = ORIENTED_EDGE ( 'NONE', *, *, #3401, .T. ) ;
#3897 = PLANE ( 'NONE',  #2293 ) ;
#3898 = LINE ( 'NONE', #5066, #4116 ) ;
#3899 = ORIENTED_EDGE ( 'NONE', *, *, #3553, .F. ) ;
#3900 = LINE ( 'NONE', #4947, #4041 ) ;
#3901 = PLANE ( 'NONE',  #4057 ) ;
#3902 = VERTEX_POINT ( 'NONE', #4684 ) ;
#3903 = CARTESIAN_POINT ( 'NONE',  ( -1.174999999999999822, 0.1000000000000000056, -1.005000000000000338 ) ) ;
#3904 = DIRECTION ( 'NONE',  ( -5.288791085295149449E-16, 0.000000000000000000, 1.000000000000000000 ) ) ;
#3905 = DIRECTION ( 'NONE',  ( -0.000000000000000000, 0.000000000000000000, -1.000000000000000000 ) ) ;
#3906 = DIRECTION ( 'NONE',  ( 0.000000000000000000, 0.000000000000000000, 1.000000000000000000 ) ) ;
#3907 = EDGE_LOOP ( 'NONE', ( #4283, #3952, #2518, #326 ) ) ;
#3908 = CARTESIAN_POINT ( 'NONE',  ( -1.174999999999999822, 0.000000000000000000, -1.335000000000000187 ) ) ;
#3909 = EDGE_CURVE ( 'NONE', #505, #3444, #1099, .T. ) ;
#3910 = AXIS2_PLACEMENT_3D ( 'NONE', #4648, #537, #3000 ) ;
#3911 = ORIENTED_EDGE ( 'NONE', *, *, #2434, .F. ) ;
#3912 = VERTEX_POINT ( 'NONE', #3047 ) ;
#3913 = DIRECTION ( 'NONE',  ( 5.288791085295149449E-16, 0.000000000000000000, -1.000000000000000000 ) ) ;
#3914 = VERTEX_POINT ( 'NONE', #5060 ) ;
#3915 = DIRECTION ( 'NONE',  ( 0.000000000000000000, -1.000000000000000000, 0.000000000000000000 ) ) ;
#3916 = CARTESIAN_POINT ( 'NONE',  ( 0.000000000000000000, 0.000000000000000000, 0.5080000000000000071 ) ) ;
#3917 = ORIENTED_EDGE ( 'NONE', *, *, #2829, .F. ) ;
#3918 = PRESENTATION_STYLE_ASSIGNMENT (( #2590 ) ) ;
#3919 = DIRECTION ( 'NONE',  ( 0.000000000000000000, -1.000000000000000000, 0.000000000000000000 ) ) ;
#3920 = CARTESIAN_POINT ( 'NONE',  ( -1.089999999999999858, 0.000000000000000000, 0.1150000000000000883 ) ) ;
#3921 = EDGE_LOOP ( 'NONE', ( #3197, #889, #131, #4466 ) ) ;
#3922 = EDGE_LOOP ( 'NONE', ( #88, #1904, #605, #2487 ) ) ;
#3923 = EDGE_CURVE ( 'NONE', #2973, #1725, #2797, .T. ) ;
#3924 =( NAMED_UNIT ( * ) SI_UNIT ( $, .STERADIAN. ) SOLID_ANGLE_UNIT ( ) );
#3925 = ORIENTED_EDGE ( 'NONE', *, *, #3612, .T. ) ;
#3926 = CLOSED_SHELL ( 'NONE', ( #2344, #1570, #882, #3118, #740, #4145 ) ) ;
#3927 = VECTOR ( 'NONE', #1790, 1000.000000000000000 ) ;
#3928 = DIRECTION ( 'NONE',  ( 0.000000000000000000, -1.000000000000000000, 0.000000000000000000 ) ) ;
#3929 = CARTESIAN_POINT ( 'NONE',  ( -1.255000000000000560, 0.1000000000000000056, -1.254999999999999671 ) ) ;
#3930 = ORIENTED_EDGE ( 'NONE', *, *, #5197, .T. ) ;
#3931 = AXIS2_PLACEMENT_3D ( 'NONE', #3946, #5055, #3516 ) ;
#3932 = DIRECTION ( 'NONE',  ( 0.000000000000000000, -0.000000000000000000, 1.000000000000000000 ) ) ;
#3933 = EDGE_LOOP ( 'NONE', ( #4343, #4429, #2185, #343 ) ) ;
#3934 = ORIENTED_EDGE ( 'NONE', *, *, #4983, .F. ) ;
#3935 = EDGE_LOOP ( 'NONE', ( #4009, #4073, #2173, #341 ) ) ;
#3936 = SURFACE_SIDE_STYLE ('',( #2846 ) ) ;
#3937 = FILL_AREA_STYLE_COLOUR ( '', #2653 ) ;
#3938 = DIRECTION ( 'NONE',  ( -1.000000000000000000, 0.000000000000000000, -5.288791085295149449E-16 ) ) ;
#3939 = ORIENTED_EDGE ( 'NONE', *, *, #2168, .T. ) ;
#3940 = DIRECTION ( 'NONE',  ( -0.000000000000000000, 1.000000000000000000, -0.000000000000000000 ) ) ;
#3941 = ORIENTED_EDGE ( 'NONE', *, *, #3363, .F. ) ;
#3942 = CARTESIAN_POINT ( 'NONE',  ( -0.6250000000000000000, 2.250609665440987950, -0.6250000000000000000 ) ) ;
#3943 = VERTEX_POINT ( 'NONE', #2992 ) ;
#3944 = LINE ( 'NONE', #1963, #2271 ) ;
#3945 = VERTEX_POINT ( 'NONE', #4702 ) ;
#3946 = CARTESIAN_POINT ( 'NONE',  ( 0.6249999999999997780, 0.000000000000000000, -0.6249999999999997780 ) ) ;
#3947 = ADVANCED_FACE ( 'NONE', ( #2822 ), #3448, .T. ) ;
#3948 = ORIENTED_EDGE ( 'NONE', *, *, #1407, .T. ) ;
#3950 = PRESENTATION_LAYER_ASSIGNMENT (  '', '', ( #2380 ) ) ;
#3949 = SURFACE_STYLE_FILL_AREA ( #2443 ) ;
#3951 = EDGE_CURVE ( 'NONE', #2327, #4444, #1032, .T. ) ;
#3952 = ORIENTED_EDGE ( 'NONE', *, *, #2397, .F. ) ;
#3953 = ORIENTED_EDGE ( 'NONE', *, *, #2244, .F. ) ;
#3954 = ORIENTED_EDGE ( 'NONE', *, *, #3705, .T. ) ;
#3955 = DIRECTION ( 'NONE',  ( 0.000000000000000000, -1.000000000000000000, 0.000000000000000000 ) ) ;
#3956 = ORIENTED_EDGE ( 'NONE', *, *, #3627, .T. ) ;
#3957 = FACE_OUTER_BOUND ( 'NONE', #3545, .T. ) ;
#3958 = CARTESIAN_POINT ( 'NONE',  ( -0.3929999999999992388, 0.6701063709417264258, 1.090000000000000302 ) ) ;
#3959 = EDGE_CURVE ( 'NONE', #1243, #3633, #2886, .T. ) ;
#3960 = ORIENTED_EDGE ( 'NONE', *, *, #3191, .T. ) ;
#3961 = ORIENTED_EDGE ( 'NONE', *, *, #4604, .F. ) ;
#3962 = DIRECTION ( 'NONE',  ( 1.000000000000000000, 0.000000000000000000, 1.885568995626964336E-15 ) ) ;
#3963 = EDGE_LOOP ( 'NONE', ( #2104, #2031, #3687, #342, #2556, #3563, #263, #805 ) ) ;
#3964 = ORIENTED_EDGE ( 'NONE', *, *, #2801, .T. ) ;
#3965 = PLANE ( 'NONE',  #3209 ) ;
#3966 =( NAMED_UNIT ( * ) SI_UNIT ( $, .STERADIAN. ) SOLID_ANGLE_UNIT ( ) );
#3967 = EDGE_CURVE ( 'NONE', #3286, #4351, #942, .T. ) ;
#3968 = CARTESIAN_POINT ( 'NONE',  ( 0.1150000000000007405, 0.2000000000000000111, 1.090000000000000302 ) ) ;
#3969 = DIRECTION ( 'NONE',  ( 0.000000000000000000, -0.000000000000000000, -1.000000000000000000 ) ) ;
#3970 = ORIENTED_EDGE ( 'NONE', *, *, #1336, .F. ) ;
#3971 = PLANE ( 'NONE',  #1141 ) ;
#3972 = ORIENTED_EDGE ( 'NONE', *, *, #4567, .T. ) ;
#3973 = DIRECTION ( 'NONE',  ( 0.000000000000000000, -1.000000000000000000, 0.000000000000000000 ) ) ;
#3974 = DIRECTION ( 'NONE',  ( 1.000000000000000000, -0.000000000000000000, -7.228014483236695816E-17 ) ) ;
#3975 = EDGE_LOOP ( 'NONE', ( #4256, #2807, #1321, #4777 ) ) ;
#3976 = CARTESIAN_POINT ( 'NONE',  ( 1.089999999999999858, 0.1999999999999999833, -0.1149999999999996581 ) ) ;
#3977 = EDGE_LOOP ( 'NONE', ( #1665, #350, #1924, #3701 ) ) ;
#3978 = ADVANCED_FACE ( 'NONE', ( #4521 ), #1065, .F. ) ;
#3979 = ORIENTED_EDGE ( 'NONE', *, *, #2093, .F. ) ;
#3980 = DIRECTION ( 'NONE',  ( 0.000000000000000000, 0.000000000000000000, -1.000000000000000000 ) ) ;
#3981 = ORIENTED_EDGE ( 'NONE', *, *, #302, .F. ) ;
#3982 = DIRECTION ( 'NONE',  ( -0.000000000000000000, -1.000000000000000000, -0.000000000000000000 ) ) ;
#3983 = VERTEX_POINT ( 'NONE', #2555 ) ;
#3984 = VECTOR ( 'NONE', #1486, 1000.000000000000000 ) ;
#3985 = DIRECTION ( 'NONE',  ( 2.644395542647570780E-16, 0.000000000000000000, -1.000000000000000000 ) ) ;
#3986 = EDGE_CURVE ( 'NONE', #1893, #147, #2739, .T. ) ;
#3987 = ORIENTED_EDGE ( 'NONE', *, *, #993, .T. ) ;
#3988 = ADVANCED_FACE ( 'NONE', ( #980 ), #3762, .F. ) ;
#3989 = CARTESIAN_POINT ( 'NONE',  ( 1.500000000000000000, 0.000000000000000000, 0.1150000000000001993 ) ) ;
#3990 = VERTEX_POINT ( 'NONE', #2959 ) ;
#3991 = LINE ( 'NONE', #1754, #455 ) ;
#3992 = PRESENTATION_STYLE_ASSIGNMENT (( #4419 ) ) ;
#3993 = CARTESIAN_POINT ( 'NONE',  ( -1.500000000000000000, 0.1999999999999999833, 0.6230000000000002203 ) ) ;
#3994 = ORIENTED_EDGE ( 'NONE', *, *, #3802, .F. ) ;
#3995 = EDGE_CURVE ( 'NONE', #3596, #1936, #2770, .T. ) ;
#3996 = CARTESIAN_POINT ( 'NONE',  ( 0.6230000000000005533, 0.000000000000000000, -1.090000000000000302 ) ) ;
#3997 = VERTEX_POINT ( 'NONE', #3340 ) ;
#3998 = ORIENTED_EDGE ( 'NONE', *, *, #2848, .F. ) ;
#3999 = DIRECTION ( 'NONE',  ( -0.000000000000000000, -1.000000000000000000, -0.000000000000000000 ) ) ;
#4000 = FACE_OUTER_BOUND ( 'NONE', #1474, .T. ) ;
#4001 = SURFACE_STYLE_FILL_AREA ( #3544 ) ;
#4002 = DIRECTION ( 'NONE',  ( 0.000000000000000000, -0.000000000000000000, 1.000000000000000000 ) ) ;
#4003 = ORIENTED_EDGE ( 'NONE', *, *, #3430, .F. ) ;
#4004 =( GEOMETRIC_REPRESENTATION_CONTEXT ( 3 ) GLOBAL_UNCERTAINTY_ASSIGNED_CONTEXT ( ( #4800 ) ) GLOBAL_UNIT_ASSIGNED_CONTEXT ( ( #871, #468, #2072 ) ) REPRESENTATION_CONTEXT ( 'NONE', 'WORKASPACE' ) );
#4005 = CARTESIAN_POINT ( 'NONE',  ( -0.6229999999999992211, 0.000000000000000000, -1.500000000000000222 ) ) ;
#4006 = CARTESIAN_POINT ( 'NONE',  ( -0.3929999999999994609, 0.2000000000000000111, -1.090000000000000302 ) ) ;
#4007 = ORIENTED_EDGE ( 'NONE', *, *, #5222, .F. ) ;
#4008 = CARTESIAN_POINT ( 'NONE',  ( 1.500000000000000000, 0.1999999999999999833, 0.6230000000000002203 ) ) ;
#4009 = ORIENTED_EDGE ( 'NONE', *, *, #2168, .F. ) ;
#4010 =( LENGTH_UNIT ( ) NAMED_UNIT ( * ) SI_UNIT ( .MILLI., .METRE. ) );
#4011 = CARTESIAN_POINT ( 'NONE',  ( -1.089999999999999858, 0.6701063709417264258, -0.1149999999999996581 ) ) ;
#4012 = DIRECTION ( 'NONE',  ( 0.000000000000000000, -0.000000000000000000, 1.000000000000000000 ) ) ;
#4013 = ORIENTED_EDGE ( 'NONE', *, *, #1573, .T. ) ;
#4014 = VECTOR ( 'NONE', #2309, 1000.000000000000000 ) ;
#4015 = EDGE_CURVE ( 'NONE', #2341, #4476, #988, .T. ) ;
#4016 = CARTESIAN_POINT ( 'NONE',  ( 0.6230000000000007754, 0.000000000000000000, 1.090000000000000302 ) ) ;
#4017 = ORIENTED_EDGE ( 'NONE', *, *, #520, .T. ) ;
#4018 = AXIS2_PLACEMENT_3D ( 'NONE', #1031, #2734, #4705 ) ;
#4019 = EDGE_CURVE ( 'NONE', #5192, #2367, #1219, .T. ) ;
#4020 = EDGE_LOOP ( 'NONE', ( #4936, #2833, #4852, #3119 ) ) ;
#4021 = FACE_OUTER_BOUND ( 'NONE', #2926, .T. ) ;
#4022 = PLANE ( 'NONE',  #3226 ) ;
#4023 = ADVANCED_FACE ( 'NONE', ( #1211 ), #4156, .T. ) ;
#4024 = LINE ( 'NONE', #4721, #2264 ) ;
#4025 = DIRECTION ( 'NONE',  ( -0.000000000000000000, 1.000000000000000000, -0.000000000000000000 ) ) ;
#4026 = ORIENTED_EDGE ( 'NONE', *, *, #3227, .T. ) ;
#4027 = CARTESIAN_POINT ( 'NONE',  ( 0.3930000000000010152, 0.000000000000000000, 1.090000000000000302 ) ) ;
#4028 = EDGE_CURVE ( 'NONE', #304, #452, #4764, .T. ) ;
#4029 = MECHANICAL_DESIGN_GEOMETRIC_PRESENTATION_REPRESENTATION (  '', ( #3014 ), #3122 ) ;
#4030 = DIRECTION ( 'NONE',  ( 0.000000000000000000, -1.000000000000000000, 0.000000000000000000 ) ) ;
#4031 = ORIENTED_EDGE ( 'NONE', *, *, #1892, .T. ) ;
#4032 = VECTOR ( 'NONE', #4286, 1000.000000000000000 ) ;
#4033 = CYLINDRICAL_SURFACE ( 'NONE', #1421, 0.07999999999999998779 ) ;
#4034 = DIRECTION ( 'NONE',  ( 0.000000000000000000, 1.000000000000000000, 0.000000000000000000 ) ) ;
#4035 = ORIENTED_EDGE ( 'NONE', *, *, #2257, .T. ) ;
#4036 = ADVANCED_FACE ( 'NONE', ( #3006 ), #837, .F. ) ;
#4037 = DIRECTION ( 'NONE',  ( -2.644395542647570780E-16, 0.000000000000000000, -1.000000000000000000 ) ) ;
#4038 = CARTESIAN_POINT ( 'NONE',  ( -1.089999999999999858, 0.1999999999999999833, 0.6230000000000001092 ) ) ;
#4039 = EDGE_CURVE ( 'NONE', #765, #2301, #2956, .T. ) ;
#4040 = ORIENTED_EDGE ( 'NONE', *, *, #2595, .F. ) ;
#4041 = VECTOR ( 'NONE', #2562, 1000.000000000000000 ) ;
#4042 = CARTESIAN_POINT ( 'NONE',  ( -1.500000000000000000, 0.000000000000000000, 0.1150000000000001993 ) ) ;
#4043 = CARTESIAN_POINT ( 'NONE',  ( 0.6249999999999997780, 0.000000000000000000, -0.7249999999999998668 ) ) ;
#4044 = CARTESIAN_POINT ( 'NONE',  ( 1.089999999999999858, 0.1999999999999999833, 0.6230000000000001092 ) ) ;
#4045 = ORIENTED_EDGE ( 'NONE', *, *, #859, .F. ) ;
#4046 = ORIENTED_EDGE ( 'NONE', *, *, #2585, .F. ) ;
#4047 = CARTESIAN_POINT ( 'NONE',  ( -0.8950000000000004619, 0.000000000000000000, -1.085000000000000853 ) ) ;
#4048 = DIRECTION ( 'NONE',  ( 0.000000000000000000, 1.000000000000000000, 0.000000000000000000 ) ) ;
#4049 = DIRECTION ( 'NONE',  ( 0.000000000000000000, -0.000000000000000000, -1.000000000000000000 ) ) ;
#4050 = VERTEX_POINT ( 'NONE', #72 ) ;
#4051 = LINE ( 'NONE', #4641, #2289 ) ;
#4052 = STYLED_ITEM ( 'NONE', ( #554 ), #3329 ) ;
#4053 = ORIENTED_EDGE ( 'NONE', *, *, #5112, .T. ) ;
#4054 = CARTESIAN_POINT ( 'NONE',  ( -0.7250000000000000888, 0.2000000000000000944, -0.6250000000000000000 ) ) ;
#4055 = VERTEX_POINT ( 'NONE', #3679 ) ;
#4056 = EDGE_CURVE ( 'NONE', #2540, #4565, #3016, .T. ) ;
#4057 = AXIS2_PLACEMENT_3D ( 'NONE', #583, #3099, #1011 ) ;
#4058 = ORIENTED_EDGE ( 'NONE', *, *, #2034, .F. ) ;
#4059 = ORIENTED_EDGE ( 'NONE', *, *, #4015, .T. ) ;
#4060 = CIRCLE ( 'NONE', #1735, 0.1000000000000000472 ) ;
#4061 = VECTOR ( 'NONE', #308, 1000.000000000000000 ) ;
#4062 = CARTESIAN_POINT ( 'NONE',  ( 1.089999999999999858, 0.6701063709417264258, 0.6230000000000001092 ) ) ;
#4063 = PRESENTATION_LAYER_ASSIGNMENT (  '', '', ( #2490 ) ) ;
#4064 = ORIENTED_EDGE ( 'NONE', *, *, #4747, .F. ) ;
#4065 = VERTEX_POINT ( 'NONE', #4549 ) ;
#4066 = DIRECTION ( 'NONE',  ( 0.000000000000000000, -1.000000000000000000, 0.000000000000000000 ) ) ;
#4067 = CARTESIAN_POINT ( 'NONE',  ( 1.089999999999999858, 0.000000000000000000, 0.1150000000000000883 ) ) ;
#4068 = AXIS2_PLACEMENT_3D ( 'NONE', #3785, #4213, #533 ) ;
#4069 = ORIENTED_EDGE ( 'NONE', *, *, #4039, .F. ) ;
#4070 = VERTEX_POINT ( 'NONE', #507 ) ;
#4071 = ADVANCED_FACE ( 'NONE', ( #1202 ), #471, .F. ) ;
#4072 = CARTESIAN_POINT ( 'NONE',  ( -0.1149999999999992140, 0.2000000000000000111, -1.500000000000000222 ) ) ;
#4073 = ORIENTED_EDGE ( 'NONE', *, *, #5262, .T. ) ;
#4074 = DIRECTION ( 'NONE',  ( -1.000000000000000000, 0.000000000000000000, -5.288791085295149449E-16 ) ) ;
#4075 = ORIENTED_EDGE ( 'NONE', *, *, #4741, .T. ) ;
#4076 = EDGE_LOOP ( 'NONE', ( #1717, #1676, #3480, #2373 ) ) ;
#4077 = CARTESIAN_POINT ( 'NONE',  ( 0.1150000000000005185, 0.2000000000000000111, -1.090000000000000302 ) ) ;
#4078 = DIRECTION ( 'NONE',  ( -1.000000000000000000, -0.000000000000000000, -5.288791085295141560E-16 ) ) ;
#4079 = VERTEX_POINT ( 'NONE', #122 ) ;
#4080 = SHAPE_DEFINITION_REPRESENTATION ( #107, #4111 ) ;
#4081 = ORIENTED_EDGE ( 'NONE', *, *, #4722, .F. ) ;
#4083 = AXIS2_PLACEMENT_3D ( 'NONE', #2756, #4692, #3135 ) ;
#4082 = LINE ( 'NONE', #195, #2501 ) ;
#4084 = EDGE_CURVE ( 'NONE', #1128, #1383, #4820, .T. ) ;
#4085 = FACE_OUTER_BOUND ( 'NONE', #3331, .T. ) ;
#4086 = CARTESIAN_POINT ( 'NONE',  ( -0.1149999999999990058, 0.2000000000000000111, 1.090000000000000302 ) ) ;
#4087 =( NAMED_UNIT ( * ) SI_UNIT ( $, .STERADIAN. ) SOLID_ANGLE_UNIT ( ) );
#4088 = ORIENTED_EDGE ( 'NONE', *, *, #5266, .T. ) ;
#4089 = DIRECTION ( 'NONE',  ( 0.000000000000000000, 1.000000000000000000, 0.000000000000000000 ) ) ;
#4090 = ORIENTED_EDGE ( 'NONE', *, *, #2335, .F. ) ;
#4091 = DIRECTION ( 'NONE',  ( 1.000000000000000000, 0.000000000000000000, 2.644395542647570780E-16 ) ) ;
#4092 = DIRECTION ( 'NONE',  ( 0.000000000000000000, -1.000000000000000000, 0.000000000000000000 ) ) ;
#4093 = EDGE_CURVE ( 'NONE', #4136, #4349, #2982, .T. ) ;
#4094 = PLANE ( 'NONE',  #4803 ) ;
#4095 = EDGE_LOOP ( 'NONE', ( #5091, #3602, #5150, #5056, #4114, #3680, #3292, #522, #3249, #1890, #4069, #1517, #3189, #3425, #5027, #935, #3257, #3304, #50, #1964, #1605, #1919, #95, #5035, #3640, #2720, #3265, #3743, #5026, #4494, #3580, #5043, #966, #3821, #3799, #3494, #5243, #1835, #1595, #3593, #4249, #571, #1632, #85, #121, #1761, #3462, #1624, #1828, #4209, #1938, #2388 ) ) ;
#4096 = LINE ( 'NONE', #1084, #649 ) ;
#4097 = VECTOR ( 'NONE', #5118, 1000.000000000000000 ) ;
#4098 = AXIS2_PLACEMENT_3D ( 'NONE', #4109, #2516, #4538 ) ;
#4099 = EDGE_CURVE ( 'NONE', #3614, #4070, #2918, .T. ) ;
#4100 = DIRECTION ( 'NONE',  ( 0.000000000000000000, -1.000000000000000000, 0.000000000000000000 ) ) ;
#4101 = VERTEX_POINT ( 'NONE', #983 ) ;
#4102 = DIRECTION ( 'NONE',  ( 1.000000000000000000, 0.000000000000000000, 0.000000000000000000 ) ) ;
#4103 = ORIENTED_EDGE ( 'NONE', *, *, #706, .F. ) ;
#4104 = CLOSED_SHELL ( 'NONE', ( #521, #4071, #3685, #3455, #2714, #2980 ) ) ;
#4105 = ORIENTED_EDGE ( 'NONE', *, *, #1518, .F. ) ;
#4106 = SURFACE_STYLE_FILL_AREA ( #2983 ) ;
#4107 = CARTESIAN_POINT ( 'NONE',  ( -0.3929999999999992388, 0.000000000000000000, 1.090000000000000302 ) ) ;
#4108 = LINE ( 'NONE', #693, #2255 ) ;
#4109 = CARTESIAN_POINT ( 'NONE',  ( 0.000000000000000000, 0.2000000000000000111, 0.000000000000000000 ) ) ;
#4110 =( GEOMETRIC_REPRESENTATION_CONTEXT ( 3 ) GLOBAL_UNCERTAINTY_ASSIGNED_CONTEXT ( ( #328 ) ) GLOBAL_UNIT_ASSIGNED_CONTEXT ( ( #184, #5005, #106 ) ) REPRESENTATION_CONTEXT ( 'NONE', 'WORKASPACE' ) );
#4111 = ADVANCED_BREP_SHAPE_REPRESENTATION ( 'LHA-13HLN+', ( #1000, #1210, #1560, #4972, #3066, #2544, #3329, #4448, #4251, #4810, #3517, #2336, #1409, #600, #5010, #848, #2317 ), #1643 ) ;
#4112 = ORIENTED_EDGE ( 'NONE', *, *, #2172, .F. ) ;
#4113 = DIRECTION ( 'NONE',  ( -2.644395542647571766E-16, 0.000000000000000000, -1.000000000000000000 ) ) ;
#4114 = ORIENTED_EDGE ( 'NONE', *, *, #3062, .T. ) ;
#4115 = ORIENTED_EDGE ( 'NONE', *, *, #1916, .T. ) ;
#4116 = VECTOR ( 'NONE', #1394, 1000.000000000000000 ) ;
#4117 = LINE ( 'NONE', #5181, #2363 ) ;
#4118 = SURFACE_SIDE_STYLE ('',( #292 ) ) ;
#4119 = DIRECTION ( 'NONE',  ( -0.000000000000000000, 1.000000000000000000, -0.000000000000000000 ) ) ;
#4120 = VERTEX_POINT ( 'NONE', #3407 ) ;
#4121 = EDGE_LOOP ( 'NONE', ( #2484, #3747, #331, #4017 ) ) ;
#4122 = ORIENTED_EDGE ( 'NONE', *, *, #3046, .F. ) ;
#4123 = DIRECTION ( 'NONE',  ( -7.228014483236695816E-17, 0.000000000000000000, -1.000000000000000000 ) ) ;
#4124 = COLOUR_RGB ( '',0.7921568627450980005, 0.8196078431372548767, 0.9333333333333333481 ) ;
#4125 = LINE ( 'NONE', #4107, #4276 ) ;
#4126 = FACE_OUTER_BOUND ( 'NONE', #3793, .T. ) ;
#4127 = DIRECTION ( 'NONE',  ( 1.000000000000000000, 0.000000000000000000, 0.000000000000000000 ) ) ;
#4128 = ORIENTED_EDGE ( 'NONE', *, *, #1455, .T. ) ;
#4129 = DIRECTION ( 'NONE',  ( 0.000000000000000000, -0.000000000000000000, 1.000000000000000000 ) ) ;
#4130 = CARTESIAN_POINT ( 'NONE',  ( -0.3929999999999992388, 0.1999999999999999833, 1.090000000000000302 ) ) ;
#4131 = ORIENTED_EDGE ( 'NONE', *, *, #1981, .F. ) ;
#4132 = CARTESIAN_POINT ( 'NONE',  ( -1.200000000000000178, 0.8900000000000000133, -1.074999999999999956 ) ) ;
#4133 = CARTESIAN_POINT ( 'NONE',  ( -0.7250000000000000888, 2.250609665440987950, -0.7250000000000000888 ) ) ;
#4134 = STYLED_ITEM ( 'NONE', ( #1932 ), #3004 ) ;
#4135 = ORIENTED_EDGE ( 'NONE', *, *, #3320, .F. ) ;
#4136 = VERTEX_POINT ( 'NONE', #3302 ) ;
#4137 = LINE ( 'NONE', #2819, #4242 ) ;
#4138 = FACE_OUTER_BOUND ( 'NONE', #884, .T. ) ;
#4139 = DIRECTION ( 'NONE',  ( 0.000000000000000000, 0.000000000000000000, 1.000000000000000000 ) ) ;
#4140 = EDGE_CURVE ( 'NONE', #863, #3483, #4795, .T. ) ;
#4141 = PLANE ( 'NONE',  #4683 ) ;
#4142 =( GEOMETRIC_REPRESENTATION_CONTEXT ( 3 ) GLOBAL_UNCERTAINTY_ASSIGNED_CONTEXT ( ( #1678 ) ) GLOBAL_UNIT_ASSIGNED_CONTEXT ( ( #3542, #5275, #3966 ) ) REPRESENTATION_CONTEXT ( 'NONE', 'WORKASPACE' ) );
#4143 = VERTEX_POINT ( 'NONE', #2759 ) ;
#4144 = ORIENTED_EDGE ( 'NONE', *, *, #780, .F. ) ;
#4145 = ADVANCED_FACE ( 'NONE', ( #1231 ), #1523, .F. ) ;
#4146 = ORIENTED_EDGE ( 'NONE', *, *, #56, .T. ) ;
#4147 = LINE ( 'NONE', #4723, #686 ) ;
#4148 = CARTESIAN_POINT ( 'NONE',  ( -0.1149999999999988948, 0.1999999999999999833, 1.500000000000000222 ) ) ;
#4149 = AXIS2_PLACEMENT_3D ( 'NONE', #4355, #250, #1529 ) ;
#4150 = UNCERTAINTY_MEASURE_WITH_UNIT (LENGTH_MEASURE( 1.000000000000000082E-05 ), #3784, 'distance_accuracy_value', 'NONE');
#4151 = CARTESIAN_POINT ( 'NONE',  ( -1.174999999999999822, 0.1000000000000000056, -1.335000000000000187 ) ) ;
#4152 = CARTESIAN_POINT ( 'NONE',  ( 0.6249999999999997780, 2.250609665440987950, -0.6249999999999997780 ) ) ;
#4153 = ORIENTED_EDGE ( 'NONE', *, *, #3053, .T. ) ;
#4154 = FACE_OUTER_BOUND ( 'NONE', #3021, .T. ) ;
#4155 = CARTESIAN_POINT ( 'NONE',  ( 0.6249999999999997780, 2.250609665440987950, 0.6250000000000002220 ) ) ;
#4156 = PLANE ( 'NONE',  #2348 ) ;
#4157 = DIRECTION ( 'NONE',  ( 0.000000000000000000, 0.000000000000000000, -1.000000000000000000 ) ) ;
#4158 = DIRECTION ( 'NONE',  ( 0.000000000000000000, 0.000000000000000000, -1.000000000000000000 ) ) ;
#4159 = MECHANICAL_DESIGN_GEOMETRIC_PRESENTATION_REPRESENTATION (  '', ( #493 ), #2369 ) ;
#4160 = EDGE_CURVE ( 'NONE', #3515, #310, #1190, .T. ) ;
#4161 = DIRECTION ( 'NONE',  ( -0.000000000000000000, 0.000000000000000000, -1.000000000000000000 ) ) ;
#4162 = ORIENTED_EDGE ( 'NONE', *, *, #4645, .F. ) ;
#4163 = CARTESIAN_POINT ( 'NONE',  ( -0.6250000000000000000, 2.250609665440987950, -0.7250000000000000888 ) ) ;
#4164 = CYLINDRICAL_SURFACE ( 'NONE', #3335, 0.1000000000000000472 ) ;
#4165 = VECTOR ( 'NONE', #2947, 1000.000000000000000 ) ;
#4166 = PLANE ( 'NONE',  #5000 ) ;
#4167 = EDGE_CURVE ( 'NONE', #4183, #2115, #2963, .T. ) ;
#4168 = ORIENTED_EDGE ( 'NONE', *, *, #4869, .T. ) ;
#4169 = DIRECTION ( 'NONE',  ( 1.000000000000000000, 0.000000000000000000, -7.228014483236695816E-17 ) ) ;
#4170 = EDGE_CURVE ( 'NONE', #1567, #1235, #4715, .T. ) ;
#4171 = ORIENTED_EDGE ( 'NONE', *, *, #363, .T. ) ;
#4172 = LINE ( 'NONE', #4067, #2472 ) ;
#4173 = VECTOR ( 'NONE', #725, 1000.000000000000000 ) ;
#4174 = CARTESIAN_POINT ( 'NONE',  ( 1.089999999999999858, 0.1999999999999999833, 0.1150000000000000883 ) ) ;
#4175 = CARTESIAN_POINT ( 'NONE',  ( 0.6249999999999997780, 0.000000000000000000, 0.7250000000000003109 ) ) ;
#4176 = ADVANCED_FACE ( 'NONE', ( #4802 ), #3576, .F. ) ;
#4177 = ORIENTED_EDGE ( 'NONE', *, *, #2441, .F. ) ;
#4178 = EDGE_CURVE ( 'NONE', #3457, #2747, #2999, .T. ) ;
#4179 = MECHANICAL_DESIGN_GEOMETRIC_PRESENTATION_REPRESENTATION (  '', ( #4650 ), #4110 ) ;
#4180 = ORIENTED_EDGE ( 'NONE', *, *, #971, .T. ) ;
#4181 = VECTOR ( 'NONE', #389, 1000.000000000000000 ) ;
#4182 = PLANE ( 'NONE',  #4432 ) ;
#4183 = VERTEX_POINT ( 'NONE', #4751 ) ;
#4184 = ORIENTED_EDGE ( 'NONE', *, *, #3306, .F. ) ;
#4185 = ADVANCED_FACE ( 'NONE', ( #1239 ), #280, .T. ) ;
#4186 = CARTESIAN_POINT ( 'NONE',  ( 1.089999999999999858, 0.1999999999999999833, -0.3929999999999999050 ) ) ;
#4187 = DIRECTION ( 'NONE',  ( 1.000000000000000000, -0.000000000000000000, -1.885568995626963942E-15 ) ) ;
#4188 = VERTEX_POINT ( 'NONE', #3172 ) ;
#4189 = VECTOR ( 'NONE', #979, 1000.000000000000000 ) ;
#4190 = VECTOR ( 'NONE', #4531, 1000.000000000000000 ) ;
#4191 = FILL_AREA_STYLE ('',( #1315 ) ) ;
#4192 = ORIENTED_EDGE ( 'NONE', *, *, #5099, .F. ) ;
#4193 = CARTESIAN_POINT ( 'NONE',  ( -0.9750000000000005329, 0.000000000000000000, -1.085000000000000187 ) ) ;
#4194 = CARTESIAN_POINT ( 'NONE',  ( -0.9750000000000010880, 0.1000000000000000056, -1.005000000000000338 ) ) ;
#4195 = DIRECTION ( 'NONE',  ( -1.000000000000000000, 0.000000000000000000, -1.495451272393799542E-16 ) ) ;
#4196 = ORIENTED_EDGE ( 'NONE', *, *, #2865, .T. ) ;
#4197 = CARTESIAN_POINT ( 'NONE',  ( -0.6229999999999992211, 0.6701063709417264258, -1.500000000000000222 ) ) ;
#4198 = CARTESIAN_POINT ( 'NONE',  ( 1.089999999999999858, 0.000000000000000000, 0.6230000000000001092 ) ) ;
#4199 = ORIENTED_EDGE ( 'NONE', *, *, #1742, .T. ) ;
#4200 = CARTESIAN_POINT ( 'NONE',  ( -1.500000000000000222, 6.022640687119285019, 1.500000000000000000 ) ) ;
#4201 = FACE_OUTER_BOUND ( 'NONE', #850, .T. ) ;
#4202 = VECTOR ( 'NONE', #2914, 1000.000000000000000 ) ;
#4203 = CARTESIAN_POINT ( 'NONE',  ( 0.3930000000000007931, 0.000000000000000000, -1.090000000000000302 ) ) ;
#4204 = ORIENTED_EDGE ( 'NONE', *, *, #1054, .T. ) ;
#4205 = STYLED_ITEM ( 'NONE', ( #3918 ), #3066 ) ;
#4206 = DIRECTION ( 'NONE',  ( 0.000000000000000000, 1.000000000000000000, 0.000000000000000000 ) ) ;
#4207 = DIRECTION ( 'NONE',  ( 0.000000000000000000, 0.000000000000000000, -1.000000000000000000 ) ) ;
#4208 = EDGE_CURVE ( 'NONE', #2296, #4860, #4729, .T. ) ;
#4209 = ORIENTED_EDGE ( 'NONE', *, *, #3376, .F. ) ;
#4210 = LINE ( 'NONE', #1444, #661 ) ;
#4211 = FACE_OUTER_BOUND ( 'NONE', #3469, .T. ) ;
#4212 = CARTESIAN_POINT ( 'NONE',  ( -0.6250000000000000000, 0.000000000000000000, -0.7250000000000000888 ) ) ;
#4213 = DIRECTION ( 'NONE',  ( -0.000000000000000000, 0.000000000000000000, -1.000000000000000000 ) ) ;
#4214 = EDGE_LOOP ( 'NONE', ( #2064, #434, #2623, #2541 ) ) ;
#4215 = EDGE_LOOP ( 'NONE', ( #3825, #4320, #3869, #385 ) ) ;
#4216 = DIRECTION ( 'NONE',  ( 0.000000000000000000, 0.000000000000000000, -1.000000000000000000 ) ) ;
#4217 = ORIENTED_EDGE ( 'NONE', *, *, #1430, .T. ) ;
#4219 = AXIS2_PLACEMENT_3D ( 'NONE', #2682, #5079, #3467 ) ;
#4218 = FACE_OUTER_BOUND ( 'NONE', #5278, .T. ) ;
#4220 = LINE ( 'NONE', #5116, #2510 ) ;
#4221 = ORIENTED_EDGE ( 'NONE', *, *, #4412, .F. ) ;
#4222 = DIRECTION ( 'NONE',  ( -0.000000000000000000, -1.000000000000000000, -0.000000000000000000 ) ) ;
#4223 = ADVANCED_FACE ( 'NONE', ( #3035 ), #4735, .F. ) ;
#4224 = VERTEX_POINT ( 'NONE', #3138 ) ;
#4225 = CARTESIAN_POINT ( 'NONE',  ( -1.200000000000000178, 0.8900000000000000133, -1.325000000000000400 ) ) ;
#4226 = CARTESIAN_POINT ( 'NONE',  ( -1.255000000000000560, 0.000000000000000000, -1.085000000000000853 ) ) ;
#4227 = ORIENTED_EDGE ( 'NONE', *, *, #1981, .T. ) ;
#4228 = VECTOR ( 'NONE', #1310, 1000.000000000000000 ) ;
#4229 = LINE ( 'NONE', #1636, #4190 ) ;
#4230 =( GEOMETRIC_REPRESENTATION_CONTEXT ( 3 ) GLOBAL_UNCERTAINTY_ASSIGNED_CONTEXT ( ( #1078 ) ) GLOBAL_UNIT_ASSIGNED_CONTEXT ( ( #2611, #2118, #129 ) ) REPRESENTATION_CONTEXT ( 'NONE', 'WORKASPACE' ) );
#4231 = EDGE_CURVE ( 'NONE', #1090, #2726, #4740, .T. ) ;
#4232 = DIRECTION ( 'NONE',  ( 1.000000000000000000, 0.000000000000000000, -5.288791085295141560E-16 ) ) ;
#4233 = ORIENTED_EDGE ( 'NONE', *, *, #2896, .F. ) ;
#4234 = DIRECTION ( 'NONE',  ( -1.000000000000000000, 0.000000000000000000, 1.885568995626963547E-15 ) ) ;
#4235 = DIRECTION ( 'NONE',  ( 1.000000000000000000, 0.000000000000000000, -2.644395542647570780E-16 ) ) ;
#4236 = DIRECTION ( 'NONE',  ( 1.000000000000000000, 0.000000000000000000, 2.990902544787599085E-16 ) ) ;
#4237 = ADVANCED_FACE ( 'NONE', ( #3044 ), #2928, .T. ) ;
#4238 = CARTESIAN_POINT ( 'NONE',  ( 1.499999999999999556, 6.022640687119285019, 1.499999999999999778 ) ) ;
#4239 = VERTEX_POINT ( 'NONE', #4724 ) ;
#4240 = EDGE_LOOP ( 'NONE', ( #4462, #257, #5288, #763, #78, #3880, #422, #3629, #17, #397, #3556, #3741, #4035, #181, #2578, #2285 ) ) ;
#4241 = CARTESIAN_POINT ( 'NONE',  ( -1.089999999999999858, 0.1999999999999999833, 0.6230000000000001092 ) ) ;
#4242 = VECTOR ( 'NONE', #1016, 1000.000000000000000 ) ;
#4243 = EDGE_CURVE ( 'NONE', #362, #765, #1271, .T. ) ;
#4244 = ORIENTED_EDGE ( 'NONE', *, *, #1960, .F. ) ;
#4245 = VERTEX_POINT ( 'NONE', #4421 ) ;
#4246 = SURFACE_SIDE_STYLE ('',( #3051 ) ) ;
#4247 = CARTESIAN_POINT ( 'NONE',  ( 1.089999999999999858, 0.6701063709417264258, -0.3929999999999999050 ) ) ;
#4248 = ORIENTED_EDGE ( 'NONE', *, *, #241, .T. ) ;
#4249 = ORIENTED_EDGE ( 'NONE', *, *, #978, .F. ) ;
#4250 = VECTOR ( 'NONE', #3574, 1000.000000000000000 ) ;
#4251 = MANIFOLD_SOLID_BREP ( 'LPattern4[1]', #5065 ) ;
#4252 = DIRECTION ( 'NONE',  ( 0.000000000000000000, -1.000000000000000000, 0.000000000000000000 ) ) ;
#4253 = CARTESIAN_POINT ( 'NONE',  ( 1.500000000000000000, 0.1999999999999999833, 0.1150000000000001993 ) ) ;
#4254 = VERTEX_POINT ( 'NONE', #585 ) ;
#4255 = EDGE_CURVE ( 'NONE', #4263, #1392, #4901, .T. ) ;
#4256 = ORIENTED_EDGE ( 'NONE', *, *, #4913, .T. ) ;
#4257 = DIRECTION ( 'NONE',  ( 0.000000000000000000, 0.000000000000000000, -1.000000000000000000 ) ) ;
#4258 = ORIENTED_EDGE ( 'NONE', *, *, #1773, .T. ) ;
#4259 = LINE ( 'NONE', #2077, #4265 ) ;
#4260 = CARTESIAN_POINT ( 'NONE',  ( -1.500000000000000000, 0.000000000000000000, 0.6230000000000002203 ) ) ;
#4261 = ORIENTED_EDGE ( 'NONE', *, *, #2052, .F. ) ;
#4262 =( NAMED_UNIT ( * ) SI_UNIT ( $, .STERADIAN. ) SOLID_ANGLE_UNIT ( ) );
#4263 = VERTEX_POINT ( 'NONE', #202 ) ;
#4264 = LINE ( 'NONE', #618, #606 ) ;
#4265 = VECTOR ( 'NONE', #3307, 1000.000000000000000 ) ;
#4266 = FILL_AREA_STYLE ('',( #279 ) ) ;
#4267 = ORIENTED_EDGE ( 'NONE', *, *, #2476, .F. ) ;
#4268 = DIRECTION ( 'NONE',  ( 0.000000000000000000, -1.000000000000000000, 0.000000000000000000 ) ) ;
#4269 = CARTESIAN_POINT ( 'NONE',  ( 0.6249999999999997780, 0.000000000000000000, 0.6250000000000002220 ) ) ;
#4270 = CARTESIAN_POINT ( 'NONE',  ( 1.499999999999999556, 0.000000000000000000, 1.499999999999999778 ) ) ;
#4271 = ADVANCED_FACE ( 'NONE', ( #3060 ), #3074, .T. ) ;
#4272 = ORIENTED_EDGE ( 'NONE', *, *, #2954, .T. ) ;
#4273 = CARTESIAN_POINT ( 'NONE',  ( -1.089999999999999858, 0.1999999999999999833, -0.6229999999999996652 ) ) ;
#4274 = VECTOR ( 'NONE', #3833, 1000.000000000000000 ) ;
#4275 = AXIS2_PLACEMENT_3D ( 'NONE', #5220, #3182, #2946 ) ;
#4276 = VECTOR ( 'NONE', #787, 1000.000000000000000 ) ;
#4277 = VERTEX_POINT ( 'NONE', #3313 ) ;
#4278 = DIRECTION ( 'NONE',  ( 2.644395542647571766E-16, 0.000000000000000000, 1.000000000000000000 ) ) ;
#4279 = ADVANCED_FACE ( 'NONE', ( #1292 ), #888, .F. ) ;
#4280 = DIRECTION ( 'NONE',  ( 1.057758217059029890E-15, 0.000000000000000000, 1.000000000000000000 ) ) ;
#4281 = CARTESIAN_POINT ( 'NONE',  ( -1.089999999999999858, 0.1999999999999999833, 0.1150000000000000883 ) ) ;
#4282 = CARTESIAN_POINT ( 'NONE',  ( 0.7249999999999998668, 0.000000000000000000, -0.7249999999999998668 ) ) ;
#4283 = ORIENTED_EDGE ( 'NONE', *, *, #933, .F. ) ;
#4284 = FACE_OUTER_BOUND ( 'NONE', #1304, .T. ) ;
#4285 = LINE ( 'NONE', #694, #2389 ) ;
#4286 = DIRECTION ( 'NONE',  ( -1.000000000000000000, 0.000000000000000000, -5.288791085295141560E-16 ) ) ;
#4287 = CARTESIAN_POINT ( 'NONE',  ( 0.3930000000000010152, 0.2000000000000000111, 1.090000000000000302 ) ) ;
#4288 = EDGE_LOOP ( 'NONE', ( #809, #783, #3994, #818 ) ) ;
#4289 = AXIS2_PLACEMENT_3D ( 'NONE', #3372, #2566, #4232 ) ;
#4290 = DIRECTION ( 'NONE',  ( 1.000000000000000000, -0.000000000000000000, -1.885568995626963942E-15 ) ) ;
#4291 = PLANE ( 'NONE',  #791 ) ;
#4292 = ORIENTED_EDGE ( 'NONE', *, *, #2949, .F. ) ;
#4293 = ORIENTED_EDGE ( 'NONE', *, *, #428, .T. ) ;
#4294 = VECTOR ( 'NONE', #1291, 1000.000000000000000 ) ;
#4295 = LINE ( 'NONE', #3253, #2559 ) ;
#4296 = CARTESIAN_POINT ( 'NONE',  ( 0.1150000000000007405, 0.6701063709417264258, -1.499999999999999778 ) ) ;
#4297 = EDGE_CURVE ( 'NONE', #4914, #2288, #4848, .T. ) ;
#4298 = ORIENTED_EDGE ( 'NONE', *, *, #1223, .F. ) ;
#4299 = DIRECTION ( 'NONE',  ( -0.000000000000000000, 1.000000000000000000, -0.000000000000000000 ) ) ;
#4300 = VERTEX_POINT ( 'NONE', #4934 ) ;
#4301 = PLANE ( 'NONE',  #3272 ) ;
#4302 =( GEOMETRIC_REPRESENTATION_CONTEXT ( 3 ) GLOBAL_UNCERTAINTY_ASSIGNED_CONTEXT ( ( #1422 ) ) GLOBAL_UNIT_ASSIGNED_CONTEXT ( ( #3524, #4400, #5257 ) ) REPRESENTATION_CONTEXT ( 'NONE', 'WORKASPACE' ) );
#4303 = DIRECTION ( 'NONE',  ( 0.000000000000000000, 0.000000000000000000, 1.000000000000000000 ) ) ;
#4304 = ORIENTED_EDGE ( 'NONE', *, *, #2966, .T. ) ;
#4305 = ORIENTED_EDGE ( 'NONE', *, *, #3617, .F. ) ;
#4306 = VECTOR ( 'NONE', #2418, 1000.000000000000000 ) ;
#4307 = VECTOR ( 'NONE', #376, 1000.000000000000000 ) ;
#4308 = ORIENTED_EDGE ( 'NONE', *, *, #469, .F. ) ;
#4309 = SURFACE_STYLE_USAGE ( .BOTH. , #3156 ) ;
#4310 = DIRECTION ( 'NONE',  ( 0.000000000000000000, 0.000000000000000000, -1.000000000000000000 ) ) ;
#4311 = VERTEX_POINT ( 'NONE', #849 ) ;
#4312 = VERTEX_POINT ( 'NONE', #926 ) ;
#4313 = AXIS2_PLACEMENT_3D ( 'NONE', #1040, #1106, #1398 ) ;
#4314 = ORIENTED_EDGE ( 'NONE', *, *, #841, .F. ) ;
#4315 = DIRECTION ( 'NONE',  ( 0.000000000000000000, -1.000000000000000000, 0.000000000000000000 ) ) ;
#4316 = LINE ( 'NONE', #4465, #633 ) ;
#4317 = ORIENTED_EDGE ( 'NONE', *, *, #3309, .T. ) ;
#4318 = ADVANCED_FACE ( 'NONE', ( #4916 ), #2026, .T. ) ;
#4319 = ADVANCED_FACE ( 'NONE', ( #4892 ), #2085, .T. ) ;
#4320 = ORIENTED_EDGE ( 'NONE', *, *, #3363, .T. ) ;
#4321 = DIRECTION ( 'NONE',  ( -1.000000000000000000, 0.000000000000000000, -0.000000000000000000 ) ) ;
#4322 = ORIENTED_EDGE ( 'NONE', *, *, #3108, .F. ) ;
#4323 = VERTEX_POINT ( 'NONE', #377 ) ;
#4324 = VECTOR ( 'NONE', #2180, 1000.000000000000000 ) ;
#4325 = EDGE_CURVE ( 'NONE', #3444, #3677, #1333, .T. ) ;
#4326 = DIRECTION ( 'NONE',  ( 0.000000000000000000, 0.000000000000000000, -1.000000000000000000 ) ) ;
#4327 = ORIENTED_EDGE ( 'NONE', *, *, #2698, .F. ) ;
#4328 = VERTEX_POINT ( 'NONE', #1987 ) ;
#4329 = VERTEX_POINT ( 'NONE', #2464 ) ;
#4330 = CARTESIAN_POINT ( 'NONE',  ( 1.089999999999999858, 0.000000000000000000, 0.3930000000000003491 ) ) ;
#4331 = EDGE_LOOP ( 'NONE', ( #2286, #2101, #2108, #23, #3511, #4451, #1975, #3366 ) ) ;
#4332 = LINE ( 'NONE', #339, #2644 ) ;
#4333 = CYLINDRICAL_SURFACE ( 'NONE', #2021, 0.1250000000000003331 ) ;
#4334 = DIRECTION ( 'NONE',  ( -0.000000000000000000, -1.000000000000000000, -0.000000000000000000 ) ) ;
#4335 = ORIENTED_EDGE ( 'NONE', *, *, #1207, .T. ) ;
#4336 = DIRECTION ( 'NONE',  ( 0.000000000000000000, -0.000000000000000000, 1.000000000000000000 ) ) ;
#4337 = MECHANICAL_DESIGN_GEOMETRIC_PRESENTATION_REPRESENTATION (  '', ( #4052 ), #1842 ) ;
#4338 = ORIENTED_EDGE ( 'NONE', *, *, #2536, .T. ) ;
#4339 = CARTESIAN_POINT ( 'NONE',  ( 0.6230000000000007754, 0.6701063709417264258, 1.090000000000000302 ) ) ;
#4340 = DIRECTION ( 'NONE',  ( 0.000000000000000000, 0.000000000000000000, -1.000000000000000000 ) ) ;
#4341 = EDGE_CURVE ( 'NONE', #2288, #4065, #4958, .T. ) ;
#4342 = AXIS2_PLACEMENT_3D ( 'NONE', #478, #444, #1716 ) ;
#4343 = ORIENTED_EDGE ( 'NONE', *, *, #2829, .T. ) ;
#4344 = SURFACE_STYLE_FILL_AREA ( #3779 ) ;
#4345 = DIRECTION ( 'NONE',  ( -1.000000000000000000, 0.000000000000000000, 1.057758217059029890E-15 ) ) ;
#4346 = ORIENTED_EDGE ( 'NONE', *, *, #2729, .F. ) ;
#4347 = FILL_AREA_STYLE_COLOUR ( '', #2936 ) ;
#4348 = DIRECTION ( 'NONE',  ( 0.000000000000000000, 1.000000000000000000, 0.000000000000000000 ) ) ;
#4349 = VERTEX_POINT ( 'NONE', #1629 ) ;
#4350 = AXIS2_PLACEMENT_3D ( 'NONE', #3916, #2768, #3049 ) ;
#4351 = VERTEX_POINT ( 'NONE', #4047 ) ;
#4352 = CARTESIAN_POINT ( 'NONE',  ( -0.9750000000000005329, 0.1000000000000000472, -1.255000000000000338 ) ) ;
#4353 = AXIS2_PLACEMENT_3D ( 'NONE', #1729, #3820, #1598 ) ;
#4354 = VECTOR ( 'NONE', #2813, 1000.000000000000000 ) ;
#4355 = CARTESIAN_POINT ( 'NONE',  ( 1.089999999999999858, 0.6701063709417264258, -0.3929999999999999050 ) ) ;
#4356 = ORIENTED_EDGE ( 'NONE', *, *, #2086, .F. ) ;
#4357 = CARTESIAN_POINT ( 'NONE',  ( 1.500000000000000000, 0.1999999999999999833, 0.6230000000000002203 ) ) ;
#4358 = ORIENTED_EDGE ( 'NONE', *, *, #329, .F. ) ;
#4359 = DIRECTION ( 'NONE',  ( -5.288791085295141560E-16, 0.000000000000000000, 1.000000000000000000 ) ) ;
#4360 = LINE ( 'NONE', #404, #737 ) ;
#4361 = FACE_OUTER_BOUND ( 'NONE', #445, .T. ) ;
#4362 = PRESENTATION_LAYER_ASSIGNMENT (  '', '', ( #1198 ) ) ;
#4363 = EDGE_CURVE ( 'NONE', #2252, #4434, #3123, .T. ) ;
#4364 = PLANE ( 'NONE',  #2872 ) ;
#4365 = ORIENTED_EDGE ( 'NONE', *, *, #26, .T. ) ;
#4366 = ADVANCED_FACE ( 'NONE', ( #3216 ), #5246, .T. ) ;
#4367 = VERTEX_POINT ( 'NONE', #4598 ) ;
#4368 = EDGE_CURVE ( 'NONE', #4120, #3983, #3142, .T. ) ;
#4369 = ORIENTED_EDGE ( 'NONE', *, *, #4341, .T. ) ;
#4370 = CARTESIAN_POINT ( 'NONE',  ( 1.089999999999999858, 0.6701063709417264258, -0.6229999999999996652 ) ) ;
#4371 = EDGE_CURVE ( 'NONE', #4239, #3945, #3068, .T. ) ;
#4372 = CARTESIAN_POINT ( 'NONE',  ( 1.500000000000000000, 0.000000000000000000, -0.6229999999999994431 ) ) ;
#4373 = DIRECTION ( 'NONE',  ( 0.000000000000000000, 0.000000000000000000, 1.000000000000000000 ) ) ;
#4374 = AXIS2_PLACEMENT_3D ( 'NONE', #1841, #1401, #4336 ) ;
#4375 = EDGE_CURVE ( 'NONE', #3183, #1243, #1429, .T. ) ;
#4376 = VERTEX_POINT ( 'NONE', #1693 ) ;
#4377 = CARTESIAN_POINT ( 'NONE',  ( 1.089999999999999858, 0.6701063709417264258, -0.1149999999999996581 ) ) ;
#4378 = ORIENTED_EDGE ( 'NONE', *, *, #2536, .F. ) ;
#4379 = PLANE ( 'NONE',  #285 ) ;
#4380 = FILL_AREA_STYLE ('',( #3937 ) ) ;
#4381 = ORIENTED_EDGE ( 'NONE', *, *, #1622, .T. ) ;
#4382 = CIRCLE ( 'NONE', #3402, 0.07999999999999998779 ) ;
#4383 = VECTOR ( 'NONE', #2431, 1000.000000000000000 ) ;
#4384 =( NAMED_UNIT ( * ) PLANE_ANGLE_UNIT ( ) SI_UNIT ( $, .RADIAN. ) );
#4385 = DIRECTION ( 'NONE',  ( 5.288791085295149449E-16, 0.000000000000000000, -1.000000000000000000 ) ) ;
#4386 = CARTESIAN_POINT ( 'NONE',  ( -1.089999999999999858, 0.6701063709417264258, -0.3929999999999999050 ) ) ;
#4387 = ORIENTED_EDGE ( 'NONE', *, *, #3513, .T. ) ;
#4388 = DIRECTION ( 'NONE',  ( 0.000000000000000000, 1.000000000000000000, 0.000000000000000000 ) ) ;
#4389 = DIRECTION ( 'NONE',  ( 1.000000000000000000, 0.000000000000000000, 2.990902544787599085E-16 ) ) ;
#4390 = DIRECTION ( 'NONE',  ( 0.000000000000000000, 0.000000000000000000, -1.000000000000000000 ) ) ;
#4391 = AXIS2_PLACEMENT_3D ( 'NONE', #4824, #1129, #5189 ) ;
#4392 = EDGE_LOOP ( 'NONE', ( #3917, #893, #672, #2128 ) ) ;
#4393 = DIRECTION ( 'NONE',  ( -2.644395542647571766E-16, 0.000000000000000000, -1.000000000000000000 ) ) ;
#4394 = VECTOR ( 'NONE', #3078, 1000.000000000000000 ) ;
#4395 = EDGE_CURVE ( 'NONE', #1782, #3677, #4991, .T. ) ;
#4396 = DIRECTION ( 'NONE',  ( 1.000000000000000000, 0.000000000000000000, -0.000000000000000000 ) ) ;
#4397 = VERTEX_POINT ( 'NONE', #4132 ) ;
#4398 = ORIENTED_EDGE ( 'NONE', *, *, #1182, .T. ) ;
#4399 = DIRECTION ( 'NONE',  ( -0.000000000000000000, 0.000000000000000000, 1.000000000000000000 ) ) ;
#4400 =( NAMED_UNIT ( * ) PLANE_ANGLE_UNIT ( ) SI_UNIT ( $, .RADIAN. ) );
#4401 = LINE ( 'NONE', #5, #858 ) ;
#4402 = ORIENTED_EDGE ( 'NONE', *, *, #1583, .T. ) ;
#4403 = CARTESIAN_POINT ( 'NONE',  ( 0.7249999999999998668, 0.2000000000000000944, -0.7249999999999998668 ) ) ;
#4404 = ORIENTED_EDGE ( 'NONE', *, *, #2670, .F. ) ;
#4405 = ORIENTED_EDGE ( 'NONE', *, *, #3191, .F. ) ;
#4406 = CARTESIAN_POINT ( 'NONE',  ( -0.1149999999999988948, 0.000000000000000000, 1.500000000000000222 ) ) ;
#4407 = VECTOR ( 'NONE', #1980, 1000.000000000000000 ) ;
#4408 = AXIS2_PLACEMENT_3D ( 'NONE', #2068, #3796, #158 ) ;
#4409 = PRODUCT ( 'LHA-13HLN+', 'LHA-13HLN+', '', ( #1067 ) ) ;
#4410 = DIRECTION ( 'NONE',  ( 0.000000000000000000, 0.000000000000000000, -1.000000000000000000 ) ) ;
#4411 = ORIENTED_EDGE ( 'NONE', *, *, #1156, .T. ) ;
#4412 = EDGE_CURVE ( 'NONE', #4329, #2579, #1277, .T. ) ;
#4413 = AXIS2_PLACEMENT_3D ( 'NONE', #3275, #3696, #3350 ) ;
#4414 = PLANE ( 'NONE',  #412 ) ;
#4415 = EDGE_LOOP ( 'NONE', ( #206, #3637, #2613, #2140 ) ) ;
#4416 = VECTOR ( 'NONE', #4127, 1000.000000000000000 ) ;
#4417 = FACE_OUTER_BOUND ( 'NONE', #1741, .T. ) ;
#4418 = DIRECTION ( 'NONE',  ( 1.000000000000000000, 0.000000000000000000, -5.288791085295141560E-16 ) ) ;
#4419 = SURFACE_STYLE_USAGE ( .BOTH. , #1521 ) ;
#4420 = EDGE_LOOP ( 'NONE', ( #4378, #4739, #253, #4424 ) ) ;
#4421 = CARTESIAN_POINT ( 'NONE',  ( -1.174999999999999822, 0.1000000000000000056, -1.335000000000000187 ) ) ;
#4422 = SURFACE_STYLE_USAGE ( .BOTH. , #3548 ) ;
#4423 = CARTESIAN_POINT ( 'NONE',  ( 0.3930000000000007931, 0.000000000000000000, -1.090000000000000302 ) ) ;
#4424 = ORIENTED_EDGE ( 'NONE', *, *, #4987, .T. ) ;
#4425 = AXIS2_PLACEMENT_3D ( 'NONE', #1590, #3709, #2475 ) ;
#4426 = DIRECTION ( 'NONE',  ( -1.000000000000000000, 0.000000000000000000, -1.885568995626964336E-15 ) ) ;
#4427 = LINE ( 'NONE', #2815, #785 ) ;
#4428 = UNCERTAINTY_MEASURE_WITH_UNIT (LENGTH_MEASURE( 1.000000000000000082E-05 ), #15, 'distance_accuracy_value', 'NONE');
#4429 = ORIENTED_EDGE ( 'NONE', *, *, #3525, .T. ) ;
#4430 = EDGE_LOOP ( 'NONE', ( #3059, #1458, #3847, #4608 ) ) ;
#4431 = DIRECTION ( 'NONE',  ( 1.000000000000000000, -0.000000000000000000, 0.000000000000000000 ) ) ;
#4432 = AXIS2_PLACEMENT_3D ( 'NONE', #1305, #1704, #3418 ) ;
#4433 = EDGE_CURVE ( 'NONE', #5219, #3997, #3083, .T. ) ;
#4434 = VERTEX_POINT ( 'NONE', #2584 ) ;
#4435 = FACE_OUTER_BOUND ( 'NONE', #479, .T. ) ;
#4436 = VERTEX_POINT ( 'NONE', #346 ) ;
#4437 = ORIENTED_EDGE ( 'NONE', *, *, #1162, .T. ) ;
#4438 = ADVANCED_FACE ( 'NONE', ( #1377 ), #4853, .F. ) ;
#4439 = ORIENTED_EDGE ( 'NONE', *, *, #4775, .F. ) ;
#4440 = PLANE ( 'NONE',  #1899 ) ;
#4441 = FACE_OUTER_BOUND ( 'NONE', #221, .T. ) ;
#4442 = LINE ( 'NONE', #4789, #4383 ) ;
#4443 = DIRECTION ( 'NONE',  ( 0.000000000000000000, 0.000000000000000000, -1.000000000000000000 ) ) ;
#4444 = VERTEX_POINT ( 'NONE', #773 ) ;
#4445 = DIRECTION ( 'NONE',  ( -2.644395542647571766E-16, 0.000000000000000000, -1.000000000000000000 ) ) ;
#4446 = CARTESIAN_POINT ( 'NONE',  ( 0.1150000000000007405, 0.000000000000000000, 1.090000000000000302 ) ) ;
#4447 = ORIENTED_EDGE ( 'NONE', *, *, #3832, .T. ) ;
#4448 = MANIFOLD_SOLID_BREP ( 'LPattern3[4]', #4104 ) ;
#4449 = CARTESIAN_POINT ( 'NONE',  ( 0.7249999999999998668, 2.250609665440987950, -0.7249999999999998668 ) ) ;
#4450 = DIRECTION ( 'NONE',  ( 0.000000000000000000, -1.000000000000000000, 0.000000000000000000 ) ) ;
#4451 = ORIENTED_EDGE ( 'NONE', *, *, #911, .F. ) ;
#4452 = VECTOR ( 'NONE', #2941, 1000.000000000000000 ) ;
#4453 = LINE ( 'NONE', #2582, #4488 ) ;
#4454 = EDGE_CURVE ( 'NONE', #1983, #1709, #1387, .T. ) ;
#4455 = AXIS2_PLACEMENT_3D ( 'NONE', #3929, #2632, #4768 ) ;
#4456 = CARTESIAN_POINT ( 'NONE',  ( 0.6249999999999997780, 2.250609665440987950, -0.6249999999999997780 ) ) ;
#4457 = ORIENTED_EDGE ( 'NONE', *, *, #2212, .T. ) ;
#4458 = ADVANCED_FACE ( 'NONE', ( #1449 ), #137, .F. ) ;
#4459 =( NAMED_UNIT ( * ) PLANE_ANGLE_UNIT ( ) SI_UNIT ( $, .RADIAN. ) );
#4460 = DIRECTION ( 'NONE',  ( -0.000000000000000000, -1.000000000000000000, -0.000000000000000000 ) ) ;
#4461 = EDGE_CURVE ( 'NONE', #44, #4434, #3164, .T. ) ;
#4462 = ORIENTED_EDGE ( 'NONE', *, *, #2439, .T. ) ;
#4463 = VECTOR ( 'NONE', #3690, 1000.000000000000000 ) ;
#4464 = VECTOR ( 'NONE', #1457, 1000.000000000000000 ) ;
#4465 = CARTESIAN_POINT ( 'NONE',  ( -0.1149999999999992140, 0.2000000000000000111, -1.090000000000000302 ) ) ;
#4466 = ORIENTED_EDGE ( 'NONE', *, *, #4638, .F. ) ;
#4467 = EDGE_CURVE ( 'NONE', #2712, #5129, #1410, .T. ) ;
#4468 = LINE ( 'NONE', #2689, #987 ) ;
#4469 = LINE ( 'NONE', #2911, #2704 ) ;
#4470 = VECTOR ( 'NONE', #3141, 1000.000000000000000 ) ;
#4471 = ORIENTED_EDGE ( 'NONE', *, *, #918, .T. ) ;
#4472 = DIRECTION ( 'NONE',  ( -0.000000000000000000, 0.000000000000000000, 1.000000000000000000 ) ) ;
#4473 = DIRECTION ( 'NONE',  ( 1.000000000000000000, 0.000000000000000000, -5.288791085295141560E-16 ) ) ;
#4474 = VERTEX_POINT ( 'NONE', #2248 ) ;
#4475 = AXIS2_PLACEMENT_3D ( 'NONE', #4449, #2780, #236 ) ;
#4476 = VERTEX_POINT ( 'NONE', #1465 ) ;
#4478 = EDGE_CURVE ( 'NONE', #4376, #4397, #3178, .T. ) ;
#4477 = VECTOR ( 'NONE', #769, 1000.000000000000000 ) ;
#4479 = VECTOR ( 'NONE', #919, 1000.000000000000000 ) ;
#4480 = CARTESIAN_POINT ( 'NONE',  ( -1.089999999999999858, 0.6701063709417264258, -0.3929999999999999050 ) ) ;
#4481 = DIRECTION ( 'NONE',  ( 0.000000000000000000, 0.000000000000000000, -1.000000000000000000 ) ) ;
#4482 = CARTESIAN_POINT ( 'NONE',  ( 0.1150000000000005185, 0.2000000000000000111, -1.090000000000000302 ) ) ;
#4483 = EDGE_LOOP ( 'NONE', ( #1288, #4915, #4979, #3031 ) ) ;
#4484 =( NAMED_UNIT ( * ) PLANE_ANGLE_UNIT ( ) SI_UNIT ( $, .RADIAN. ) );
#4485 = ADVANCED_FACE ( 'NONE', ( #4969 ), #3114, .F. ) ;
#4486 = CARTESIAN_POINT ( 'NONE',  ( 0.6249999999999997780, 0.2000000000000000944, 0.7250000000000003109 ) ) ;
#4487 = VECTOR ( 'NONE', #1822, 1000.000000000000000 ) ;
#4488 = VECTOR ( 'NONE', #1660, 1000.000000000000000 ) ;
#4489 = CARTESIAN_POINT ( 'NONE',  ( -0.8950000000000004619, 0.1000000000000000472, -1.254999999999999671 ) ) ;
#4490 = PLANE ( 'NONE',  #3279 ) ;
#4491 = CARTESIAN_POINT ( 'NONE',  ( -0.6250000000000000000, 0.2000000000000000944, -0.7250000000000000888 ) ) ;
#4492 = ORIENTED_EDGE ( 'NONE', *, *, #287, .T. ) ;
#4493 = UNCERTAINTY_MEASURE_WITH_UNIT (LENGTH_MEASURE( 1.000000000000000082E-05 ), #4687, 'distance_accuracy_value', 'NONE');
#4494 = ORIENTED_EDGE ( 'NONE', *, *, #587, .T. ) ;
#4495 = CARTESIAN_POINT ( 'NONE',  ( 1.089999999999999858, 0.1999999999999999833, 0.6230000000000001092 ) ) ;
#4496 = VECTOR ( 'NONE', #2112, 1000.000000000000000 ) ;
#4497 = VECTOR ( 'NONE', #3382, 1000.000000000000000 ) ;
#4498 = CARTESIAN_POINT ( 'NONE',  ( 1.089999999999999858, 0.1999999999999999833, 0.3930000000000003491 ) ) ;
#4499 = PRESENTATION_LAYER_ASSIGNMENT (  '', '', ( #301 ) ) ;
#4500 = EDGE_CURVE ( 'NONE', #619, #1419, #1423, .T. ) ;
#4501 = ADVANCED_FACE ( 'NONE', ( #1437 ), #1873, .F. ) ;
#4502 = VERTEX_POINT ( 'NONE', #2733 ) ;
#4503 = EDGE_LOOP ( 'NONE', ( #3091, #4554, #3113, #4826 ) ) ;
#4504 = DIRECTION ( 'NONE',  ( 1.000000000000000000, -0.000000000000000000, -1.885568995626963942E-15 ) ) ;
#4505 = FACE_OUTER_BOUND ( 'NONE', #4599, .T. ) ;
#4506 = LINE ( 'NONE', #441, #852 ) ;
#4507 = CARTESIAN_POINT ( 'NONE',  ( 0.7249999999999998668, 0.000000000000000000, -0.7249999999999998668 ) ) ;
#4508 = EDGE_CURVE ( 'NONE', #4565, #1261, #3280, .T. ) ;
#4509 = DIRECTION ( 'NONE',  ( 0.000000000000000000, -0.000000000000000000, -1.000000000000000000 ) ) ;
#4510 = ORIENTED_EDGE ( 'NONE', *, *, #3294, .T. ) ;
#4511 = ORIENTED_EDGE ( 'NONE', *, *, #5062, .T. ) ;
#4512 = FILL_AREA_STYLE_COLOUR ( '', #3489 ) ;
#4513 = VECTOR ( 'NONE', #4594, 1000.000000000000000 ) ;
#4514 = FACE_OUTER_BOUND ( 'NONE', #461, .T. ) ;
#4515 = CARTESIAN_POINT ( 'NONE',  ( -1.500000000000000000, 0.6701063709417264258, -0.6229999999999994431 ) ) ;
#4516 = DIRECTION ( 'NONE',  ( 1.000000000000000000, 0.000000000000000000, -2.644395542647571766E-16 ) ) ;
#4517 = EDGE_LOOP ( 'NONE', ( #4058, #4437, #1073, #1557 ) ) ;
#4518 = EDGE_CURVE ( 'NONE', #1111, #3902, #1528, .T. ) ;
#4519 = CARTESIAN_POINT ( 'NONE',  ( -0.3929999999999987947, 0.000000000000000000, 1.499999999999999778 ) ) ;
#4520 = DIRECTION ( 'NONE',  ( -0.000000000000000000, -1.000000000000000000, -0.000000000000000000 ) ) ;
#4521 = FACE_OUTER_BOUND ( 'NONE', #2012, .T. ) ;
#4522 = VECTOR ( 'NONE', #1707, 1000.000000000000000 ) ;
#4523 = CARTESIAN_POINT ( 'NONE',  ( -0.6250000000000000000, 0.000000000000000000, -0.6250000000000000000 ) ) ;
#4524 = DIRECTION ( 'NONE',  ( -1.000000000000000000, 0.000000000000000000, 0.000000000000000000 ) ) ;
#4525 = DIRECTION ( 'NONE',  ( 0.000000000000000000, 0.000000000000000000, 1.000000000000000000 ) ) ;
#4526 = CARTESIAN_POINT ( 'NONE',  ( 0.000000000000000000, 0.2000000000000000111, 0.000000000000000000 ) ) ;
#4527 = ORIENTED_EDGE ( 'NONE', *, *, #4508, .T. ) ;
#4528 = ADVANCED_FACE ( 'NONE', ( #1637 ), #2325, .T. ) ;
#4529 = CARTESIAN_POINT ( 'NONE',  ( -1.500000000000000222, 0.000000000000000000, 1.500000000000000000 ) ) ;
#4530 = VECTOR ( 'NONE', #2047, 1000.000000000000000 ) ;
#4531 = DIRECTION ( 'NONE',  ( 1.000000000000000000, -0.000000000000000000, -2.644395542647570780E-16 ) ) ;
#4532 = VECTOR ( 'NONE', #1675, 1000.000000000000000 ) ;
#4533 = LINE ( 'NONE', #1657, #1109 ) ;
#4534 = CARTESIAN_POINT ( 'NONE',  ( 0.6230000000000005533, 0.2000000000000000111, -1.090000000000000302 ) ) ;
#4535 = AXIS2_PLACEMENT_3D ( 'NONE', #3081, #1278, #2103 ) ;
#4536 = EDGE_LOOP ( 'NONE', ( #4177, #4405, #665, #2651 ) ) ;
#4537 = CARTESIAN_POINT ( 'NONE',  ( 0.6230000000000011084, 0.000000000000000000, 1.499999999999999778 ) ) ;
#4538 = DIRECTION ( 'NONE',  ( 0.000000000000000000, -0.000000000000000000, 1.000000000000000000 ) ) ;
#4539 = FACE_OUTER_BOUND ( 'NONE', #4517, .T. ) ;
#4540 = LINE ( 'NONE', #4339, #998 ) ;
#4541 = AXIS2_PLACEMENT_3D ( 'NONE', #1747, #3045, #2358 ) ;
#4542 = ADVANCED_FACE ( 'NONE', ( #1616 ), #5052, .T. ) ;
#4543 = DIRECTION ( 'NONE',  ( 1.000000000000000000, 0.000000000000000000, 0.000000000000000000 ) ) ;
#4544 = PLANE ( 'NONE',  #4771 ) ;
#4545 = ORIENTED_EDGE ( 'NONE', *, *, #2920, .T. ) ;
#4546 = DIRECTION ( 'NONE',  ( -1.000000000000000000, 0.000000000000000000, 5.288791085295141560E-16 ) ) ;
#4547 = VECTOR ( 'NONE', #325, 1000.000000000000000 ) ;
#4548 = VECTOR ( 'NONE', #4561, 1000.000000000000000 ) ;
#4549 = CARTESIAN_POINT ( 'NONE',  ( 1.499999999999999556, 0.000000000000000000, 1.499999999999999778 ) ) ;
#4550 = FILL_AREA_STYLE_COLOUR ( '', #3497 ) ;
#4551 = VECTOR ( 'NONE', #1548, 1000.000000000000000 ) ;
#4552 = DIRECTION ( 'NONE',  ( 0.000000000000000000, -1.000000000000000000, 0.000000000000000000 ) ) ;
#4553 = DIRECTION ( 'NONE',  ( 2.644395542647571766E-16, 0.000000000000000000, 1.000000000000000000 ) ) ;
#4554 = ORIENTED_EDGE ( 'NONE', *, *, #4467, .T. ) ;
#4555 =( NAMED_UNIT ( * ) PLANE_ANGLE_UNIT ( ) SI_UNIT ( $, .RADIAN. ) );
#4556 = AXIS2_PLACEMENT_3D ( 'NONE', #1171, #3572, #4418 ) ;
#4557 = DIRECTION ( 'NONE',  ( -1.057758217059029890E-15, -0.000000000000000000, -1.000000000000000000 ) ) ;
#4558 = FACE_OUTER_BOUND ( 'NONE', #1648, .T. ) ;
#4559 = UNCERTAINTY_MEASURE_WITH_UNIT (LENGTH_MEASURE( 1.000000000000000082E-05 ), #2654, 'distance_accuracy_value', 'NONE');
#4560 = CARTESIAN_POINT ( 'NONE',  ( 1.499999999999999556, 6.022640687119285019, -1.500000000000000222 ) ) ;
#4561 = DIRECTION ( 'NONE',  ( 1.000000000000000000, -0.000000000000000000, -2.644395542647570780E-16 ) ) ;
#4562 = DIRECTION ( 'NONE',  ( 5.288791085295149449E-16, 0.000000000000000000, -1.000000000000000000 ) ) ;
#4563 = DIRECTION ( 'NONE',  ( 0.000000000000000000, 0.000000000000000000, -1.000000000000000000 ) ) ;
#4564 = EDGE_CURVE ( 'NONE', #3889, #4617, #3393, .T. ) ;
#4565 = VERTEX_POINT ( 'NONE', #2799 ) ;
#4566 = AXIS2_PLACEMENT_3D ( 'NONE', #2964, #4161, #555 ) ;
#4567 = EDGE_CURVE ( 'NONE', #2311, #3386, #1561, .T. ) ;
#4568 = DIRECTION ( 'NONE',  ( 0.000000000000000000, 0.000000000000000000, 1.000000000000000000 ) ) ;
#4569 = VECTOR ( 'NONE', #596, 1000.000000000000000 ) ;
#4570 = CARTESIAN_POINT ( 'NONE',  ( -1.175000000000000488, 0.1000000000000000472, -1.255000000000000338 ) ) ;
#4571 = LINE ( 'NONE', #3034, #2875 ) ;
#4572 = EDGE_CURVE ( 'NONE', #467, #3596, #1477, .T. ) ;
#4573 = ORIENTED_EDGE ( 'NONE', *, *, #1314, .T. ) ;
#4574 = VERTEX_POINT ( 'NONE', #2364 ) ;
#4575 = ADVANCED_FACE ( 'NONE', ( #3308 ), #3149, .F. ) ;
#4576 = CARTESIAN_POINT ( 'NONE',  ( 1.500000000000000000, 0.6701063709417264258, 0.3930000000000005711 ) ) ;
#4577 = DIRECTION ( 'NONE',  ( -5.288791085295141560E-16, 0.000000000000000000, 1.000000000000000000 ) ) ;
#4578 = LINE ( 'NONE', #1764, #967 ) ;
#4579 = MECHANICAL_DESIGN_GEOMETRIC_PRESENTATION_REPRESENTATION (  '', ( #4816 ), #1163 ) ;
#4580 = FILL_AREA_STYLE_COLOUR ( '', #2860 ) ;
#4581 = DIRECTION ( 'NONE',  ( 0.000000000000000000, -1.000000000000000000, 0.000000000000000000 ) ) ;
#4582 = ORIENTED_EDGE ( 'NONE', *, *, #1043, .F. ) ;
#4583 = VECTOR ( 'NONE', #1879, 1000.000000000000000 ) ;
#4584 = CARTESIAN_POINT ( 'NONE',  ( -1.500000000000000000, 0.6701063709417264258, 0.1150000000000001993 ) ) ;
#4585 = DIRECTION ( 'NONE',  ( 0.000000000000000000, 0.000000000000000000, 1.000000000000000000 ) ) ;
#4586 = CARTESIAN_POINT ( 'NONE',  ( -1.089999999999999858, 0.1999999999999999833, -0.6229999999999996652 ) ) ;
#4587 = VECTOR ( 'NONE', #3647, 1000.000000000000000 ) ;
#4588 = ADVANCED_FACE ( 'NONE', ( #1510 ), #1498, .F. ) ;
#4589 = DIRECTION ( 'NONE',  ( 1.495451272393799542E-16, 0.000000000000000000, -1.000000000000000000 ) ) ;
#4590 = ORIENTED_EDGE ( 'NONE', *, *, #1396, .T. ) ;
#4591 = EDGE_LOOP ( 'NONE', ( #3961, #283, #3646, #237 ) ) ;
#4592 = DIRECTION ( 'NONE',  ( -1.000000000000000000, 0.000000000000000000, 0.000000000000000000 ) ) ;
#4593 = EDGE_CURVE ( 'NONE', #1261, #2146, #3323, .T. ) ;
#4594 = DIRECTION ( 'NONE',  ( -0.000000000000000000, -1.000000000000000000, -0.000000000000000000 ) ) ;
#4595 = FACE_OUTER_BOUND ( 'NONE', #3783, .T. ) ;
#4596 = LINE ( 'NONE', #1113, #2798 ) ;
#4597 = VECTOR ( 'NONE', #687, 1000.000000000000000 ) ;
#4598 = CARTESIAN_POINT ( 'NONE',  ( -1.500000000000000000, 0.1999999999999999833, 0.3930000000000005711 ) ) ;
#4599 = EDGE_LOOP ( 'NONE', ( #173, #3624, #826, #2113 ) ) ;
#4600 = CARTESIAN_POINT ( 'NONE',  ( 0.1150000000000011707, 0.000000000000000000, 1.499999999999999778 ) ) ;
#4601 = AXIS2_PLACEMENT_3D ( 'NONE', #4657, #5012, #464 ) ;
#4602 = CARTESIAN_POINT ( 'NONE',  ( 0.3930000000000010152, 0.2000000000000000111, 1.090000000000000302 ) ) ;
#4604 = EDGE_CURVE ( 'NONE', #916, #31, #1578, .T. ) ;
#4603 = VECTOR ( 'NONE', #1323, 1000.000000000000000 ) ;
#4605 = DIRECTION ( 'NONE',  ( 0.000000000000000000, -1.000000000000000000, 0.000000000000000000 ) ) ;
#4606 = PRESENTATION_STYLE_ASSIGNMENT (( #2600 ) ) ;
#4607 = AXIS2_PLACEMENT_3D ( 'NONE', #3804, #2642, #4234 ) ;
#4608 = ORIENTED_EDGE ( 'NONE', *, *, #4140, .T. ) ;
#4609 = VERTEX_POINT ( 'NONE', #4767 ) ;
#4610 = DIRECTION ( 'NONE',  ( -0.000000000000000000, -0.000000000000000000, 1.000000000000000000 ) ) ;
#4611 = LINE ( 'NONE', #1472, #2730 ) ;
#4612 = VECTOR ( 'NONE', #3293, 1000.000000000000000 ) ;
#4613 = AXIS2_PLACEMENT_3D ( 'NONE', #4386, #5083, #1151 ) ;
#4614 = VECTOR ( 'NONE', #2989, 1000.000000000000000 ) ;
#4615 = CARTESIAN_POINT ( 'NONE',  ( -0.6250000000000000000, 0.2000000000000000944, 0.7249999999999998668 ) ) ;
#4616 = CARTESIAN_POINT ( 'NONE',  ( 1.089999999999999858, 0.1999999999999999833, 0.3930000000000003491 ) ) ;
#4617 = VERTEX_POINT ( 'NONE', #679 ) ;
#4618 = CIRCLE ( 'NONE', #1186, 0.07999999999999998779 ) ;
#4619 = DIRECTION ( 'NONE',  ( 0.000000000000000000, 0.000000000000000000, 1.000000000000000000 ) ) ;
#4620 = CARTESIAN_POINT ( 'NONE',  ( 1.500000000000000000, 0.000000000000000000, -0.1149999999999994360 ) ) ;
#4621 = DIRECTION ( 'NONE',  ( -0.000000000000000000, -1.000000000000000000, -0.000000000000000000 ) ) ;
#4622 = ADVANCED_FACE ( 'NONE', ( #3379 ), #5132, .F. ) ;
#4623 = LINE ( 'NONE', #4895, #2862 ) ;
#4624 = AXIS2_PLACEMENT_3D ( 'NONE', #1798, #1371, #233 ) ;
#4625 = EDGE_CURVE ( 'NONE', #1936, #2747, #5088, .T. ) ;
#4626 = DIRECTION ( 'NONE',  ( -1.000000000000000000, 0.000000000000000000, 0.000000000000000000 ) ) ;
#4627 = PLANE ( 'NONE',  #682 ) ;
#4628 = EDGE_LOOP ( 'NONE', ( #1794, #771, #414, #3972, #2061, #703, #167, #4196 ) ) ;
#4629 = DIRECTION ( 'NONE',  ( 1.000000000000000000, -0.000000000000000000, 2.644395542647570780E-16 ) ) ;
#4630 = EDGE_CURVE ( 'NONE', #276, #1725, #5108, .T. ) ;
#4631 = LINE ( 'NONE', #957, #4603 ) ;
#4632 = EDGE_CURVE ( 'NONE', #559, #5156, #3344, .T. ) ;
#4633 = FACE_OUTER_BOUND ( 'NONE', #572, .T. ) ;
#4634 = VECTOR ( 'NONE', #443, 1000.000000000000000 ) ;
#4635 =( NAMED_UNIT ( * ) SI_UNIT ( $, .STERADIAN. ) SOLID_ANGLE_UNIT ( ) );
#4636 = ADVANCED_FACE ( 'NONE', ( #3336 ), #183, .T. ) ;
#4637 = CARTESIAN_POINT ( 'NONE',  ( 0.000000000000000000, 0.000000000000000000, 0.000000000000000000 ) ) ;
#4638 = EDGE_CURVE ( 'NONE', #1736, #4351, #5159, .T. ) ;
#4639 = ORIENTED_EDGE ( 'NONE', *, *, #1888, .T. ) ;
#4640 = ORIENTED_EDGE ( 'NONE', *, *, #1726, .T. ) ;
#4641 = CARTESIAN_POINT ( 'NONE',  ( 0.7249999999999998668, 0.2000000000000000944, -0.7249999999999998668 ) ) ;
#4642 = VECTOR ( 'NONE', #3675, 1000.000000000000000 ) ;
#4643 = DIRECTION ( 'NONE',  ( 0.000000000000000000, -0.000000000000000000, 1.000000000000000000 ) ) ;
#4644 = FACE_OUTER_BOUND ( 'NONE', #3416, .T. ) ;
#4645 = EDGE_CURVE ( 'NONE', #3673, #4136, #1495, .T. ) ;
#4646 = LINE ( 'NONE', #2575, #982 ) ;
#4647 = ORIENTED_EDGE ( 'NONE', *, *, #56, .F. ) ;
#4648 = CARTESIAN_POINT ( 'NONE',  ( -0.9750000000000005329, 0.5883646178829911033, -1.085000000000000187 ) ) ;
#4649 = EDGE_CURVE ( 'NONE', #4224, #4897, #3410, .T. ) ;
#4650 = STYLED_ITEM ( 'NONE', ( #5182 ), #4810 ) ;
#4651 = CARTESIAN_POINT ( 'NONE',  ( 0.6230000000000005533, 0.000000000000000000, -1.090000000000000302 ) ) ;
#4652 = CARTESIAN_POINT ( 'NONE',  ( 0.6230000000000007754, 0.2000000000000000111, 1.090000000000000302 ) ) ;
#4653 = LINE ( 'NONE', #1006, #1093 ) ;
#4654 = LINE ( 'NONE', #3199, #4671 ) ;
#4655 = CARTESIAN_POINT ( 'NONE',  ( 0.7249999999999998668, 0.000000000000000000, -0.6249999999999997780 ) ) ;
#4656 = LINE ( 'NONE', #3810, #4666 ) ;
#4657 = CARTESIAN_POINT ( 'NONE',  ( -1.175000000000000488, 0.1000000000000000056, -1.255000000000000338 ) ) ;
#4658 = CARTESIAN_POINT ( 'NONE',  ( 0.7249999999999998668, 0.2000000000000000944, 0.7250000000000003109 ) ) ;
#4659 = ORIENTED_EDGE ( 'NONE', *, *, #602, .F. ) ;
#4660 = CARTESIAN_POINT ( 'NONE',  ( 1.500000000000000000, 0.1999999999999999833, 0.1150000000000001993 ) ) ;
#4661 = VECTOR ( 'NONE', #2222, 1000.000000000000000 ) ;
#4662 = LINE ( 'NONE', #940, #4532 ) ;
#4663 = DIRECTION ( 'NONE',  ( 1.000000000000000000, -0.000000000000000000, -7.228014483236695816E-17 ) ) ;
#4664 = CARTESIAN_POINT ( 'NONE',  ( 0.7249999999999998668, 2.250609665440987950, 0.7250000000000003109 ) ) ;
#4665 = PLANE ( 'NONE',  #1562 ) ;
#4666 = VECTOR ( 'NONE', #2939, 1000.000000000000000 ) ;
#4667 = PLANE ( 'NONE',  #1373 ) ;
#4668 = VERTEX_POINT ( 'NONE', #2773 ) ;
#4669 = DIRECTION ( 'NONE',  ( 2.644395542647570780E-16, 0.000000000000000000, -1.000000000000000000 ) ) ;
#4670 = VECTOR ( 'NONE', #2404, 1000.000000000000000 ) ;
#4671 = VECTOR ( 'NONE', #3131, 1000.000000000000000 ) ;
#4672 = STYLED_ITEM ( 'NONE', ( #2836 ), #2583 ) ;
#4673 = ADVANCED_FACE ( 'NONE', ( #3360 ), #3458, .F. ) ;
#4674 = COLOUR_RGB ( '',0.7921568627450980005, 0.8196078431372548767, 0.9333333333333333481 ) ;
#4675 = DIRECTION ( 'NONE',  ( -2.644395542647570780E-16, 0.000000000000000000, -1.000000000000000000 ) ) ;
#4676 = ORIENTED_EDGE ( 'NONE', *, *, #216, .F. ) ;
#4677 = DIRECTION ( 'NONE',  ( 0.000000000000000000, -0.000000000000000000, 1.000000000000000000 ) ) ;
#4678 = VECTOR ( 'NONE', #5301, 1000.000000000000000 ) ;
#4679 = LINE ( 'NONE', #4225, #1033 ) ;
#4680 = LINE ( 'NONE', #2053, #1127 ) ;
#4681 = ORIENTED_EDGE ( 'NONE', *, *, #5078, .F. ) ;
#4682 = CARTESIAN_POINT ( 'NONE',  ( -1.175000000000000488, 0.1000000000000000472, -1.085000000000000187 ) ) ;
#4683 = AXIS2_PLACEMENT_3D ( 'NONE', #102, #16, #2549 ) ;
#4684 = CARTESIAN_POINT ( 'NONE',  ( -1.089999999999999858, 0.000000000000000000, 0.1150000000000000883 ) ) ;
#4685 = VECTOR ( 'NONE', #3009, 1000.000000000000000 ) ;
#4686 = DIRECTION ( 'NONE',  ( -0.000000000000000000, -1.000000000000000000, -0.000000000000000000 ) ) ;
#4687 =( LENGTH_UNIT ( ) NAMED_UNIT ( * ) SI_UNIT ( .MILLI., .METRE. ) );
#4688 = DIRECTION ( 'NONE',  ( -2.644395542647571766E-16, 0.000000000000000000, -1.000000000000000000 ) ) ;
#4689 = EDGE_LOOP ( 'NONE', ( #645, #2589, #4387, #103 ) ) ;
#4690 = AXIS2_PLACEMENT_3D ( 'NONE', #1581, #5203, #5269 ) ;
#4691 = EDGE_CURVE ( 'NONE', #2040, #813, #3370, .T. ) ;
#4692 = DIRECTION ( 'NONE',  ( -0.000000000000000000, -1.000000000000000000, 0.000000000000000000 ) ) ;
#4693 = DIRECTION ( 'NONE',  ( -5.288791085295141560E-16, 0.000000000000000000, 1.000000000000000000 ) ) ;
#4694 = DIRECTION ( 'NONE',  ( -0.000000000000000000, -1.000000000000000000, -0.000000000000000000 ) ) ;
#4695 = DIRECTION ( 'NONE',  ( -2.990902544787599085E-16, 0.000000000000000000, 1.000000000000000000 ) ) ;
#4696 = LINE ( 'NONE', #1351, #2683 ) ;
#4697 = EDGE_CURVE ( 'NONE', #4300, #2204, #3270, .T. ) ;
#4698 = ORIENTED_EDGE ( 'NONE', *, *, #906, .F. ) ;
#4699 = CARTESIAN_POINT ( 'NONE',  ( 0.6230000000000005533, 0.000000000000000000, -1.090000000000000302 ) ) ;
#4700 = COLOUR_RGB ( '',1.000000000000000000, 0.5019607843137254832, 0.5019607843137254832 ) ;
#4701 = LINE ( 'NONE', #3689, #2921 ) ;
#4702 = CARTESIAN_POINT ( 'NONE',  ( -0.6229999999999992211, 0.1999999999999999833, -1.090000000000000302 ) ) ;
#4703 = PLANE ( 'NONE',  #5265 ) ;
#4704 = VERTEX_POINT ( 'NONE', #1193 ) ;
#4705 = DIRECTION ( 'NONE',  ( 0.000000000000000000, 0.000000000000000000, -1.000000000000000000 ) ) ;
#4706 = CARTESIAN_POINT ( 'NONE',  ( -0.3929999999999992388, 0.2000000000000000111, -1.499999999999999778 ) ) ;
#4707 = VECTOR ( 'NONE', #1379, 1000.000000000000000 ) ;
#4708 = PLANE ( 'NONE',  #557 ) ;
#4709 = EDGE_CURVE ( 'NONE', #813, #4436, #3287, .T. ) ;
#4710 = ADVANCED_FACE ( 'NONE', ( #1587 ), #802, .T. ) ;
#4711 = STYLED_ITEM ( 'NONE', ( #1359 ), #5010 ) ;
#4712 = VECTOR ( 'NONE', #4592, 1000.000000000000000 ) ;
#4713 = DIRECTION ( 'NONE',  ( -0.000000000000000000, -1.000000000000000000, -0.000000000000000000 ) ) ;
#4714 = CARTESIAN_POINT ( 'NONE',  ( -0.1149999999999988948, 0.6701063709417264258, 1.500000000000000222 ) ) ;
#4715 = LINE ( 'NONE', #2788, #4779 ) ;
#4716 = DIRECTION ( 'NONE',  ( 0.000000000000000000, -1.000000000000000000, 0.000000000000000000 ) ) ;
#4717 = VECTOR ( 'NONE', #4390, 1000.000000000000000 ) ;
#4718 = CARTESIAN_POINT ( 'NONE',  ( -1.500000000000000222, 0.000000000000000000, 1.500000000000000000 ) ) ;
#4719 = DIRECTION ( 'NONE',  ( -1.000000000000000000, 0.000000000000000000, 0.000000000000000000 ) ) ;
#4720 = SURFACE_SIDE_STYLE ('',( #1967 ) ) ;
#4721 = CARTESIAN_POINT ( 'NONE',  ( -0.3929999999999994609, 0.1999999999999999833, -1.090000000000000302 ) ) ;
#4722 = EDGE_CURVE ( 'NONE', #1673, #2564, #5059, .T. ) ;
#4723 = CARTESIAN_POINT ( 'NONE',  ( 0.3930000000000007931, 0.2000000000000000111, -1.090000000000000302 ) ) ;
#4724 = CARTESIAN_POINT ( 'NONE',  ( -0.3929999999999994609, 0.1999999999999999833, -1.090000000000000302 ) ) ;
#4725 = CARTESIAN_POINT ( 'NONE',  ( 1.089999999999999858, 0.1999999999999999833, -0.1149999999999996581 ) ) ;
#4726 = LINE ( 'NONE', #1390, #3001 ) ;
#4727 = DIRECTION ( 'NONE',  ( 0.000000000000000000, 0.000000000000000000, -1.000000000000000000 ) ) ;
#4728 = AXIS2_PLACEMENT_3D ( 'NONE', #2256, #2702, #2107 ) ;
#4729 = LINE ( 'NONE', #1088, #1245 ) ;
#4730 = VECTOR ( 'NONE', #734, 1000.000000000000000 ) ;
#4731 = DIRECTION ( 'NONE',  ( -1.000000000000000000, 0.000000000000000000, 5.288791085295141560E-16 ) ) ;
#4732 = DIRECTION ( 'NONE',  ( 0.000000000000000000, 0.000000000000000000, 1.000000000000000000 ) ) ;
#4733 = CARTESIAN_POINT ( 'NONE',  ( -1.500000000000000000, 0.000000000000000000, 0.6230000000000002203 ) ) ;
#4734 = CARTESIAN_POINT ( 'NONE',  ( 1.089999999999999858, 0.1999999999999999833, -0.3929999999999999050 ) ) ;
#4735 = CYLINDRICAL_SURFACE ( 'NONE', #1346, 0.07999999999999998779 ) ;
#4736 = LINE ( 'NONE', #2001, #3055 ) ;
#4737 = CARTESIAN_POINT ( 'NONE',  ( -1.089999999999999858, 0.000000000000000000, -0.3929999999999999050 ) ) ;
#4738 = FILL_AREA_STYLE ('',( #5069 ) ) ;
#4739 = ORIENTED_EDGE ( 'NONE', *, *, #105, .T. ) ;
#4740 = LINE ( 'NONE', #1452, #1147 ) ;
#4741 = EDGE_CURVE ( 'NONE', #2864, #430, #1537, .T. ) ;
#4742 = ADVANCED_FACE ( 'NONE', ( #1546 ), #226, .F. ) ;
#4743 = DIRECTION ( 'NONE',  ( 0.000000000000000000, 0.000000000000000000, -1.000000000000000000 ) ) ;
#4744 = LINE ( 'NONE', #3485, #1293 ) ;
#4745 = CARTESIAN_POINT ( 'NONE',  ( -0.3929999999999994609, 0.000000000000000000, -1.090000000000000302 ) ) ;
#4746 = AXIS2_PLACEMENT_3D ( 'NONE', #3874, #4621, #4310 ) ;
#4747 = EDGE_CURVE ( 'NONE', #3565, #1332, #3297, .T. ) ;
#4748 = CARTESIAN_POINT ( 'NONE',  ( -0.3929999999999987947, 0.1999999999999999833, 1.499999999999999778 ) ) ;
#4749 = CARTESIAN_POINT ( 'NONE',  ( -1.255000000000000560, 0.5883646178829911033, -1.254999999999999671 ) ) ;
#4750 = CARTESIAN_POINT ( 'NONE',  ( -0.6250000000000000000, 0.000000000000000000, 0.7249999999999998668 ) ) ;
#4751 = CARTESIAN_POINT ( 'NONE',  ( -0.6250000000000000000, 0.000000000000000000, 0.7249999999999998668 ) ) ;
#4752 = CARTESIAN_POINT ( 'NONE',  ( -1.500000000000000444, 6.022640687119285019, -1.500000000000000222 ) ) ;
#4753 = CARTESIAN_POINT ( 'NONE',  ( -1.175000000000000488, 0.1000000000000000056, -1.085000000000000187 ) ) ;
#4754 = LINE ( 'NONE', #1244, #1248 ) ;
#4755 = CARTESIAN_POINT ( 'NONE',  ( 0.3930000000000010152, 0.000000000000000000, 1.090000000000000302 ) ) ;
#4756 = PRESENTATION_STYLE_ASSIGNMENT (( #5049 ) ) ;
#4757 = VECTOR ( 'NONE', #1276, 1000.000000000000000 ) ;
#4758 = CARTESIAN_POINT ( 'NONE',  ( 1.500000000000000000, 0.6701063709417264258, -0.3929999999999997939 ) ) ;
#4759 = CARTESIAN_POINT ( 'NONE',  ( -0.9750000000000010880, 0.1000000000000000472, -1.335000000000000187 ) ) ;
#4760 = SURFACE_SIDE_STYLE ('',( #3008 ) ) ;
#4761 = VERTEX_POINT ( 'NONE', #2668 ) ;
#4762 = EDGE_CURVE ( 'NONE', #4143, #2436, #3316, .T. ) ;
#4763 = DIRECTION ( 'NONE',  ( -0.000000000000000000, 0.000000000000000000, 1.000000000000000000 ) ) ;
#4764 = CIRCLE ( 'NONE', #956, 0.07999999999999998779 ) ;
#4765 = LINE ( 'NONE', #347, #4823 ) ;
#4766 = EDGE_CURVE ( 'NONE', #2239, #4254, #3571, .T. ) ;
#4767 = CARTESIAN_POINT ( 'NONE',  ( 0.7249999999999998668, 0.000000000000000000, 0.6250000000000002220 ) ) ;
#4768 = DIRECTION ( 'NONE',  ( 0.000000000000000000, 0.000000000000000000, 1.000000000000000000 ) ) ;
#4769 = VECTOR ( 'NONE', #3940, 1000.000000000000000 ) ;
#4770 = DIRECTION ( 'NONE',  ( 0.000000000000000000, -1.000000000000000000, 0.000000000000000000 ) ) ;
#4771 = AXIS2_PLACEMENT_3D ( 'NONE', #4918, #4763, #5130 ) ;
#4772 = LINE ( 'NONE', #1329, #4849 ) ;
#4773 = SURFACE_STYLE_USAGE ( .BOTH. , #3936 ) ;
#4774 = DIRECTION ( 'NONE',  ( 0.000000000000000000, 1.000000000000000000, 0.000000000000000000 ) ) ;
#4775 = EDGE_CURVE ( 'NONE', #1044, #3286, #5270, .T. ) ;
#4776 = AXIS2_PLACEMENT_3D ( 'NONE', #2916, #3738, #3239 ) ;
#4777 = ORIENTED_EDGE ( 'NONE', *, *, #1374, .T. ) ;
#4778 = SURFACE_SIDE_STYLE ('',( #2342 ) ) ;
#4779 = VECTOR ( 'NONE', #2353, 1000.000000000000000 ) ;
#4780 = ADVANCED_FACE ( 'NONE', ( #1730 ), #3857, .F. ) ;
#4781 = DIRECTION ( 'NONE',  ( 0.000000000000000000, -1.000000000000000000, 0.000000000000000000 ) ) ;
#4782 = CARTESIAN_POINT ( 'NONE',  ( -1.500000000000000222, 0.000000000000000000, 1.500000000000000000 ) ) ;
#4783 = CARTESIAN_POINT ( 'NONE',  ( -1.174999999999999822, 0.1000000000000000056, -1.005000000000000338 ) ) ;
#4784 = FACE_OUTER_BOUND ( 'NONE', #3841, .T. ) ;
#4785 = AXIS2_PLACEMENT_3D ( 'NONE', #3815, #4675, #2732 ) ;
#4786 = DIRECTION ( 'NONE',  ( 2.168404344971009184E-14, 0.000000000000000000, -1.000000000000000000 ) ) ;
#4787 = AXIS2_PLACEMENT_3D ( 'NONE', #3735, #3311, #1720 ) ;
#4788 = SURFACE_STYLE_FILL_AREA ( #33 ) ;
#4789 = CARTESIAN_POINT ( 'NONE',  ( 1.499999999999999556, 0.000000000000000000, -1.500000000000000222 ) ) ;
#4790 = DIRECTION ( 'NONE',  ( -0.000000000000000000, -1.000000000000000000, -0.000000000000000000 ) ) ;
#4791 = CARTESIAN_POINT ( 'NONE',  ( 1.500000000000000000, 0.000000000000000000, -0.1149999999999994360 ) ) ;
#4792 = ORIENTED_EDGE ( 'NONE', *, *, #1784, .F. ) ;
#4793 = STYLED_ITEM ( 'NONE', ( #2231 ), #1560 ) ;
#4794 = EDGE_CURVE ( 'NONE', #838, #3129, #3460, .T. ) ;
#4795 = LINE ( 'NONE', #1415, #2923 ) ;
#4796 = PRESENTATION_STYLE_ASSIGNMENT (( #5128 ) ) ;
#4797 = EDGE_CURVE ( 'NONE', #712, #3633, #1750, .T. ) ;
#4798 = FILL_AREA_STYLE_COLOUR ( '', #1384 ) ;
#4799 = ORIENTED_EDGE ( 'NONE', *, *, #1374, .F. ) ;
#4800 = UNCERTAINTY_MEASURE_WITH_UNIT (LENGTH_MEASURE( 1.000000000000000082E-05 ), #871, 'distance_accuracy_value', 'NONE');
#4801 = SURFACE_SIDE_STYLE ('',( #5226 ) ) ;
#4802 = FACE_OUTER_BOUND ( 'NONE', #3894, .T. ) ;
#4803 = AXIS2_PLACEMENT_3D ( 'NONE', #4526, #5281, #1030 ) ;
#4804 = EDGE_CURVE ( 'NONE', #4704, #5289, #1682, .T. ) ;
#4805 = FACE_OUTER_BOUND ( 'NONE', #4415, .T. ) ;
#4806 = CIRCLE ( 'NONE', #564, 0.1250000000000001110 ) ;
#4807 = ADVANCED_FACE ( 'NONE', ( #5282 ), #4291, .F. ) ;
#4808 = DIRECTION ( 'NONE',  ( 1.000000000000000000, 0.000000000000000000, -0.000000000000000000 ) ) ;
#4809 = VERTEX_POINT ( 'NONE', #4330 ) ;
#4810 = MANIFOLD_SOLID_BREP ( 'LPattern4[2]', #992 ) ;
#4811 = CARTESIAN_POINT ( 'NONE',  ( -0.3929999999999994609, 0.6701063709417264258, -1.090000000000000302 ) ) ;
#4812 = VECTOR ( 'NONE', #2527, 1000.000000000000000 ) ;
#4813 = CARTESIAN_POINT ( 'NONE',  ( -1.500000000000000000, 0.6701063709417264258, 0.1150000000000001993 ) ) ;
#4814 =( LENGTH_UNIT ( ) NAMED_UNIT ( * ) SI_UNIT ( .MILLI., .METRE. ) );
#4815 = DIRECTION ( 'NONE',  ( 0.000000000000000000, 0.000000000000000000, -1.000000000000000000 ) ) ;
#4816 = STYLED_ITEM ( 'NONE', ( #374 ), #4111 ) ;
#4817 = LINE ( 'NONE', #815, #1302 ) ;
#4818 = CLOSED_SHELL ( 'NONE', ( #2247, #4780, #2062, #2009, #3582, #484 ) ) ;
#4819 =( NAMED_UNIT ( * ) SI_UNIT ( $, .STERADIAN. ) SOLID_ANGLE_UNIT ( ) );
#4820 = LINE ( 'NONE', #1255, #4685 ) ;
#4821 = DIRECTION ( 'NONE',  ( 0.000000000000000000, 0.000000000000000000, -1.000000000000000000 ) ) ;
#4822 = ADVANCED_FACE ( 'NONE', ( #3 ), #1776, .F. ) ;
#4823 = VECTOR ( 'NONE', #3781, 1000.000000000000000 ) ;
#4824 = CARTESIAN_POINT ( 'NONE',  ( 0.000000000000000000, 0.2000000000000000111, 0.000000000000000000 ) ) ;
#4825 = ORIENTED_EDGE ( 'NONE', *, *, #2042, .T. ) ;
#4826 = ORIENTED_EDGE ( 'NONE', *, *, #4454, .T. ) ;
#4827 = CARTESIAN_POINT ( 'NONE',  ( -0.3929999999999994609, 0.2000000000000000111, -1.090000000000000302 ) ) ;
#4828 = CIRCLE ( 'NONE', #1155, 0.1000000000000000472 ) ;
#4829 = PLANE ( 'NONE',  #715 ) ;
#4830 = ORIENTED_EDGE ( 'NONE', *, *, #4467, .F. ) ;
#4831 = AXIS2_PLACEMENT_3D ( 'NONE', #3089, #5036, #144 ) ;
#4832 =( LENGTH_UNIT ( ) NAMED_UNIT ( * ) SI_UNIT ( .MILLI., .METRE. ) );
#4833 = EDGE_CURVE ( 'NONE', #2712, #406, #3428, .T. ) ;
#4834 = AXIS2_PLACEMENT_3D ( 'NONE', #1066, #1426, #1823 ) ;
#4835 = FACE_OUTER_BOUND ( 'NONE', #3374, .T. ) ;
#4836 = CARTESIAN_POINT ( 'NONE',  ( -0.6229999999999992211, 0.1999999999999999833, -1.500000000000000222 ) ) ;
#4837 = CARTESIAN_POINT ( 'NONE',  ( 0.7249999999999998668, 2.250609665440987950, 0.6250000000000002220 ) ) ;
#4838 = PLANE ( 'NONE',  #2895 ) ;
#4839 = DIRECTION ( 'NONE',  ( 0.000000000000000000, 0.000000000000000000, -1.000000000000000000 ) ) ;
#4840 = CARTESIAN_POINT ( 'NONE',  ( 1.089999999999999858, 0.000000000000000000, 0.1150000000000000883 ) ) ;
#4841 = CARTESIAN_POINT ( 'NONE',  ( -1.089999999999999858, 0.000000000000000000, 0.6230000000000001092 ) ) ;
#4842 = COLOUR_RGB ( '',1.000000000000000000, 1.000000000000000000, 1.000000000000000000 ) ;
#4843 = AXIS2_PLACEMENT_3D ( 'NONE', #4482, #2877, #2015 ) ;
#4844 = ADVANCED_FACE ( 'NONE', ( #1659 ), #3435, .T. ) ;
#4845 = ORIENTED_EDGE ( 'NONE', *, *, #3887, .F. ) ;
#4846 = ORIENTED_EDGE ( 'NONE', *, *, #2230, .F. ) ;
#4847 = DIRECTION ( 'NONE',  ( 1.000000000000000000, 0.000000000000000000, -2.644395542647571766E-16 ) ) ;
#4848 = LINE ( 'NONE', #1553, #1353 ) ;
#4849 = VECTOR ( 'NONE', #1751, 1000.000000000000000 ) ;
#4850 = MECHANICAL_DESIGN_GEOMETRIC_PRESENTATION_REPRESENTATION (  '', ( #900 ), #1092 ) ;
#4851 = EDGE_CURVE ( 'NONE', #3591, #4263, #1670, .T. ) ;
#4852 = ORIENTED_EDGE ( 'NONE', *, *, #245, .T. ) ;
#4853 = CYLINDRICAL_SURFACE ( 'NONE', #2881, 0.1000000000000000472 ) ;
#4854 = ADVANCED_FACE ( 'NONE', ( #3672, #57, #3626 ), #643, .F. ) ;
#4855 = CARTESIAN_POINT ( 'NONE',  ( 0.1150000000000005185, 0.1999999999999999833, -1.090000000000000302 ) ) ;
#4856 = LINE ( 'NONE', #4841, #4717 ) ;
#4857 = PLANE ( 'NONE',  #2558 ) ;
#4858 = EDGE_CURVE ( 'NONE', #765, #3153, #1926, .T. ) ;
#4859 = CARTESIAN_POINT ( 'NONE',  ( 0.3930000000000007931, 0.2000000000000000111, -1.090000000000000302 ) ) ;
#4860 = VERTEX_POINT ( 'NONE', #4372 ) ;
#4861 = CARTESIAN_POINT ( 'NONE',  ( -0.6229999999999992211, 0.2000000000000000111, -1.090000000000000302 ) ) ;
#4862 = VECTOR ( 'NONE', #2884, 1000.000000000000000 ) ;
#4863 = LINE ( 'NONE', #3808, #5003 ) ;
#4864 = LINE ( 'NONE', #1218, #2938 ) ;
#4865 = CARTESIAN_POINT ( 'NONE',  ( 0.1150000000000005185, 0.000000000000000000, -1.090000000000000302 ) ) ;
#4866 = PLANE ( 'NONE',  #2699 ) ;
#4867 = ORIENTED_EDGE ( 'NONE', *, *, #4140, .F. ) ;
#4868 = CYLINDRICAL_SURFACE ( 'NONE', #5277, 0.07999999999999998779 ) ;
#4869 = EDGE_CURVE ( 'NONE', #2153, #1886, #3649, .T. ) ;
#4870 = MECHANICAL_DESIGN_GEOMETRIC_PRESENTATION_REPRESENTATION (  '', ( #4711 ), #2537 ) ;
#4871 = DIRECTION ( 'NONE',  ( -1.000000000000000000, 0.000000000000000000, 1.885568995626963547E-15 ) ) ;
#4872 = CARTESIAN_POINT ( 'NONE',  ( -1.089999999999999858, 0.6701063709417264258, 0.6230000000000001092 ) ) ;
#4873 = DIRECTION ( 'NONE',  ( 0.000000000000000000, -1.000000000000000000, 0.000000000000000000 ) ) ;
#4874 =( LENGTH_UNIT ( ) NAMED_UNIT ( * ) SI_UNIT ( .MILLI., .METRE. ) );
#4875 = CIRCLE ( 'NONE', #4018, 0.1000000000000000472 ) ;
#4876 = EDGE_LOOP ( 'NONE', ( #781, #2123, #2214, #5267 ) ) ;
#4877 = DIRECTION ( 'NONE',  ( 0.000000000000000000, 0.000000000000000000, 1.000000000000000000 ) ) ;
#4878 = CARTESIAN_POINT ( 'NONE',  ( -0.7250000000000000888, 0.000000000000000000, -0.6250000000000000000 ) ) ;
#4879 = VECTOR ( 'NONE', #208, 1000.000000000000000 ) ;
#4880 = ADVANCED_FACE ( 'NONE', ( #3619 ), #3125, .F. ) ;
#4881 = DIRECTION ( 'NONE',  ( 0.000000000000000000, 0.000000000000000000, -1.000000000000000000 ) ) ;
#4882 = ORIENTED_EDGE ( 'NONE', *, *, #711, .F. ) ;
#4883 = DIRECTION ( 'NONE',  ( 0.000000000000000000, 0.000000000000000000, 1.000000000000000000 ) ) ;
#4884 = LINE ( 'NONE', #1391, #5033 ) ;
#4885 = PLANE ( 'NONE',  #349 ) ;
#4886 = AXIS2_PLACEMENT_3D ( 'NONE', #921, #517, #4986 ) ;
#4887 = ORIENTED_EDGE ( 'NONE', *, *, #4709, .F. ) ;
#4888 = EDGE_LOOP ( 'NONE', ( #3899, #3096, #2097, #1281 ) ) ;
#4889 = EDGE_CURVE ( 'NONE', #2304, #2535, #225, .T. ) ;
#4890 = CARTESIAN_POINT ( 'NONE',  ( -1.089999999999999858, 0.6701063709417264258, -0.3929999999999999050 ) ) ;
#4891 = DIRECTION ( 'NONE',  ( 1.000000000000000000, -0.000000000000000000, -0.000000000000000000 ) ) ;
#4892 = FACE_OUTER_BOUND ( 'NONE', #4503, .T. ) ;
#4893 = ADVANCED_FACE ( 'NONE', ( #3601 ), #196, .T. ) ;
#4894 = FACE_OUTER_BOUND ( 'NONE', #589, .T. ) ;
#4895 = CARTESIAN_POINT ( 'NONE',  ( 0.6230000000000005533, 0.2000000000000000111, -1.090000000000000302 ) ) ;
#4896 = ORIENTED_EDGE ( 'NONE', *, *, #1162, .F. ) ;
#4897 = VERTEX_POINT ( 'NONE', #576 ) ;
#4898 = STYLED_ITEM ( 'NONE', ( #3992 ), #1570 ) ;
#4899 =( NAMED_UNIT ( * ) PLANE_ANGLE_UNIT ( ) SI_UNIT ( $, .RADIAN. ) );
#4900 = DIRECTION ( 'NONE',  ( 0.000000000000000000, 0.000000000000000000, -1.000000000000000000 ) ) ;
#4901 = LINE ( 'NONE', #3440, #1360 ) ;
#4902 = DIRECTION ( 'NONE',  ( -1.000000000000000000, 0.000000000000000000, 0.000000000000000000 ) ) ;
#4903 = FACE_OUTER_BOUND ( 'NONE', #1866, .T. ) ;
#4904 = LINE ( 'NONE', #3750, #3255 ) ;
#4905 = VERTEX_POINT ( 'NONE', #1003 ) ;
#4906 = ORIENTED_EDGE ( 'NONE', *, *, #368, .T. ) ;
#4907 = CARTESIAN_POINT ( 'NONE',  ( 0.6230000000000007754, 0.000000000000000000, -1.499999999999999778 ) ) ;
#4908 = CARTESIAN_POINT ( 'NONE',  ( -0.3929999999999987947, 0.2000000000000000111, 1.499999999999999778 ) ) ;
#4909 = VECTOR ( 'NONE', #1663, 1000.000000000000000 ) ;
#4910 = AXIS2_PLACEMENT_3D ( 'NONE', #2198, #3075, #124 ) ;
#4911 = EDGE_CURVE ( 'NONE', #3532, #4914, #77, .T. ) ;
#4912 = CARTESIAN_POINT ( 'NONE',  ( -1.089999999999999858, 0.1999999999999999833, 0.3930000000000003491 ) ) ;
#4913 = EDGE_CURVE ( 'NONE', #4502, #1796, #1907, .T. ) ;
#4914 = VERTEX_POINT ( 'NONE', #760 ) ;
#4915 = ORIENTED_EDGE ( 'NONE', *, *, #1630, .F. ) ;
#4916 = FACE_OUTER_BOUND ( 'NONE', #654, .T. ) ;
#4917 = CARTESIAN_POINT ( 'NONE',  ( 1.500000000000000000, 0.6701063709417264258, 0.6230000000000002203 ) ) ;
#4918 = CARTESIAN_POINT ( 'NONE',  ( -1.174999999999999822, 0.5883646178829911033, -1.005000000000000338 ) ) ;
#4919 = ADVANCED_FACE ( 'NONE', ( #3691 ), #2960, .F. ) ;
#4920 =( LENGTH_UNIT ( ) NAMED_UNIT ( * ) SI_UNIT ( .MILLI., .METRE. ) );
#4921 = ORIENTED_EDGE ( 'NONE', *, *, #5044, .F. ) ;
#4922 = DIRECTION ( 'NONE',  ( 1.057758217059029890E-15, 0.000000000000000000, 1.000000000000000000 ) ) ;
#4923 = FILL_AREA_STYLE ('',( #4550 ) ) ;
#4924 = PRESENTATION_STYLE_ASSIGNMENT (( #1356 ) ) ;
#4925 = FACE_OUTER_BOUND ( 'NONE', #531, .T. ) ;
#4926 = CARTESIAN_POINT ( 'NONE',  ( -0.7250000000000000888, 0.2000000000000000944, -0.6250000000000000000 ) ) ;
#4927 = EDGE_CURVE ( 'NONE', #4367, #570, #3700, .T. ) ;
#4928 = AXIS2_PLACEMENT_3D ( 'NONE', #3427, #3824, #1076 ) ;
#4929 = DIRECTION ( 'NONE',  ( 0.000000000000000000, -0.000000000000000000, -1.000000000000000000 ) ) ;
#4930 = ORIENTED_EDGE ( 'NONE', *, *, #4099, .T. ) ;
#4931 = ORIENTED_EDGE ( 'NONE', *, *, #4500, .T. ) ;
#4932 = VECTOR ( 'NONE', #4873, 1000.000000000000000 ) ;
#4933 = ADVANCED_FACE ( 'NONE', ( #159 ), #4440, .T. ) ;
#4934 = CARTESIAN_POINT ( 'NONE',  ( -1.500000000000000000, 0.1999999999999999833, -0.6229999999999994431 ) ) ;
#4935 = DIRECTION ( 'NONE',  ( 1.000000000000000000, 0.000000000000000000, 2.644395542647570780E-16 ) ) ;
#4936 = ORIENTED_EDGE ( 'NONE', *, *, #4454, .F. ) ;
#4937 = SURFACE_STYLE_USAGE ( .BOTH. , #1213 ) ;
#4938 = EDGE_CURVE ( 'NONE', #1235, #1096, #1840, .T. ) ;
#4939 = EDGE_CURVE ( 'NONE', #430, #2755, #3663, .T. ) ;
#4940 = CARTESIAN_POINT ( 'NONE',  ( 0.6249999999999997780, 0.000000000000000000, 0.7250000000000003109 ) ) ;
#4941 = ORIENTED_EDGE ( 'NONE', *, *, #2034, .T. ) ;
#4942 = ORIENTED_EDGE ( 'NONE', *, *, #653, .T. ) ;
#4943 = PRESENTATION_LAYER_ASSIGNMENT (  '', '', ( #1137 ) ) ;
#4944 = VECTOR ( 'NONE', #4399, 1000.000000000000000 ) ;
#4945 = CARTESIAN_POINT ( 'NONE',  ( 0.7249999999999998668, 0.2000000000000000944, -0.6249999999999997780 ) ) ;
#4946 = PRESENTATION_STYLE_ASSIGNMENT (( #93 ) ) ;
#4947 = CARTESIAN_POINT ( 'NONE',  ( -0.3929999999999992388, 0.2000000000000000111, 1.090000000000000302 ) ) ;
#4948 = FILL_AREA_STYLE ('',( #4512 ) ) ;
#4949 = ORIENTED_EDGE ( 'NONE', *, *, #2335, .T. ) ;
#4950 = VECTOR ( 'NONE', #3417, 1000.000000000000000 ) ;
#4951 = CARTESIAN_POINT ( 'NONE',  ( -1.255000000000000560, 0.5883646178829911033, -1.254999999999999671 ) ) ;
#4952 = DIRECTION ( 'NONE',  ( 0.000000000000000000, 1.000000000000000000, 0.000000000000000000 ) ) ;
#4953 = DIRECTION ( 'NONE',  ( -1.000000000000000000, 0.000000000000000000, -1.495451272393799542E-16 ) ) ;
#4954 = PLANE ( 'NONE',  #1719 ) ;
#4955 = CARTESIAN_POINT ( 'NONE',  ( -0.1149999999999992140, 0.2000000000000000111, -1.090000000000000302 ) ) ;
#4956 = VERTEX_POINT ( 'NONE', #4194 ) ;
#4957 = ADVANCED_FACE ( 'NONE', ( #1889 ), #1318, .F. ) ;
#4958 = LINE ( 'NONE', #1234, #3184 ) ;
#4959 = DIRECTION ( 'NONE',  ( -0.000000000000000000, -1.000000000000000000, -0.000000000000000000 ) ) ;
#4960 = EDGE_CURVE ( 'NONE', #1886, #3990, #1830, .T. ) ;
#4961 = LINE ( 'NONE', #3845, #3152 ) ;
#4962 = CARTESIAN_POINT ( 'NONE',  ( 0.000000000000000000, 0.2000000000000000111, 0.000000000000000000 ) ) ;
#4963 = AXIS2_PLACEMENT_3D ( 'NONE', #4962, #996, #4677 ) ;
#4964 = EDGE_CURVE ( 'NONE', #2109, #14, #1878, .T. ) ;
#4965 = ORIENTED_EDGE ( 'NONE', *, *, #3767, .T. ) ;
#4966 = VERTEX_POINT ( 'NONE', #1711 ) ;
#4967 = DIRECTION ( 'NONE',  ( 2.644395542647571766E-16, 0.000000000000000000, 1.000000000000000000 ) ) ;
#4968 = CARTESIAN_POINT ( 'NONE',  ( 1.500000000000000000, 0.000000000000000000, -0.6229999999999994431 ) ) ;
#4969 = FACE_OUTER_BOUND ( 'NONE', #3499, .T. ) ;
#4970 = ADVANCED_FACE ( 'NONE', ( #1961 ), #4829, .F. ) ;
#4971 = CIRCLE ( 'NONE', #635, 0.1250000000000003331 ) ;
#4972 = MANIFOLD_SOLID_BREP ( 'Boss-Extrude3[2]', #312 ) ;
#4973 = EDGE_CURVE ( 'NONE', #467, #4328, #1868, .T. ) ;
#4974 = PLANE ( 'NONE',  #4408 ) ;
#4975 = VECTOR ( 'NONE', #1512, 1000.000000000000000 ) ;
#4976 = CARTESIAN_POINT ( 'NONE',  ( -1.089999999999999858, 0.6701063709417264258, 0.3930000000000003491 ) ) ;
#4977 = CARTESIAN_POINT ( 'NONE',  ( 1.089999999999999858, 0.1999999999999999833, 0.1150000000000000883 ) ) ;
#4978 = ORIENTED_EDGE ( 'NONE', *, *, #1630, .T. ) ;
#4979 = ORIENTED_EDGE ( 'NONE', *, *, #245, .F. ) ;
#4980 = LINE ( 'NONE', #399, #3215 ) ;
#4981 = DIRECTION ( 'NONE',  ( 1.000000000000000000, 0.000000000000000000, 5.288791085295141560E-16 ) ) ;
#4982 = DIRECTION ( 'NONE',  ( -1.000000000000000000, 0.000000000000000000, 5.288791085295141560E-16 ) ) ;
#4983 = EDGE_CURVE ( 'NONE', #2359, #2058, #3751, .T. ) ;
#4984 = DIRECTION ( 'NONE',  ( 0.000000000000000000, 1.000000000000000000, 0.000000000000000000 ) ) ;
#4985 = LINE ( 'NONE', #3198, #1441 ) ;
#4986 = DIRECTION ( 'NONE',  ( 0.000000000000000000, 0.000000000000000000, 1.000000000000000000 ) ) ;
#4987 = EDGE_CURVE ( 'NONE', #28, #838, #1997, .T. ) ;
#4988 = CARTESIAN_POINT ( 'NONE',  ( 0.1150000000000011707, 0.2000000000000000111, 1.499999999999999778 ) ) ;
#4989 = ORIENTED_EDGE ( 'NONE', *, *, #4508, .F. ) ;
#4990 = FACE_OUTER_BOUND ( 'NONE', #1848, .T. ) ;
#4991 = CIRCLE ( 'NONE', #4413, 0.07999999999999998779 ) ;
#4992 = DIRECTION ( 'NONE',  ( 0.000000000000000000, -1.000000000000000000, 0.000000000000000000 ) ) ;
#4993 = VECTOR ( 'NONE', #3085, 1000.000000000000000 ) ;
#4994 = DIRECTION ( 'NONE',  ( 0.000000000000000000, 0.000000000000000000, -1.000000000000000000 ) ) ;
#4995 = STYLED_ITEM ( 'NONE', ( #2377 ), #3373 ) ;
#4996 = ORIENTED_EDGE ( 'NONE', *, *, #1285, .F. ) ;
#4997 = VERTEX_POINT ( 'NONE', #4406 ) ;
#4998 = CARTESIAN_POINT ( 'NONE',  ( 1.089999999999999858, 0.1999999999999999833, -0.6229999999999996652 ) ) ;
#4999 = DIRECTION ( 'NONE',  ( 0.000000000000000000, 0.000000000000000000, -1.000000000000000000 ) ) ;
#5000 = AXIS2_PLACEMENT_3D ( 'NONE', #2122, #2081, #3380 ) ;
#5001 = ADVANCED_FACE ( 'NONE', ( #1809 ), #4868, .F. ) ;
#5002 = VECTOR ( 'NONE', #608, 1000.000000000000000 ) ;
#5003 = VECTOR ( 'NONE', #2686, 1000.000000000000000 ) ;
#5004 = VECTOR ( 'NONE', #1825, 1000.000000000000000 ) ;
#5005 =( NAMED_UNIT ( * ) PLANE_ANGLE_UNIT ( ) SI_UNIT ( $, .RADIAN. ) );
#5006 = AXIS2_PLACEMENT_3D ( 'NONE', #1175, #410, #2943 ) ;
#5007 = DIRECTION ( 'NONE',  ( 1.000000000000000000, -0.000000000000000000, 2.644395542647570780E-16 ) ) ;
#5008 = VERTEX_POINT ( 'NONE', #4620 ) ;
#5009 = ORIENTED_EDGE ( 'NONE', *, *, #5021, .T. ) ;
#5010 = MANIFOLD_SOLID_BREP ( 'Fillet1', #1357 ) ;
#5011 = VECTOR ( 'NONE', #3082, 1000.000000000000000 ) ;
#5012 = DIRECTION ( 'NONE',  ( 0.000000000000000000, -1.000000000000000000, 0.000000000000000000 ) ) ;
#5013 = LINE ( 'NONE', #4077, #3395 ) ;
#5014 = PLANE ( 'NONE',  #943 ) ;
#5015 = CARTESIAN_POINT ( 'NONE',  ( -1.089999999999999858, 0.1999999999999999833, 0.1150000000000000883 ) ) ;
#5016 = ORIENTED_EDGE ( 'NONE', *, *, #4564, .F. ) ;
#5017 = CARTESIAN_POINT ( 'NONE',  ( 1.499999999999999556, 0.000000000000000000, 1.499999999999999778 ) ) ;
#5018 = CARTESIAN_POINT ( 'NONE',  ( -0.9750000000000010880, 0.1000000000000000056, -1.335000000000000187 ) ) ;
#5019 = CARTESIAN_POINT ( 'NONE',  ( 0.6230000000000007754, 0.1999999999999999833, 1.090000000000000302 ) ) ;
#5020 = AXIS2_PLACEMENT_3D ( 'NONE', #2446, #1191, #1253 ) ;
#5021 = EDGE_CURVE ( 'NONE', #4245, #460, #141, .T. ) ;
#5022 = PLANE ( 'NONE',  #4566 ) ;
#5023 = VECTOR ( 'NONE', #3324, 1000.000000000000000 ) ;
#5024 = CARTESIAN_POINT ( 'NONE',  ( -0.3929999999999992388, 0.2000000000000000111, 1.090000000000000302 ) ) ;
#5025 = EDGE_CURVE ( 'NONE', #3902, #5219, #1951, .T. ) ;
#5026 = ORIENTED_EDGE ( 'NONE', *, *, #4630, .T. ) ;
#5027 = ORIENTED_EDGE ( 'NONE', *, *, #2374, .F. ) ;
#5028 = EDGE_CURVE ( 'NONE', #2367, #1949, #1870, .T. ) ;
#5029 =( NAMED_UNIT ( * ) SI_UNIT ( $, .STERADIAN. ) SOLID_ANGLE_UNIT ( ) );
#5030 = DIRECTION ( 'NONE',  ( 1.000000000000000000, 0.000000000000000000, 0.000000000000000000 ) ) ;
#5031 = AXIS2_PLACEMENT_3D ( 'NONE', #2410, #4034, #2531 ) ;
#5032 = EDGE_CURVE ( 'NONE', #1236, #3536, #1901, .T. ) ;
#5033 = VECTOR ( 'NONE', #4994, 1000.000000000000000 ) ;
#5034 = CARTESIAN_POINT ( 'NONE',  ( 0.6230000000000005533, 0.1999999999999999833, -1.090000000000000302 ) ) ;
#5035 = ORIENTED_EDGE ( 'NONE', *, *, #4160, .F. ) ;
#5036 = DIRECTION ( 'NONE',  ( 1.000000000000000000, 0.000000000000000000, 0.000000000000000000 ) ) ;
#5037 = CARTESIAN_POINT ( 'NONE',  ( -1.089999999999999858, 0.000000000000000000, -0.3929999999999999050 ) ) ;
#5038 = LINE ( 'NONE', #4281, #4950 ) ;
#5039 = VECTOR ( 'NONE', #2707, 1000.000000000000000 ) ;
#5040 = SURFACE_STYLE_FILL_AREA ( #1296 ) ;
#5041 = DIRECTION ( 'NONE',  ( -0.000000000000000000, 1.000000000000000000, -0.000000000000000000 ) ) ;
#5042 = AXIS2_PLACEMENT_3D ( 'NONE', #4133, #2027, #4525 ) ;
#5043 = ORIENTED_EDGE ( 'NONE', *, *, #2970, .F. ) ;
#5044 = EDGE_CURVE ( 'NONE', #460, #457, #3674, .T. ) ;
#5045 = ADVANCED_FACE ( 'NONE', ( #3776 ), #3510, .F. ) ;
#5046 = COLOUR_RGB ( '',1.000000000000000000, 0.5019607843137254832, 0.5019607843137254832 ) ;
#5047 = DIRECTION ( 'NONE',  ( 0.000000000000000000, -0.000000000000000000, -1.000000000000000000 ) ) ;
#5048 = CYLINDRICAL_SURFACE ( 'NONE', #2033, 0.07999999999999998779 ) ;
#5049 = SURFACE_STYLE_USAGE ( .BOTH. , #436 ) ;
#5050 = CARTESIAN_POINT ( 'NONE',  ( -0.3929999999999987947, 0.000000000000000000, 1.499999999999999778 ) ) ;
#5051 = DIRECTION ( 'NONE',  ( 0.000000000000000000, 0.000000000000000000, -1.000000000000000000 ) ) ;
#5052 = CYLINDRICAL_SURFACE ( 'NONE', #2633, 0.1250000000000003331 ) ;
#5053 = ADVANCED_FACE ( 'NONE', ( #3630 ), #1053, .T. ) ;
#5054 = LINE ( 'NONE', #3003, #1511 ) ;
#5055 = DIRECTION ( 'NONE',  ( 0.000000000000000000, 1.000000000000000000, 0.000000000000000000 ) ) ;
#5056 = ORIENTED_EDGE ( 'NONE', *, *, #469, .T. ) ;
#5057 = CYLINDRICAL_SURFACE ( 'NONE', #4746, 0.07999999999999998779 ) ;
#5058 =( GEOMETRIC_REPRESENTATION_CONTEXT ( 3 ) GLOBAL_UNCERTAINTY_ASSIGNED_CONTEXT ( ( #4428 ) ) GLOBAL_UNIT_ASSIGNED_CONTEXT ( ( #15, #2059, #4819 ) ) REPRESENTATION_CONTEXT ( 'NONE', 'WORKASPACE' ) );
#5059 = LINE ( 'NONE', #2873, #1520 ) ;
#5060 = CARTESIAN_POINT ( 'NONE',  ( 0.3930000000000010152, 0.2000000000000000111, 1.090000000000000302 ) ) ;
#5061 = VECTOR ( 'NONE', #191, 1000.000000000000000 ) ;
#5062 = EDGE_CURVE ( 'NONE', #5251, #2194, #277, .T. ) ;
#5063 = AXIS2_PLACEMENT_3D ( 'NONE', #3449, #3882, #4321 ) ;
#5064 = ORIENTED_EDGE ( 'NONE', *, *, #3967, .F. ) ;
#5065 = CLOSED_SHELL ( 'NONE', ( #3373, #5045, #4279, #3777, #4458, #5272 ) ) ;
#5066 = CARTESIAN_POINT ( 'NONE',  ( 1.089999999999999858, 0.000000000000000000, 0.3930000000000003491 ) ) ;
#5067 = VECTOR ( 'NONE', #1760, 1000.000000000000000 ) ;
#5068 = LINE ( 'NONE', #37, #1506 ) ;
#5069 = FILL_AREA_STYLE_COLOUR ( '', #1718 ) ;
#5070 = MECHANICAL_DESIGN_GEOMETRIC_PRESENTATION_REPRESENTATION (  '', ( #4898 ), #2220 ) ;
#5071 = ORIENTED_EDGE ( 'NONE', *, *, #4170, .T. ) ;
#5072 = ORIENTED_EDGE ( 'NONE', *, *, #1851, .F. ) ;
#5073 = VECTOR ( 'NONE', #598, 1000.000000000000000 ) ;
#5074 = DIRECTION ( 'NONE',  ( -0.000000000000000000, 1.000000000000000000, -0.000000000000000000 ) ) ;
#5075 = VECTOR ( 'NONE', #3093, 1000.000000000000000 ) ;
#5076 = DIRECTION ( 'NONE',  ( -1.000000000000000000, 0.000000000000000000, -2.644395542647570780E-16 ) ) ;
#5077 = PRESENTATION_LAYER_ASSIGNMENT (  '', '', ( #80 ) ) ;
#5078 = EDGE_CURVE ( 'NONE', #4328, #2795, #1909, .T. ) ;
#5079 = DIRECTION ( 'NONE',  ( 1.000000000000000000, -0.000000000000000000, 0.000000000000000000 ) ) ;
#5080 = ORIENTED_EDGE ( 'NONE', *, *, #2610, .F. ) ;
#5081 = CARTESIAN_POINT ( 'NONE',  ( 0.7249999999999998668, 0.2000000000000000944, -0.6249999999999997780 ) ) ;
#5082 = LINE ( 'NONE', #1466, #5073 ) ;
#5083 = DIRECTION ( 'NONE',  ( -2.644395542647570780E-16, 0.000000000000000000, -1.000000000000000000 ) ) ;
#5084 = CARTESIAN_POINT ( 'NONE',  ( -1.175000000000000488, 0.1000000000000000056, -1.255000000000000338 ) ) ;
#5085 = CARTESIAN_POINT ( 'NONE',  ( -1.089999999999999858, 0.000000000000000000, 0.1150000000000000883 ) ) ;
#5086 = CARTESIAN_POINT ( 'NONE',  ( 1.500000000000000000, 0.6701063709417264258, 0.6230000000000002203 ) ) ;
#5087 = ADVANCED_FACE ( 'NONE', ( #230 ), #3805, .T. ) ;
#5088 = LINE ( 'NONE', #3061, #3403 ) ;
#5089 = EDGE_CURVE ( 'NONE', #629, #3809, #1944, .T. ) ;
#5090 = DIRECTION ( 'NONE',  ( -1.000000000000000000, 0.000000000000000000, -1.495451272393799542E-16 ) ) ;
#5091 = ORIENTED_EDGE ( 'NONE', *, *, #5215, .T. ) ;
#5092 = EDGE_CURVE ( 'NONE', #276, #3997, #1999, .T. ) ;
#5093 = VECTOR ( 'NONE', #2450, 1000.000000000000000 ) ;
#5094 = SURFACE_SIDE_STYLE ('',( #5146 ) ) ;
#5095 = LINE ( 'NONE', #74, #5283 ) ;
#5096 = FACE_OUTER_BOUND ( 'NONE', #3890, .T. ) ;
#5097 = DIRECTION ( 'NONE',  ( -0.000000000000000000, 0.000000000000000000, -1.000000000000000000 ) ) ;
#5098 = ORIENTED_EDGE ( 'NONE', *, *, #4056, .F. ) ;
#5099 = EDGE_CURVE ( 'NONE', #3945, #3536, #1832, .T. ) ;
#5100 = PRESENTATION_STYLE_ASSIGNMENT (( #214 ) ) ;
#5101 = LINE ( 'NONE', #3794, #1609 ) ;
#5102 = CARTESIAN_POINT ( 'NONE',  ( -1.089999999999999858, 0.000000000000000000, 0.6230000000000001092 ) ) ;
#5103 = DIRECTION ( 'NONE',  ( -0.000000000000000000, -1.000000000000000000, -0.000000000000000000 ) ) ;
#5104 = ORIENTED_EDGE ( 'NONE', *, *, #2445, .T. ) ;
#5105 = VERTEX_POINT ( 'NONE', #281 ) ;
#5106 = FACE_OUTER_BOUND ( 'NONE', #3404, .T. ) ;
#5107 = PLANE ( 'NONE',  #4624 ) ;
#5108 = LINE ( 'NONE', #4737, #5075 ) ;
#5109 = CARTESIAN_POINT ( 'NONE',  ( 0.000000000000000000, 0.2000000000000000111, 0.000000000000000000 ) ) ;
#5110 = LINE ( 'NONE', #1713, #3405 ) ;
#5111 =( NAMED_UNIT ( * ) PLANE_ANGLE_UNIT ( ) SI_UNIT ( $, .RADIAN. ) );
#5112 = EDGE_CURVE ( 'NONE', #505, #1044, #2044, .T. ) ;
#5113 = DIRECTION ( 'NONE',  ( -0.000000000000000000, -1.000000000000000000, -0.000000000000000000 ) ) ;
#5114 = ORIENTED_EDGE ( 'NONE', *, *, #2172, .T. ) ;
#5115 = DIRECTION ( 'NONE',  ( 0.000000000000000000, -1.000000000000000000, 0.000000000000000000 ) ) ;
#5116 = CARTESIAN_POINT ( 'NONE',  ( 1.089999999999999858, 0.000000000000000000, -0.6229999999999996652 ) ) ;
#5117 = CARTESIAN_POINT ( 'NONE',  ( -0.6229999999999992211, 0.2000000000000000111, -1.090000000000000302 ) ) ;
#5118 = DIRECTION ( 'NONE',  ( -0.000000000000000000, -0.000000000000000000, 1.000000000000000000 ) ) ;
#5119 = VECTOR ( 'NONE', #642, 1000.000000000000000 ) ;
#5120 = DIRECTION ( 'NONE',  ( -1.000000000000000000, 0.000000000000000000, 5.288791085295141560E-16 ) ) ;
#5121 = AXIS2_PLACEMENT_3D ( 'NONE', #3283, #3742, #4568 ) ;
#5122 = VERTEX_POINT ( 'NONE', #5050 ) ;
#5123 = PLANE ( 'NONE',  #4149 ) ;
#5124 = EDGE_CURVE ( 'NONE', #3532, #1626, #3731, .T. ) ;
#5125 = VECTOR ( 'NONE', #3124, 1000.000000000000000 ) ;
#5126 = CARTESIAN_POINT ( 'NONE',  ( -1.200000000000000178, 0.7900000000000000355, -1.074999999999999956 ) ) ;
#5127 = FACE_OUTER_BOUND ( 'NONE', #4591, .T. ) ;
#5128 = SURFACE_STYLE_USAGE ( .BOTH. , #4760 ) ;
#5129 = VERTEX_POINT ( 'NONE', #242 ) ;
#5130 = DIRECTION ( 'NONE',  ( 1.000000000000000000, 0.000000000000000000, 0.000000000000000000 ) ) ;
#5131 = FACE_OUTER_BOUND ( 'NONE', #4121, .T. ) ;
#5132 = PLANE ( 'NONE',  #5216 ) ;
#5133 = ORIENTED_EDGE ( 'NONE', *, *, #4056, .T. ) ;
#5134 = DIRECTION ( 'NONE',  ( -5.288791085295141560E-16, 0.000000000000000000, 1.000000000000000000 ) ) ;
#5135 = VECTOR ( 'NONE', #4713, 1000.000000000000000 ) ;
#5136 =( LENGTH_UNIT ( ) NAMED_UNIT ( * ) SI_UNIT ( .MILLI., .METRE. ) );
#5137 = EDGE_CURVE ( 'NONE', #3786, #2218, #258, .T. ) ;
#5138 = EDGE_CURVE ( 'NONE', #1931, #3285, #188, .T. ) ;
#5139 = LINE ( 'NONE', #1007, #3326 ) ;
#5140 = SURFACE_SIDE_STYLE ('',( #2629 ) ) ;
#5141 = ORIENTED_EDGE ( 'NONE', *, *, #5028, .T. ) ;
#5142 =( NAMED_UNIT ( * ) SI_UNIT ( $, .STERADIAN. ) SOLID_ANGLE_UNIT ( ) );
#5143 = CARTESIAN_POINT ( 'NONE',  ( 0.6230000000000005533, 0.6701063709417264258, -1.090000000000000302 ) ) ;
#5144 = CARTESIAN_POINT ( 'NONE',  ( -0.6229999999999992211, 0.6701063709417264258, -1.090000000000000302 ) ) ;
#5145 = CARTESIAN_POINT ( 'NONE',  ( 1.499999999999999556, 0.8900000000000001243, -1.500000000000000222 ) ) ;
#5146 = SURFACE_STYLE_FILL_AREA ( #2993 ) ;
#5147 = CARTESIAN_POINT ( 'NONE',  ( 1.499999999999999556, 0.8900000000000019007, 1.499999999999999778 ) ) ;
#5148 = LINE ( 'NONE', #3463, #5061 ) ;
#5149 = DIRECTION ( 'NONE',  ( -0.000000000000000000, 1.000000000000000000, -0.000000000000000000 ) ) ;
#5150 = ORIENTED_EDGE ( 'NONE', *, *, #565, .T. ) ;
#5151 = ORIENTED_EDGE ( 'NONE', *, *, #494, .T. ) ;
#5152 = CARTESIAN_POINT ( 'NONE',  ( -0.6229999999999992211, 0.6701063709417264258, -1.090000000000000302 ) ) ;
#5153 = VECTOR ( 'NONE', #3375, 1000.000000000000000 ) ;
#5154 = DIRECTION ( 'NONE',  ( -1.000000000000000000, -0.000000000000000000, -5.288791085295141560E-16 ) ) ;
#5155 = EDGE_CURVE ( 'NONE', #4476, #2973, #1920, .T. ) ;
#5156 = VERTEX_POINT ( 'NONE', #165 ) ;
#5157 = ADVANCED_FACE ( 'NONE', ( #3681 ), #3040, .T. ) ;
#5158 = CARTESIAN_POINT ( 'NONE',  ( 0.6230000000000011084, 0.000000000000000000, 1.499999999999999778 ) ) ;
#5159 = LINE ( 'NONE', #3495, #1607 ) ;
#5160 = ORIENTED_EDGE ( 'NONE', *, *, #670, .T. ) ;
#5161 = VECTOR ( 'NONE', #3723, 1000.000000000000000 ) ;
#5162 = DIRECTION ( 'NONE',  ( 0.000000000000000000, 0.000000000000000000, -1.000000000000000000 ) ) ;
#5163 = ORIENTED_EDGE ( 'NONE', *, *, #4019, .T. ) ;
#5164 = ORIENTED_EDGE ( 'NONE', *, *, #4593, .T. ) ;
#5165 = EDGE_LOOP ( 'NONE', ( #4314, #784, #736, #4365 ) ) ;
#5166 = CARTESIAN_POINT ( 'NONE',  ( -0.1149999999999990058, 0.6701063709417264258, 1.090000000000000302 ) ) ;
#5167 = CARTESIAN_POINT ( 'NONE',  ( 1.089999999999999858, 0.000000000000000000, -0.6229999999999996652 ) ) ;
#5168 = DIRECTION ( 'NONE',  ( 0.000000000000000000, 1.000000000000000000, 0.000000000000000000 ) ) ;
#5169 = ORIENTED_EDGE ( 'NONE', *, *, #2592, .T. ) ;
#5170 = LINE ( 'NONE', #513, #3282 ) ;
#5171 = CARTESIAN_POINT ( 'NONE',  ( 0.1150000000000007405, 0.2000000000000000111, -1.499999999999999778 ) ) ;
#5172 = EDGE_CURVE ( 'NONE', #2365, #3250, #3620, .T. ) ;
#5173 = EDGE_LOOP ( 'NONE', ( #774, #3970, #1914, #4128 ) ) ;
#5174 =( NAMED_UNIT ( * ) SI_UNIT ( $, .STERADIAN. ) SOLID_ANGLE_UNIT ( ) );
#5175 = ORIENTED_EDGE ( 'NONE', *, *, #3788, .F. ) ;
#5176 = ORIENTED_EDGE ( 'NONE', *, *, #4093, .F. ) ;
#5177 = DIRECTION ( 'NONE',  ( -1.000000000000000000, 0.000000000000000000, 0.000000000000000000 ) ) ;
#5178 = DIRECTION ( 'NONE',  ( -1.000000000000000000, 0.000000000000000000, -0.000000000000000000 ) ) ;
#5179 = DIRECTION ( 'NONE',  ( 0.000000000000000000, 1.000000000000000000, 0.000000000000000000 ) ) ;
#5180 = DIRECTION ( 'NONE',  ( 0.000000000000000000, 1.000000000000000000, 0.000000000000000000 ) ) ;
#5181 = CARTESIAN_POINT ( 'NONE',  ( 0.6230000000000007754, 0.000000000000000000, 1.090000000000000302 ) ) ;
#5182 = PRESENTATION_STYLE_ASSIGNMENT (( #2339 ) ) ;
#5183 = PRESENTATION_LAYER_ASSIGNMENT (  '', '', ( #4205 ) ) ;
#5184 = LINE ( 'NONE', #647, #1654 ) ;
#5185 = ORIENTED_EDGE ( 'NONE', *, *, #45, .T. ) ;
#5186 = CARTESIAN_POINT ( 'NONE',  ( 0.000000000000000000, 0.2000000000000000111, 0.000000000000000000 ) ) ;
#5187 = EDGE_LOOP ( 'NONE', ( #681, #442, #2056, #4322 ) ) ;
#5188 = ORIENTED_EDGE ( 'NONE', *, *, #2162, .T. ) ;
#5189 = DIRECTION ( 'NONE',  ( 0.000000000000000000, -0.000000000000000000, 1.000000000000000000 ) ) ;
#5190 = ADVANCED_FACE ( 'NONE', ( #1991 ), #1176, .T. ) ;
#5191 = LINE ( 'NONE', #3594, #3412 ) ;
#5192 = VERTEX_POINT ( 'NONE', #775 ) ;
#5193 = ORIENTED_EDGE ( 'NONE', *, *, #4297, .T. ) ;
#5194 = ORIENTED_EDGE ( 'NONE', *, *, #3599, .T. ) ;
#5195 = DIRECTION ( 'NONE',  ( -5.288791085295141560E-16, 0.000000000000000000, 1.000000000000000000 ) ) ;
#5196 = COLOUR_RGB ( '',1.000000000000000000, 0.5019607843137254832, 0.5019607843137254832 ) ;
#5197 = EDGE_CURVE ( 'NONE', #4311, #304, #3702, .T. ) ;
#5198 = FILL_AREA_STYLE ('',( #874 ) ) ;
#5199 = ORIENTED_EDGE ( 'NONE', *, *, #4039, .T. ) ;
#5200 = VERTEX_POINT ( 'NONE', #1206 ) ;
#5201 = EDGE_CURVE ( 'NONE', #3688, #2509, #3787, .T. ) ;
#5202 = ADVANCED_FACE ( 'NONE', ( #268 ), #2885, .T. ) ;
#5203 = DIRECTION ( 'NONE',  ( 0.000000000000000000, 1.000000000000000000, 0.000000000000000000 ) ) ;
#5204 = CARTESIAN_POINT ( 'NONE',  ( -0.6229999999999989990, 0.000000000000000000, 1.090000000000000302 ) ) ;
#5205 =( LENGTH_UNIT ( ) NAMED_UNIT ( * ) SI_UNIT ( .MILLI., .METRE. ) );
#5206 = DIRECTION ( 'NONE',  ( -0.000000000000000000, -1.000000000000000000, -0.000000000000000000 ) ) ;
#5207 = ORIENTED_EDGE ( 'NONE', *, *, #4938, .F. ) ;
#5208 =( LENGTH_UNIT ( ) NAMED_UNIT ( * ) SI_UNIT ( .MILLI., .METRE. ) );
#5209 = EDGE_LOOP ( 'NONE', ( #223, #3095, #827, #3090 ) ) ;
#5210 = ORIENTED_EDGE ( 'NONE', *, *, #1634, .T. ) ;
#5211 = DIRECTION ( 'NONE',  ( 0.000000000000000000, 0.000000000000000000, 1.000000000000000000 ) ) ;
#5212 = DIRECTION ( 'NONE',  ( 0.000000000000000000, 0.000000000000000000, 1.000000000000000000 ) ) ;
#5213 = DIRECTION ( 'NONE',  ( -1.000000000000000000, 0.000000000000000000, 1.885568995626963547E-15 ) ) ;
#5214 = CARTESIAN_POINT ( 'NONE',  ( -1.200000000000000178, 0.8900000000000000133, -1.200000000000000178 ) ) ;
#5215 = EDGE_CURVE ( 'NONE', #4323, #3716, #2036, .T. ) ;
#5216 = AXIS2_PLACEMENT_3D ( 'NONE', #1074, #3928, #2338 ) ;
#5217 = UNCERTAINTY_MEASURE_WITH_UNIT (LENGTH_MEASURE( 1.000000000000000082E-05 ), #3797, 'distance_accuracy_value', 'NONE');
#5218 = FACE_OUTER_BOUND ( 'NONE', #857, .T. ) ;
#5219 = VERTEX_POINT ( 'NONE', #733 ) ;
#5220 = CARTESIAN_POINT ( 'NONE',  ( -1.175000000000000488, 0.000000000000000000, -1.085000000000000187 ) ) ;
#5221 = ORIENTED_EDGE ( 'NONE', *, *, #4632, .F. ) ;
#5222 = EDGE_CURVE ( 'NONE', #2288, #3557, #1820, .T. ) ;
#5223 = LINE ( 'NONE', #2390, #3543 ) ;
#5224 = ORIENTED_EDGE ( 'NONE', *, *, #1314, .F. ) ;
#5225 = PLANE ( 'NONE',  #1242 ) ;
#5226 = SURFACE_STYLE_FILL_AREA ( #4923 ) ;
#5227 = ADVANCED_FACE ( 'NONE', ( #209 ), #3611, .T. ) ;
#5228 = ORIENTED_EDGE ( 'NONE', *, *, #2316, .F. ) ;
#5229 = CARTESIAN_POINT ( 'NONE',  ( 1.089999999999999858, 0.000000000000000000, -0.1149999999999996581 ) ) ;
#5230 = MECHANICAL_DESIGN_GEOMETRIC_PRESENTATION_REPRESENTATION (  '', ( #2131 ), #3080 ) ;
#5231 = DIRECTION ( 'NONE',  ( 1.057758217059029890E-15, 0.000000000000000000, 1.000000000000000000 ) ) ;
#5232 = ORIENTED_EDGE ( 'NONE', *, *, #319, .F. ) ;
#5233 = EDGE_LOOP ( 'NONE', ( #2737, #3539, #4439, #1541 ) ) ;
#5234 = DIRECTION ( 'NONE',  ( -0.000000000000000000, -1.000000000000000000, -0.000000000000000000 ) ) ;
#5235 = PRESENTATION_LAYER_ASSIGNMENT (  '', '', ( #1860 ) ) ;
#5236 = CARTESIAN_POINT ( 'NONE',  ( 1.089999999999999858, 0.000000000000000000, 0.6230000000000001092 ) ) ;
#5237 = VECTOR ( 'NONE', #1338, 1000.000000000000000 ) ;
#5238 = LINE ( 'NONE', #2276, #3488 ) ;
#5239 = CARTESIAN_POINT ( 'NONE',  ( 0.1150000000000007405, 0.2000000000000000111, -1.499999999999999778 ) ) ;
#5240 = ORIENTED_EDGE ( 'NONE', *, *, #2063, .F. ) ;
#5241 = PRESENTATION_LAYER_ASSIGNMENT (  '', '', ( #408 ) ) ;
#5242 = CARTESIAN_POINT ( 'NONE',  ( -1.200000000000000178, 0.8900000000000000133, -1.200000000000000178 ) ) ;
#5243 = ORIENTED_EDGE ( 'NONE', *, *, #1103, .F. ) ;
#5244 = CARTESIAN_POINT ( 'NONE',  ( -0.9750000000000005329, 0.5883646178829911033, -1.255000000000000338 ) ) ;
#5245 = DIRECTION ( 'NONE',  ( 0.000000000000000000, 0.000000000000000000, 1.000000000000000000 ) ) ;
#5246 = PLANE ( 'NONE',  #4776 ) ;
#5247 = DIRECTION ( 'NONE',  ( 5.288791085295141560E-16, 0.000000000000000000, 1.000000000000000000 ) ) ;
#5248 = DIRECTION ( 'NONE',  ( -1.000000000000000000, 0.000000000000000000, -5.288791085295141560E-16 ) ) ;
#5249 = AXIS2_PLACEMENT_3D ( 'NONE', #1812, #1124, #3481 ) ;
#5250 = VECTOR ( 'NONE', #4222, 1000.000000000000000 ) ;
#5251 = VERTEX_POINT ( 'NONE', #3205 ) ;
#5252 = CARTESIAN_POINT ( 'NONE',  ( -1.200000000000000178, 0.7900000000000000355, -1.200000000000000178 ) ) ;
#5253 = CARTESIAN_POINT ( 'NONE',  ( 1.499999999999999556, 0.000000000000000000, -1.500000000000000222 ) ) ;
#5254 = AXIS2_PLACEMENT_3D ( 'NONE', #4377, #5134, #1307 ) ;
#5255 = EDGE_CURVE ( 'NONE', #358, #4367, #3603, .T. ) ;
#5256 = FACE_OUTER_BOUND ( 'NONE', #3933, .T. ) ;
#5257 =( NAMED_UNIT ( * ) SI_UNIT ( $, .STERADIAN. ) SOLID_ANGLE_UNIT ( ) );
#5258 = ORIENTED_EDGE ( 'NONE', *, *, #5124, .T. ) ;
#5259 = ORIENTED_EDGE ( 'NONE', *, *, #4208, .F. ) ;
#5260 = EDGE_CURVE ( 'NONE', #856, #4183, #1859, .T. ) ;
#5261 = DIRECTION ( 'NONE',  ( 2.644395542647571766E-16, 0.000000000000000000, 1.000000000000000000 ) ) ;
#5262 = EDGE_CURVE ( 'NONE', #3291, #1459, #150, .T. ) ;
#5263 = CARTESIAN_POINT ( 'NONE',  ( 0.1150000000000007405, 0.000000000000000000, 1.090000000000000302 ) ) ;
#5264 = LINE ( 'NONE', #5229, #68 ) ;
#5265 = AXIS2_PLACEMENT_3D ( 'NONE', #365, #4443, #803 ) ;
#5266 = EDGE_CURVE ( 'NONE', #75, #1714, #3651, .T. ) ;
#5267 = ORIENTED_EDGE ( 'NONE', *, *, #721, .F. ) ;
#5268 = ORIENTED_EDGE ( 'NONE', *, *, #2658, .F. ) ;
#5269 = DIRECTION ( 'NONE',  ( 0.000000000000000000, -0.000000000000000000, 1.000000000000000000 ) ) ;
#5270 = CIRCLE ( 'NONE', #2742, 0.07999999999999998779 ) ;
#5271 = CARTESIAN_POINT ( 'NONE',  ( -1.255000000000000560, 0.000000000000000000, -1.085000000000000853 ) ) ;
#5272 = ADVANCED_FACE ( 'NONE', ( #1881 ), #2504, .T. ) ;
#5273 = LINE ( 'NONE', #4586, #3528 ) ;
#5274 = LINE ( 'NONE', #4489, #1800 ) ;
#5275 =( NAMED_UNIT ( * ) PLANE_ANGLE_UNIT ( ) SI_UNIT ( $, .RADIAN. ) );
#5276 = VERTEX_POINT ( 'NONE', #4491 ) ;
#5277 = AXIS2_PLACEMENT_3D ( 'NONE', #1508, #3719, #4157 ) ;
#5278 = EDGE_LOOP ( 'NONE', ( #756, #1701, #5207, #2448 ) ) ;
#5279 = DIRECTION ( 'NONE',  ( 0.000000000000000000, -1.000000000000000000, 0.000000000000000000 ) ) ;
#5280 = CARTESIAN_POINT ( 'NONE',  ( -1.089999999999999858, 0.1999999999999999833, 0.3930000000000003491 ) ) ;
#5281 = DIRECTION ( 'NONE',  ( 0.000000000000000000, -1.000000000000000000, 0.000000000000000000 ) ) ;
#5282 = FACE_OUTER_BOUND ( 'NONE', #3585, .T. ) ;
#5283 = VECTOR ( 'NONE', #4195, 1000.000000000000000 ) ;
#5284 = ORIENTED_EDGE ( 'NONE', *, *, #3235, .F. ) ;
#5285 = PLANE ( 'NONE',  #61 ) ;
#5286 = ORIENTED_EDGE ( 'NONE', *, *, #340, .F. ) ;
#5287 = CARTESIAN_POINT ( 'NONE',  ( -1.089999999999999858, 0.6701063709417264258, 0.3930000000000003491 ) ) ;
#5288 = ORIENTED_EDGE ( 'NONE', *, *, #3401, .F. ) ;
#5289 = VERTEX_POINT ( 'NONE', #9 ) ;
#5290 = CARTESIAN_POINT ( 'NONE',  ( 0.1150000000000007405, 0.6701063709417264258, 1.090000000000000302 ) ) ;
#5291 = CYLINDRICAL_SURFACE ( 'NONE', #419, 0.1000000000000000472 ) ;
#5292 = DIRECTION ( 'NONE',  ( 0.000000000000000000, 0.000000000000000000, -1.000000000000000000 ) ) ;
#5293 = EDGE_LOOP ( 'NONE', ( #1649, #4153, #51, #4171 ) ) ;
#5294 = ORIENTED_EDGE ( 'NONE', *, *, #2725, .F. ) ;
#5295 = CARTESIAN_POINT ( 'NONE',  ( 1.500000000000000000, 0.1999999999999999833, 0.1150000000000001993 ) ) ;
#5296 = CARTESIAN_POINT ( 'NONE',  ( -0.6229999999999989990, 0.000000000000000000, 1.500000000000000000 ) ) ;
#5297 = SURFACE_STYLE_FILL_AREA ( #3855 ) ;
#5298 = AXIS2_PLACEMENT_3D ( 'NONE', #1994, #4847, #819 ) ;
#5299 = VECTOR ( 'NONE', #4686, 1000.000000000000000 ) ;
#5300 = AXIS2_PLACEMENT_3D ( 'NONE', #3039, #2392, #3547 ) ;
#5301 = DIRECTION ( 'NONE',  ( -0.000000000000000000, -0.000000000000000000, -1.000000000000000000 ) ) ;
#5302 = DIRECTION ( 'NONE',  ( -1.000000000000000000, 0.000000000000000000, 0.000000000000000000 ) ) ;
#5303 = EDGE_LOOP ( 'NONE', ( #4122, #1640, #498, #4131 ) ) ;
ENDSEC;
END-ISO-10303-21;
