ISO-10303-21;
HEADER;
FILE_DESCRIPTION (( 'STEP AP214' ),
    '1' );
FILE_NAME ('SMA-J-P-H-ST-TH1.STEP',
    '2023-12-08T19:50:11',
    ( '' ),
    ( '' ),
    'SwSTEP 2.0',
    'SolidWorks 2023',
    '' );
FILE_SCHEMA (( 'AUTOMOTIVE_DESIGN' ));
ENDSEC;

DATA;
#1 = CARTESIAN_POINT ( 'NONE',  ( 2.510525938252073693E-16, 7.520000000000000462, 2.049999999999999822 ) ) ;
#2 = VERTEX_POINT ( 'NONE', #706 ) ;
#3 = CARTESIAN_POINT ( 'NONE',  ( 0.000000000000000000, 7.520000000000000462, 0.000000000000000000 ) ) ;
#4 = LINE ( 'NONE', #873, #1239 ) ;
#5 = VERTEX_POINT ( 'NONE', #64 ) ;
#6 = VECTOR ( 'NONE', #1210, 1000.000000000000000 ) ;
#7 = CARTESIAN_POINT ( 'NONE',  ( -2.030000000000000249, -4.336808689942020694E-16, 0.000000000000000000 ) ) ;
#8 = CARTESIAN_POINT ( 'NONE',  ( 3.500000000000000000, 0.5000000000000000000, 3.211308144666280118 ) ) ;
#9 = AXIS2_PLACEMENT_3D ( 'NONE', #1921, #1897, #1061 ) ;
#10 = AXIS2_PLACEMENT_3D ( 'NONE', #794, #618, #428 ) ;
#11 = EDGE_CURVE ( 'NONE', #608, #1952, #865, .T. ) ;
#12 = ORIENTED_EDGE ( 'NONE', *, *, #520, .F. ) ;
#13 = CIRCLE ( 'NONE', #119, 0.6350000000000000089 ) ;
#14 = DIRECTION ( 'NONE',  ( 0.000000000000000000, 1.000000000000000000, -0.000000000000000000 ) ) ;
#15 = VECTOR ( 'NONE', #255, 1000.000000000000000 ) ;
#16 = FACE_BOUND ( 'NONE', #707, .T. ) ;
#17 = EDGE_LOOP ( 'NONE', ( #191, #864, #53, #1474, #1949, #321 ) ) ;
#18 = ORIENTED_EDGE ( 'NONE', *, *, #774, .F. ) ;
#19 = CARTESIAN_POINT ( 'NONE',  ( -0.6250000000000001110, 7.650000000000000355, 2.439454888092384977E-16 ) ) ;
#20 = DIRECTION ( 'NONE',  ( 0.000000000000000000, -1.000000000000000000, 0.000000000000000000 ) ) ;
#21 = ORIENTED_EDGE ( 'NONE', *, *, #1006, .T. ) ;
#22 = EDGE_CURVE ( 'NONE', #1742, #1783, #218, .T. ) ;
#23 = CARTESIAN_POINT ( 'NONE',  ( 2.029999999999999805, -3.950000000000000178, -2.029999999999999805 ) ) ;
#24 = DIRECTION ( 'NONE',  ( 0.000000000000000000, 0.000000000000000000, -1.000000000000000000 ) ) ;
#25 = EDGE_CURVE ( 'NONE', #301, #979, #1428, .T. ) ;
#26 = ORIENTED_EDGE ( 'NONE', *, *, #703, .T. ) ;
#27 = CYLINDRICAL_SURFACE ( 'NONE', #2191, 2.049999999999999822 ) ;
#28 = CARTESIAN_POINT ( 'NONE',  ( 3.211308144666280118, 1.800000000000000266, -3.500000000000000000 ) ) ;
#29 = ORIENTED_EDGE ( 'NONE', *, *, #861, .F. ) ;
#30 = ORIENTED_EDGE ( 'NONE', *, *, #465, .T. ) ;
#31 = DIRECTION ( 'NONE',  ( 0.000000000000000000, 0.000000000000000000, -1.000000000000000000 ) ) ;
#32 = LINE ( 'NONE', #2040, #1516 ) ;
#33 = ORIENTED_EDGE ( 'NONE', *, *, #1766, .F. ) ;
#34 = DIRECTION ( 'NONE',  ( 0.000000000000000000, 1.000000000000000000, -0.000000000000000000 ) ) ;
#35 = DIRECTION ( 'NONE',  ( 0.000000000000000000, -1.000000000000000000, 0.000000000000000000 ) ) ;
#36 = CARTESIAN_POINT ( 'NONE',  ( -5.421010862427519705E-17, 7.650000000000000355, 0.1836011904761910007 ) ) ;
#37 = CARTESIAN_POINT ( 'NONE',  ( 0.000000000000000000, -3.950000000000000178, 0.000000000000000000 ) ) ;
#38 = ORIENTED_EDGE ( 'NONE', *, *, #1185, .F. ) ;
#39 = EDGE_LOOP ( 'NONE', ( #1576, #1142 ) ) ;
#40 = LINE ( 'NONE', #1531, #1102 ) ;
#41 = CARTESIAN_POINT ( 'NONE',  ( -2.029999999999999805, 0.5000000000000000000, 0.000000000000000000 ) ) ;
#42 = ORIENTED_EDGE ( 'NONE', *, *, #987, .F. ) ;
#43 = DIRECTION ( 'NONE',  ( 0.000000000000000000, 0.000000000000000000, -1.000000000000000000 ) ) ;
#44 = AXIS2_PLACEMENT_3D ( 'NONE', #904, #2043, #1065 ) ;
#45 = CARTESIAN_POINT ( 'NONE',  ( 3.275930187719169848E-16, 8.789999999999999147, 2.674999999999999822 ) ) ;
#46 = AXIS2_PLACEMENT_3D ( 'NONE', #1976, #1138, #1467 ) ;
#47 = CARTESIAN_POINT ( 'NONE',  ( 3.049999999999999378, 0.000000000000000000, -2.029999999999999805 ) ) ;
#48 = EDGE_CURVE ( 'NONE', #1895, #668, #404, .T. ) ;
#49 = AXIS2_PLACEMENT_3D ( 'NONE', #1179, #1487, #1312 ) ;
#50 = CIRCLE ( 'NONE', #1017, 0.6036011904761909852 ) ;
#51 = MECHANICAL_DESIGN_GEOMETRIC_PRESENTATION_REPRESENTATION (  '', ( #1979 ), #519 ) ;
#52 = VERTEX_POINT ( 'NONE', #1400 ) ;
#53 = ORIENTED_EDGE ( 'NONE', *, *, #1578, .T. ) ;
#54 = CIRCLE ( 'NONE', #666, 2.674999999999999822 ) ;
#55 = SURFACE_STYLE_USAGE ( .BOTH. , #943 ) ;
#56 = VERTEX_POINT ( 'NONE', #400 ) ;
#57 = APPLICATION_CONTEXT ( 'automotive_design' ) ;
#58 = DIRECTION ( 'NONE',  ( 0.000000000000000000, -1.000000000000000000, 0.000000000000000000 ) ) ;
#59 = EDGE_CURVE ( 'NONE', #1498, #1535, #921, .T. ) ;
#60 = CARTESIAN_POINT ( 'NONE',  ( 0.000000000000000000, -3.950000000000000178, 0.000000000000000000 ) ) ;
#61 = DIRECTION ( 'NONE',  ( 0.000000000000000000, 0.000000000000000000, 1.000000000000000000 ) ) ;
#62 = EDGE_CURVE ( 'NONE', #1212, #844, #1054, .T. ) ;
#63 = CARTESIAN_POINT ( 'NONE',  ( 1.084202172485499997E-16, 7.650000000000000355, 0.1805585106382980309 ) ) ;
#64 = CARTESIAN_POINT ( 'NONE',  ( -2.029999999999999805, -3.950000000000000178, 2.029999999999999805 ) ) ;
#65 = EDGE_CURVE ( 'NONE', #798, #2059, #1564, .T. ) ;
#66 = FACE_OUTER_BOUND ( 'NONE', #1285, .T. ) ;
#67 = ORIENTED_EDGE ( 'NONE', *, *, #721, .T. ) ;
#68 = CYLINDRICAL_SURFACE ( 'NONE', #828, 2.049999999999999822 ) ;
#69 = FACE_OUTER_BOUND ( 'NONE', #1596, .T. ) ;
#70 = ADVANCED_FACE ( 'NONE', ( #603 ), #93, .T. ) ;
#71 = DIRECTION ( 'NONE',  ( 0.000000000000000000, 0.000000000000000000, -1.000000000000000000 ) ) ;
#72 = ADVANCED_FACE ( 'NONE', ( #243 ), #1958, .F. ) ;
#73 = EDGE_LOOP ( 'NONE', ( #1553, #1888, #1446, #337 ) ) ;
#74 = PLANE ( 'NONE',  #406 ) ;
#75 = ORIENTED_EDGE ( 'NONE', *, *, #423, .T. ) ;
#76 = CYLINDRICAL_SURFACE ( 'NONE', #1093, 2.674999999999999822 ) ;
#77 = CARTESIAN_POINT ( 'NONE',  ( -3.050000000000000266, -4.336808689942018722E-16, -2.029999999999999805 ) ) ;
#78 = CARTESIAN_POINT ( 'NONE',  ( 3.211308144666281006, 0.000000000000000000, -3.500000000000000000 ) ) ;
#79 = CIRCLE ( 'NONE', #1759, 2.674999999999999822 ) ;
#80 = ORIENTED_EDGE ( 'NONE', *, *, #959, .T. ) ;
#81 = AXIS2_PLACEMENT_3D ( 'NONE', #1262, #98, #1605 ) ;
#82 = LINE ( 'NONE', #233, #1696 ) ;
#83 = ORIENTED_EDGE ( 'NONE', *, *, #2048, .F. ) ;
#84 = CIRCLE ( 'NONE', #1905, 2.314999999999999947 ) ;
#85 = EDGE_CURVE ( 'NONE', #902, #941, #273, .T. ) ;
#86 = VECTOR ( 'NONE', #1209, 1000.000000000000000 ) ;
#87 = FACE_OUTER_BOUND ( 'NONE', #686, .T. ) ;
#88 = ORIENTED_EDGE ( 'NONE', *, *, #1426, .T. ) ;
#89 = VECTOR ( 'NONE', #103, 1000.000000000000000 ) ;
#90 = AXIS2_PLACEMENT_3D ( 'NONE', #1158, #1645, #2164 ) ;
#91 = EDGE_CURVE ( 'NONE', #1120, #289, #1630, .T. ) ;
#92 = CARTESIAN_POINT ( 'NONE',  ( 0.000000000000000000, 4.549999999999999822, 0.000000000000000000 ) ) ;
#93 = PLANE ( 'NONE',  #506 ) ;
#94 = EDGE_CURVE ( 'NONE', #2000, #1220, #293, .T. ) ;
#95 = SURFACE_STYLE_FILL_AREA ( #1926 ) ;
#96 = EDGE_LOOP ( 'NONE', ( #1636, #276 ) ) ;
#97 = DIRECTION ( 'NONE',  ( 0.000000000000000000, -1.000000000000000000, 0.000000000000000000 ) ) ;
#98 = DIRECTION ( 'NONE',  ( 0.000000000000000000, -1.000000000000000000, 0.000000000000000000 ) ) ;
#99 = ORIENTED_EDGE ( 'NONE', *, *, #1426, .F. ) ;
#100 = LINE ( 'NONE', #2176, #625 ) ;
#101 = CYLINDRICAL_SURFACE ( 'NONE', #687, 2.049999999999999822 ) ;
#102 = EDGE_LOOP ( 'NONE', ( #2016, #746 ) ) ;
#103 = DIRECTION ( 'NONE',  ( -1.000000000000000000, -0.000000000000000000, 0.000000000000000000 ) ) ;
#104 = LINE ( 'NONE', #789, #1444 ) ;
#105 = EDGE_CURVE ( 'NONE', #494, #931, #937, .T. ) ;
#106 = VERTEX_POINT ( 'NONE', #1141 ) ;
#107 = EDGE_CURVE ( 'NONE', #1417, #1477, #1510, .T. ) ;
#108 = DIRECTION ( 'NONE',  ( 0.000000000000000000, 0.000000000000000000, 1.000000000000000000 ) ) ;
#109 = CARTESIAN_POINT ( 'NONE',  ( 0.000000000000000000, 8.789999999999999147, 0.000000000000000000 ) ) ;
#110 = VECTOR ( 'NONE', #1823, 1000.000000000000000 ) ;
#111 = VERTEX_POINT ( 'NONE', #1470 ) ;
#112 = CIRCLE ( 'NONE', #438, 3.149999999999999911 ) ;
#113 = DIRECTION ( 'NONE',  ( 0.000000000000000000, -1.000000000000000000, 0.000000000000000000 ) ) ;
#114 = DIRECTION ( 'NONE',  ( 0.000000000000000000, 0.000000000000000000, 1.000000000000000000 ) ) ;
#115 = ORIENTED_EDGE ( 'NONE', *, *, #254, .F. ) ;
#116 = VECTOR ( 'NONE', #850, 1000.000000000000000 ) ;
#117 = ADVANCED_FACE ( 'NONE', ( #1780 ), #101, .F. ) ;
#118 = DIRECTION ( 'NONE',  ( 0.000000000000000000, -1.000000000000000000, 0.000000000000000000 ) ) ;
#119 = AXIS2_PLACEMENT_3D ( 'NONE', #326, #973, #1848 ) ;
#120 = ORIENTED_EDGE ( 'NONE', *, *, #2159, .F. ) ;
#121 = EDGE_CURVE ( 'NONE', #1650, #426, #1860, .T. ) ;
#122 = CYLINDRICAL_SURFACE ( 'NONE', #916, 0.6036011904761909852 ) ;
#123 = AXIS2_PLACEMENT_3D ( 'NONE', #1324, #118, #320 ) ;
#124 = LINE ( 'NONE', #1659, #110 ) ;
#125 = ORIENTED_EDGE ( 'NONE', *, *, #1268, .F. ) ;
#126 = PLANE ( 'NONE',  #270 ) ;
#127 = CARTESIAN_POINT ( 'NONE',  ( 0.000000000000000000, 9.449999999999999289, 0.000000000000000000 ) ) ;
#128 = VERTEX_POINT ( 'NONE', #963 ) ;
#129 = CARTESIAN_POINT ( 'NONE',  ( 2.510525938252073693E-16, 0.5000000000000004441, 2.049999999999999822 ) ) ;
#130 = ORIENTED_EDGE ( 'NONE', *, *, #1423, .F. ) ;
#131 = LINE ( 'NONE', #1480, #2190 ) ;
#132 = DIRECTION ( 'NONE',  ( 0.000000000000000000, 0.000000000000000000, 1.000000000000000000 ) ) ;
#133 = EDGE_CURVE ( 'NONE', #1397, #1165, #1787, .T. ) ;
#134 = VERTEX_POINT ( 'NONE', #78 ) ;
#135 = DIRECTION ( 'NONE',  ( 0.000000000000000000, 0.000000000000000000, -1.000000000000000000 ) ) ;
#136 = CARTESIAN_POINT ( 'NONE',  ( 4.313351365237940271, -3.950000000000000178, -2.029999999999999805 ) ) ;
#137 = VERTEX_POINT ( 'NONE', #948 ) ;
#138 = ADVANCED_FACE ( 'NONE', ( #619 ), #766, .F. ) ;
#139 = DIRECTION ( 'NONE',  ( 0.000000000000000000, -1.000000000000000000, 0.000000000000000000 ) ) ;
#140 = VERTEX_POINT ( 'NONE', #1965 ) ;
#141 = DIRECTION ( 'NONE',  ( -1.000000000000000000, -0.000000000000000000, 0.000000000000000000 ) ) ;
#142 = FACE_OUTER_BOUND ( 'NONE', #458, .T. ) ;
#143 = ORIENTED_EDGE ( 'NONE', *, *, #1055, .F. ) ;
#144 = CIRCLE ( 'NONE', #2082, 2.574999999978899723 ) ;
#145 = CARTESIAN_POINT ( 'NONE',  ( 2.029999999999999805, -3.950000000000000178, 3.049999999999999822 ) ) ;
#146 = DIRECTION ( 'NONE',  ( -1.000000000000000000, 0.000000000000000000, -0.000000000000000000 ) ) ;
#147 = EDGE_CURVE ( 'NONE', #426, #1650, #1051, .T. ) ;
#148 = CIRCLE ( 'NONE', #1012, 4.750000000000000000 ) ;
#149 = ORIENTED_EDGE ( 'NONE', *, *, #2037, .F. ) ;
#150 = ADVANCED_FACE ( 'NONE', ( #1306 ), #1816, .T. ) ;
#151 = VECTOR ( 'NONE', #211, 1000.000000000000000 ) ;
#152 = CARTESIAN_POINT ( 'NONE',  ( 0.000000000000000000, 1.800000000000000488, 0.000000000000000000 ) ) ;
#153 = VERTEX_POINT ( 'NONE', #756 ) ;
#154 = AXIS2_PLACEMENT_3D ( 'NONE', #1305, #1638, #108 ) ;
#155 = PLANE ( 'NONE',  #442 ) ;
#156 = LINE ( 'NONE', #1175, #2182 ) ;
#157 = VECTOR ( 'NONE', #1405, 1000.000000000000000 ) ;
#158 = EDGE_CURVE ( 'NONE', #2209, #1386, #587, .T. ) ;
#159 = AXIS2_PLACEMENT_3D ( 'NONE', #1741, #884, #704 ) ;
#160 = CIRCLE ( 'NONE', #1804, 2.314999999999999947 ) ;
#161 = ORIENTED_EDGE ( 'NONE', *, *, #954, .T. ) ;
#162 = FACE_BOUND ( 'NONE', #1457, .T. ) ;
#163 = DIRECTION ( 'NONE',  ( 0.000000000000000000, 0.000000000000000000, -1.000000000000000000 ) ) ;
#164 = ORIENTED_EDGE ( 'NONE', *, *, #158, .F. ) ;
#165 = CARTESIAN_POINT ( 'NONE',  ( -6.551860375438339695E-16, 3.549999999999999378, -2.674999999999999822 ) ) ;
#166 = LINE ( 'NONE', #484, #86 ) ;
#167 = PLANE ( 'NONE',  #261 ) ;
#168 = ORIENTED_EDGE ( 'NONE', *, *, #653, .T. ) ;
#169 = DIRECTION ( 'NONE',  ( -0.000000000000000000, 1.000000000000000000, -0.000000000000000000 ) ) ;
#170 = CARTESIAN_POINT ( 'NONE',  ( 2.710505431213759852E-17, 7.650000000000000355, -2.710505431213759852E-17 ) ) ;
#171 = VERTEX_POINT ( 'NONE', #591 ) ;
#172 = DIRECTION ( 'NONE',  ( 0.000000000000000000, 0.000000000000000000, -1.000000000000000000 ) ) ;
#173 = CARTESIAN_POINT ( 'NONE',  ( 0.000000000000000000, 6.250000000000000000, 0.000000000000000000 ) ) ;
#174 = EDGE_LOOP ( 'NONE', ( #208, #164 ) ) ;
#175 = DIRECTION ( 'NONE',  ( 0.000000000000000000, 0.000000000000000000, -1.000000000000000000 ) ) ;
#176 = EDGE_CURVE ( 'NONE', #1767, #1165, #1278, .T. ) ;
#177 = DIRECTION ( 'NONE',  ( 1.000000000000000000, 0.000000000000000000, -0.000000000000000000 ) ) ;
#178 = ORIENTED_EDGE ( 'NONE', *, *, #1992, .T. ) ;
#179 = DIRECTION ( 'NONE',  ( 0.000000000000000000, 1.000000000000000000, 0.000000000000000000 ) ) ;
#180 = FACE_OUTER_BOUND ( 'NONE', #1441, .T. ) ;
#181 = ORIENTED_EDGE ( 'NONE', *, *, #1585, .T. ) ;
#182 = VERTEX_POINT ( 'NONE', #1184 ) ;
#183 = CARTESIAN_POINT ( 'NONE',  ( 3.500000000000000000, 0.000000000000000000, 3.211308144666280118 ) ) ;
#184 = CLOSED_SHELL ( 'NONE', ( #388, #213, #1251, #1058, #1224, #72, #1833, #117, #582, #1047, #782, #286, #1264, #150, #1747, #1831, #883, #558, #2201, #1318, #1319, #854, #1777, #2023, #1350, #757, #415, #2031, #961, #490, #1545, #1198, #2138, #1677, #1286, #1177, #1740, #1290, #1015, #2034, #1355, #809, #1806, #292, #1868, #1901, #70, #1186, #1706, #2018, #2065, #842, #138, #1101, #1090, #1812, #592, #1514, #399, #881, #623, #1259, #1643, #1908, #559, #1508, #2135, #319, #849, #250, #719, #1429, #1939 ) ) ;
#185 = FACE_OUTER_BOUND ( 'NONE', #2046, .T. ) ;
#186 = VERTEX_POINT ( 'NONE', #1854 ) ;
#187 = STYLED_ITEM ( 'NONE', ( #245 ), #582 ) ;
#188 = LINE ( 'NONE', #876, #157 ) ;
#189 = DIRECTION ( 'NONE',  ( 0.000000000000000000, -1.000000000000000000, 0.000000000000000000 ) ) ;
#190 = AXIS2_PLACEMENT_3D ( 'NONE', #573, #1438, #1779 ) ;
#191 = ORIENTED_EDGE ( 'NONE', *, *, #62, .T. ) ;
#192 = VECTOR ( 'NONE', #1756, 1000.000000000000000 ) ;
#193 = ORIENTED_EDGE ( 'NONE', *, *, #1587, .T. ) ;
#194 = VECTOR ( 'NONE', #1178, 1000.000000000000000 ) ;
#195 = LINE ( 'NONE', #1906, #1277 ) ;
#196 = VECTOR ( 'NONE', #512, 1000.000000000000000 ) ;
#197 = DIRECTION ( 'NONE',  ( 0.000000000000000000, -1.000000000000000000, 0.000000000000000000 ) ) ;
#198 = CARTESIAN_POINT ( 'NONE',  ( -3.049999999999999822, -3.950000000000000178, 2.029999999999999805 ) ) ;
#199 = ORIENTED_EDGE ( 'NONE', *, *, #611, .T. ) ;
#200 = LINE ( 'NONE', #183, #271 ) ;
#201 = PLANE ( 'NONE',  #439 ) ;
#202 = ORIENTED_EDGE ( 'NONE', *, *, #774, .T. ) ;
#203 = DIRECTION ( 'NONE',  ( 0.000000000000000000, 0.000000000000000000, -1.000000000000000000 ) ) ;
#204 = CARTESIAN_POINT ( 'NONE',  ( 0.000000000000000000, 9.449999999999999289, 0.000000000000000000 ) ) ;
#205 = DIRECTION ( 'NONE',  ( 0.000000000000000000, 0.000000000000000000, -1.000000000000000000 ) ) ;
#206 = PRODUCT_DEFINITION ( 'UNKNOWN', '', #1558, #1788 ) ;
#207 = DIRECTION ( 'NONE',  ( -0.000000000000000000, 1.000000000000000000, -0.000000000000000000 ) ) ;
#208 = ORIENTED_EDGE ( 'NONE', *, *, #894, .F. ) ;
#209 = ORIENTED_EDGE ( 'NONE', *, *, #616, .F. ) ;
#210 = CARTESIAN_POINT ( 'NONE',  ( -2.030000000000000249, -4.336808689942018722E-16, 3.049999999999999378 ) ) ;
#211 = DIRECTION ( 'NONE',  ( -0.000000000000000000, -1.000000000000000000, 0.000000000000000000 ) ) ;
#212 = ORIENTED_EDGE ( 'NONE', *, *, #894, .T. ) ;
#213 = ADVANCED_FACE ( 'NONE', ( #851 ), #1337, .T. ) ;
#214 = DIRECTION ( 'NONE',  ( -0.000000000000000000, -0.000000000000000000, -1.000000000000000000 ) ) ;
#215 = FACE_OUTER_BOUND ( 'NONE', #1568, .T. ) ;
#216 = PLANE ( 'NONE',  #2187 ) ;
#217 = DIRECTION ( 'NONE',  ( 0.000000000000000000, 0.000000000000000000, -1.000000000000000000 ) ) ;
#218 = LINE ( 'NONE', #1250, #1588 ) ;
#219 = VERTEX_POINT ( 'NONE', #808 ) ;
#220 = EDGE_CURVE ( 'NONE', #1937, #134, #1502, .T. ) ;
#221 = DIRECTION ( 'NONE',  ( 0.000000000000000000, 0.000000000000000000, -1.000000000000000000 ) ) ;
#222 = CARTESIAN_POINT ( 'NONE',  ( -3.049999999999999822, 0.000000000000000000, 3.049999999999999822 ) ) ;
#223 = EDGE_CURVE ( 'NONE', #979, #1057, #124, .T. ) ;
#224 = ORIENTED_EDGE ( 'NONE', *, *, #1087, .F. ) ;
#225 = CARTESIAN_POINT ( 'NONE',  ( -3.049999999999999822, -3.950000000000000178, 0.000000000000000000 ) ) ;
#226 = VECTOR ( 'NONE', #886, 1000.000000000000000 ) ;
#227 = DIRECTION ( 'NONE',  ( 0.000000000000000000, -1.000000000000000000, 0.000000000000000000 ) ) ;
#228 = VECTOR ( 'NONE', #579, 1000.000000000000000 ) ;
#229 = LINE ( 'NONE', #385, #693 ) ;
#230 = EDGE_CURVE ( 'NONE', #890, #2067, #79, .T. ) ;
#231 = AXIS2_PLACEMENT_3D ( 'NONE', #1214, #359, #163 ) ;
#232 = CIRCLE ( 'NONE', #1692, 0.6350000000000000089 ) ;
#233 = CARTESIAN_POINT ( 'NONE',  ( 0.000000000000000000, -3.950000000000000178, -2.314999999999999947 ) ) ;
#234 = AXIS2_PLACEMENT_3D ( 'NONE', #489, #2001, #295 ) ;
#235 = EDGE_LOOP ( 'NONE', ( #1320, #1332 ) ) ;
#236 = CIRCLE ( 'NONE', #1600, 4.750000000000000000 ) ;
#237 = PRODUCT_CONTEXT ( 'NONE', #2149, 'mechanical' ) ;
#238 = EDGE_CURVE ( 'NONE', #844, #630, #642, .T. ) ;
#239 = CARTESIAN_POINT ( 'NONE',  ( 2.029999999999999805, 0.5000000000000003331, 3.500000000000000000 ) ) ;
#240 = ORIENTED_EDGE ( 'NONE', *, *, #1873, .T. ) ;
#241 = DIRECTION ( 'NONE',  ( 0.000000000000000000, 0.000000000000000000, -1.000000000000000000 ) ) ;
#242 = DIRECTION ( 'NONE',  ( 0.000000000000000000, -0.000000000000000000, 1.000000000000000000 ) ) ;
#243 = FACE_OUTER_BOUND ( 'NONE', #441, .T. ) ;
#244 = ORIENTED_EDGE ( 'NONE', *, *, #628, .T. ) ;
#245 = PRESENTATION_STYLE_ASSIGNMENT (( #55 ) ) ;
#246 = ORIENTED_EDGE ( 'NONE', *, *, #1031, .T. ) ;
#247 = CARTESIAN_POINT ( 'NONE',  ( 0.000000000000000000, 9.550000000000000711, 0.000000000000000000 ) ) ;
#248 = DIRECTION ( 'NONE',  ( -0.000000000000000000, 1.000000000000000000, -0.000000000000000000 ) ) ;
#249 = CARTESIAN_POINT ( 'NONE',  ( 0.000000000000000000, -3.305000000068503141, 0.6349999998747080099 ) ) ;
#250 = ADVANCED_FACE ( 'NONE', ( #2212 ), #167, .F. ) ;
#251 = ORIENTED_EDGE ( 'NONE', *, *, #1479, .F. ) ;
#252 = CARTESIAN_POINT ( 'NONE',  ( 0.000000000000000000, 0.5000000000000000000, -2.029999999999999805 ) ) ;
#253 = ORIENTED_EDGE ( 'NONE', *, *, #628, .F. ) ;
#254 = EDGE_CURVE ( 'NONE', #2032, #494, #2189, .T. ) ;
#255 = DIRECTION ( 'NONE',  ( -0.000000000000000000, 0.000000000000000000, -1.000000000000000000 ) ) ;
#256 = DIRECTION ( 'NONE',  ( 0.000000000000000000, -1.000000000000000000, 0.000000000000000000 ) ) ;
#257 = ORIENTED_EDGE ( 'NONE', *, *, #105, .T. ) ;
#258 = EDGE_CURVE ( 'NONE', #1477, #1417, #144, .T. ) ;
#259 = DIRECTION ( 'NONE',  ( 0.000000000000000000, 1.000000000000000000, 0.000000000000000000 ) ) ;
#260 = CARTESIAN_POINT ( 'NONE',  ( 0.000000000000000000, 9.549999999933334038, 0.000000000000000000 ) ) ;
#261 = AXIS2_PLACEMENT_3D ( 'NONE', #841, #826, #818 ) ;
#262 = VECTOR ( 'NONE', #227, 1000.000000000000000 ) ;
#263 = CARTESIAN_POINT ( 'NONE',  ( 0.000000000000000000, 6.250000000000000000, 0.000000000000000000 ) ) ;
#264 = EDGE_LOOP ( 'NONE', ( #1774, #770, #2140, #2205 ) ) ;
#265 = CIRCLE ( 'NONE', #949, 0.6350000000000000089 ) ;
#266 = CARTESIAN_POINT ( 'NONE',  ( 3.214697847748881521E-16, 9.549999999933334038, 2.574999999978899723 ) ) ;
#267 = VECTOR ( 'NONE', #1121, 1000.000000000000000 ) ;
#268 = LINE ( 'NONE', #1784, #2005 ) ;
#269 = EDGE_LOOP ( 'NONE', ( #1997, #12 ) ) ;
#270 = AXIS2_PLACEMENT_3D ( 'NONE', #1311, #626, #1662 ) ;
#271 = VECTOR ( 'NONE', #549, 1000.000000000000000 ) ;
#272 = FACE_OUTER_BOUND ( 'NONE', #73, .T. ) ;
#273 = LINE ( 'NONE', #971, #1442 ) ;
#274 = LINE ( 'NONE', #1968, #1981 ) ;
#275 = EDGE_CURVE ( 'NONE', #810, #186, #1162, .T. ) ;
#276 = ORIENTED_EDGE ( 'NONE', *, *, #1814, .T. ) ;
#277 = CARTESIAN_POINT ( 'NONE',  ( -3.049999999999999822, -3.950000000000000178, -3.049999999999999822 ) ) ;
#278 = LINE ( 'NONE', #967, #1796 ) ;
#279 = ORIENTED_EDGE ( 'NONE', *, *, #1387, .F. ) ;
#280 = DIRECTION ( 'NONE',  ( 0.000000000000000000, 0.000000000000000000, -1.000000000000000000 ) ) ;
#281 = DIRECTION ( 'NONE',  ( 0.000000000000000000, 1.000000000000000000, 0.000000000000000000 ) ) ;
#282 = VERTEX_POINT ( 'NONE', #323 ) ;
#283 = EDGE_CURVE ( 'NONE', #1674, #798, #2021, .T. ) ;
#284 = PLANE ( 'NONE',  #2154 ) ;
#285 = DIRECTION ( 'NONE',  ( 0.000000000000000000, 0.000000000000000000, -1.000000000000000000 ) ) ;
#286 = ADVANCED_FACE ( 'NONE', ( #142 ), #655, .T. ) ;
#287 = ORIENTED_EDGE ( 'NONE', *, *, #59, .T. ) ;
#288 = FACE_OUTER_BOUND ( 'NONE', #1866, .T. ) ;
#289 = VERTEX_POINT ( 'NONE', #1690 ) ;
#290 = DIRECTION ( 'NONE',  ( -0.000000000000000000, 1.000000000000000000, -0.000000000000000000 ) ) ;
#291 = DIRECTION ( 'NONE',  ( 0.000000000000000000, -1.000000000000000000, 0.000000000000000000 ) ) ;
#292 = ADVANCED_FACE ( 'NONE', ( #1352 ), #652, .T. ) ;
#293 = CIRCLE ( 'NONE', #472, 0.6505585106382980598 ) ;
#294 = ORIENTED_EDGE ( 'NONE', *, *, #557, .F. ) ;
#295 = DIRECTION ( 'NONE',  ( 0.000000000000000000, 0.000000000000000000, -1.000000000000000000 ) ) ;
#296 = VECTOR ( 'NONE', #1267, 1000.000000000000000 ) ;
#297 = CARTESIAN_POINT ( 'NONE',  ( 3.500000000000000000, 0.000000000000000000, 3.211308144666280118 ) ) ;
#298 = ORIENTED_EDGE ( 'NONE', *, *, #1454, .T. ) ;
#299 = CIRCLE ( 'NONE', #595, 4.750000000000000000 ) ;
#300 = PRESENTATION_LAYER_ASSIGNMENT (  '', '', ( #1379 ) ) ;
#301 = VERTEX_POINT ( 'NONE', #1010 ) ;
#302 = DIRECTION ( 'NONE',  ( -1.000000000000000000, -0.000000000000000000, 0.000000000000000000 ) ) ;
#303 = VECTOR ( 'NONE', #2131, 1000.000000000000000 ) ;
#304 = DIRECTION ( 'NONE',  ( -1.000000000000000000, 0.000000000000000000, 0.000000000000000000 ) ) ;
#305 = EDGE_LOOP ( 'NONE', ( #1191, #80, #1050, #2204 ) ) ;
#306 = DIRECTION ( 'NONE',  ( 0.000000000000000000, 0.000000000000000000, 1.000000000000000000 ) ) ;
#307 = CARTESIAN_POINT ( 'NONE',  ( -3.500000000000000000, 0.000000000000000000, -3.211308144666280118 ) ) ;
#308 = VERTEX_POINT ( 'NONE', #486 ) ;
#309 = DIRECTION ( 'NONE',  ( -0.000000000000000000, 1.000000000000000000, -0.000000000000000000 ) ) ;
#310 = ORIENTED_EDGE ( 'NONE', *, *, #1911, .T. ) ;
#311 = DIRECTION ( 'NONE',  ( 0.000000000000000000, -1.000000000000000000, 0.000000000000000000 ) ) ;
#312 = CARTESIAN_POINT ( 'NONE',  ( -5.421010862427519705E-17, 6.250000000000000000, 0.1836011904761910007 ) ) ;
#313 = EDGE_CURVE ( 'NONE', #1236, #664, #1361, .T. ) ;
#314 = EDGE_CURVE ( 'NONE', #153, #525, #156, .T. ) ;
#315 = ORIENTED_EDGE ( 'NONE', *, *, #1506, .F. ) ;
#316 = CARTESIAN_POINT ( 'NONE',  ( 0.000000000000000000, 0.5000000000000004441, 0.000000000000000000 ) ) ;
#317 = CARTESIAN_POINT ( 'NONE',  ( 2.029999999999999805, 0.000000000000000000, 3.049999999999999822 ) ) ;
#318 = ORIENTED_EDGE ( 'NONE', *, *, #1189, .F. ) ;
#319 = ADVANCED_FACE ( 'NONE', ( #2202 ), #435, .T. ) ;
#320 = DIRECTION ( 'NONE',  ( 0.000000000000000000, -0.000000000000000000, -1.000000000000000000 ) ) ;
#321 = ORIENTED_EDGE ( 'NONE', *, *, #387, .T. ) ;
#322 = CARTESIAN_POINT ( 'NONE',  ( 2.049999999999999822, 7.620000000000000107, 0.000000000000000000 ) ) ;
#323 = CARTESIAN_POINT ( 'NONE',  ( 7.776507173890228198E-17, -3.305000000000000160, -0.6349999999432109909 ) ) ;
#324 = ORIENTED_EDGE ( 'NONE', *, *, #1608, .T. ) ;
#325 = AXIS2_PLACEMENT_3D ( 'NONE', #312, #1195, #1863 ) ;
#326 = CARTESIAN_POINT ( 'NONE',  ( 0.000000000000000000, -3.305000000000000160, 0.000000000000000000 ) ) ;
#327 = DIRECTION ( 'NONE',  ( 0.000000000000000000, -1.000000000000000000, 0.000000000000000000 ) ) ;
#328 = MECHANICAL_DESIGN_GEOMETRIC_PRESENTATION_REPRESENTATION (  '', ( #187 ), #367 ) ;
#329 = EDGE_LOOP ( 'NONE', ( #853, #816, #575, #1556 ) ) ;
#330 = AXIS2_PLACEMENT_3D ( 'NONE', #2035, #197, #348 ) ;
#331 = CARTESIAN_POINT ( 'NONE',  ( -3.211308144666281006, 1.800000000000000488, 3.500000000000000000 ) ) ;
#332 = CIRCLE ( 'NONE', #767, 3.165000000000000480 ) ;
#333 = CARTESIAN_POINT ( 'NONE',  ( -5.421010862427519705E-17, 6.250000000000000000, -0.4199999999999999845 ) ) ;
#334 = CARTESIAN_POINT ( 'NONE',  ( 0.000000000000000000, -3.950000000000000178, -0.6350000000000000089 ) ) ;
#335 = AXIS2_PLACEMENT_3D ( 'NONE', #523, #1715, #1574 ) ;
#336 = VECTOR ( 'NONE', #1181, 1000.000000000000000 ) ;
#337 = ORIENTED_EDGE ( 'NONE', *, *, #1454, .F. ) ;
#338 = DIRECTION ( 'NONE',  ( 0.000000000000000000, 0.000000000000000000, -1.000000000000000000 ) ) ;
#339 = PLANE ( 'NONE',  #1059 ) ;
#340 = EDGE_LOOP ( 'NONE', ( #1850, #1736, #1394 ) ) ;
#341 = EDGE_CURVE ( 'NONE', #360, #1404, #730, .T. ) ;
#342 = PLANE ( 'NONE',  #804 ) ;
#343 = DIRECTION ( 'NONE',  ( 0.000000000000000000, -1.000000000000000000, 0.000000000000000000 ) ) ;
#344 = DIRECTION ( 'NONE',  ( 0.000000000000000000, -1.000000000000000000, 0.000000000000000000 ) ) ;
#345 = CARTESIAN_POINT ( 'NONE',  ( 3.211308144666280118, 1.800000000000000266, -3.500000000000000000 ) ) ;
#346 = ORIENTED_EDGE ( 'NONE', *, *, #2030, .T. ) ;
#347 = CARTESIAN_POINT ( 'NONE',  ( 0.000000000000000000, -3.950000000000000178, -2.674999999999999822 ) ) ;
#348 = DIRECTION ( 'NONE',  ( 0.000000000000000000, -0.000000000000000000, -1.000000000000000000 ) ) ;
#349 = ORIENTED_EDGE ( 'NONE', *, *, #1569, .T. ) ;
#350 = ORIENTED_EDGE ( 'NONE', *, *, #121, .F. ) ;
#351 = CARTESIAN_POINT ( 'NONE',  ( -5.421010862427519705E-17, 7.650000000000000355, -0.1805585106382980309 ) ) ;
#352 = EDGE_CURVE ( 'NONE', #2196, #1615, #1969, .T. ) ;
#353 = LINE ( 'NONE', #381, #2120 ) ;
#354 = ORIENTED_EDGE ( 'NONE', *, *, #1959, .F. ) ;
#355 = DIRECTION ( 'NONE',  ( 0.000000000000000000, 0.000000000000000000, -1.000000000000000000 ) ) ;
#356 = CARTESIAN_POINT ( 'NONE',  ( -3.049999999999999822, -3.950000000000000178, -2.029999999999999805 ) ) ;
#357 = ORIENTED_EDGE ( 'NONE', *, *, #1974, .F. ) ;
#358 = CARTESIAN_POINT ( 'NONE',  ( -5.421010862427519705E-17, 6.250000000000000000, -0.1805585106382980309 ) ) ;
#359 = DIRECTION ( 'NONE',  ( 0.000000000000000000, -1.000000000000000000, 0.000000000000000000 ) ) ;
#360 = VERTEX_POINT ( 'NONE', #1085 ) ;
#361 = ORIENTED_EDGE ( 'NONE', *, *, #341, .T. ) ;
#362 = DIRECTION ( 'NONE',  ( -1.000000000000000000, -0.000000000000000000, -0.000000000000000000 ) ) ;
#363 = EDGE_LOOP ( 'NONE', ( #391, #790, #161, #240 ) ) ;
#364 = VECTOR ( 'NONE', #2029, 1000.000000000000000 ) ;
#365 = LINE ( 'NONE', #1034, #151 ) ;
#366 = ORIENTED_EDGE ( 'NONE', *, *, #418, .T. ) ;
#367 =( GEOMETRIC_REPRESENTATION_CONTEXT ( 3 ) GLOBAL_UNCERTAINTY_ASSIGNED_CONTEXT ( ( #749 ) ) GLOBAL_UNIT_ASSIGNED_CONTEXT ( ( #1614, #924, #1435 ) ) REPRESENTATION_CONTEXT ( 'NONE', 'WORKASPACE' ) );
#368 = CARTESIAN_POINT ( 'NONE',  ( -5.021051876504147385E-16, 7.620000000000000107, -2.049999999999999822 ) ) ;
#369 = CARTESIAN_POINT ( 'NONE',  ( 2.029999999999999805, -4.336808689942020694E-16, 0.000000000000000000 ) ) ;
#370 = CIRCLE ( 'NONE', #1014, 2.049999999999999822 ) ;
#371 = ORIENTED_EDGE ( 'NONE', *, *, #1049, .F. ) ;
#372 = DIRECTION ( 'NONE',  ( 0.000000000000000000, -1.000000000000000000, 0.000000000000000000 ) ) ;
#373 = AXIS2_PLACEMENT_3D ( 'NONE', #1326, #1786, #634 ) ;
#374 = VECTOR ( 'NONE', #2171, 1000.000000000000000 ) ;
#375 = CARTESIAN_POINT ( 'NONE',  ( 3.500000000000000000, 1.800000000000000266, 3.211308144666289888 ) ) ;
#376 = CIRCLE ( 'NONE', #1424, 4.750000000000000000 ) ;
#377 = EDGE_LOOP ( 'NONE', ( #1755, #2080, #1461, #178, #257, #991 ) ) ;
#378 = EDGE_CURVE ( 'NONE', #664, #1606, #1011, .T. ) ;
#379 = EDGE_LOOP ( 'NONE', ( #2122, #1111, #1349, #691 ) ) ;
#380 = CARTESIAN_POINT ( 'NONE',  ( -3.049999999999999822, -3.950000000000000178, 3.049999999999999822 ) ) ;
#381 = CARTESIAN_POINT ( 'NONE',  ( 2.029999999999999805, -3.950000000000000178, 2.029999999999999805 ) ) ;
#382 = VERTEX_POINT ( 'NONE', #1077 ) ;
#383 = DIRECTION ( 'NONE',  ( 0.000000000000000000, 0.000000000000000000, -1.000000000000000000 ) ) ;
#384 = CARTESIAN_POINT ( 'NONE',  ( 0.000000000000000000, -3.950000000000000178, -2.049999999999999822 ) ) ;
#385 = CARTESIAN_POINT ( 'NONE',  ( 2.029999999999999805, 0.000000000000000000, 2.029999999999999805 ) ) ;
#386 = EDGE_CURVE ( 'NONE', #1625, #834, #2039, .T. ) ;
#387 = EDGE_CURVE ( 'NONE', #1937, #1212, #2069, .T. ) ;
#388 = ADVANCED_FACE ( 'NONE', ( #877 ), #1571, .T. ) ;
#389 = FILL_AREA_STYLE_COLOUR ( '', #1597 ) ;
#390 = EDGE_CURVE ( 'NONE', #1139, #938, #555, .T. ) ;
#391 = ORIENTED_EDGE ( 'NONE', *, *, #959, .F. ) ;
#392 = ORIENTED_EDGE ( 'NONE', *, *, #1493, .T. ) ;
#393 = CARTESIAN_POINT ( 'NONE',  ( -3.500000000000000000, 0.000000000000000000, 2.029999999999999805 ) ) ;
#394 = ORIENTED_EDGE ( 'NONE', *, *, #176, .T. ) ;
#395 = EDGE_CURVE ( 'NONE', #219, #1404, #1876, .T. ) ;
#396 = CYLINDRICAL_SURFACE ( 'NONE', #1550, 4.750000000000000000 ) ;
#397 = DIRECTION ( 'NONE',  ( 0.000000000000000000, 0.000000000000000000, -1.000000000000000000 ) ) ;
#398 = DIRECTION ( 'NONE',  ( -1.000000000000000000, 0.000000000000000000, 0.000000000000000000 ) ) ;
#399 = ADVANCED_FACE ( 'NONE', ( #1749, #737 ), #712, .F. ) ;
#400 = CARTESIAN_POINT ( 'NONE',  ( 2.029999999999999805, 0.000000000000000000, 3.500000000000000000 ) ) ;
#401 = CARTESIAN_POINT ( 'NONE',  ( 0.000000000000000000, 9.450000000015279511, 0.000000000000000000 ) ) ;
#402 = DIRECTION ( 'NONE',  ( 0.000000000000000000, 0.000000000000000000, -1.000000000000000000 ) ) ;
#403 = EDGE_LOOP ( 'NONE', ( #482, #125 ) ) ;
#404 = CIRCLE ( 'NONE', #1091, 0.6505585106382980598 ) ;
#405 = DIRECTION ( 'NONE',  ( 1.000000000000000000, -0.000000000000000000, 0.000000000000000000 ) ) ;
#406 = AXIS2_PLACEMENT_3D ( 'NONE', #760, #1765, #745 ) ;
#407 = CARTESIAN_POINT ( 'NONE',  ( -0.5749999999999995115, 6.250000000000000000, -7.182839392716466875E-16 ) ) ;
#408 = CARTESIAN_POINT ( 'NONE',  ( 4.313351365237940271, -3.950000000000000178, 0.000000000000000000 ) ) ;
#409 = VECTOR ( 'NONE', #705, 1000.000000000000000 ) ;
#410 = AXIS2_PLACEMENT_3D ( 'NONE', #2188, #531, #1046 ) ;
#411 = AXIS2_PLACEMENT_3D ( 'NONE', #2141, #58, #2068 ) ;
#412 = ORIENTED_EDGE ( 'NONE', *, *, #1192, .F. ) ;
#413 = AXIS2_PLACEMENT_3D ( 'NONE', #1459, #923, #1112 ) ;
#414 = CARTESIAN_POINT ( 'NONE',  ( 0.000000000000000000, 1.800000000000000488, 0.000000000000000000 ) ) ;
#415 = ADVANCED_FACE ( 'NONE', ( #215 ), #1584, .F. ) ;
#416 = EDGE_LOOP ( 'NONE', ( #1983, #75, #1062, #1575 ) ) ;
#417 = CARTESIAN_POINT ( 'NONE',  ( 7.776507174585692903E-17, 7.520000000000000462, 0.6350000000000000089 ) ) ;
#418 = EDGE_CURVE ( 'NONE', #570, #2019, #1233, .T. ) ;
#419 = DIRECTION ( 'NONE',  ( 0.000000000000000000, -1.000000000000000000, 0.000000000000000000 ) ) ;
#420 = DIRECTION ( 'NONE',  ( -1.000000000000000000, 0.000000000000000000, -0.000000000000000000 ) ) ;
#421 = ORIENTED_EDGE ( 'NONE', *, *, #654, .F. ) ;
#422 = FACE_OUTER_BOUND ( 'NONE', #1727, .T. ) ;
#423 = EDGE_CURVE ( 'NONE', #1220, #668, #1048, .T. ) ;
#424 = ORIENTED_EDGE ( 'NONE', *, *, #238, .F. ) ;
#425 = CARTESIAN_POINT ( 'NONE',  ( 2.029999999999999805, -3.950000000000000178, -2.029999999999999805 ) ) ;
#426 = VERTEX_POINT ( 'NONE', #45 ) ;
#427 = DIRECTION ( 'NONE',  ( -0.000000000000000000, 1.000000000000000000, -0.000000000000000000 ) ) ;
#428 = DIRECTION ( 'NONE',  ( 0.000000000000000000, 0.000000000000000000, -1.000000000000000000 ) ) ;
#429 = CARTESIAN_POINT ( 'NONE',  ( 0.000000000000000000, -3.950000000000000178, 0.000000000000000000 ) ) ;
#430 = ORIENTED_EDGE ( 'NONE', *, *, #1122, .T. ) ;
#431 = LINE ( 'NONE', #571, #2121 ) ;
#432 = CARTESIAN_POINT ( 'NONE',  ( 0.000000000000000000, 0.000000000000000000, 0.000000000000000000 ) ) ;
#433 = CARTESIAN_POINT ( 'NONE',  ( -3.500000000000000000, 1.800000000000000266, 3.211308144666280118 ) ) ;
#434 = EDGE_LOOP ( 'NONE', ( #541, #1524, #357, #2111, #1703, #478, #1776 ) ) ;
#435 = CONICAL_SURFACE ( 'NONE', #1686, 0.6349999998747080099, 0.7853981633974482790 ) ;
#436 = CARTESIAN_POINT ( 'NONE',  ( 2.870853531617380217, -4.336808689942020694E-16, 0.000000000000000000 ) ) ;
#437 = CARTESIAN_POINT ( 'NONE',  ( 3.049999999999999822, 0.000000000000000000, -2.029999999999999805 ) ) ;
#438 = AXIS2_PLACEMENT_3D ( 'NONE', #1929, #1460, #402 ) ;
#439 = AXIS2_PLACEMENT_3D ( 'NONE', #1711, #1241, #2066 ) ;
#440 = CARTESIAN_POINT ( 'NONE',  ( 0.000000000000000000, -3.604999999936353561, 0.000000000000000000 ) ) ;
#441 = EDGE_LOOP ( 'NONE', ( #577, #67, #224, #521 ) ) ;
#442 = AXIS2_PLACEMENT_3D ( 'NONE', #1532, #1351, #1845 ) ;
#443 = CARTESIAN_POINT ( 'NONE',  ( 4.313351365237940271, -3.950000000000000178, 3.049999999999999822 ) ) ;
#444 = COLOUR_RGB ( '',0.6470588235294117974, 0.5176470588235293491, 0.000000000000000000 ) ;
#445 = EDGE_CURVE ( 'NONE', #505, #1606, #1757, .T. ) ;
#446 = VERTEX_POINT ( 'NONE', #1900 ) ;
#447 = PRODUCT_DEFINITION_SHAPE ( 'NONE', 'NONE',  #206 ) ;
#448 = PRESENTATION_LAYER_ASSIGNMENT (  '', '', ( #597 ) ) ;
#449 = FACE_OUTER_BOUND ( 'NONE', #305, .T. ) ;
#450 = CARTESIAN_POINT ( 'NONE',  ( 1.084202172485499997E-16, 7.650000000000000355, 0.1805585106382980309 ) ) ;
#451 = EDGE_CURVE ( 'NONE', #111, #1411, #1713, .T. ) ;
#452 = ORIENTED_EDGE ( 'NONE', *, *, #2206, .T. ) ;
#453 = DIRECTION ( 'NONE',  ( -0.000000000000000000, 1.000000000000000000, -0.000000000000000000 ) ) ;
#454 = DIRECTION ( 'NONE',  ( -0.000000000000000000, -1.000000000000000000, -0.000000000000000000 ) ) ;
#455 = EDGE_CURVE ( 'NONE', #2173, #128, #699, .T. ) ;
#456 = VERTEX_POINT ( 'NONE', #1421 ) ;
#457 = DIRECTION ( 'NONE',  ( 0.000000000000000000, 1.000000000000000000, 0.000000000000000000 ) ) ;
#458 = EDGE_LOOP ( 'NONE', ( #30, #1640, #1619, #1013 ) ) ;
#459 = EDGE_CURVE ( 'NONE', #1488, #1986, #1890, .T. ) ;
#460 = PLANE ( 'NONE',  #1800 ) ;
#461 = DIRECTION ( 'NONE',  ( -1.000000000000000000, 0.000000000000000000, -0.000000000000000000 ) ) ;
#462 = ORIENTED_EDGE ( 'NONE', *, *, #65, .F. ) ;
#463 = ORIENTED_EDGE ( 'NONE', *, *, #1172, .F. ) ;
#464 = CARTESIAN_POINT ( 'NONE',  ( 0.000000000000000000, -3.950000000000000178, 0.000000000000000000 ) ) ;
#465 = EDGE_CURVE ( 'NONE', #1120, #1522, #1688, .T. ) ;
#466 = PLANE ( 'NONE',  #1548 ) ;
#467 = ORIENTED_EDGE ( 'NONE', *, *, #25, .T. ) ;
#468 = DIRECTION ( 'NONE',  ( 0.000000000000000000, -1.000000000000000000, 0.000000000000000000 ) ) ;
#469 = ORIENTED_EDGE ( 'NONE', *, *, #85, .T. ) ;
#470 = FACE_OUTER_BOUND ( 'NONE', #934, .T. ) ;
#471 = CARTESIAN_POINT ( 'NONE',  ( 0.000000000000000000, -3.305000000068503141, 0.000000000000000000 ) ) ;
#472 = AXIS2_PLACEMENT_3D ( 'NONE', #450, #1299, #776 ) ;
#473 = EDGE_LOOP ( 'NONE', ( #908, #1176, #838, #972, #2155, #120, #1334, #1671 ) ) ;
#474 = VECTOR ( 'NONE', #1473, 1000.000000000000000 ) ;
#475 = CARTESIAN_POINT ( 'NONE',  ( 4.313351365237940271, -3.950000000000000178, 2.029999999999999805 ) ) ;
#476 = VECTOR ( 'NONE', #1731, 1000.000000000000000 ) ;
#477 = LINE ( 'NONE', #307, #1904 ) ;
#478 = ORIENTED_EDGE ( 'NONE', *, *, #133, .F. ) ;
#479 = AXIS2_PLACEMENT_3D ( 'NONE', #1957, #1469, #2144 ) ;
#480 = DIRECTION ( 'NONE',  ( -7.105427357601001859E-15, 0.000000000000000000, -1.000000000000000000 ) ) ;
#481 = AXIS2_PLACEMENT_3D ( 'NONE', #358, #207, #1730 ) ;
#482 = ORIENTED_EDGE ( 'NONE', *, *, #1261, .F. ) ;
#483 = EDGE_CURVE ( 'NONE', #1952, #608, #1861, .T. ) ;
#484 = CARTESIAN_POINT ( 'NONE',  ( -2.029999999999999805, -3.950000000000000178, 0.000000000000000000 ) ) ;
#485 = COLOUR_RGB ( '',0.8431372549019607865, 0.8156862745098039102, 0.7529411764705882248 ) ;
#486 = CARTESIAN_POINT ( 'NONE',  ( 3.049999999999999822, -3.950000000000000178, 2.029999999999999805 ) ) ;
#487 = ORIENTED_EDGE ( 'NONE', *, *, #1330, .F. ) ;
#488 = EDGE_CURVE ( 'NONE', #1565, #382, #2083, .T. ) ;
#489 = CARTESIAN_POINT ( 'NONE',  ( 0.000000000000000000, 7.620000000000000107, 0.000000000000000000 ) ) ;
#490 = ADVANCED_FACE ( 'NONE', ( #748 ), #68, .F. ) ;
#491 = DIRECTION ( 'NONE',  ( 0.000000000000000000, 0.000000000000000000, -1.000000000000000000 ) ) ;
#492 = VERTEX_POINT ( 'NONE', #927 ) ;
#493 = LINE ( 'NONE', #2017, #336 ) ;
#494 = VERTEX_POINT ( 'NONE', #1275 ) ;
#495 = CARTESIAN_POINT ( 'NONE',  ( 0.000000000000000000, 0.6700000000000004841, 0.000000000000000000 ) ) ;
#496 = CARTESIAN_POINT ( 'NONE',  ( 0.000000000000000000, 9.549999999933334038, 0.000000000000000000 ) ) ;
#497 = ORIENTED_EDGE ( 'NONE', *, *, #2107, .F. ) ;
#498 = CARTESIAN_POINT ( 'NONE',  ( 3.049999999999999822, -3.950000000000000178, 3.049999999999999822 ) ) ;
#499 = DIRECTION ( 'NONE',  ( 0.000000000000000000, 0.000000000000000000, -1.000000000000000000 ) ) ;
#500 = ORIENTED_EDGE ( 'NONE', *, *, #1669, .T. ) ;
#501 = PRODUCT ( 'SMA-J-P-H-ST-TH1', 'SMA-J-P-H-ST-TH1', '', ( #237 ) ) ;
#502 = PLANE ( 'NONE',  #123 ) ;
#503 = CARTESIAN_POINT ( 'NONE',  ( -2.029999999999999805, -3.950000000000000178, 3.049999999999999822 ) ) ;
#504 = DIRECTION ( 'NONE',  ( 0.000000000000000000, 0.000000000000000000, 1.000000000000000000 ) ) ;
#505 = VERTEX_POINT ( 'NONE', #417 ) ;
#506 = AXIS2_PLACEMENT_3D ( 'NONE', #1772, #1100, #420 ) ;
#507 = LINE ( 'NONE', #546, #1520 ) ;
#508 = DIRECTION ( 'NONE',  ( 0.000000000000000000, -1.000000000000000000, 0.000000000000000000 ) ) ;
#509 = PRESENTATION_LAYER_ASSIGNMENT (  '', '', ( #187 ) ) ;
#510 = ORIENTED_EDGE ( 'NONE', *, *, #1292, .F. ) ;
#511 = AXIS2_PLACEMENT_3D ( 'NONE', #1407, #372, #928 ) ;
#512 = DIRECTION ( 'NONE',  ( -0.000000000000000000, 1.000000000000000000, -0.000000000000000000 ) ) ;
#513 = DIRECTION ( 'NONE',  ( -0.000000000000000000, 1.000000000000000000, -0.000000000000000000 ) ) ;
#514 = CIRCLE ( 'NONE', #410, 4.750000000000000000 ) ;
#515 = DIRECTION ( 'NONE',  ( 0.000000000000000000, -1.000000000000000000, -0.000000000000000000 ) ) ;
#516 = CARTESIAN_POINT ( 'NONE',  ( 0.000000000000000000, 9.000000000000001776, 0.000000000000000000 ) ) ;
#517 = VECTOR ( 'NONE', #14, 1000.000000000000000 ) ;
#518 = EDGE_LOOP ( 'NONE', ( #1898, #710, #530, #1300 ) ) ;
#519 =( GEOMETRIC_REPRESENTATION_CONTEXT ( 3 ) GLOBAL_UNCERTAINTY_ASSIGNED_CONTEXT ( ( #2105 ) ) GLOBAL_UNIT_ASSIGNED_CONTEXT ( ( #2139, #1590, #758 ) ) REPRESENTATION_CONTEXT ( 'NONE', 'WORKASPACE' ) );
#520 = EDGE_CURVE ( 'NONE', #1465, #182, #946, .T. ) ;
#521 = ORIENTED_EDGE ( 'NONE', *, *, #1911, .F. ) ;
#522 = EDGE_CURVE ( 'NONE', #1139, #137, #935, .T. ) ;
#523 = CARTESIAN_POINT ( 'NONE',  ( 0.000000000000000000, 0.6700000000000004841, 0.000000000000000000 ) ) ;
#524 = CARTESIAN_POINT ( 'NONE',  ( 0.000000000000000000, 7.520000000000000462, 0.000000000000000000 ) ) ;
#525 = VERTEX_POINT ( 'NONE', #1097 ) ;
#526 = ORIENTED_EDGE ( 'NONE', *, *, #283, .F. ) ;
#527 = FACE_OUTER_BOUND ( 'NONE', #264, .T. ) ;
#528 = ORIENTED_EDGE ( 'NONE', *, *, #976, .F. ) ;
#529 = CARTESIAN_POINT ( 'NONE',  ( 0.000000000000000000, -3.950000000000000178, 0.000000000000000000 ) ) ;
#530 = ORIENTED_EDGE ( 'NONE', *, *, #275, .T. ) ;
#531 = DIRECTION ( 'NONE',  ( -0.000000000000000000, 1.000000000000000000, -0.000000000000000000 ) ) ;
#532 = CARTESIAN_POINT ( 'NONE',  ( 7.776507174585692903E-17, -3.950000000000000178, 0.6350000000000000089 ) ) ;
#533 = VERTEX_POINT ( 'NONE', #1778 ) ;
#534 = ORIENTED_EDGE ( 'NONE', *, *, #1185, .T. ) ;
#535 = DIRECTION ( 'NONE',  ( 0.000000000000000000, 0.000000000000000000, -1.000000000000000000 ) ) ;
#536 = PLANE ( 'NONE',  #832 ) ;
#537 = ORIENTED_EDGE ( 'NONE', *, *, #220, .F. ) ;
#538 = ORIENTED_EDGE ( 'NONE', *, *, #2134, .T. ) ;
#539 = CYLINDRICAL_SURFACE ( 'NONE', #2157, 0.6505585106382980598 ) ;
#540 = CARTESIAN_POINT ( 'NONE',  ( -2.029999999999999805, -3.950000000000000178, -2.029999999999999805 ) ) ;
#541 = ORIENTED_EDGE ( 'NONE', *, *, #387, .F. ) ;
#542 = CARTESIAN_POINT ( 'NONE',  ( 7.776507174585692903E-17, 6.250000000000000000, 0.6350000000000000089 ) ) ;
#543 = CARTESIAN_POINT ( 'NONE',  ( 0.000000000000000000, -3.604999999936353561, 0.000000000000000000 ) ) ;
#544 = EDGE_CURVE ( 'NONE', #668, #2102, #732, .T. ) ;
#545 = ORIENTED_EDGE ( 'NONE', *, *, #992, .F. ) ;
#546 = CARTESIAN_POINT ( 'NONE',  ( 0.000000000000000000, 9.000000000000001776, -3.165000000000000480 ) ) ;
#547 = VERTEX_POINT ( 'NONE', #1437 ) ;
#548 = ORIENTED_EDGE ( 'NONE', *, *, #1049, .T. ) ;
#549 = DIRECTION ( 'NONE',  ( 0.000000000000000000, 0.000000000000000000, 1.000000000000000000 ) ) ;
#550 = AXIS2_PLACEMENT_3D ( 'NONE', #109, #1803, #1463 ) ;
#551 = CARTESIAN_POINT ( 'NONE',  ( 0.000000000000000000, 7.520000000000000462, 0.000000000000000000 ) ) ;
#552 = ORIENTED_EDGE ( 'NONE', *, *, #1646, .T. ) ;
#553 = VECTOR ( 'NONE', #2110, 1000.000000000000000 ) ;
#554 = DIRECTION ( 'NONE',  ( 1.000000000000000000, 0.000000000000000000, -0.000000000000000000 ) ) ;
#555 = LINE ( 'NONE', #356, #6 ) ;
#556 = AXIS2_PLACEMENT_3D ( 'NONE', #1870, #885, #1893 ) ;
#557 = EDGE_CURVE ( 'NONE', #137, #140, #1616, .T. ) ;
#558 = ADVANCED_FACE ( 'NONE', ( #1956 ), #76, .T. ) ;
#559 = ADVANCED_FACE ( 'NONE', ( #2124 ), #601, .T. ) ;
#560 = DIRECTION ( 'NONE',  ( -0.000000000000000000, 1.000000000000000000, 0.000000000000000000 ) ) ;
#561 = AXIS2_PLACEMENT_3D ( 'NONE', #436, #970, #1128 ) ;
#562 = VECTOR ( 'NONE', #563, 1000.000000000000000 ) ;
#563 = DIRECTION ( 'NONE',  ( -0.000000000000000000, 1.000000000000000000, -0.000000000000000000 ) ) ;
#564 = AXIS2_PLACEMENT_3D ( 'NONE', #1872, #888, #848 ) ;
#565 = ORIENTED_EDGE ( 'NONE', *, *, #1809, .F. ) ;
#566 = EDGE_CURVE ( 'NONE', #1231, #781, #148, .T. ) ;
#567 = ORIENTED_EDGE ( 'NONE', *, *, #684, .T. ) ;
#568 = CARTESIAN_POINT ( 'NONE',  ( 0.000000000000000000, 4.549999999999999822, -2.674999999999999822 ) ) ;
#569 = DIRECTION ( 'NONE',  ( -0.000000000000000000, -1.000000000000000000, -0.000000000000000000 ) ) ;
#570 = VERTEX_POINT ( 'NONE', #239 ) ;
#571 = CARTESIAN_POINT ( 'NONE',  ( 2.029999999999999805, 0.5000000000000004441, 2.029999999999999805 ) ) ;
#572 = CARTESIAN_POINT ( 'NONE',  ( -3.211308144666280118, 0.5000000000000000000, 3.500000000000000000 ) ) ;
#573 = CARTESIAN_POINT ( 'NONE',  ( 2.870853531617380217, -4.336808689942020694E-16, 0.000000000000000000 ) ) ;
#574 = SURFACE_SIDE_STYLE ('',( #581 ) ) ;
#575 = ORIENTED_EDGE ( 'NONE', *, *, #922, .T. ) ;
#576 = CARTESIAN_POINT ( 'NONE',  ( 2.029999999999999805, 0.5000000000000000000, 0.000000000000000000 ) ) ;
#577 = ORIENTED_EDGE ( 'NONE', *, *, #1970, .T. ) ;
#578 = ADVANCED_BREP_SHAPE_REPRESENTATION ( 'SMA-J-P-H-ST-TH1', ( #1931, #843 ), #1068 ) ;
#579 = DIRECTION ( 'NONE',  ( 0.000000000000000000, -1.000000000000000000, 0.000000000000000000 ) ) ;
#580 = DIRECTION ( 'NONE',  ( -0.000000000000000000, -1.000000000000000000, -0.000000000000000000 ) ) ;
#581 = SURFACE_STYLE_FILL_AREA ( #1782 ) ;
#582 = ADVANCED_FACE ( 'NONE', ( #1811 ), #1272, .F. ) ;
#583 = ORIENTED_EDGE ( 'NONE', *, *, #2071, .T. ) ;
#584 = EDGE_CURVE ( 'NONE', #624, #1231, #2132, .T. ) ;
#585 = FILL_AREA_STYLE ('',( #1954 ) ) ;
#586 = ORIENTED_EDGE ( 'NONE', *, *, #2112, .T. ) ;
#587 = CIRCLE ( 'NONE', #1124, 3.149999999999999911 ) ;
#588 = DIRECTION ( 'NONE',  ( 0.000000000000000000, -1.000000000000000000, 0.000000000000000000 ) ) ;
#589 = AXIS2_PLACEMENT_3D ( 'NONE', #516, #1599, #24 ) ;
#590 = PLANE ( 'NONE',  #913 ) ;
#591 = CARTESIAN_POINT ( 'NONE',  ( 2.835057340026122190E-16, 7.620000000000000107, 2.314999999999999947 ) ) ;
#592 = ADVANCED_FACE ( 'NONE', ( #66 ), #1962, .T. ) ;
#593 = VECTOR ( 'NONE', #859, 1000.000000000000000 ) ;
#594 = ORIENTED_EDGE ( 'NONE', *, *, #721, .F. ) ;
#595 = AXIS2_PLACEMENT_3D ( 'NONE', #723, #1793, #383 ) ;
#596 = ORIENTED_EDGE ( 'NONE', *, *, #488, .F. ) ;
#597 = STYLED_ITEM ( 'NONE', ( #836 ), #2034 ) ;
#598 =( NAMED_UNIT ( * ) SI_UNIT ( $, .STERADIAN. ) SOLID_ANGLE_UNIT ( ) );
#599 = CARTESIAN_POINT ( 'NONE',  ( -3.499999999999999556, 1.800000000000000488, 3.211308144666281006 ) ) ;
#600 = EDGE_LOOP ( 'NONE', ( #1205, #430, #2013 ) ) ;
#601 = CYLINDRICAL_SURFACE ( 'NONE', #1126, 0.6350000000000000089 ) ;
#602 = CARTESIAN_POINT ( 'NONE',  ( 0.000000000000000000, 7.620000000000000107, 0.000000000000000000 ) ) ;
#603 = FACE_OUTER_BOUND ( 'NONE', #2036, .T. ) ;
#604 = SURFACE_STYLE_USAGE ( .BOTH. , #574 ) ;
#605 = ORIENTED_EDGE ( 'NONE', *, *, #987, .T. ) ;
#606 = LINE ( 'NONE', #1064, #1414 ) ;
#607 = CARTESIAN_POINT ( 'NONE',  ( 7.776507174585692903E-17, 0.6700000000000004841, 0.6350000000000000089 ) ) ;
#608 = VERTEX_POINT ( 'NONE', #607 ) ;
#609 = FACE_OUTER_BOUND ( 'NONE', #1681, .T. ) ;
#610 = DIRECTION ( 'NONE',  ( 0.000000000000000000, -0.000000000000000000, 1.000000000000000000 ) ) ;
#611 = EDGE_CURVE ( 'NONE', #2193, #879, #112, .T. ) ;
#612 = ORIENTED_EDGE ( 'NONE', *, *, #1372, .F. ) ;
#613 = CARTESIAN_POINT ( 'NONE',  ( 5.939536975906654281E-17, -3.604999999936353561, -0.3350000000068575901 ) ) ;
#614 = CARTESIAN_POINT ( 'NONE',  ( 3.049999999999999822, -4.336808689942020694E-16, 0.000000000000000000 ) ) ;
#615 = ORIENTED_EDGE ( 'NONE', *, *, #992, .T. ) ;
#616 = EDGE_CURVE ( 'NONE', #492, #106, #278, .T. ) ;
#617 = VECTOR ( 'NONE', #281, 1000.000000000000000 ) ;
#618 = DIRECTION ( 'NONE',  ( 0.000000000000000000, -1.000000000000000000, 0.000000000000000000 ) ) ;
#619 = FACE_OUTER_BOUND ( 'NONE', #1494, .T. ) ;
#620 = CIRCLE ( 'NONE', #1271, 2.674999999999999822 ) ;
#621 = EDGE_CURVE ( 'NONE', #1498, #140, #1942, .T. ) ;
#622 = VECTOR ( 'NONE', #20, 1000.000000000000000 ) ;
#623 = ADVANCED_FACE ( 'NONE', ( #87 ), #74, .T. ) ;
#624 = VERTEX_POINT ( 'NONE', #599 ) ;
#625 = VECTOR ( 'NONE', #302, 1000.000000000000000 ) ;
#626 = DIRECTION ( 'NONE',  ( 0.000000000000000000, -1.000000000000000000, 0.000000000000000000 ) ) ;
#627 = VECTOR ( 'NONE', #1398, 1000.000000000000114 ) ;
#628 = EDGE_CURVE ( 'NONE', #624, #1081, #1430, .T. ) ;
#629 = FACE_OUTER_BOUND ( 'NONE', #1028, .T. ) ;
#630 = VERTEX_POINT ( 'NONE', #425 ) ;
#631 = AXIS2_PLACEMENT_3D ( 'NONE', #1566, #1744, #1380 ) ;
#632 =( NAMED_UNIT ( * ) PLANE_ANGLE_UNIT ( ) SI_UNIT ( $, .RADIAN. ) );
#633 = ORIENTED_EDGE ( 'NONE', *, *, #2045, .T. ) ;
#634 = DIRECTION ( 'NONE',  ( 0.000000000000000000, 0.000000000000000000, -1.000000000000000000 ) ) ;
#635 = CARTESIAN_POINT ( 'NONE',  ( 0.000000000000000000, 1.800000000000000488, 0.000000000000000000 ) ) ;
#636 = EDGE_LOOP ( 'NONE', ( #1005, #968, #552, #1067 ) ) ;
#637 = DIRECTION ( 'NONE',  ( 0.000000000000000000, -1.000000000000000000, 0.000000000000000000 ) ) ;
#638 = CYLINDRICAL_SURFACE ( 'NONE', #1340, 0.6505585106382980598 ) ;
#639 = ORIENTED_EDGE ( 'NONE', *, *, #1877, .T. ) ;
#640 = ORIENTED_EDGE ( 'NONE', *, *, #1423, .T. ) ;
#641 = CARTESIAN_POINT ( 'NONE',  ( -3.499999999999999556, 1.800000000000000488, -3.211308144666281006 ) ) ;
#642 = LINE ( 'NONE', #1327, #1335 ) ;
#643 = ORIENTED_EDGE ( 'NONE', *, *, #780, .T. ) ;
#644 = VERTEX_POINT ( 'NONE', #1797 ) ;
#645 = EDGE_CURVE ( 'NONE', #1159, #533, #1113, .T. ) ;
#646 = DIRECTION ( 'NONE',  ( 0.000000000000000000, 0.000000000000000000, -1.000000000000000000 ) ) ;
#647 = DIRECTION ( 'NONE',  ( 8.659560564816128346E-17, -0.7071067809855756670, 0.7071067813875193675 ) ) ;
#648 = ORIENTED_EDGE ( 'NONE', *, *, #2159, .T. ) ;
#649 = DIRECTION ( 'NONE',  ( 0.000000000000000000, 0.000000000000000000, -1.000000000000000000 ) ) ;
#650 = EDGE_LOOP ( 'NONE', ( #33, #1907, #2186, #1988 ) ) ;
#651 = CARTESIAN_POINT ( 'NONE',  ( -7.715274834628325378E-16, 1.800000000000000488, -3.149999999999999911 ) ) ;
#652 = PLANE ( 'NONE',  #827 ) ;
#653 = EDGE_CURVE ( 'NONE', #984, #1708, #268, .T. ) ;
#654 = EDGE_CURVE ( 'NONE', #2193, #2209, #958, .T. ) ;
#655 = CONICAL_SURFACE ( 'NONE', #945, 0.6349999998747080099, 0.7853981633974482790 ) ;
#656 = VERTEX_POINT ( 'NONE', #974 ) ;
#657 = VECTOR ( 'NONE', #1283, 1000.000000000000000 ) ;
#658 = PLANE ( 'NONE',  #740 ) ;
#659 = DIRECTION ( 'NONE',  ( -1.000000000000000000, -0.000000000000000000, 0.000000000000000000 ) ) ;
#660 = ORIENTED_EDGE ( 'NONE', *, *, #783, .T. ) ;
#661 = CIRCLE ( 'NONE', #1132, 2.049999999999999822 ) ;
#662 = DIRECTION ( 'NONE',  ( 0.000000000000000000, -1.000000000000000000, 0.000000000000000000 ) ) ;
#663 = AXIS2_PLACEMENT_3D ( 'NONE', #1410, #688, #1695 ) ;
#664 = VERTEX_POINT ( 'NONE', #1858 ) ;
#665 = DIRECTION ( 'NONE',  ( 0.000000000000000000, -0.000000000000000000, -1.000000000000000000 ) ) ;
#666 = AXIS2_PLACEMENT_3D ( 'NONE', #2185, #662, #31 ) ;
#667 = DIRECTION ( 'NONE',  ( 1.000000000000000000, 0.000000000000000000, -0.000000000000000000 ) ) ;
#668 = VERTEX_POINT ( 'NONE', #1642 ) ;
#669 = FACE_OUTER_BOUND ( 'NONE', #1413, .T. ) ;
#670 = PLANE ( 'NONE',  #49 ) ;
#671 = ORIENTED_EDGE ( 'NONE', *, *, #692, .T. ) ;
#672 = CARTESIAN_POINT ( 'NONE',  ( -3.500000000000000000, 1.800000000000000266, -3.211308144666280118 ) ) ;
#673 = CARTESIAN_POINT ( 'NONE',  ( 3.049999999999999822, -3.950000000000000178, 2.029999999999999805 ) ) ;
#674 = DIRECTION ( 'NONE',  ( -0.000000000000000000, 1.000000000000000000, 0.000000000000000000 ) ) ;
#675 = ORIENTED_EDGE ( 'NONE', *, *, #1408, .T. ) ;
#676 = CARTESIAN_POINT ( 'NONE',  ( -0.5749999999999995115, 7.650000000000000355, -7.182839392716466875E-16 ) ) ;
#677 = DIRECTION ( 'NONE',  ( 0.000000000000000000, 0.000000000000000000, -1.000000000000000000 ) ) ;
#678 = ORIENTED_EDGE ( 'NONE', *, *, #621, .F. ) ;
#679 = DIRECTION ( 'NONE',  ( 1.000000000000000000, 0.000000000000000000, -0.000000000000000000 ) ) ;
#680 = LINE ( 'NONE', #1745, #593 ) ;
#681 = EDGE_CURVE ( 'NONE', #803, #1742, #796, .T. ) ;
#682 = LINE ( 'NONE', #1025, #1203 ) ;
#683 = DIRECTION ( 'NONE',  ( 0.000000000000000000, -0.000000000000000000, 1.000000000000000000 ) ) ;
#684 = EDGE_CURVE ( 'NONE', #834, #1625, #620, .T. ) ;
#685 = ORIENTED_EDGE ( 'NONE', *, *, #314, .F. ) ;
#686 = EDGE_LOOP ( 'NONE', ( #1075, #181, #1313, #534, #615, #392 ) ) ;
#687 = AXIS2_PLACEMENT_3D ( 'NONE', #1648, #2127, #1618 ) ;
#688 = DIRECTION ( 'NONE',  ( 0.000000000000000000, 1.000000000000000000, 0.000000000000000000 ) ) ;
#689 = CARTESIAN_POINT ( 'NONE',  ( 2.029999999999999805, 0.000000000000000000, 3.049999999999999378 ) ) ;
#690 = VECTOR ( 'NONE', #893, 1000.000000000000000 ) ;
#691 = ORIENTED_EDGE ( 'NONE', *, *, #1542, .T. ) ;
#692 = EDGE_CURVE ( 'NONE', #1477, #1625, #104, .T. ) ;
#693 = VECTOR ( 'NONE', #61, 1000.000000000000000 ) ;
#694 = DIRECTION ( 'NONE',  ( 0.000000000000000000, -1.000000000000000000, 0.000000000000000000 ) ) ;
#695 = DIRECTION ( 'NONE',  ( 0.000000000000000000, 0.000000000000000000, -1.000000000000000000 ) ) ;
#696 = EDGE_LOOP ( 'NONE', ( #1656, #2178, #1955, #1720 ) ) ;
#697 = CIRCLE ( 'NONE', #1449, 0.6036011904761909852 ) ;
#698 = LINE ( 'NONE', #673, #116 ) ;
#699 = LINE ( 'NONE', #1396, #1199 ) ;
#700 = CIRCLE ( 'NONE', #1206, 0.6036011904761899860 ) ;
#701 = CONICAL_SURFACE ( 'NONE', #1946, 2.674999999953797669, 0.7853981636816653733 ) ;
#702 = EDGE_LOOP ( 'NONE', ( #1008, #1200, #202, #469 ) ) ;
#703 = EDGE_CURVE ( 'NONE', #608, #289, #1652, .T. ) ;
#704 = DIRECTION ( 'NONE',  ( 0.000000000000000000, 0.000000000000000000, -1.000000000000000000 ) ) ;
#705 = DIRECTION ( 'NONE',  ( -0.000000000000000000, 1.000000000000000000, 0.000000000000000000 ) ) ;
#706 = CARTESIAN_POINT ( 'NONE',  ( -3.500000000000000000, 0.000000000000000000, -3.211308144666281006 ) ) ;
#707 = EDGE_LOOP ( 'NONE', ( #1693, #1666, #1323 ) ) ;
#708 = LINE ( 'NONE', #19, #196 ) ;
#709 = CARTESIAN_POINT ( 'NONE',  ( 2.029999999999999805, -3.950000000000000178, 3.049999999999999378 ) ) ;
#710 = ORIENTED_EDGE ( 'NONE', *, *, #1795, .F. ) ;
#711 = CARTESIAN_POINT ( 'NONE',  ( 2.029999999999999805, -3.950000000000000178, -2.029999999999999805 ) ) ;
#712 = PLANE ( 'NONE',  #869 ) ;
#713 = EDGE_LOOP ( 'NONE', ( #1238, #487, #209, #1484, #1621, #253, #2165, #2147 ) ) ;
#714 = DIRECTION ( 'NONE',  ( 0.000000000000000000, -0.000000000000000000, 1.000000000000000000 ) ) ;
#715 = LINE ( 'NONE', #28, #409 ) ;
#716 = CARTESIAN_POINT ( 'NONE',  ( -3.211308144666280118, 1.800000000000000266, 3.500000000000000000 ) ) ;
#717 = EDGE_LOOP ( 'NONE', ( #1152, #246, #168, #1717, #1373, #857 ) ) ;
#718 = DIRECTION ( 'NONE',  ( 0.000000000000000000, -1.000000000000000000, 0.000000000000000000 ) ) ;
#719 = ADVANCED_FACE ( 'NONE', ( #1849 ), #2162, .F. ) ;
#720 = CARTESIAN_POINT ( 'NONE',  ( 2.029999999999999805, -3.950000000000000178, 3.500000000000000000 ) ) ;
#721 = EDGE_CURVE ( 'NONE', #1465, #171, #1827, .T. ) ;
#722 = ORIENTED_EDGE ( 'NONE', *, *, #1450, .F. ) ;
#723 = CARTESIAN_POINT ( 'NONE',  ( 0.000000000000000000, 0.000000000000000000, 0.000000000000000000 ) ) ;
#724 = CARTESIAN_POINT ( 'NONE',  ( 0.000000000000000000, 0.6700000000000004841, 0.000000000000000000 ) ) ;
#725 = DIRECTION ( 'NONE',  ( 0.000000000000000000, -1.000000000000000000, 0.000000000000000000 ) ) ;
#726 = EDGE_CURVE ( 'NONE', #456, #2, #477, .T. ) ;
#727 = CARTESIAN_POINT ( 'NONE',  ( 0.5749999999999992895, 7.650000000000000355, -2.168404344971008868E-16 ) ) ;
#728 = ORIENTED_EDGE ( 'NONE', *, *, #955, .T. ) ;
#729 = EDGE_LOOP ( 'NONE', ( #806, #671, #787, #1105 ) ) ;
#730 = CIRCLE ( 'NONE', #325, 0.6036011904761909852 ) ;
#731 = DIRECTION ( 'NONE',  ( -0.000000000000000000, 1.000000000000000000, 0.000000000000000000 ) ) ;
#732 = CIRCLE ( 'NONE', #1972, 0.6505585106382980598 ) ;
#733 = DIRECTION ( 'NONE',  ( 0.000000000000000000, -0.000000000000000000, 1.000000000000000000 ) ) ;
#734 = ORIENTED_EDGE ( 'NONE', *, *, #352, .F. ) ;
#735 = VECTOR ( 'NONE', #733, 1000.000000000000000 ) ;
#736 = LINE ( 'NONE', #1748, #1307 ) ;
#737 = FACE_BOUND ( 'NONE', #1733, .T. ) ;
#738 = CIRCLE ( 'NONE', #1978, 0.6036011904761899860 ) ;
#739 = DIRECTION ( 'NONE',  ( 0.000000000000000000, 1.000000000000000000, 0.000000000000000000 ) ) ;
#740 = AXIS2_PLACEMENT_3D ( 'NONE', #145, #306, #1485 ) ;
#741 = PRESENTATION_STYLE_ASSIGNMENT (( #604 ) ) ;
#742 = AXIS2_PLACEMENT_3D ( 'NONE', #672, #1476, #1333 ) ;
#743 = DIRECTION ( 'NONE',  ( 0.000000000000000000, 0.000000000000000000, -1.000000000000000000 ) ) ;
#744 = ORIENTED_EDGE ( 'NONE', *, *, #455, .T. ) ;
#745 = DIRECTION ( 'NONE',  ( 0.000000000000000000, 0.000000000000000000, 1.000000000000000000 ) ) ;
#746 = ORIENTED_EDGE ( 'NONE', *, *, #1020, .T. ) ;
#747 = CARTESIAN_POINT ( 'NONE',  ( -5.421010862427519705E-17, 7.650000000000000355, -0.1836011904761910007 ) ) ;
#748 = FACE_OUTER_BOUND ( 'NONE', #1037, .T. ) ;
#749 = UNCERTAINTY_MEASURE_WITH_UNIT (LENGTH_MEASURE( 1.000000000000000082E-05 ), #1614, 'distance_accuracy_value', 'NONE');
#750 = CARTESIAN_POINT ( 'NONE',  ( 2.870853531617380217, -4.336808689942020694E-16, -2.029999999999999805 ) ) ;
#751 = EDGE_CURVE ( 'NONE', #2143, #1909, #1505, .T. ) ;
#752 = DIRECTION ( 'NONE',  ( 0.000000000000000000, -1.000000000000000000, 0.000000000000000000 ) ) ;
#753 = ORIENTED_EDGE ( 'NONE', *, *, #1710, .T. ) ;
#754 = CARTESIAN_POINT ( 'NONE',  ( 0.000000000000000000, -3.950000000000000178, 0.000000000000000000 ) ) ;
#755 = LINE ( 'NONE', #1758, #1657 ) ;
#756 = CARTESIAN_POINT ( 'NONE',  ( 3.876007119301373316E-16, 8.789999999999999147, 3.165000000000000480 ) ) ;
#757 = ADVANCED_FACE ( 'NONE', ( #629 ), #670, .F. ) ;
#758 =( NAMED_UNIT ( * ) SI_UNIT ( $, .STERADIAN. ) SOLID_ANGLE_UNIT ( ) );
#759 = ORIENTED_EDGE ( 'NONE', *, *, #786, .T. ) ;
#760 = CARTESIAN_POINT ( 'NONE',  ( 2.029999999999999805, -3.950000000000000178, 2.029999999999999805 ) ) ;
#761 = EDGE_LOOP ( 'NONE', ( #822, #412, #21, #1500 ) ) ;
#762 = VECTOR ( 'NONE', #1982, 1000.000000000000000 ) ;
#763 = DIRECTION ( 'NONE',  ( 0.000000000000000000, 0.000000000000000000, -1.000000000000000000 ) ) ;
#764 = AXIS2_PLACEMENT_3D ( 'NONE', #543, #1406, #2096 ) ;
#765 = LINE ( 'NONE', #1451, #296 ) ;
#766 = PLANE ( 'NONE',  #1196 ) ;
#767 = AXIS2_PLACEMENT_3D ( 'NONE', #1115, #290, #993 ) ;
#768 = FACE_OUTER_BOUND ( 'NONE', #1971, .T. ) ;
#769 = AXIS2_PLACEMENT_3D ( 'NONE', #2098, #930, #2128 ) ;
#770 = ORIENTED_EDGE ( 'NONE', *, *, #455, .F. ) ;
#771 = AXIS2_PLACEMENT_3D ( 'NONE', #3, #1366, #1392 ) ;
#772 = DIRECTION ( 'NONE',  ( -0.000000000000000000, 1.000000000000000000, 0.000000000000000000 ) ) ;
#773 = EDGE_LOOP ( 'NONE', ( #978, #1573, #1180, #912 ) ) ;
#774 = EDGE_CURVE ( 'NONE', #533, #902, #802, .T. ) ;
#775 = CYLINDRICAL_SURFACE ( 'NONE', #373, 4.750000000000000000 ) ;
#776 = DIRECTION ( 'NONE',  ( 0.000000000000000000, 0.000000000000000000, -1.000000000000000000 ) ) ;
#777 = SURFACE_STYLE_USAGE ( .BOTH. , #1291 ) ;
#778 = ORIENTED_EDGE ( 'NONE', *, *, #1117, .F. ) ;
#779 = CARTESIAN_POINT ( 'NONE',  ( -2.029999999999999805, 0.5000000000000004441, 2.029999999999999805 ) ) ;
#780 = EDGE_CURVE ( 'NONE', #1083, #1149, #1683, .T. ) ;
#781 = VERTEX_POINT ( 'NONE', #2181 ) ;
#782 = ADVANCED_FACE ( 'NONE', ( #1144 ), #638, .T. ) ;
#783 = EDGE_CURVE ( 'NONE', #1149, #56, #1345, .T. ) ;
#784 = DIRECTION ( 'NONE',  ( 0.000000000000000000, 0.000000000000000000, -1.000000000000000000 ) ) ;
#785 = DIRECTION ( 'NONE',  ( 0.000000000000000000, -1.000000000000000000, 0.000000000000000000 ) ) ;
#786 = EDGE_CURVE ( 'NONE', #308, #2119, #1331, .T. ) ;
#787 = ORIENTED_EDGE ( 'NONE', *, *, #684, .F. ) ;
#788 = DIRECTION ( 'NONE',  ( 1.000000000000000000, 0.000000000000000000, -0.000000000000000000 ) ) ;
#789 = CARTESIAN_POINT ( 'NONE',  ( 3.275930187662588306E-16, 9.450000000015279511, 2.674999999953797669 ) ) ;
#790 = ORIENTED_EDGE ( 'NONE', *, *, #2037, .T. ) ;
#791 = FILL_AREA_STYLE_COLOUR ( '', #485 ) ;
#792 = ORIENTED_EDGE ( 'NONE', *, *, #1156, .F. ) ;
#793 = AXIS2_PLACEMENT_3D ( 'NONE', #1026, #915, #1544 ) ;
#794 = CARTESIAN_POINT ( 'NONE',  ( 0.000000000000000000, -3.950000000000000178, 0.000000000000000000 ) ) ;
#795 = CARTESIAN_POINT ( 'NONE',  ( 0.000000000000000000, 8.789999999999999147, 0.000000000000000000 ) ) ;
#796 = CIRCLE ( 'NONE', #1589, 4.750000000000000000 ) ;
#797 = VECTOR ( 'NONE', #1069, 1000.000000000000000 ) ;
#798 = VERTEX_POINT ( 'NONE', #1841 ) ;
#799 = CIRCLE ( 'NONE', #1593, 3.165000000000000480 ) ;
#800 = FACE_OUTER_BOUND ( 'NONE', #434, .T. ) ;
#801 = MECHANICAL_DESIGN_GEOMETRIC_PRESENTATION_REPRESENTATION (  '', ( #1379 ), #2123 ) ;
#802 = LINE ( 'NONE', #317, #1130 ) ;
#803 = VERTEX_POINT ( 'NONE', #812 ) ;
#804 = AXIS2_PLACEMENT_3D ( 'NONE', #380, #1022, #679 ) ;
#805 =( LENGTH_UNIT ( ) NAMED_UNIT ( * ) SI_UNIT ( .MILLI., .METRE. ) );
#806 = ORIENTED_EDGE ( 'NONE', *, *, #107, .T. ) ;
#807 = CYLINDRICAL_SURFACE ( 'NONE', #10, 2.674999999999999822 ) ;
#808 = CARTESIAN_POINT ( 'NONE',  ( -5.421010862427519705E-17, 7.650000000000000355, -0.4199999999999999845 ) ) ;
#809 = ADVANCED_FACE ( 'NONE', ( #833 ), #466, .T. ) ;
#810 = VERTEX_POINT ( 'NONE', #1663 ) ;
#811 = LINE ( 'NONE', #1496, #627 ) ;
#812 = CARTESIAN_POINT ( 'NONE',  ( 3.211308144666281006, 1.800000000000000488, -3.500000000000000000 ) ) ;
#813 = ORIENTED_EDGE ( 'NONE', *, *, #1217, .T. ) ;
#814 = LINE ( 'NONE', #1665, #1136 ) ;
#815 = EDGE_CURVE ( 'NONE', #630, #1767, #1497, .T. ) ;
#816 = ORIENTED_EDGE ( 'NONE', *, *, #258, .T. ) ;
#817 = DIRECTION ( 'NONE',  ( -0.000000000000000000, 1.000000000000000000, -0.000000000000000000 ) ) ;
#818 = DIRECTION ( 'NONE',  ( 0.000000000000000000, -0.000000000000000000, 1.000000000000000000 ) ) ;
#819 = ORIENTED_EDGE ( 'NONE', *, *, #926, .F. ) ;
#820 = CARTESIAN_POINT ( 'NONE',  ( -2.029999999999999805, 0.5000000000000003331, -2.029999999999999805 ) ) ;
#821 = DIRECTION ( 'NONE',  ( 1.000000000000000000, 0.000000000000000000, -0.000000000000000000 ) ) ;
#822 = ORIENTED_EDGE ( 'NONE', *, *, #395, .F. ) ;
#823 = DIRECTION ( 'NONE',  ( 0.000000000000000000, -0.000000000000000000, -1.000000000000000000 ) ) ;
#824 = EDGE_LOOP ( 'NONE', ( #1002, #792, #528, #874, #896, #1431, #1919 ) ) ;
#825 = FACE_OUTER_BOUND ( 'NONE', #761, .T. ) ;
#826 = DIRECTION ( 'NONE',  ( 0.000000000000000000, 1.000000000000000000, 0.000000000000000000 ) ) ;
#827 = AXIS2_PLACEMENT_3D ( 'NONE', #1990, #304, #132 ) ;
#828 = AXIS2_PLACEMENT_3D ( 'NONE', #754, #2103, #1106 ) ;
#829 = ORIENTED_EDGE ( 'NONE', *, *, #2199, .F. ) ;
#830 = VECTOR ( 'NONE', #1724, 1000.000000000000000 ) ;
#831 = CYLINDRICAL_SURFACE ( 'NONE', #2047, 4.750000000000000000 ) ;
#832 = AXIS2_PLACEMENT_3D ( 'NONE', #170, #1697, #856 ) ;
#833 = FACE_OUTER_BOUND ( 'NONE', #1471, .T. ) ;
#834 = VERTEX_POINT ( 'NONE', #1707 ) ;
#835 = VECTOR ( 'NONE', #1617, 1000.000000000000000 ) ;
#836 = PRESENTATION_STYLE_ASSIGNMENT (( #1685 ) ) ;
#837 = AXIS2_PLACEMENT_3D ( 'NONE', #1892, #1016, #1388 ) ;
#838 = ORIENTED_EDGE ( 'NONE', *, *, #566, .F. ) ;
#839 = PLANE ( 'NONE',  #2011 ) ;
#840 = CIRCLE ( 'NONE', #1483, 2.049999999999999822 ) ;
#841 = CARTESIAN_POINT ( 'NONE',  ( 0.3350000000000000200, -3.604999999999999982, 0.000000000000000000 ) ) ;
#842 = ADVANCED_FACE ( 'NONE', ( #180 ), #339, .T. ) ;
#843 = AXIS2_PLACEMENT_3D ( 'NONE', #432, #1123, #1092 ) ;
#844 = VERTEX_POINT ( 'NONE', #1018 ) ;
#845 = FACE_OUTER_BOUND ( 'NONE', #518, .T. ) ;
#846 = DIRECTION ( 'NONE',  ( -1.000000000000000000, 0.000000000000000000, -0.000000000000000000 ) ) ;
#847 = EDGE_LOOP ( 'NONE', ( #594, #2094, #310, #829 ) ) ;
#848 = DIRECTION ( 'NONE',  ( 0.000000000000000000, -0.000000000000000000, 1.000000000000000000 ) ) ;
#849 = ADVANCED_FACE ( 'NONE', ( #1529, #2075 ), #536, .T. ) ;
#850 = DIRECTION ( 'NONE',  ( -0.000000000000000000, 1.000000000000000000, 0.000000000000000000 ) ) ;
#851 = FACE_OUTER_BOUND ( 'NONE', #1632, .T. ) ;
#852 = EDGE_CURVE ( 'NONE', #153, #1358, #1975, .T. ) ;
#853 = ORIENTED_EDGE ( 'NONE', *, *, #692, .F. ) ;
#854 = ADVANCED_FACE ( 'NONE', ( #1399 ), #867, .T. ) ;
#855 = FACE_OUTER_BOUND ( 'NONE', #847, .T. ) ;
#856 = DIRECTION ( 'NONE',  ( 0.000000000000000000, -0.000000000000000000, 1.000000000000000000 ) ) ;
#857 = ORIENTED_EDGE ( 'NONE', *, *, #1189, .T. ) ;
#858 = LINE ( 'NONE', #1539, #1523 ) ;
#859 = DIRECTION ( 'NONE',  ( 1.000000000000000000, 0.000000000000000000, -0.000000000000000000 ) ) ;
#860 = ORIENTED_EDGE ( 'NONE', *, *, #1450, .T. ) ;
#861 = EDGE_CURVE ( 'NONE', #382, #887, #370, .T. ) ;
#862 = CYLINDRICAL_SURFACE ( 'NONE', #1418, 0.6036011904761909852 ) ;
#863 = CARTESIAN_POINT ( 'NONE',  ( 1.084202172485499997E-16, 7.650000000000000355, -0.4699999999999999734 ) ) ;
#864 = ORIENTED_EDGE ( 'NONE', *, *, #238, .T. ) ;
#865 = CIRCLE ( 'NONE', #909, 0.6350000000000000089 ) ;
#866 = FACE_OUTER_BOUND ( 'NONE', #1847, .T. ) ;
#867 = CYLINDRICAL_SURFACE ( 'NONE', #983, 3.149999999999999911 ) ;
#868 = ORIENTED_EDGE ( 'NONE', *, *, #2198, .F. ) ;
#869 = AXIS2_PLACEMENT_3D ( 'NONE', #1559, #1738, #1222 ) ;
#870 = ORIENTED_EDGE ( 'NONE', *, *, #2180, .F. ) ;
#871 = VECTOR ( 'NONE', #821, 1000.000000000000000 ) ;
#872 = CARTESIAN_POINT ( 'NONE',  ( -2.029999999999999805, -3.950000000000000178, 3.500000000000000000 ) ) ;
#873 = CARTESIAN_POINT ( 'NONE',  ( 0.000000000000000000, -3.950000000000000178, -2.674999999999999822 ) ) ;
#874 = ORIENTED_EDGE ( 'NONE', *, *, #1443, .F. ) ;
#875 = VECTOR ( 'NONE', #2130, 1000.000000000000000 ) ;
#876 = CARTESIAN_POINT ( 'NONE',  ( 0.000000000000000000, -3.950000000000000178, -3.149999999999999911 ) ) ;
#877 = FACE_OUTER_BOUND ( 'NONE', #1884, .T. ) ;
#878 = CIRCLE ( 'NONE', #481, 0.6505585106382980598 ) ;
#879 = VERTEX_POINT ( 'NONE', #1881 ) ;
#880 = CIRCLE ( 'NONE', #919, 4.750000000000000000 ) ;
#881 = ADVANCED_FACE ( 'NONE', ( #16, #2052 ), #1364, .F. ) ;
#882 = EDGE_LOOP ( 'NONE', ( #526, #1071, #1722, #545, #1991, #1920, #648, #462 ) ) ;
#883 = ADVANCED_FACE ( 'NONE', ( #1053 ), #1551, .T. ) ;
#884 = DIRECTION ( 'NONE',  ( 0.000000000000000000, -1.000000000000000000, 0.000000000000000000 ) ) ;
#885 = DIRECTION ( 'NONE',  ( -0.000000000000000000, 1.000000000000000000, -0.000000000000000000 ) ) ;
#886 = DIRECTION ( 'NONE',  ( -0.000000000000000000, -1.000000000000000000, 0.000000000000000000 ) ) ;
#887 = VERTEX_POINT ( 'NONE', #1 ) ;
#888 = DIRECTION ( 'NONE',  ( 0.000000000000000000, 1.000000000000000000, 0.000000000000000000 ) ) ;
#889 = DIRECTION ( 'NONE',  ( -1.000000000000000000, -0.000000000000000000, 0.000000000000000000 ) ) ;
#890 = VERTEX_POINT ( 'NONE', #1563 ) ;
#891 = EDGE_CURVE ( 'NONE', #134, #803, #715, .T. ) ;
#892 = CARTESIAN_POINT ( 'NONE',  ( -3.049999999999999378, -3.950000000000000178, -3.049999999999999378 ) ) ;
#893 = DIRECTION ( 'NONE',  ( 0.000000000000000000, 0.000000000000000000, 1.000000000000000000 ) ) ;
#894 = EDGE_CURVE ( 'NONE', #1386, #2209, #1304, .T. ) ;
#895 = LINE ( 'NONE', #1276, #2150 ) ;
#896 = ORIENTED_EDGE ( 'NONE', *, *, #283, .T. ) ;
#897 = LINE ( 'NONE', #252, #1422 ) ;
#898 = ORIENTED_EDGE ( 'NONE', *, *, #1542, .F. ) ;
#899 = ORIENTED_EDGE ( 'NONE', *, *, #1883, .F. ) ;
#900 = DIRECTION ( 'NONE',  ( 0.000000000000000000, -1.000000000000000000, -0.000000000000000000 ) ) ;
#901 = DIRECTION ( 'NONE',  ( -0.000000000000000000, 1.000000000000000000, -0.000000000000000000 ) ) ;
#902 = VERTEX_POINT ( 'NONE', #689 ) ;
#903 = LINE ( 'NONE', #443, #1660 ) ;
#904 = CARTESIAN_POINT ( 'NONE',  ( 0.000000000000000000, 6.250000000000000000, 0.000000000000000000 ) ) ;
#905 = DIRECTION ( 'NONE',  ( 1.000000000000000000, 0.000000000000000000, 0.000000000000000000 ) ) ;
#906 = CARTESIAN_POINT ( 'NONE',  ( 3.049999999999999822, -3.950000000000000178, -2.029999999999999805 ) ) ;
#907 = DIRECTION ( 'NONE',  ( -0.000000000000000000, 0.000000000000000000, 1.000000000000000000 ) ) ;
#908 = ORIENTED_EDGE ( 'NONE', *, *, #681, .F. ) ;
#909 = AXIS2_PLACEMENT_3D ( 'NONE', #1390, #752, #743 ) ;
#910 = AXIS2_PLACEMENT_3D ( 'NONE', #724, #1924, #397 ) ;
#911 = DIRECTION ( 'NONE',  ( 0.000000000000000000, 0.000000000000000000, -1.000000000000000000 ) ) ;
#912 = ORIENTED_EDGE ( 'NONE', *, *, #25, .F. ) ;
#913 = AXIS2_PLACEMENT_3D ( 'NONE', #1425, #398, #936 ) ;
#914 = DIRECTION ( 'NONE',  ( 0.000000000000000000, 0.000000000000000000, -1.000000000000000000 ) ) ;
#915 = DIRECTION ( 'NONE',  ( 0.000000000000000000, -1.000000000000000000, 0.000000000000000000 ) ) ;
#916 = AXIS2_PLACEMENT_3D ( 'NONE', #1647, #1140, #1628 ) ;
#917 = FACE_OUTER_BOUND ( 'NONE', #379, .T. ) ;
#918 = AXIS2_PLACEMENT_3D ( 'NONE', #2060, #2087, #2074 ) ;
#919 = AXIS2_PLACEMENT_3D ( 'NONE', #1509, #1851, #480 ) ;
#920 = PLANE ( 'NONE',  #2090 ) ;
#921 = LINE ( 'NONE', #1894, #1370 ) ;
#922 = EDGE_CURVE ( 'NONE', #1417, #834, #1389, .T. ) ;
#923 = DIRECTION ( 'NONE',  ( -0.000000000000000000, 1.000000000000000000, -0.000000000000000000 ) ) ;
#924 =( NAMED_UNIT ( * ) PLANE_ANGLE_UNIT ( ) SI_UNIT ( $, .RADIAN. ) );
#925 = ORIENTED_EDGE ( 'NONE', *, *, #1569, .F. ) ;
#926 = EDGE_CURVE ( 'NONE', #1742, #2143, #365, .T. ) ;
#927 = CARTESIAN_POINT ( 'NONE',  ( -3.500000000000000000, 0.5000000000000002220, 2.029999999999999805 ) ) ;
#928 = DIRECTION ( 'NONE',  ( 0.000000000000000000, 0.000000000000000000, -1.000000000000000000 ) ) ;
#929 = CARTESIAN_POINT ( 'NONE',  ( 0.000000000000000000, 9.000000000000001776, 0.000000000000000000 ) ) ;
#930 = DIRECTION ( 'NONE',  ( 0.000000000000000000, -1.000000000000000000, 0.000000000000000000 ) ) ;
#931 = VERTEX_POINT ( 'NONE', #1367 ) ;
#932 = SHAPE_DEFINITION_REPRESENTATION ( #447, #578 ) ;
#933 = SURFACE_STYLE_FILL_AREA ( #585 ) ;
#934 = EDGE_LOOP ( 'NONE', ( #1752, #1807 ) ) ;
#935 = LINE ( 'NONE', #1448, #1056 ) ;
#936 = DIRECTION ( 'NONE',  ( 0.000000000000000000, 0.000000000000000000, 1.000000000000000000 ) ) ;
#937 = LINE ( 'NONE', #2145, #762 ) ;
#938 = VERTEX_POINT ( 'NONE', #1393 ) ;
#939 = CARTESIAN_POINT ( 'NONE',  ( 2.029999999999999805, 0.5000000000000003331, -2.029999999999999805 ) ) ;
#940 = ORIENTED_EDGE ( 'NONE', *, *, #2118, .T. ) ;
#941 = VERTEX_POINT ( 'NONE', #709 ) ;
#942 = CARTESIAN_POINT ( 'NONE',  ( -3.500000000000000000, 1.800000000000000266, -3.211308144666280118 ) ) ;
#943 = SURFACE_SIDE_STYLE ('',( #933 ) ) ;
#944 = ORIENTED_EDGE ( 'NONE', *, *, #1855, .T. ) ;
#945 = AXIS2_PLACEMENT_3D ( 'NONE', #1513, #1526, #504 ) ;
#946 = CIRCLE ( 'NONE', #1515, 2.314999999999999947 ) ;
#947 = FACE_OUTER_BOUND ( 'NONE', #1879, .T. ) ;
#948 = CARTESIAN_POINT ( 'NONE',  ( -3.049999999999999378, 0.000000000000000000, -3.049999999999999378 ) ) ;
#949 = AXIS2_PLACEMENT_3D ( 'NONE', #173, #2079, #1219 ) ;
#950 = VECTOR ( 'NONE', #175, 1000.000000000000000 ) ;
#951 = DIRECTION ( 'NONE',  ( 0.000000000000000000, -0.000000000000000000, -1.000000000000000000 ) ) ;
#952 = CIRCLE ( 'NONE', #335, 2.049999999999999822 ) ;
#953 = ORIENTED_EDGE ( 'NONE', *, *, #2118, .F. ) ;
#954 = EDGE_CURVE ( 'NONE', #2196, #2067, #4, .T. ) ;
#955 = EDGE_CURVE ( 'NONE', #505, #1236, #1412, .T. ) ;
#956 = VECTOR ( 'NONE', #900, 1000.000000000000000 ) ;
#957 = LINE ( 'NONE', #779, #192 ) ;
#958 = LINE ( 'NONE', #1635, #982 ) ;
#959 = EDGE_CURVE ( 'NONE', #1615, #890, #32, .T. ) ;
#960 = ORIENTED_EDGE ( 'NONE', *, *, #2073, .T. ) ;
#961 = ADVANCED_FACE ( 'NONE', ( #1381 ), #201, .F. ) ;
#962 = FACE_OUTER_BOUND ( 'NONE', #773, .T. ) ;
#963 = CARTESIAN_POINT ( 'NONE',  ( -2.029999999999999805, -3.950000000000000178, 3.049999999999999378 ) ) ;
#964 = DIRECTION ( 'NONE',  ( 1.000000000000000000, 0.000000000000000000, -0.000000000000000000 ) ) ;
#965 = ORIENTED_EDGE ( 'NONE', *, *, #557, .T. ) ;
#966 = FACE_OUTER_BOUND ( 'NONE', #1821, .T. ) ;
#967 = CARTESIAN_POINT ( 'NONE',  ( -3.500000000000000000, 0.5000000000000000000, -3.211308144666280118 ) ) ;
#968 = ORIENTED_EDGE ( 'NONE', *, *, #459, .T. ) ;
#969 = CARTESIAN_POINT ( 'NONE',  ( 0.6350000000000000089, 7.519999999999999574, 0.000000000000000000 ) ) ;
#970 = DIRECTION ( 'NONE',  ( 0.000000000000000000, 1.000000000000000000, 0.000000000000000000 ) ) ;
#971 = CARTESIAN_POINT ( 'NONE',  ( 2.029999999999999805, -3.950000000000000178, 3.049999999999999822 ) ) ;
#972 = ORIENTED_EDGE ( 'NONE', *, *, #584, .F. ) ;
#973 = DIRECTION ( 'NONE',  ( -0.000000000000000000, 1.000000000000000000, -0.000000000000000000 ) ) ;
#974 = CARTESIAN_POINT ( 'NONE',  ( 0.6250000000000002220, 7.650000000000000355, 6.776263578034402713E-17 ) ) ;
#975 = ORIENTED_EDGE ( 'NONE', *, *, #1117, .T. ) ;
#976 = EDGE_CURVE ( 'NONE', #2173, #52, #1082, .T. ) ;
#977 = SURFACE_SIDE_STYLE ('',( #1193 ) ) ;
#978 = ORIENTED_EDGE ( 'NONE', *, *, #1292, .T. ) ;
#979 = VERTEX_POINT ( 'NONE', #1208 ) ;
#980 = LINE ( 'NONE', #1316, #1865 ) ;
#981 = DIRECTION ( 'NONE',  ( 0.000000000000000000, -1.000000000000000000, 0.000000000000000000 ) ) ;
#982 = VECTOR ( 'NONE', #1673, 1000.000000000000000 ) ;
#983 = AXIS2_PLACEMENT_3D ( 'NONE', #1040, #1204, #2208 ) ;
#984 = VERTEX_POINT ( 'NONE', #540 ) ;
#985 = LINE ( 'NONE', #1839, #194 ) ;
#986 = CIRCLE ( 'NONE', #234, 2.049999999999999822 ) ;
#987 = EDGE_CURVE ( 'NONE', #2152, #1159, #1913, .T. ) ;
#988 = DIRECTION ( 'NONE',  ( 0.000000000000000000, 0.000000000000000000, -1.000000000000000000 ) ) ;
#989 = ORIENTED_EDGE ( 'NONE', *, *, #1649, .T. ) ;
#990 =( NAMED_UNIT ( * ) SI_UNIT ( $, .STERADIAN. ) SOLID_ANGLE_UNIT ( ) );
#991 = ORIENTED_EDGE ( 'NONE', *, *, #1670, .T. ) ;
#992 = EDGE_CURVE ( 'NONE', #56, #570, #1721, .T. ) ;
#993 = DIRECTION ( 'NONE',  ( 0.000000000000000000, 0.000000000000000000, -1.000000000000000000 ) ) ;
#994 = CARTESIAN_POINT ( 'NONE',  ( -3.211308144666280118, 0.000000000000000000, 3.500000000000000000 ) ) ;
#995 = ORIENTED_EDGE ( 'NONE', *, *, #566, .T. ) ;
#996 = FACE_OUTER_BOUND ( 'NONE', #2063, .T. ) ;
#997 = DIRECTION ( 'NONE',  ( 0.000000000000000000, -1.000000000000000000, 0.000000000000000000 ) ) ;
#998 = ORIENTED_EDGE ( 'NONE', *, *, #1873, .F. ) ;
#999 = EDGE_LOOP ( 'NONE', ( #83, #753, #497, #639 ) ) ;
#1000 = CARTESIAN_POINT ( 'NONE',  ( -3.500000000000000000, -3.950000000000000178, -2.029999999999999805 ) ) ;
#1001 = DIRECTION ( 'NONE',  ( 0.000000000000000000, -1.000000000000000000, 0.000000000000000000 ) ) ;
#1002 = ORIENTED_EDGE ( 'NONE', *, *, #223, .F. ) ;
#1003 = PLANE ( 'NONE',  #1802 ) ;
#1004 = CARTESIAN_POINT ( 'NONE',  ( 1.084202172485499997E-16, 7.650000000000000355, 0.1805585106382980309 ) ) ;
#1005 = ORIENTED_EDGE ( 'NONE', *, *, #1420, .F. ) ;
#1006 = EDGE_CURVE ( 'NONE', #1791, #1109, #1403, .T. ) ;
#1007 = FACE_BOUND ( 'NONE', #1824, .T. ) ;
#1008 = ORIENTED_EDGE ( 'NONE', *, *, #1486, .T. ) ;
#1009 = CARTESIAN_POINT ( 'NONE',  ( 0.000000000000000000, 8.789999999999999147, -3.165000000000000480 ) ) ;
#1010 = CARTESIAN_POINT ( 'NONE',  ( -3.049999999999999378, -3.950000000000000178, 2.029999999999999805 ) ) ;
#1011 = CIRCLE ( 'NONE', #44, 0.6350000000000000089 ) ;
#1012 = AXIS2_PLACEMENT_3D ( 'NONE', #414, #256, #1445 ) ;
#1013 = ORIENTED_EDGE ( 'NONE', *, *, #91, .F. ) ;
#1014 = AXIS2_PLACEMENT_3D ( 'NONE', #524, #1716, #677 ) ;
#1015 = ADVANCED_FACE ( 'NONE', ( #1874 ), #1074, .T. ) ;
#1016 = DIRECTION ( 'NONE',  ( -0.000000000000000000, 1.000000000000000000, -0.000000000000000000 ) ) ;
#1017 = AXIS2_PLACEMENT_3D ( 'NONE', #2095, #1633, #1395 ) ;
#1018 = CARTESIAN_POINT ( 'NONE',  ( 2.029999999999999805, -3.950000000000000178, -3.049999999999999378 ) ) ;
#1019 = ORIENTED_EDGE ( 'NONE', *, *, #1387, .T. ) ;
#1020 = EDGE_CURVE ( 'NONE', #1606, #664, #265, .T. ) ;
#1021 = PRESENTATION_LAYER_ASSIGNMENT (  '', '', ( #1979 ) ) ;
#1022 = DIRECTION ( 'NONE',  ( 0.000000000000000000, 0.000000000000000000, 1.000000000000000000 ) ) ;
#1023 = EDGE_CURVE ( 'NONE', #1565, #1391, #1799, .T. ) ;
#1024 = CIRCLE ( 'NONE', #1699, 0.6505585106382980598 ) ;
#1025 = CARTESIAN_POINT ( 'NONE',  ( 4.313351365237940271, -3.950000000000000178, -3.049999999999999822 ) ) ;
#1026 = CARTESIAN_POINT ( 'NONE',  ( 0.000000000000000000, 4.549999999999999822, 0.000000000000000000 ) ) ;
#1027 = EDGE_CURVE ( 'NONE', #2119, #1930, #353, .T. ) ;
#1028 = EDGE_LOOP ( 'NONE', ( #1623, #778, #1293, #1704, #1242, #819, #1114, #1661 ) ) ;
#1029 = FACE_OUTER_BOUND ( 'NONE', #717, .T. ) ;
#1030 = DIRECTION ( 'NONE',  ( 0.000000000000000000, 0.000000000000000000, -1.000000000000000000 ) ) ;
#1031 = EDGE_CURVE ( 'NONE', #938, #984, #680, .T. ) ;
#1032 = ORIENTED_EDGE ( 'NONE', *, *, #1808, .F. ) ;
#1033 = CARTESIAN_POINT ( 'NONE',  ( 3.500000000000000000, 0.000000000000000000, 2.029999999999999805 ) ) ;
#1034 = CARTESIAN_POINT ( 'NONE',  ( 3.500000000000000000, 1.800000000000000266, -3.211308144666280118 ) ) ;
#1035 = CARTESIAN_POINT ( 'NONE',  ( 2.510525938252073693E-16, 7.620000000000000107, 2.049999999999999822 ) ) ;
#1036 = DIRECTION ( 'NONE',  ( 0.000000000000000000, -1.000000000000000000, 0.000000000000000000 ) ) ;
#1037 = EDGE_LOOP ( 'NONE', ( #612, #1328, #1837, #1211 ) ) ;
#1038 = ORIENTED_EDGE ( 'NONE', *, *, #1974, .T. ) ;
#1039 = CARTESIAN_POINT ( 'NONE',  ( 3.174999999999999822, 4.549999999999999822, 0.000000000000000000 ) ) ;
#1040 = CARTESIAN_POINT ( 'NONE',  ( 0.000000000000000000, -3.950000000000000178, 0.000000000000000000 ) ) ;
#1041 = ORIENTED_EDGE ( 'NONE', *, *, #1006, .F. ) ;
#1042 = ORIENTED_EDGE ( 'NONE', *, *, #703, .F. ) ;
#1043 = CARTESIAN_POINT ( 'NONE',  ( -0.6250000000000001110, 6.250000000000000000, 2.574980159653073031E-16 ) ) ;
#1044 = DIRECTION ( 'NONE',  ( 0.000000000000000000, 1.000000000000000000, 0.000000000000000000 ) ) ;
#1045 = ORIENTED_EDGE ( 'NONE', *, *, #1261, .T. ) ;
#1046 = DIRECTION ( 'NONE',  ( 0.000000000000000000, 0.000000000000000000, -1.000000000000000000 ) ) ;
#1047 = ADVANCED_FACE ( 'NONE', ( #185 ), #1580, .T. ) ;
#1048 = LINE ( 'NONE', #863, #262 ) ;
#1049 = EDGE_CURVE ( 'NONE', #547, #2019, #1735, .T. ) ;
#1050 = ORIENTED_EDGE ( 'NONE', *, *, #230, .T. ) ;
#1051 = CIRCLE ( 'NONE', #1902, 2.674999999999999822 ) ;
#1052 = PLANE ( 'NONE',  #663 ) ;
#1053 = FACE_OUTER_BOUND ( 'NONE', #1354, .T. ) ;
#1054 = LINE ( 'NONE', #1732, #226 ) ;
#1055 = EDGE_CURVE ( 'NONE', #1397, #644, #1416, .T. ) ;
#1056 = VECTOR ( 'NONE', #1607, 1000.000000000000000 ) ;
#1057 = VERTEX_POINT ( 'NONE', #393 ) ;
#1058 = ADVANCED_FACE ( 'NONE', ( #1754 ), #1729, .T. ) ;
#1059 = AXIS2_PLACEMENT_3D ( 'NONE', #1226, #1030, #846 ) ;
#1060 = CARTESIAN_POINT ( 'NONE',  ( 0.000000000000000000, 0.5000000000000004441, 0.000000000000000000 ) ) ;
#1061 = DIRECTION ( 'NONE',  ( 0.000000000000000000, 0.000000000000000000, -1.000000000000000000 ) ) ;
#1062 = ORIENTED_EDGE ( 'NONE', *, *, #544, .T. ) ;
#1063 = AXIS2_PLACEMENT_3D ( 'NONE', #1336, #1875, #355 ) ;
#1064 = CARTESIAN_POINT ( 'NONE',  ( 4.313351365237940271, -3.950000000000000178, 3.049999999999999822 ) ) ;
#1065 = DIRECTION ( 'NONE',  ( 0.000000000000000000, 0.000000000000000000, -1.000000000000000000 ) ) ;
#1066 = AXIS2_PLACEMENT_3D ( 'NONE', #316, #113, #2014 ) ;
#1067 = ORIENTED_EDGE ( 'NONE', *, *, #275, .F. ) ;
#1068 =( GEOMETRIC_REPRESENTATION_CONTEXT ( 3 ) GLOBAL_UNCERTAINTY_ASSIGNED_CONTEXT ( ( #2070 ) ) GLOBAL_UNIT_ASSIGNED_CONTEXT ( ( #1613, #1295, #598 ) ) REPRESENTATION_CONTEXT ( 'NONE', 'WORKASPACE' ) );
#1069 = DIRECTION ( 'NONE',  ( 0.000000000000000000, 0.000000000000000000, -1.000000000000000000 ) ) ;
#1070 = DIRECTION ( 'NONE',  ( 0.000000000000000000, -1.000000000000000000, 0.000000000000000000 ) ) ;
#1071 = ORIENTED_EDGE ( 'NONE', *, *, #2112, .F. ) ;
#1072 = ORIENTED_EDGE ( 'NONE', *, *, #133, .T. ) ;
#1073 = DIRECTION ( 'NONE',  ( 0.000000000000000000, 0.000000000000000000, -1.000000000000000000 ) ) ;
#1074 = CYLINDRICAL_SURFACE ( 'NONE', #2086, 4.750000000000000000 ) ;
#1075 = ORIENTED_EDGE ( 'NONE', *, *, #1027, .F. ) ;
#1076 = LINE ( 'NONE', #711, #1518 ) ;
#1077 = CARTESIAN_POINT ( 'NONE',  ( -5.021051876504147385E-16, 7.520000000000000462, -2.049999999999999822 ) ) ;
#1078 = LINE ( 'NONE', #1572, #1274 ) ;
#1079 = DIRECTION ( 'NONE',  ( -1.000000000000000000, -0.000000000000000000, 0.000000000000000000 ) ) ;
#1080 = ORIENTED_EDGE ( 'NONE', *, *, #445, .F. ) ;
#1081 = VERTEX_POINT ( 'NONE', #1947 ) ;
#1082 = LINE ( 'NONE', #222, #1938 ) ;
#1083 = VERTEX_POINT ( 'NONE', #1433 ) ;
#1084 = LINE ( 'NONE', #277, #267 ) ;
#1085 = CARTESIAN_POINT ( 'NONE',  ( 0.5749999999999995115, 6.250000000000000000, -9.215718466126787689E-16 ) ) ;
#1086 = CARTESIAN_POINT ( 'NONE',  ( 3.211308144666281006, 0.000000000000000000, 3.500000000000000000 ) ) ;
#1087 = EDGE_CURVE ( 'NONE', #2007, #171, #84, .T. ) ;
#1088 =( LENGTH_UNIT ( ) NAMED_UNIT ( * ) SI_UNIT ( .MILLI., .METRE. ) );
#1089 = ORIENTED_EDGE ( 'NONE', *, *, #1268, .T. ) ;
#1090 = ADVANCED_FACE ( 'NONE', ( #1925 ), #216, .T. ) ;
#1091 = AXIS2_PLACEMENT_3D ( 'NONE', #2099, #1227, #1260 ) ;
#1092 = DIRECTION ( 'NONE',  ( 1.000000000000000000, 0.000000000000000000, 0.000000000000000000 ) ) ;
#1093 = AXIS2_PLACEMENT_3D ( 'NONE', #2113, #588, #763 ) ;
#1094 = CARTESIAN_POINT ( 'NONE',  ( -3.499999999999999556, 1.800000000000000266, 0.000000000000000000 ) ) ;
#1095 = ORIENTED_EDGE ( 'NONE', *, *, #2180, .T. ) ;
#1096 = AXIS2_PLACEMENT_3D ( 'NONE', #551, #513, #911 ) ;
#1097 = CARTESIAN_POINT ( 'NONE',  ( 3.876007119301373316E-16, 4.549999999999999822, 3.165000000000000480 ) ) ;
#1098 = AXIS2_PLACEMENT_3D ( 'NONE', #1679, #2009, #1174 ) ;
#1099 = CARTESIAN_POINT ( 'NONE',  ( 3.049999999999999822, 0.000000000000000000, 2.029999999999999805 ) ) ;
#1100 = DIRECTION ( 'NONE',  ( 0.000000000000000000, 0.000000000000000000, -1.000000000000000000 ) ) ;
#1101 = ADVANCED_FACE ( 'NONE', ( #917 ), #590, .T. ) ;
#1102 = VECTOR ( 'NONE', #1415, 1000.000000000000000 ) ;
#1103 = CARTESIAN_POINT ( 'NONE',  ( 2.029999999999999805, 0.5000000000000004441, 2.029999999999999805 ) ) ;
#1104 = ORIENTED_EDGE ( 'NONE', *, *, #230, .F. ) ;
#1105 = ORIENTED_EDGE ( 'NONE', *, *, #922, .F. ) ;
#1106 = DIRECTION ( 'NONE',  ( 0.000000000000000000, 0.000000000000000000, -1.000000000000000000 ) ) ;
#1107 = CARTESIAN_POINT ( 'NONE',  ( 0.5749999999999995115, 7.650000000000000355, -9.080193194566099635E-16 ) ) ;
#1108 = DIRECTION ( 'NONE',  ( -0.000000000000000000, 1.000000000000000000, 0.000000000000000000 ) ) ;
#1109 = VERTEX_POINT ( 'NONE', #407 ) ;
#1110 = DIRECTION ( 'NONE',  ( 0.000000000000000000, -1.000000000000000000, 0.000000000000000000 ) ) ;
#1111 = ORIENTED_EDGE ( 'NONE', *, *, #390, .F. ) ;
#1112 = DIRECTION ( 'NONE',  ( 0.000000000000000000, 0.000000000000000000, -1.000000000000000000 ) ) ;
#1113 = LINE ( 'NONE', #614, #1830 ) ;
#1114 = ORIENTED_EDGE ( 'NONE', *, *, #22, .T. ) ;
#1115 = CARTESIAN_POINT ( 'NONE',  ( 0.000000000000000000, 4.549999999999999822, 0.000000000000000000 ) ) ;
#1116 = DIRECTION ( 'NONE',  ( 0.000000000000000000, 0.000000000000000000, -1.000000000000000000 ) ) ;
#1117 = EDGE_CURVE ( 'NONE', #1411, #2152, #895, .T. ) ;
#1118 = EDGE_CURVE ( 'NONE', #781, #803, #1078, .T. ) ;
#1119 = DIRECTION ( 'NONE',  ( 0.000000000000000000, -1.000000000000000000, 0.000000000000000000 ) ) ;
#1120 = VERTEX_POINT ( 'NONE', #1903 ) ;
#1121 = DIRECTION ( 'NONE',  ( -0.000000000000000000, -1.000000000000000000, 0.000000000000000000 ) ) ;
#1122 = EDGE_CURVE ( 'NONE', #219, #1131, #1164, .T. ) ;
#1123 = DIRECTION ( 'NONE',  ( 0.000000000000000000, 0.000000000000000000, 1.000000000000000000 ) ) ;
#1124 = AXIS2_PLACEMENT_3D ( 'NONE', #635, #1439, #2115 ) ;
#1125 = ORIENTED_EDGE ( 'NONE', *, *, #313, .F. ) ;
#1126 = AXIS2_PLACEMENT_3D ( 'NONE', #60, #1768, #241 ) ;
#1127 = VECTOR ( 'NONE', #114, 1000.000000000000000 ) ;
#1128 = DIRECTION ( 'NONE',  ( 0.000000000000000000, -0.000000000000000000, 1.000000000000000000 ) ) ;
#1129 = DIRECTION ( 'NONE',  ( 0.000000000000000000, 0.000000000000000000, -1.000000000000000000 ) ) ;
#1130 = VECTOR ( 'NONE', #659, 1000.000000000000000 ) ;
#1131 = VERTEX_POINT ( 'NONE', #1107 ) ;
#1132 = AXIS2_PLACEMENT_3D ( 'NONE', #495, #311, #1183 ) ;
#1133 = DIRECTION ( 'NONE',  ( -0.000000000000000000, 1.000000000000000000, 0.000000000000000000 ) ) ;
#1134 = AXIS2_PLACEMENT_3D ( 'NONE', #1039, #179, #714 ) ;
#1135 = ORIENTED_EDGE ( 'NONE', *, *, #1959, .T. ) ;
#1136 = VECTOR ( 'NONE', #457, 1000.000000000000000 ) ;
#1137 = CYLINDRICAL_SURFACE ( 'NONE', #1243, 0.6505585106382980598 ) ;
#1138 = DIRECTION ( 'NONE',  ( 0.000000000000000000, 0.000000000000000000, -1.000000000000000000 ) ) ;
#1139 = VERTEX_POINT ( 'NONE', #77 ) ;
#1140 = DIRECTION ( 'NONE',  ( 0.000000000000000000, -1.000000000000000000, 0.000000000000000000 ) ) ;
#1141 = CARTESIAN_POINT ( 'NONE',  ( -3.500000000000000000, 0.5000000000000004441, -2.029999999999999805 ) ) ;
#1142 = ORIENTED_EDGE ( 'NONE', *, *, #1611, .F. ) ;
#1143 = FACE_OUTER_BOUND ( 'NONE', #702, .T. ) ;
#1144 = FACE_OUTER_BOUND ( 'NONE', #416, .T. ) ;
#1145 = EDGE_CURVE ( 'NONE', #1743, #308, #1739, .T. ) ;
#1146 = ORIENTED_EDGE ( 'NONE', *, *, #62, .F. ) ;
#1147 = CARTESIAN_POINT ( 'NONE',  ( 0.000000000000000000, 9.550000000000000711, 0.000000000000000000 ) ) ;
#1148 = ORIENTED_EDGE ( 'NONE', *, *, #522, .F. ) ;
#1149 = VERTEX_POINT ( 'NONE', #1086 ) ;
#1150 = CARTESIAN_POINT ( 'NONE',  ( 2.674999999999999822, 3.549999999999999822, 0.000000000000000000 ) ) ;
#1151 = DIRECTION ( 'NONE',  ( 0.000000000000000000, -1.000000000000000000, 0.000000000000000000 ) ) ;
#1152 = ORIENTED_EDGE ( 'NONE', *, *, #390, .T. ) ;
#1153 = EDGE_CURVE ( 'NONE', #1081, #1057, #765, .T. ) ;
#1154 = CARTESIAN_POINT ( 'NONE',  ( 3.500000000000000000, 1.800000000000000488, -3.211308144666281006 ) ) ;
#1155 = CARTESIAN_POINT ( 'NONE',  ( -2.029999999999999805, -3.950000000000000178, 3.049999999999999822 ) ) ;
#1156 = EDGE_CURVE ( 'NONE', #52, #979, #2126, .T. ) ;
#1157 = ORIENTED_EDGE ( 'NONE', *, *, #1493, .F. ) ;
#1158 = CARTESIAN_POINT ( 'NONE',  ( 4.313351365237940271, -3.950000000000000178, 0.000000000000000000 ) ) ;
#1159 = VERTEX_POINT ( 'NONE', #1099 ) ;
#1160 = VECTOR ( 'NONE', #667, 1000.000000000000000 ) ;
#1161 = PLANE ( 'NONE',  #1098 ) ;
#1162 = LINE ( 'NONE', #1668, #1622 ) ;
#1163 = AXIS2_PLACEMENT_3D ( 'NONE', #345, #1257, #177 ) ;
#1164 = CIRCLE ( 'NONE', #1762, 0.6036011904761909852 ) ;
#1165 = VERTEX_POINT ( 'NONE', #47 ) ;
#1166 = AXIS2_PLACEMENT_3D ( 'NONE', #23, #1294, #1899 ) ;
#1167 = CARTESIAN_POINT ( 'NONE',  ( -2.029999999999999805, -1.445602896647340149E-16, 3.500000000000000000 ) ) ;
#1168 = CIRCLE ( 'NONE', #411, 4.750000000000000000 ) ;
#1169 = DIRECTION ( 'NONE',  ( -1.000000000000000000, 0.000000000000000000, -0.000000000000000000 ) ) ;
#1170 = ORIENTED_EDGE ( 'NONE', *, *, #1020, .F. ) ;
#1171 = FACE_BOUND ( 'NONE', #174, .T. ) ;
#1172 = EDGE_CURVE ( 'NONE', #5, #547, #755, .T. ) ;
#1173 = ORIENTED_EDGE ( 'NONE', *, *, #1838, .F. ) ;
#1174 = DIRECTION ( 'NONE',  ( 0.000000000000000000, -0.000000000000000000, -1.000000000000000000 ) ) ;
#1175 = CARTESIAN_POINT ( 'NONE',  ( 3.876007119301373316E-16, 9.000000000000001776, 3.165000000000000480 ) ) ;
#1176 = ORIENTED_EDGE ( 'NONE', *, *, #1118, .F. ) ;
#1177 = ADVANCED_FACE ( 'NONE', ( #69 ), #2097, .F. ) ;
#1178 = DIRECTION ( 'NONE',  ( -0.000000000000000000, -0.000000000000000000, 1.000000000000000000 ) ) ;
#1179 = CARTESIAN_POINT ( 'NONE',  ( 3.500000000000000000, 1.800000000000000266, 3.211308144666280118 ) ) ;
#1180 = ORIENTED_EDGE ( 'NONE', *, *, #1156, .T. ) ;
#1181 = DIRECTION ( 'NONE',  ( 0.000000000000000000, 0.000000000000000000, -1.000000000000000000 ) ) ;
#1182 = EDGE_LOOP ( 'NONE', ( #2133, #1718, #394, #1517, #960, #1829 ) ) ;
#1183 = DIRECTION ( 'NONE',  ( 0.000000000000000000, 0.000000000000000000, -1.000000000000000000 ) ) ;
#1184 = CARTESIAN_POINT ( 'NONE',  ( -5.670114680052244380E-16, 9.550000000000000711, -2.314999999999999947 ) ) ;
#1185 = EDGE_CURVE ( 'NONE', #902, #56, #229, .T. ) ;
#1186 = ADVANCED_FACE ( 'NONE', ( #1917 ), #1248, .F. ) ;
#1187 = ORIENTED_EDGE ( 'NONE', *, *, #1936, .T. ) ;
#1188 = DIRECTION ( 'NONE',  ( 0.000000000000000000, 0.000000000000000000, -1.000000000000000000 ) ) ;
#1189 = EDGE_CURVE ( 'NONE', #456, #1139, #1258, .T. ) ;
#1190 = DIRECTION ( 'NONE',  ( 0.000000000000000000, -1.000000000000000000, 0.000000000000000000 ) ) ;
#1191 = ORIENTED_EDGE ( 'NONE', *, *, #352, .T. ) ;
#1192 = EDGE_CURVE ( 'NONE', #1791, #219, #697, .T. ) ;
#1193 = SURFACE_STYLE_FILL_AREA ( #2006 ) ;
#1194 = DIRECTION ( 'NONE',  ( 0.000000000000000000, 0.000000000000000000, -1.000000000000000000 ) ) ;
#1195 = DIRECTION ( 'NONE',  ( -0.000000000000000000, 1.000000000000000000, -0.000000000000000000 ) ) ;
#1196 = AXIS2_PLACEMENT_3D ( 'NONE', #408, #1289, #610 ) ;
#1197 = EDGE_LOOP ( 'NONE', ( #1434, #675, #1216, #813 ) ) ;
#1198 = ADVANCED_FACE ( 'NONE', ( #947 ), #1501, .F. ) ;
#1199 = VECTOR ( 'NONE', #1385, 1000.000000000000000 ) ;
#1200 = ORIENTED_EDGE ( 'NONE', *, *, #1217, .F. ) ;
#1201 = VECTOR ( 'NONE', #454, 1000.000000000000000 ) ;
#1202 = DIRECTION ( 'NONE',  ( 0.000000000000000000, -1.000000000000000000, 0.000000000000000000 ) ) ;
#1203 = VECTOR ( 'NONE', #141, 1000.000000000000000 ) ;
#1204 = DIRECTION ( 'NONE',  ( 0.000000000000000000, -1.000000000000000000, 0.000000000000000000 ) ) ;
#1205 = ORIENTED_EDGE ( 'NONE', *, *, #1192, .T. ) ;
#1206 = AXIS2_PLACEMENT_3D ( 'NONE', #1993, #453, #1188 ) ;
#1207 = DIRECTION ( 'NONE',  ( 0.000000000000000000, 0.000000000000000000, -1.000000000000000000 ) ) ;
#1208 = CARTESIAN_POINT ( 'NONE',  ( -3.049999999999999378, 0.000000000000000000, 2.029999999999999805 ) ) ;
#1209 = DIRECTION ( 'NONE',  ( -0.000000000000000000, 0.000000000000000000, -1.000000000000000000 ) ) ;
#1210 = DIRECTION ( 'NONE',  ( 0.000000000000000000, -1.000000000000000000, -0.000000000000000000 ) ) ;
#1211 = ORIENTED_EDGE ( 'NONE', *, *, #1814, .F. ) ;
#1212 = VERTEX_POINT ( 'NONE', #1298 ) ;
#1213 = DIRECTION ( 'NONE',  ( 0.000000000000000000, -1.000000000000000000, 0.000000000000000000 ) ) ;
#1214 = CARTESIAN_POINT ( 'NONE',  ( 0.000000000000000000, 8.789999999999999147, 0.000000000000000000 ) ) ;
#1215 = ORIENTED_EDGE ( 'NONE', *, *, #1808, .T. ) ;
#1216 = ORIENTED_EDGE ( 'NONE', *, *, #645, .T. ) ;
#1217 = EDGE_CURVE ( 'NONE', #533, #1743, #131, .T. ) ;
#1218 = LINE ( 'NONE', #872, #956 ) ;
#1219 = DIRECTION ( 'NONE',  ( 0.000000000000000000, 0.000000000000000000, -1.000000000000000000 ) ) ;
#1220 = VERTEX_POINT ( 'NONE', #1815 ) ;
#1221 = FACE_OUTER_BOUND ( 'NONE', #2160, .T. ) ;
#1222 = DIRECTION ( 'NONE',  ( 0.000000000000000000, -0.000000000000000000, 1.000000000000000000 ) ) ;
#1223 = ORIENTED_EDGE ( 'NONE', *, *, #786, .F. ) ;
#1224 = ADVANCED_FACE ( 'NONE', ( #272 ), #1980, .T. ) ;
#1225 = DIRECTION ( 'NONE',  ( 0.000000000000000000, -1.000000000000000000, 0.000000000000000000 ) ) ;
#1226 = CARTESIAN_POINT ( 'NONE',  ( -2.029999999999999805, -3.950000000000000178, 2.029999999999999805 ) ) ;
#1227 = DIRECTION ( 'NONE',  ( -0.000000000000000000, 1.000000000000000000, -0.000000000000000000 ) ) ;
#1228 = EDGE_LOOP ( 'NONE', ( #685, #1753, #1297, #1045 ) ) ;
#1229 = PLANE ( 'NONE',  #564 ) ;
#1230 = DIRECTION ( 'NONE',  ( 0.000000000000000000, 0.000000000000000000, -1.000000000000000000 ) ) ;
#1231 = VERTEX_POINT ( 'NONE', #641 ) ;
#1232 = LINE ( 'NONE', #1826, #1694 ) ;
#1233 = LINE ( 'NONE', #572, #2041 ) ;
#1234 = ORIENTED_EDGE ( 'NONE', *, *, #314, .T. ) ;
#1235 = LINE ( 'NONE', #727, #562 ) ;
#1236 = VERTEX_POINT ( 'NONE', #1491 ) ;
#1237 = VECTOR ( 'NONE', #405, 1000.000000000000000 ) ;
#1238 = ORIENTED_EDGE ( 'NONE', *, *, #726, .F. ) ;
#1239 = VECTOR ( 'NONE', #1567, 1000.000000000000000 ) ;
#1240 = FACE_BOUND ( 'NONE', #235, .T. ) ;
#1241 = DIRECTION ( 'NONE',  ( 0.000000000000000000, 0.000000000000000000, -1.000000000000000000 ) ) ;
#1242 = ORIENTED_EDGE ( 'NONE', *, *, #751, .F. ) ;
#1243 = AXIS2_PLACEMENT_3D ( 'NONE', #1973, #1961, #1737 ) ;
#1244 = CARTESIAN_POINT ( 'NONE',  ( 2.510525938252073693E-16, 0.6700000000000004841, 2.049999999999999822 ) ) ;
#1245 = CARTESIAN_POINT ( 'NONE',  ( -5.421010862427519705E-17, 7.650000000000000355, -0.4199999999999999845 ) ) ;
#1246 = CIRCLE ( 'NONE', #1308, 0.6505585106382980598 ) ;
#1247 =( GEOMETRIC_REPRESENTATION_CONTEXT ( 3 ) GLOBAL_UNCERTAINTY_ASSIGNED_CONTEXT ( ( #1266 ) ) GLOBAL_UNIT_ASSIGNED_CONTEXT ( ( #805, #632, #990 ) ) REPRESENTATION_CONTEXT ( 'NONE', 'WORKASPACE' ) );
#1248 = PLANE ( 'NONE',  #2044 ) ;
#1249 = DIRECTION ( 'NONE',  ( -0.000000000000000000, -1.000000000000000000, 0.000000000000000000 ) ) ;
#1250 = CARTESIAN_POINT ( 'NONE',  ( 3.500000000000000000, 1.800000000000000266, 0.000000000000000000 ) ) ;
#1251 = ADVANCED_FACE ( 'NONE', ( #449 ), #807, .T. ) ;
#1252 = ORIENTED_EDGE ( 'NONE', *, *, #2198, .T. ) ;
#1253 = LINE ( 'NONE', #1953, #1382 ) ;
#1254 = CARTESIAN_POINT ( 'NONE',  ( 3.049999999999999822, 0.000000000000000000, 2.029999999999999805 ) ) ;
#1255 = EDGE_LOOP ( 'NONE', ( #1269, #1187, #2049, #1495 ) ) ;
#1256 = CARTESIAN_POINT ( 'NONE',  ( 2.029999999999999805, -3.950000000000000178, 0.000000000000000000 ) ) ;
#1257 = DIRECTION ( 'NONE',  ( 0.000000000000000000, 0.000000000000000000, 1.000000000000000000 ) ) ;
#1258 = LINE ( 'NONE', #750, #835 ) ;
#1259 = ADVANCED_FACE ( 'NONE', ( #962 ), #2156, .T. ) ;
#1260 = DIRECTION ( 'NONE',  ( 0.000000000000000000, 0.000000000000000000, -1.000000000000000000 ) ) ;
#1261 = EDGE_CURVE ( 'NONE', #1781, #525, #332, .T. ) ;
#1262 = CARTESIAN_POINT ( 'NONE',  ( 0.000000000000000000, -3.950000000000000178, 0.000000000000000000 ) ) ;
#1263 = ORIENTED_EDGE ( 'NONE', *, *, #1561, .T. ) ;
#1264 = ADVANCED_FACE ( 'NONE', ( #2166 ), #122, .F. ) ;
#1265 = DIRECTION ( 'NONE',  ( -0.000000000000000000, 1.000000000000000000, -0.000000000000000000 ) ) ;
#1266 = UNCERTAINTY_MEASURE_WITH_UNIT (LENGTH_MEASURE( 1.000000000000000082E-05 ), #805, 'distance_accuracy_value', 'NONE');
#1267 = DIRECTION ( 'NONE',  ( 0.000000000000000000, 0.000000000000000000, -1.000000000000000000 ) ) ;
#1268 = EDGE_CURVE ( 'NONE', #525, #1781, #799, .T. ) ;
#1269 = ORIENTED_EDGE ( 'NONE', *, *, #423, .F. ) ;
#1270 = VECTOR ( 'NONE', #1934, 1000.000000000000114 ) ;
#1271 = AXIS2_PLACEMENT_3D ( 'NONE', #127, #327, #285 ) ;
#1272 = CYLINDRICAL_SURFACE ( 'NONE', #81, 0.6350000000000000089 ) ;
#1273 = EDGE_LOOP ( 'NONE', ( #1041, #1950, #1173, #1365 ) ) ;
#1274 = VECTOR ( 'NONE', #1750, 1000.000000000000000 ) ;
#1275 = CARTESIAN_POINT ( 'NONE',  ( -2.029999999999999805, 0.000000000000000000, -3.500000000000000000 ) ) ;
#1276 = CARTESIAN_POINT ( 'NONE',  ( 3.500000000000000000, -3.950000000000000178, 2.029999999999999805 ) ) ;
#1277 = VECTOR ( 'NONE', #1249, 1000.000000000000000 ) ;
#1278 = LINE ( 'NONE', #1948, #1828 ) ;
#1279 = ORIENTED_EDGE ( 'NONE', *, *, #1031, .F. ) ;
#1280 = CIRCLE ( 'NONE', #413, 2.314999999999999947 ) ;
#1281 = CARTESIAN_POINT ( 'NONE',  ( 2.029999999999999805, -1.445602896647340149E-16, -3.500000000000000000 ) ) ;
#1282 = ORIENTED_EDGE ( 'NONE', *, *, #1443, .T. ) ;
#1283 = DIRECTION ( 'NONE',  ( 0.000000000000000000, -1.000000000000000000, -0.000000000000000000 ) ) ;
#1284 = EDGE_CURVE ( 'NONE', #111, #1891, #100, .T. ) ;
#1285 = EDGE_LOOP ( 'NONE', ( #640, #1146, #2077, #1547 ) ) ;
#1286 = ADVANCED_FACE ( 'NONE', ( #1667 ), #775, .T. ) ;
#1287 = DIRECTION ( 'NONE',  ( 0.000000000000000000, 0.000000000000000000, -1.000000000000000000 ) ) ;
#1288 = FACE_BOUND ( 'NONE', #1842, .T. ) ;
#1289 = DIRECTION ( 'NONE',  ( 0.000000000000000000, 1.000000000000000000, 0.000000000000000000 ) ) ;
#1290 = ADVANCED_FACE ( 'NONE', ( #1964 ), #1989, .F. ) ;
#1291 = SURFACE_SIDE_STYLE ('',( #95 ) ) ;
#1292 = EDGE_CURVE ( 'NONE', #301, #2170, #980, .T. ) ;
#1293 = ORIENTED_EDGE ( 'NONE', *, *, #451, .F. ) ;
#1294 = DIRECTION ( 'NONE',  ( 0.000000000000000000, 0.000000000000000000, 1.000000000000000000 ) ) ;
#1295 =( NAMED_UNIT ( * ) PLANE_ANGLE_UNIT ( ) SI_UNIT ( $, .RADIAN. ) );
#1296 = DIRECTION ( 'NONE',  ( 0.000000000000000000, 0.000000000000000000, -1.000000000000000000 ) ) ;
#1297 = ORIENTED_EDGE ( 'NONE', *, *, #1809, .T. ) ;
#1298 = CARTESIAN_POINT ( 'NONE',  ( 2.029999999999999805, -4.336808689942018722E-16, -3.049999999999999378 ) ) ;
#1299 = DIRECTION ( 'NONE',  ( 0.000000000000000000, -1.000000000000000000, 0.000000000000000000 ) ) ;
#1300 = ORIENTED_EDGE ( 'NONE', *, *, #2169, .T. ) ;
#1301 = LINE ( 'NONE', #225, #875 ) ;
#1302 = ORIENTED_EDGE ( 'NONE', *, *, #1795, .T. ) ;
#1303 = VECTOR ( 'NONE', #683, 1000.000000000000000 ) ;
#1304 = CIRCLE ( 'NONE', #556, 3.149999999999999911 ) ;
#1305 = CARTESIAN_POINT ( 'NONE',  ( -3.049999999999999822, -3.950000000000000178, 2.029999999999999805 ) ) ;
#1306 = FACE_OUTER_BOUND ( 'NONE', #1228, .T. ) ;
#1307 = VECTOR ( 'NONE', #43, 1000.000000000000000 ) ;
#1308 = AXIS2_PLACEMENT_3D ( 'NONE', #2161, #637, #646 ) ;
#1309 = AXIS2_PLACEMENT_3D ( 'NONE', #440, #1133, #1348 ) ;
#1310 = ORIENTED_EDGE ( 'NONE', *, *, #483, .F. ) ;
#1311 = CARTESIAN_POINT ( 'NONE',  ( 2.674999999999999822, 8.789999999999999147, 0.000000000000000000 ) ) ;
#1312 = DIRECTION ( 'NONE',  ( 0.000000000000000000, 0.000000000000000000, 1.000000000000000000 ) ) ;
#1313 = ORIENTED_EDGE ( 'NONE', *, *, #85, .F. ) ;
#1314 = CARTESIAN_POINT ( 'NONE',  ( -5.670114680052244380E-16, 7.620000000000000107, -2.314999999999999947 ) ) ;
#1315 = ORIENTED_EDGE ( 'NONE', *, *, #254, .T. ) ;
#1316 = CARTESIAN_POINT ( 'NONE',  ( -3.049999999999999822, -3.950000000000000178, 2.029999999999999805 ) ) ;
#1317 = DIRECTION ( 'NONE',  ( 0.000000000000000000, 0.000000000000000000, -1.000000000000000000 ) ) ;
#1318 = ADVANCED_FACE ( 'NONE', ( #1288, #609 ), #460, .F. ) ;
#1319 = ADVANCED_FACE ( 'NONE', ( #1998, #470 ), #1161, .F. ) ;
#1320 = ORIENTED_EDGE ( 'NONE', *, *, #2169, .F. ) ;
#1321 = LINE ( 'NONE', #2194, #1452 ) ;
#1322 = CARTESIAN_POINT ( 'NONE',  ( -3.211308144666280118, 0.000000000000000000, 3.500000000000000000 ) ) ;
#1323 = ORIENTED_EDGE ( 'NONE', *, *, #48, .F. ) ;
#1324 = CARTESIAN_POINT ( 'NONE',  ( 3.149999999999999911, 1.800000000000000266, 0.000000000000000000 ) ) ;
#1325 = ORIENTED_EDGE ( 'NONE', *, *, #105, .F. ) ;
#1326 = CARTESIAN_POINT ( 'NONE',  ( 0.000000000000000000, -3.950000000000000178, 0.000000000000000000 ) ) ;
#1327 = CARTESIAN_POINT ( 'NONE',  ( 2.029999999999999805, -3.950000000000000178, -3.049999999999999822 ) ) ;
#1328 = ORIENTED_EDGE ( 'NONE', *, *, #1611, .T. ) ;
#1329 = CARTESIAN_POINT ( 'NONE',  ( -2.029999999999999805, -3.950000000000000178, -3.049999999999999822 ) ) ;
#1330 = EDGE_CURVE ( 'NONE', #106, #456, #1862, .T. ) ;
#1331 = LINE ( 'NONE', #1994, #2085 ) ;
#1332 = ORIENTED_EDGE ( 'NONE', *, *, #1646, .F. ) ;
#1333 = DIRECTION ( 'NONE',  ( 0.000000000000000000, 0.000000000000000000, -1.000000000000000000 ) ) ;
#1334 = ORIENTED_EDGE ( 'NONE', *, *, #2030, .F. ) ;
#1335 = VECTOR ( 'NONE', #2010, 1000.000000000000000 ) ;
#1336 = CARTESIAN_POINT ( 'NONE',  ( 0.000000000000000000, 3.549999999999999378, 0.000000000000000000 ) ) ;
#1337 = CYLINDRICAL_SURFACE ( 'NONE', #2116, 2.674999999999999822 ) ;
#1338 = EDGE_CURVE ( 'NONE', #984, #1498, #166, .T. ) ;
#1339 = VECTOR ( 'NONE', #997, 1000.000000000000000 ) ;
#1340 = AXIS2_PLACEMENT_3D ( 'NONE', #1004, #2025, #988 ) ;
#1341 = ORIENTED_EDGE ( 'NONE', *, *, #1675, .T. ) ;
#1342 = VECTOR ( 'NONE', #344, 1000.000000000000000 ) ;
#1343 = LINE ( 'NONE', #475, #89 ) ;
#1344 = VECTOR ( 'NONE', #1213, 1000.000000000000000 ) ;
#1345 = LINE ( 'NONE', #1322, #1447 ) ;
#1346 = ORIENTED_EDGE ( 'NONE', *, *, #147, .F. ) ;
#1347 = VECTOR ( 'NONE', #731, 1000.000000000000000 ) ;
#1348 = DIRECTION ( 'NONE',  ( 0.000000000000000000, 0.000000000000000000, 1.000000000000000000 ) ) ;
#1349 = ORIENTED_EDGE ( 'NONE', *, *, #522, .T. ) ;
#1350 = ADVANCED_FACE ( 'NONE', ( #1853, #1221 ), #839, .F. ) ;
#1351 = DIRECTION ( 'NONE',  ( 1.000000000000000000, 0.000000000000000000, 0.000000000000000000 ) ) ;
#1352 = FACE_OUTER_BOUND ( 'NONE', #17, .T. ) ;
#1353 = EDGE_CURVE ( 'NONE', #879, #2193, #2153, .T. ) ;
#1354 = EDGE_LOOP ( 'NONE', ( #1653, #1785, #1215, #1995 ) ) ;
#1355 = ADVANCED_FACE ( 'NONE', ( #1525 ), #155, .T. ) ;
#1356 = CARTESIAN_POINT ( 'NONE',  ( 2.870853531617380217, -4.336808689942020694E-16, 0.000000000000000000 ) ) ;
#1357 = CARTESIAN_POINT ( 'NONE',  ( 3.211308144666280118, 1.800000000000000266, 3.500000000000000000 ) ) ;
#1358 = VERTEX_POINT ( 'NONE', #1009 ) ;
#1359 = CARTESIAN_POINT ( 'NONE',  ( -3.211308144666281006, 0.000000000000000000, -3.500000000000000000 ) ) ;
#1360 = CARTESIAN_POINT ( 'NONE',  ( 3.500000000000000000, 0.5000000000000003331, 2.029999999999999805 ) ) ;
#1361 = LINE ( 'NONE', #334, #2146 ) ;
#1362 = EDGE_LOOP ( 'NONE', ( #1436, #2076 ) ) ;
#1363 = PLANE ( 'NONE',  #918 ) ;
#1364 = PLANE ( 'NONE',  #330 ) ;
#1365 = ORIENTED_EDGE ( 'NONE', *, *, #1649, .F. ) ;
#1366 = DIRECTION ( 'NONE',  ( -0.000000000000000000, 1.000000000000000000, -0.000000000000000000 ) ) ;
#1367 = CARTESIAN_POINT ( 'NONE',  ( -2.029999999999999805, 0.5000000000000002220, -3.500000000000000000 ) ) ;
#1368 = CARTESIAN_POINT ( 'NONE',  ( 0.000000000000000000, -3.305000000000000160, 0.000000000000000000 ) ) ;
#1369 = DIRECTION ( 'NONE',  ( 0.000000000000000000, 0.000000000000000000, -1.000000000000000000 ) ) ;
#1370 = VECTOR ( 'NONE', #1603, 1000.000000000000000 ) ;
#1371 = VECTOR ( 'NONE', #772, 1000.000000000000000 ) ;
#1372 = EDGE_CURVE ( 'NONE', #1391, #887, #2020, .T. ) ;
#1373 = ORIENTED_EDGE ( 'NONE', *, *, #1330, .T. ) ;
#1374 = VECTOR ( 'NONE', #1586, 1000.000000000000000 ) ;
#1375 = CARTESIAN_POINT ( 'NONE',  ( 3.049999999999999378, -3.950000000000000178, -2.029999999999999805 ) ) ;
#1376 = VECTOR ( 'NONE', #1557, 1000.000000000000000 ) ;
#1377 = DIRECTION ( 'NONE',  ( 0.000000000000000000, 0.000000000000000000, -1.000000000000000000 ) ) ;
#1378 = ORIENTED_EDGE ( 'NONE', *, *, #1145, .F. ) ;
#1379 = STYLED_ITEM ( 'NONE', ( #741 ), #1901 ) ;
#1380 = DIRECTION ( 'NONE',  ( 0.000000000000000000, 0.000000000000000000, -1.000000000000000000 ) ) ;
#1381 = FACE_OUTER_BOUND ( 'NONE', #882, .T. ) ;
#1382 = VECTOR ( 'NONE', #1928, 1000.000000000000000 ) ;
#1383 = ORIENTED_EDGE ( 'NONE', *, *, #483, .T. ) ;
#1384 = CARTESIAN_POINT ( 'NONE',  ( -3.211308144666280118, 1.800000000000000266, -3.500000000000000000 ) ) ;
#1385 = DIRECTION ( 'NONE',  ( 0.000000000000000000, -1.000000000000000000, -0.000000000000000000 ) ) ;
#1386 = VERTEX_POINT ( 'NONE', #651 ) ;
#1387 = EDGE_CURVE ( 'NONE', #781, #2032, #1712, .T. ) ;
#1388 = DIRECTION ( 'NONE',  ( 0.000000000000000000, 0.000000000000000000, -1.000000000000000000 ) ) ;
#1389 = LINE ( 'NONE', #2061, #476 ) ;
#1390 = CARTESIAN_POINT ( 'NONE',  ( 0.000000000000000000, 0.6700000000000004841, 0.000000000000000000 ) ) ;
#1391 = VERTEX_POINT ( 'NONE', #1035 ) ;
#1392 = DIRECTION ( 'NONE',  ( 0.000000000000000000, 0.000000000000000000, -1.000000000000000000 ) ) ;
#1393 = CARTESIAN_POINT ( 'NONE',  ( -3.049999999999999378, -3.950000000000000178, -2.029999999999999805 ) ) ;
#1394 = ORIENTED_EDGE ( 'NONE', *, *, #1936, .F. ) ;
#1395 = DIRECTION ( 'NONE',  ( 0.000000000000000000, 0.000000000000000000, -1.000000000000000000 ) ) ;
#1396 = CARTESIAN_POINT ( 'NONE',  ( -2.029999999999999805, -3.950000000000000178, 3.049999999999999822 ) ) ;
#1397 = VERTEX_POINT ( 'NONE', #2057 ) ;
#1398 = DIRECTION ( 'NONE',  ( 8.659560562354932858E-17, 0.7071067811865474617, -0.7071067811865474617 ) ) ;
#1399 = FACE_OUTER_BOUND ( 'NONE', #1820, .T. ) ;
#1400 = CARTESIAN_POINT ( 'NONE',  ( -3.049999999999999378, 0.000000000000000000, 3.049999999999999378 ) ) ;
#1401 = EDGE_LOOP ( 'NONE', ( #925, #1684, #899, #1813, #1135, #1687, #1844, #1927, #868, #1157, #366, #371 ) ) ;
#1402 = CARTESIAN_POINT ( 'NONE',  ( -3.049999999999999378, -3.950000000000000178, 3.049999999999999378 ) ) ;
#1403 = LINE ( 'NONE', #1887, #622 ) ;
#1404 = VERTEX_POINT ( 'NONE', #333 ) ;
#1405 = DIRECTION ( 'NONE',  ( 0.000000000000000000, -1.000000000000000000, 0.000000000000000000 ) ) ;
#1406 = DIRECTION ( 'NONE',  ( -0.000000000000000000, 1.000000000000000000, 0.000000000000000000 ) ) ;
#1407 = CARTESIAN_POINT ( 'NONE',  ( 0.000000000000000000, 9.450000000015279511, 0.000000000000000000 ) ) ;
#1408 = EDGE_CURVE ( 'NONE', #308, #1159, #698, .T. ) ;
#1409 = VECTOR ( 'NONE', #461, 1000.000000000000000 ) ;
#1410 = CARTESIAN_POINT ( 'NONE',  ( 4.313351365237940271, -3.950000000000000178, 0.000000000000000000 ) ) ;
#1411 = VERTEX_POINT ( 'NONE', #1360 ) ;
#1412 = CIRCLE ( 'NONE', #1096, 0.6350000000000000089 ) ;
#1413 = EDGE_LOOP ( 'NONE', ( #287, #898, #965, #678 ) ) ;
#1414 = VECTOR ( 'NONE', #554, 1000.000000000000000 ) ;
#1415 = DIRECTION ( 'NONE',  ( 0.000000000000000000, -1.000000000000000000, 0.000000000000000000 ) ) ;
#1416 = LINE ( 'NONE', #2092, #1864 ) ;
#1417 = VERTEX_POINT ( 'NONE', #2211 ) ;
#1418 = AXIS2_PLACEMENT_3D ( 'NONE', #1723, #1889, #1543 ) ;
#1419 = LINE ( 'NONE', #1256, #2012 ) ;
#1420 = EDGE_CURVE ( 'NONE', #1488, #810, #661, .T. ) ;
#1421 = CARTESIAN_POINT ( 'NONE',  ( -3.500000000000000000, -1.445602896647340149E-16, -2.029999999999999805 ) ) ;
#1422 = VECTOR ( 'NONE', #1079, 1000.000000000000000 ) ;
#1423 = EDGE_CURVE ( 'NONE', #644, #844, #682, .T. ) ;
#1424 = AXIS2_PLACEMENT_3D ( 'NONE', #152, #468, #649 ) ;
#1425 = CARTESIAN_POINT ( 'NONE',  ( -3.049999999999999822, -3.950000000000000178, -3.049999999999999822 ) ) ;
#1426 = EDGE_CURVE ( 'NONE', #128, #5, #2028, .T. ) ;
#1427 =( NAMED_UNIT ( * ) SI_UNIT ( $, .STERADIAN. ) SOLID_ANGLE_UNIT ( ) );
#1428 = LINE ( 'NONE', #198, #1935 ) ;
#1429 = ADVANCED_FACE ( 'NONE', ( #825 ), #862, .F. ) ;
#1430 = LINE ( 'NONE', #433, #657 ) ;
#1431 = ORIENTED_EDGE ( 'NONE', *, *, #2045, .F. ) ;
#1432 = CARTESIAN_POINT ( 'NONE',  ( 1.084202172485499997E-16, 6.250000000000000000, 0.1805585106382980309 ) ) ;
#1433 = CARTESIAN_POINT ( 'NONE',  ( 3.211308144666281006, 1.800000000000000488, 3.500000000000000000 ) ) ;
#1434 = ORIENTED_EDGE ( 'NONE', *, *, #1145, .T. ) ;
#1435 =( NAMED_UNIT ( * ) SI_UNIT ( $, .STERADIAN. ) SOLID_ANGLE_UNIT ( ) );
#1436 = ORIENTED_EDGE ( 'NONE', *, *, #465, .F. ) ;
#1437 = CARTESIAN_POINT ( 'NONE',  ( -2.029999999999999805, 0.5000000000000003331, 2.029999999999999805 ) ) ;
#1438 = DIRECTION ( 'NONE',  ( 0.000000000000000000, 1.000000000000000000, 0.000000000000000000 ) ) ;
#1439 = DIRECTION ( 'NONE',  ( -0.000000000000000000, 1.000000000000000000, -0.000000000000000000 ) ) ;
#1440 = EDGE_CURVE ( 'NONE', #282, #289, #232, .T. ) ;
#1441 = EDGE_LOOP ( 'NONE', ( #463, #500, #467, #2089, #1490, #349 ) ) ;
#1442 = VECTOR ( 'NONE', #1481, 1000.000000000000000 ) ;
#1443 = EDGE_CURVE ( 'NONE', #1674, #2173, #2042, .T. ) ;
#1444 = VECTOR ( 'NONE', #647, 1000.000000000000000 ) ;
#1445 = DIRECTION ( 'NONE',  ( 0.000000000000000000, 0.000000000000000000, -1.000000000000000000 ) ) ;
#1446 = ORIENTED_EDGE ( 'NONE', *, *, #158, .T. ) ;
#1447 = VECTOR ( 'NONE', #1169, 1000.000000000000000 ) ;
#1448 = CARTESIAN_POINT ( 'NONE',  ( -3.049999999999999822, 0.000000000000000000, -3.049999999999999822 ) ) ;
#1449 = AXIS2_PLACEMENT_3D ( 'NONE', #36, #725, #784 ) ;
#1450 = EDGE_CURVE ( 'NONE', #1149, #2004, #514, .T. ) ;
#1451 = CARTESIAN_POINT ( 'NONE',  ( -3.500000000000000000, 0.000000000000000000, -3.211308144666280118 ) ) ;
#1452 = VECTOR ( 'NONE', #788, 1000.000000000000000 ) ;
#1453 = DIRECTION ( 'NONE',  ( 0.000000000000000000, -1.000000000000000000, 0.000000000000000000 ) ) ;
#1454 = EDGE_CURVE ( 'NONE', #879, #1386, #188, .T. ) ;
#1455 = CIRCLE ( 'NONE', #771, 0.6350000000000000089 ) ;
#1456 = FILL_AREA_STYLE_COLOUR ( '', #444 ) ;
#1457 = EDGE_LOOP ( 'NONE', ( #734, #149 ) ) ;
#1458 = CARTESIAN_POINT ( 'NONE',  ( 0.000000000000000000, -3.950000000000000178, 0.000000000000000000 ) ) ;
#1459 = CARTESIAN_POINT ( 'NONE',  ( 0.000000000000000000, 7.620000000000000107, 0.000000000000000000 ) ) ;
#1460 = DIRECTION ( 'NONE',  ( 0.000000000000000000, -1.000000000000000000, 0.000000000000000000 ) ) ;
#1461 = ORIENTED_EDGE ( 'NONE', *, *, #621, .T. ) ;
#1462 = CARTESIAN_POINT ( 'NONE',  ( 2.870853531617380217, -4.336808689942020694E-16, 0.000000000000000000 ) ) ;
#1463 = DIRECTION ( 'NONE',  ( 0.000000000000000000, 0.000000000000000000, -1.000000000000000000 ) ) ;
#1464 = PRESENTATION_STYLE_ASSIGNMENT (( #777 ) ) ;
#1465 = VERTEX_POINT ( 'NONE', #2081 ) ;
#1466 = FACE_OUTER_BOUND ( 'NONE', #1182, .T. ) ;
#1467 = DIRECTION ( 'NONE',  ( -1.000000000000000000, 0.000000000000000000, -0.000000000000000000 ) ) ;
#1468 = ORIENTED_EDGE ( 'NONE', *, *, #1087, .T. ) ;
#1469 = DIRECTION ( 'NONE',  ( 0.000000000000000000, -1.000000000000000000, 0.000000000000000000 ) ) ;
#1470 = CARTESIAN_POINT ( 'NONE',  ( 3.500000000000000000, 0.5000000000000002220, -2.029999999999999805 ) ) ;
#1471 = EDGE_LOOP ( 'NONE', ( #744, #88, #1878, #548, #586, #1282 ) ) ;
#1472 = DIRECTION ( 'NONE',  ( 0.000000000000000000, -1.000000000000000000, 0.000000000000000000 ) ) ;
#1473 = DIRECTION ( 'NONE',  ( 0.000000000000000000, -1.000000000000000000, 0.000000000000000000 ) ) ;
#1474 = ORIENTED_EDGE ( 'NONE', *, *, #2203, .T. ) ;
#1475 = VECTOR ( 'NONE', #1036, 1000.000000000000000 ) ;
#1476 = DIRECTION ( 'NONE',  ( 1.000000000000000000, 0.000000000000000000, 0.000000000000000000 ) ) ;
#1477 = VERTEX_POINT ( 'NONE', #266 ) ;
#1478 = VECTOR ( 'NONE', #1555, 1000.000000000000000 ) ;
#1479 = EDGE_CURVE ( 'NONE', #1535, #938, #1301, .T. ) ;
#1480 = CARTESIAN_POINT ( 'NONE',  ( 3.049999999999999822, -3.950000000000000178, 3.049999999999999822 ) ) ;
#1481 = DIRECTION ( 'NONE',  ( 0.000000000000000000, -1.000000000000000000, -0.000000000000000000 ) ) ;
#1482 = CIRCLE ( 'NONE', #1944, 2.049999999999999822 ) ;
#1483 = AXIS2_PLACEMENT_3D ( 'NONE', #1060, #718, #1073 ) ;
#1484 = ORIENTED_EDGE ( 'NONE', *, *, #1967, .F. ) ;
#1485 = DIRECTION ( 'NONE',  ( 1.000000000000000000, 0.000000000000000000, -0.000000000000000000 ) ) ;
#1486 = EDGE_CURVE ( 'NONE', #941, #1743, #606, .T. ) ;
#1487 = DIRECTION ( 'NONE',  ( -1.000000000000000000, 0.000000000000000000, 0.000000000000000000 ) ) ;
#1488 = VERTEX_POINT ( 'NONE', #1244 ) ;
#1489 = DIRECTION ( 'NONE',  ( 0.000000000000000000, 0.000000000000000000, -1.000000000000000000 ) ) ;
#1490 = ORIENTED_EDGE ( 'NONE', *, *, #1967, .T. ) ;
#1491 = CARTESIAN_POINT ( 'NONE',  ( -1.555301434917138581E-16, 7.520000000000000462, -0.6350000000000000089 ) ) ;
#1492 = CARTESIAN_POINT ( 'NONE',  ( 3.211308144666280118, 0.000000000000000000, -3.500000000000000000 ) ) ;
#1493 = EDGE_CURVE ( 'NONE', #570, #1930, #431, .T. ) ;
#1494 = EDGE_LOOP ( 'NONE', ( #1541, #1592, #1279, #251 ) ) ;
#1495 = ORIENTED_EDGE ( 'NONE', *, *, #48, .T. ) ;
#1496 = CARTESIAN_POINT ( 'NONE',  ( 7.776507173051309138E-17, -3.305000000068503141, -0.6349999998747080099 ) ) ;
#1497 = LINE ( 'NONE', #136, #871 ) ;
#1498 = VERTEX_POINT ( 'NONE', #1923 ) ;
#1499 = PLANE ( 'NONE',  #90 ) ;
#1500 = ORIENTED_EDGE ( 'NONE', *, *, #1579, .F. ) ;
#1501 = PLANE ( 'NONE',  #561 ) ;
#1502 = LINE ( 'NONE', #1492, #1160 ) ;
#1503 = ORIENTED_EDGE ( 'NONE', *, *, #445, .T. ) ;
#1504 = CARTESIAN_POINT ( 'NONE',  ( -6.551860375438339695E-16, 8.789999999999999147, -2.674999999999999822 ) ) ;
#1505 = LINE ( 'NONE', #297, #1127 ) ;
#1506 = EDGE_CURVE ( 'NONE', #2170, #128, #903, .T. ) ;
#1507 = ORIENTED_EDGE ( 'NONE', *, *, #1372, .T. ) ;
#1508 = ADVANCED_FACE ( 'NONE', ( #1583 ), #1137, .T. ) ;
#1509 = CARTESIAN_POINT ( 'NONE',  ( 0.000000000000000000, 0.000000000000000000, 0.000000000000000000 ) ) ;
#1510 = CIRCLE ( 'NONE', #2003, 2.574999999978899723 ) ;
#1511 = ORIENTED_EDGE ( 'NONE', *, *, #176, .F. ) ;
#1512 = DIRECTION ( 'NONE',  ( -0.000000000000000000, 1.000000000000000000, -0.000000000000000000 ) ) ;
#1513 = CARTESIAN_POINT ( 'NONE',  ( 0.000000000000000000, -3.305000000068503141, 0.000000000000000000 ) ) ;
#1514 = ADVANCED_FACE ( 'NONE', ( #1466 ), #1810, .T. ) ;
#1515 = AXIS2_PLACEMENT_3D ( 'NONE', #247, #427, #1287 ) ;
#1516 = VECTOR ( 'NONE', #1540, 1000.000000000000000 ) ;
#1517 = ORIENTED_EDGE ( 'NONE', *, *, #1725, .T. ) ;
#1518 = VECTOR ( 'NONE', #34, 1000.000000000000000 ) ;
#1519 = FACE_OUTER_BOUND ( 'NONE', #1664, .T. ) ;
#1520 = VECTOR ( 'NONE', #1202, 1000.000000000000000 ) ;
#1521 = DIRECTION ( 'NONE',  ( 1.000000000000000000, 0.000000000000000000, 0.000000000000000000 ) ) ;
#1522 = VERTEX_POINT ( 'NONE', #613 ) ;
#1523 = VECTOR ( 'NONE', #1719, 1000.000000000000000 ) ;
#1524 = ORIENTED_EDGE ( 'NONE', *, *, #220, .T. ) ;
#1525 = FACE_OUTER_BOUND ( 'NONE', #1197, .T. ) ;
#1526 = DIRECTION ( 'NONE',  ( -0.000000000000000000, 1.000000000000000000, 0.000000000000000000 ) ) ;
#1527 = EDGE_LOOP ( 'NONE', ( #1698, #1832, #1038, #2056 ) ) ;
#1528 = CARTESIAN_POINT ( 'NONE',  ( 0.000000000000000000, -3.950000000000000178, 0.000000000000000000 ) ) ;
#1529 = FACE_OUTER_BOUND ( 'NONE', #340, .T. ) ;
#1530 = ORIENTED_EDGE ( 'NONE', *, *, #1840, .F. ) ;
#1531 = CARTESIAN_POINT ( 'NONE',  ( 0.000000000000000000, -3.950000000000000178, -0.6350000000000000089 ) ) ;
#1532 = CARTESIAN_POINT ( 'NONE',  ( 3.049999999999999822, -3.950000000000000178, 3.049999999999999822 ) ) ;
#1533 = CARTESIAN_POINT ( 'NONE',  ( 3.211308144666280118, 0.000000000000000000, -3.500000000000000000 ) ) ;
#1534 = EDGE_CURVE ( 'NONE', #1131, #1791, #738, .T. ) ;
#1535 = VERTEX_POINT ( 'NONE', #892 ) ;
#1536 = CYLINDRICAL_SURFACE ( 'NONE', #1910, 2.314999999999999947 ) ;
#1537 = CARTESIAN_POINT ( 'NONE',  ( 0.000000000000000000, -3.950000000000000178, 0.000000000000000000 ) ) ;
#1538 = EDGE_LOOP ( 'NONE', ( #1080, #728, #2053, #1170 ) ) ;
#1539 = CARTESIAN_POINT ( 'NONE',  ( 3.049999999999999822, 0.000000000000000000, -3.049999999999999822 ) ) ;
#1540 = DIRECTION ( 'NONE',  ( 0.000000000000000000, -1.000000000000000000, 0.000000000000000000 ) ) ;
#1541 = ORIENTED_EDGE ( 'NONE', *, *, #59, .F. ) ;
#1542 = EDGE_CURVE ( 'NONE', #137, #1535, #1084, .T. ) ;
#1543 = DIRECTION ( 'NONE',  ( 0.000000000000000000, 0.000000000000000000, -1.000000000000000000 ) ) ;
#1544 = DIRECTION ( 'NONE',  ( 0.000000000000000000, 0.000000000000000000, -1.000000000000000000 ) ) ;
#1545 = ADVANCED_FACE ( 'NONE', ( #966 ), #396, .T. ) ;
#1546 = AXIS2_PLACEMENT_3D ( 'NONE', #929, #785, #71 ) ;
#1547 = ORIENTED_EDGE ( 'NONE', *, *, #1055, .T. ) ;
#1548 = AXIS2_PLACEMENT_3D ( 'NONE', #1155, #1521, #499 ) ;
#1549 = LINE ( 'NONE', #375, #517 ) ;
#1550 = AXIS2_PLACEMENT_3D ( 'NONE', #1458, #97, #914 ) ;
#1551 = CYLINDRICAL_SURFACE ( 'NONE', #1626, 2.674999999999999822 ) ;
#1552 = ORIENTED_EDGE ( 'NONE', *, *, #378, .F. ) ;
#1553 = ORIENTED_EDGE ( 'NONE', *, *, #1353, .T. ) ;
#1554 = CARTESIAN_POINT ( 'NONE',  ( 2.029999999999999805, -3.950000000000000178, 2.029999999999999805 ) ) ;
#1555 = DIRECTION ( 'NONE',  ( 0.000000000000000000, 1.000000000000000000, -0.000000000000000000 ) ) ;
#1556 = ORIENTED_EDGE ( 'NONE', *, *, #386, .F. ) ;
#1557 = DIRECTION ( 'NONE',  ( -0.000000000000000000, 0.000000000000000000, -1.000000000000000000 ) ) ;
#1558 = PRODUCT_DEFINITION_FORMATION_WITH_SPECIFIED_SOURCE ( 'ANY', '', #501, .NOT_KNOWN. ) ;
#1559 = CARTESIAN_POINT ( 'NONE',  ( 2.049999999999999822, 0.6700000000000000400, 0.000000000000000000 ) ) ;
#1560 = ORIENTED_EDGE ( 'NONE', *, *, #1561, .F. ) ;
#1561 = EDGE_CURVE ( 'NONE', #2032, #2, #299, .T. ) ;
#1562 = CARTESIAN_POINT ( 'NONE',  ( 3.500000000000000000, 1.800000000000000488, 3.211308144666285891 ) ) ;
#1563 = CARTESIAN_POINT ( 'NONE',  ( 3.275930187719169848E-16, 3.549999999999999378, 2.674999999999999822 ) ) ;
#1564 = LINE ( 'NONE', #716, #617 ) ;
#1565 = VERTEX_POINT ( 'NONE', #368 ) ;
#1566 = CARTESIAN_POINT ( 'NONE',  ( 0.000000000000000000, 8.789999999999999147, 0.000000000000000000 ) ) ;
#1567 = DIRECTION ( 'NONE',  ( 0.000000000000000000, -1.000000000000000000, 0.000000000000000000 ) ) ;
#1568 = EDGE_LOOP ( 'NONE', ( #537, #1530, #354, #1325, #115, #279, #2129, #2022 ) ) ;
#1569 = EDGE_CURVE ( 'NONE', #492, #547, #957, .T. ) ;
#1570 = DIRECTION ( 'NONE',  ( 0.000000000000000000, -1.000000000000000000, 0.000000000000000000 ) ) ;
#1571 = CYLINDRICAL_SURFACE ( 'NONE', #589, 3.165000000000000480 ) ;
#1572 = CARTESIAN_POINT ( 'NONE',  ( 3.149999999999999911, 1.800000000000000266, -3.500000000000000000 ) ) ;
#1573 = ORIENTED_EDGE ( 'NONE', *, *, #1637, .F. ) ;
#1574 = DIRECTION ( 'NONE',  ( 0.000000000000000000, 0.000000000000000000, -1.000000000000000000 ) ) ;
#1575 = ORIENTED_EDGE ( 'NONE', *, *, #2107, .T. ) ;
#1576 = ORIENTED_EDGE ( 'NONE', *, *, #1023, .F. ) ;
#1577 = FACE_OUTER_BOUND ( 'NONE', #1401, .T. ) ;
#1578 = EDGE_CURVE ( 'NONE', #630, #1891, #1076, .T. ) ;
#1579 = EDGE_CURVE ( 'NONE', #1404, #1109, #50, .T. ) ;
#1580 = CYLINDRICAL_SURFACE ( 'NONE', #9, 0.6350000000000000089 ) ;
#1581 = EDGE_CURVE ( 'NONE', #1767, #644, #736, .T. ) ;
#1582 = ORIENTED_EDGE ( 'NONE', *, *, #1353, .F. ) ;
#1583 = FACE_OUTER_BOUND ( 'NONE', #1255, .T. ) ;
#1584 = PLANE ( 'NONE',  #1163 ) ;
#1585 = EDGE_CURVE ( 'NONE', #2119, #941, #1419, .T. ) ;
#1586 = DIRECTION ( 'NONE',  ( -0.000000000000000000, -0.000000000000000000, -1.000000000000000000 ) ) ;
#1587 = EDGE_CURVE ( 'NONE', #2059, #624, #1168, .T. ) ;
#1588 = VECTOR ( 'NONE', #907, 1000.000000000000000 ) ;
#1589 = AXIS2_PLACEMENT_3D ( 'NONE', #1985, #1190, #2172 ) ;
#1590 =( NAMED_UNIT ( * ) PLANE_ANGLE_UNIT ( ) SI_UNIT ( $, .RADIAN. ) );
#1591 = ORIENTED_EDGE ( 'NONE', *, *, #2134, .F. ) ;
#1592 = ORIENTED_EDGE ( 'NONE', *, *, #1338, .F. ) ;
#1593 = AXIS2_PLACEMENT_3D ( 'NONE', #92, #817, #280 ) ;
#1594 = CARTESIAN_POINT ( 'NONE',  ( 3.857637417314162689E-16, 1.800000000000000488, 3.149999999999999911 ) ) ;
#1595 = DIRECTION ( 'NONE',  ( -1.000000000000000000, 0.000000000000000000, -0.000000000000000000 ) ) ;
#1596 = EDGE_LOOP ( 'NONE', ( #1825, #294, #1148, #318, #2168, #1560, #1315 ) ) ;
#1597 = COLOUR_RGB ( '',0.8431372549019607865, 0.8156862745098039102, 0.7529411764705882248 ) ;
#1598 = DIRECTION ( 'NONE',  ( 0.000000000000000000, -0.000000000000000000, 1.000000000000000000 ) ) ;
#1599 = DIRECTION ( 'NONE',  ( 0.000000000000000000, -1.000000000000000000, 0.000000000000000000 ) ) ;
#1600 = AXIS2_PLACEMENT_3D ( 'NONE', #2078, #1886, #172 ) ;
#1601 = CARTESIAN_POINT ( 'NONE',  ( 3.049999999999999822, -3.950000000000000178, 3.049999999999999822 ) ) ;
#1602 = CARTESIAN_POINT ( 'NONE',  ( 3.500000000000000000, 0.000000000000000000, -2.029999999999999805 ) ) ;
#1603 = DIRECTION ( 'NONE',  ( -1.000000000000000000, 0.000000000000000000, -0.000000000000000000 ) ) ;
#1604 = FACE_OUTER_BOUND ( 'NONE', #329, .T. ) ;
#1605 = DIRECTION ( 'NONE',  ( 0.000000000000000000, 0.000000000000000000, -1.000000000000000000 ) ) ;
#1606 = VERTEX_POINT ( 'NONE', #542 ) ;
#1607 = DIRECTION ( 'NONE',  ( -0.000000000000000000, -0.000000000000000000, -1.000000000000000000 ) ) ;
#1608 = EDGE_CURVE ( 'NONE', #1625, #426, #1232, .T. ) ;
#1609 = DIRECTION ( 'NONE',  ( 0.000000000000000000, 0.000000000000000000, -1.000000000000000000 ) ) ;
#1610 = DIRECTION ( 'NONE',  ( 0.000000000000000000, -1.000000000000000000, 0.000000000000000000 ) ) ;
#1611 = EDGE_CURVE ( 'NONE', #1391, #1565, #986, .T. ) ;
#1612 = ORIENTED_EDGE ( 'NONE', *, *, #1669, .F. ) ;
#1613 =( LENGTH_UNIT ( ) NAMED_UNIT ( * ) SI_UNIT ( .MILLI., .METRE. ) );
#1614 =( LENGTH_UNIT ( ) NAMED_UNIT ( * ) SI_UNIT ( .MILLI., .METRE. ) );
#1615 = VERTEX_POINT ( 'NONE', #1984 ) ;
#1616 = LINE ( 'NONE', #1932, #1237 ) ;
#1617 = DIRECTION ( 'NONE',  ( 1.000000000000000000, 0.000000000000000000, -0.000000000000000000 ) ) ;
#1618 = DIRECTION ( 'NONE',  ( 0.000000000000000000, 0.000000000000000000, -1.000000000000000000 ) ) ;
#1619 = ORIENTED_EDGE ( 'NONE', *, *, #1675, .F. ) ;
#1620 = CARTESIAN_POINT ( 'NONE',  ( 0.6250000000000002220, 6.250000000000000000, 6.776263578034402713E-17 ) ) ;
#1621 = ORIENTED_EDGE ( 'NONE', *, *, #1153, .F. ) ;
#1622 = VECTOR ( 'NONE', #1999, 1000.000000000000000 ) ;
#1623 = ORIENTED_EDGE ( 'NONE', *, *, #2071, .F. ) ;
#1624 = AXIS2_PLACEMENT_3D ( 'NONE', #2151, #2195, #2015 ) ;
#1625 = VERTEX_POINT ( 'NONE', #1672 ) ;
#1626 = AXIS2_PLACEMENT_3D ( 'NONE', #1537, #508, #1377 ) ;
#1627 = VECTOR ( 'NONE', #2200, 1000.000000000000000 ) ;
#1628 = DIRECTION ( 'NONE',  ( 0.000000000000000000, 0.000000000000000000, -1.000000000000000000 ) ) ;
#1629 = CIRCLE ( 'NONE', #1066, 2.049999999999999822 ) ;
#1630 = LINE ( 'NONE', #249, #1270 ) ;
#1631 = MECHANICAL_DESIGN_GEOMETRIC_PRESENTATION_REPRESENTATION (  '', ( #597 ), #1247 ) ;
#1632 = EDGE_LOOP ( 'NONE', ( #567, #324, #1728, #1032 ) ) ;
#1633 = DIRECTION ( 'NONE',  ( -0.000000000000000000, 1.000000000000000000, -0.000000000000000000 ) ) ;
#1634 = LINE ( 'NONE', #576, #15 ) ;
#1635 = CARTESIAN_POINT ( 'NONE',  ( 3.857637417314162689E-16, -3.950000000000000178, 3.149999999999999911 ) ) ;
#1636 = ORIENTED_EDGE ( 'NONE', *, *, #861, .T. ) ;
#1637 = EDGE_CURVE ( 'NONE', #52, #2170, #1857, .T. ) ;
#1638 = DIRECTION ( 'NONE',  ( -1.000000000000000000, 0.000000000000000000, 0.000000000000000000 ) ) ;
#1639 = DIRECTION ( 'NONE',  ( 0.000000000000000000, 0.000000000000000000, -1.000000000000000000 ) ) ;
#1640 = ORIENTED_EDGE ( 'NONE', *, *, #1766, .T. ) ;
#1641 = DIRECTION ( 'NONE',  ( 0.000000000000000000, 1.000000000000000000, 0.000000000000000000 ) ) ;
#1642 = CARTESIAN_POINT ( 'NONE',  ( 1.084202172485499997E-16, 6.250000000000000000, -0.4699999999999999734 ) ) ;
#1643 = ADVANCED_FACE ( 'NONE', ( #669 ), #284, .T. ) ;
#1644 = ORIENTED_EDGE ( 'NONE', *, *, #1486, .F. ) ;
#1645 = DIRECTION ( 'NONE',  ( 0.000000000000000000, 1.000000000000000000, 0.000000000000000000 ) ) ;
#1646 = EDGE_CURVE ( 'NONE', #1986, #186, #1629, .T. ) ;
#1647 = CARTESIAN_POINT ( 'NONE',  ( -5.421010862427519705E-17, 7.650000000000000355, 0.1836011904761910007 ) ) ;
#1648 = CARTESIAN_POINT ( 'NONE',  ( 0.000000000000000000, -3.950000000000000178, 0.000000000000000000 ) ) ;
#1649 = EDGE_CURVE ( 'NONE', #1109, #360, #700, .T. ) ;
#1650 = VERTEX_POINT ( 'NONE', #1504 ) ;
#1651 = CARTESIAN_POINT ( 'NONE',  ( -3.049999999999999822, -3.950000000000000178, 3.049999999999999822 ) ) ;
#1652 = LINE ( 'NONE', #2002, #474 ) ;
#1653 = ORIENTED_EDGE ( 'NONE', *, *, #1608, .F. ) ;
#1654 = AXIS2_PLACEMENT_3D ( 'NONE', #204, #189, #1369 ) ;
#1655 = CARTESIAN_POINT ( 'NONE',  ( -0.6250000000000001110, 7.650000000000000355, 2.574980159653073031E-16 ) ) ;
#1656 = ORIENTED_EDGE ( 'NONE', *, *, #1122, .F. ) ;
#1657 = VECTOR ( 'NONE', #560, 1000.000000000000000 ) ;
#1658 = DIRECTION ( 'NONE',  ( 0.000000000000000000, -0.000000000000000000, -1.000000000000000000 ) ) ;
#1659 = CARTESIAN_POINT ( 'NONE',  ( -2.029999999999999805, 0.000000000000000000, 2.029999999999999805 ) ) ;
#1660 = VECTOR ( 'NONE', #1915, 1000.000000000000000 ) ;
#1661 = ORIENTED_EDGE ( 'NONE', *, *, #1855, .F. ) ;
#1662 = DIRECTION ( 'NONE',  ( 0.000000000000000000, -0.000000000000000000, -1.000000000000000000 ) ) ;
#1663 = CARTESIAN_POINT ( 'NONE',  ( 0.000000000000000000, 0.6700000000000004841, -2.049999999999999822 ) ) ;
#1664 = EDGE_LOOP ( 'NONE', ( #953, #1714 ) ) ;
#1665 = CARTESIAN_POINT ( 'NONE',  ( -3.500000000000000000, -3.950000000000000178, 2.029999999999999805 ) ) ;
#1666 = ORIENTED_EDGE ( 'NONE', *, *, #544, .F. ) ;
#1667 = FACE_OUTER_BOUND ( 'NONE', #1527, .T. ) ;
#1668 = CARTESIAN_POINT ( 'NONE',  ( 0.000000000000000000, -3.950000000000000178, -2.049999999999999822 ) ) ;
#1669 = EDGE_CURVE ( 'NONE', #5, #301, #1343, .T. ) ;
#1670 = EDGE_CURVE ( 'NONE', #931, #1708, #985, .T. ) ;
#1671 = ORIENTED_EDGE ( 'NONE', *, *, #22, .F. ) ;
#1672 = CARTESIAN_POINT ( 'NONE',  ( 3.275930187681300087E-16, 9.449999999999999289, 2.674999999969077003 ) ) ;
#1673 = DIRECTION ( 'NONE',  ( 0.000000000000000000, -1.000000000000000000, 0.000000000000000000 ) ) ;
#1674 = VERTEX_POINT ( 'NONE', #1167 ) ;
#1675 = EDGE_CURVE ( 'NONE', #289, #282, #13, .T. ) ;
#1676 = PLANE ( 'NONE',  #2051 ) ;
#1677 = ADVANCED_FACE ( 'NONE', ( #800 ), #1003, .F. ) ;
#1678 = ORIENTED_EDGE ( 'NONE', *, *, #1581, .F. ) ;
#1679 = CARTESIAN_POINT ( 'NONE',  ( 2.314999999999999947, 9.550000000000000711, 0.000000000000000000 ) ) ;
#1680 = DIRECTION ( 'NONE',  ( 0.000000000000000000, 0.000000000000000000, -1.000000000000000000 ) ) ;
#1681 = EDGE_LOOP ( 'NONE', ( #1582, #2183 ) ) ;
#1682 = DIRECTION ( 'NONE',  ( -1.000000000000000000, 0.000000000000000000, -0.000000000000000000 ) ) ;
#1683 = LINE ( 'NONE', #1357, #1201 ) ;
#1684 = ORIENTED_EDGE ( 'NONE', *, *, #616, .T. ) ;
#1685 = SURFACE_STYLE_USAGE ( .BOTH. , #977 ) ;
#1686 = AXIS2_PLACEMENT_3D ( 'NONE', #471, #674, #1846 ) ;
#1687 = ORIENTED_EDGE ( 'NONE', *, *, #2203, .F. ) ;
#1688 = CIRCLE ( 'NONE', #764, 0.3350000000068575901 ) ;
#1689 = CARTESIAN_POINT ( 'NONE',  ( 2.510525938252073693E-16, -3.950000000000000178, 2.049999999999999822 ) ) ;
#1690 = CARTESIAN_POINT ( 'NONE',  ( 0.000000000000000000, -3.305000000000000160, 0.6349999999432109909 ) ) ;
#1691 = AXIS2_PLACEMENT_3D ( 'NONE', #2055, #901, #1230 ) ;
#1692 = AXIS2_PLACEMENT_3D ( 'NONE', #1368, #1512, #1194 ) ;
#1693 = ORIENTED_EDGE ( 'NONE', *, *, #1877, .F. ) ;
#1694 = VECTOR ( 'NONE', #1818, 1000.000000000000000 ) ;
#1695 = DIRECTION ( 'NONE',  ( 0.000000000000000000, -0.000000000000000000, 1.000000000000000000 ) ) ;
#1696 = VECTOR ( 'NONE', #2117, 1000.000000000000000 ) ;
#1697 = DIRECTION ( 'NONE',  ( 0.000000000000000000, 1.000000000000000000, 0.000000000000000000 ) ) ;
#1698 = ORIENTED_EDGE ( 'NONE', *, *, #681, .T. ) ;
#1699 = AXIS2_PLACEMENT_3D ( 'NONE', #63, #1119, #1951 ) ;
#1700 = CARTESIAN_POINT ( 'NONE',  ( 3.500000000000000000, 0.000000000000000000, -3.211308144666281006 ) ) ;
#1701 = DIRECTION ( 'NONE',  ( 0.000000000000000000, -1.000000000000000000, 0.000000000000000000 ) ) ;
#1702 = CARTESIAN_POINT ( 'NONE',  ( 0.000000000000000000, 3.549999999999999378, 0.000000000000000000 ) ) ;
#1703 = ORIENTED_EDGE ( 'NONE', *, *, #1725, .F. ) ;
#1704 = ORIENTED_EDGE ( 'NONE', *, *, #2073, .F. ) ;
#1705 = CARTESIAN_POINT ( 'NONE',  ( 0.000000000000000000, 7.520000000000000462, 0.000000000000000000 ) ) ;
#1706 = ADVANCED_FACE ( 'NONE', ( #1143 ), #658, .T. ) ;
#1707 = CARTESIAN_POINT ( 'NONE',  ( 0.000000000000000000, 9.449999999999999289, -2.674999999969077003 ) ) ;
#1708 = VERTEX_POINT ( 'NONE', #820 ) ;
#1709 = CARTESIAN_POINT ( 'NONE',  ( 0.6250000000000003331, 7.650000000000000355, 3.794707603699265519E-16 ) ) ;
#1710 = EDGE_CURVE ( 'NONE', #656, #2000, #1246, .T. ) ;
#1711 = CARTESIAN_POINT ( 'NONE',  ( -3.211308144666280118, 1.800000000000000266, 3.500000000000000000 ) ) ;
#1712 = LINE ( 'NONE', #1384, #1627 ) ;
#1713 = LINE ( 'NONE', #8, #690 ) ;
#1714 = ORIENTED_EDGE ( 'NONE', *, *, #852, .F. ) ;
#1715 = DIRECTION ( 'NONE',  ( 0.000000000000000000, -1.000000000000000000, 0.000000000000000000 ) ) ;
#1716 = DIRECTION ( 'NONE',  ( -0.000000000000000000, 1.000000000000000000, -0.000000000000000000 ) ) ;
#1717 = ORIENTED_EDGE ( 'NONE', *, *, #1883, .T. ) ;
#1718 = ORIENTED_EDGE ( 'NONE', *, *, #815, .T. ) ;
#1719 = DIRECTION ( 'NONE',  ( 1.000000000000000000, -0.000000000000000000, 0.000000000000000000 ) ) ;
#1720 = ORIENTED_EDGE ( 'NONE', *, *, #1838, .T. ) ;
#1721 = LINE ( 'NONE', #720, #1478 ) ;
#1722 = ORIENTED_EDGE ( 'NONE', *, *, #418, .F. ) ;
#1723 = CARTESIAN_POINT ( 'NONE',  ( -5.421010862427519705E-17, 7.650000000000000355, 0.1836011904761910007 ) ) ;
#1724 = DIRECTION ( 'NONE',  ( 0.000000000000000000, -1.000000000000000000, 0.000000000000000000 ) ) ;
#1725 = EDGE_CURVE ( 'NONE', #1165, #1909, #1321, .T. ) ;
#1726 = VECTOR ( 'NONE', #2137, 1000.000000000000000 ) ;
#1727 = EDGE_LOOP ( 'NONE', ( #361, #1914, #989 ) ) ;
#1728 = ORIENTED_EDGE ( 'NONE', *, *, #147, .T. ) ;
#1729 = CONICAL_SURFACE ( 'NONE', #511, 2.674999999953797669, 0.7853981636816653733 ) ;
#1730 = DIRECTION ( 'NONE',  ( 0.000000000000000000, 0.000000000000000000, -1.000000000000000000 ) ) ;
#1731 = DIRECTION ( 'NONE',  ( 0.000000000000000000, -0.7071067809855756670, -0.7071067813875193675 ) ) ;
#1732 = CARTESIAN_POINT ( 'NONE',  ( 2.029999999999999805, -3.950000000000000178, -3.049999999999999822 ) ) ;
#1733 = EDGE_LOOP ( 'NONE', ( #1310, #1798 ) ) ;
#1734 = LINE ( 'NONE', #1709, #1836 ) ;
#1735 = LINE ( 'NONE', #41, #735 ) ;
#1736 = ORIENTED_EDGE ( 'NONE', *, *, #1710, .F. ) ;
#1737 = DIRECTION ( 'NONE',  ( 0.000000000000000000, 0.000000000000000000, -1.000000000000000000 ) ) ;
#1738 = DIRECTION ( 'NONE',  ( 0.000000000000000000, 1.000000000000000000, 0.000000000000000000 ) ) ;
#1739 = LINE ( 'NONE', #1601, #797 ) ;
#1740 = ADVANCED_FACE ( 'NONE', ( #996 ), #831, .T. ) ;
#1741 = CARTESIAN_POINT ( 'NONE',  ( 0.000000000000000000, -3.950000000000000178, 0.000000000000000000 ) ) ;
#1742 = VERTEX_POINT ( 'NONE', #1154 ) ;
#1743 = VERTEX_POINT ( 'NONE', #498 ) ;
#1744 = DIRECTION ( 'NONE',  ( 0.000000000000000000, -1.000000000000000000, 0.000000000000000000 ) ) ;
#1745 = CARTESIAN_POINT ( 'NONE',  ( -3.049999999999999822, -3.950000000000000178, -2.029999999999999805 ) ) ;
#1746 = EDGE_LOOP ( 'NONE', ( #350, #1346 ) ) ;
#1747 = ADVANCED_FACE ( 'NONE', ( #2024, #1519 ), #126, .F. ) ;
#1748 = CARTESIAN_POINT ( 'NONE',  ( 3.049999999999999822, -3.950000000000000178, -2.029999999999999805 ) ) ;
#1749 = FACE_OUTER_BOUND ( 'NONE', #1871, .T. ) ;
#1750 = DIRECTION ( 'NONE',  ( 1.000000000000000000, 0.000000000000000000, 0.000000000000000000 ) ) ;
#1751 = CYLINDRICAL_SURFACE ( 'NONE', #769, 0.6350000000000000089 ) ;
#1752 = ORIENTED_EDGE ( 'NONE', *, *, #107, .F. ) ;
#1753 = ORIENTED_EDGE ( 'NONE', *, *, #852, .T. ) ;
#1754 = FACE_OUTER_BOUND ( 'NONE', #729, .T. ) ;
#1755 = ORIENTED_EDGE ( 'NONE', *, *, #653, .F. ) ;
#1756 = DIRECTION ( 'NONE',  ( 1.000000000000000000, -0.000000000000000000, 0.000000000000000000 ) ) ;
#1757 = LINE ( 'NONE', #532, #1475 ) ;
#1758 = CARTESIAN_POINT ( 'NONE',  ( -2.029999999999999805, -3.950000000000000178, 2.029999999999999805 ) ) ;
#1759 = AXIS2_PLACEMENT_3D ( 'NONE', #1702, #2167, #1680 ) ;
#1760 =( NAMED_UNIT ( * ) PLANE_ANGLE_UNIT ( ) SI_UNIT ( $, .RADIAN. ) );
#1761 = ORIENTED_EDGE ( 'NONE', *, *, #1585, .F. ) ;
#1762 = AXIS2_PLACEMENT_3D ( 'NONE', #2106, #419, #1609 ) ;
#1763 = AXIS2_PLACEMENT_3D ( 'NONE', #1462, #259, #2136 ) ;
#1764 = APPLICATION_PROTOCOL_DEFINITION ( 'draft international standard', 'automotive_design', 1998, #2149 ) ;
#1765 = DIRECTION ( 'NONE',  ( -1.000000000000000000, 0.000000000000000000, 0.000000000000000000 ) ) ;
#1766 = EDGE_CURVE ( 'NONE', #1522, #282, #811, .T. ) ;
#1767 = VERTEX_POINT ( 'NONE', #1375 ) ;
#1768 = DIRECTION ( 'NONE',  ( 0.000000000000000000, -1.000000000000000000, 0.000000000000000000 ) ) ;
#1769 = VECTOR ( 'NONE', #362, 1000.000000000000000 ) ;
#1770 = UNCERTAINTY_MEASURE_WITH_UNIT (LENGTH_MEASURE( 1.000000000000000082E-05 ), #1088, 'distance_accuracy_value', 'NONE');
#1771 = CARTESIAN_POINT ( 'NONE',  ( 4.313351365237940271, -3.950000000000000178, 0.000000000000000000 ) ) ;
#1772 = CARTESIAN_POINT ( 'NONE',  ( 3.049999999999999822, -3.950000000000000178, 2.029999999999999805 ) ) ;
#1773 = DIRECTION ( 'NONE',  ( 1.000000000000000000, 0.000000000000000000, 0.000000000000000000 ) ) ;
#1774 = ORIENTED_EDGE ( 'NONE', *, *, #1506, .T. ) ;
#1775 = CARTESIAN_POINT ( 'NONE',  ( -2.029999999999999805, -3.950000000000000178, -3.049999999999999822 ) ) ;
#1776 = ORIENTED_EDGE ( 'NONE', *, *, #2104, .F. ) ;
#1777 = ADVANCED_FACE ( 'NONE', ( #855 ), #1536, .F. ) ;
#1778 = CARTESIAN_POINT ( 'NONE',  ( 3.049999999999999822, -2.168404344971010347E-16, 3.049999999999999822 ) ) ;
#1779 = DIRECTION ( 'NONE',  ( 0.000000000000000000, -0.000000000000000000, 1.000000000000000000 ) ) ;
#1780 = FACE_OUTER_BOUND ( 'NONE', #636, .T. ) ;
#1781 = VERTEX_POINT ( 'NONE', #2207 ) ;
#1782 = FILL_AREA_STYLE ('',( #389 ) ) ;
#1783 = VERTEX_POINT ( 'NONE', #1562 ) ;
#1784 = CARTESIAN_POINT ( 'NONE',  ( -2.029999999999999805, -3.950000000000000178, -2.029999999999999805 ) ) ;
#1785 = ORIENTED_EDGE ( 'NONE', *, *, #386, .T. ) ;
#1786 = DIRECTION ( 'NONE',  ( 0.000000000000000000, -1.000000000000000000, 0.000000000000000000 ) ) ;
#1787 = LINE ( 'NONE', #437, #1726 ) ;
#1788 = PRODUCT_DEFINITION_CONTEXT ( 'detailed design', #57, 'design' ) ;
#1789 = PLANE ( 'NONE',  #2093 ) ;
#1790 = AXIS2_PLACEMENT_3D ( 'NONE', #429, #1610, #1129 ) ;
#1791 = VERTEX_POINT ( 'NONE', #676 ) ;
#1792 = VECTOR ( 'NONE', #35, 1000.000000000000000 ) ;
#1793 = DIRECTION ( 'NONE',  ( -0.000000000000000000, 1.000000000000000000, -0.000000000000000000 ) ) ;
#1794 = APPLICATION_PROTOCOL_DEFINITION ( 'draft international standard', 'automotive_design', 1998, #57 ) ;
#1795 = EDGE_CURVE ( 'NONE', #810, #1488, #952, .T. ) ;
#1796 = VECTOR ( 'NONE', #1296, 1000.000000000000000 ) ;
#1797 = CARTESIAN_POINT ( 'NONE',  ( 3.049999999999999378, -3.950000000000000178, -3.049999999999999378 ) ) ;
#1798 = ORIENTED_EDGE ( 'NONE', *, *, #11, .F. ) ;
#1799 = CIRCLE ( 'NONE', #1691, 2.049999999999999822 ) ;
#1800 = AXIS2_PLACEMENT_3D ( 'NONE', #1150, #1822, #1658 ) ;
#1801 = DIRECTION ( 'NONE',  ( 0.000000000000000000, -1.000000000000000000, -0.000000000000000000 ) ) ;
#1802 = AXIS2_PLACEMENT_3D ( 'NONE', #1356, #1641, #2179 ) ;
#1803 = DIRECTION ( 'NONE',  ( -0.000000000000000000, 1.000000000000000000, -0.000000000000000000 ) ) ;
#1804 = AXIS2_PLACEMENT_3D ( 'NONE', #1147, #309, #1489 ) ;
#1805 = CARTESIAN_POINT ( 'NONE',  ( 0.000000000000000000, 0.6700000000000004841, -0.6350000000000000089 ) ) ;
#1806 = ADVANCED_FACE ( 'NONE', ( #1029 ), #1363, .T. ) ;
#1807 = ORIENTED_EDGE ( 'NONE', *, *, #258, .F. ) ;
#1808 = EDGE_CURVE ( 'NONE', #834, #1650, #2033, .T. ) ;
#1809 = EDGE_CURVE ( 'NONE', #1358, #1781, #507, .T. ) ;
#1810 = PLANE ( 'NONE',  #1166 ) ;
#1811 = FACE_OUTER_BOUND ( 'NONE', #1882, .T. ) ;
#1812 = ADVANCED_FACE ( 'NONE', ( #2214 ), #1052, .F. ) ;
#1813 = ORIENTED_EDGE ( 'NONE', *, *, #1670, .F. ) ;
#1814 = EDGE_CURVE ( 'NONE', #887, #382, #1482, .T. ) ;
#1815 = CARTESIAN_POINT ( 'NONE',  ( 1.084202172485499997E-16, 7.650000000000000355, -0.4699999999999999734 ) ) ;
#1816 = CYLINDRICAL_SURFACE ( 'NONE', #1546, 3.165000000000000480 ) ;
#1817 = ORIENTED_EDGE ( 'NONE', *, *, #1408, .F. ) ;
#1818 = DIRECTION ( 'NONE',  ( 0.000000000000000000, -1.000000000000000000, 0.000000000000000000 ) ) ;
#1819 = CARTESIAN_POINT ( 'NONE',  ( 2.835057340026122190E-16, -3.950000000000000178, 2.314999999999999947 ) ) ;
#1820 = EDGE_LOOP ( 'NONE', ( #421, #199, #298, #212 ) ) ;
#1821 = EDGE_LOOP ( 'NONE', ( #346, #643, #860, #944 ) ) ;
#1822 = DIRECTION ( 'NONE',  ( 0.000000000000000000, -1.000000000000000000, 0.000000000000000000 ) ) ;
#1823 = DIRECTION ( 'NONE',  ( -1.000000000000000000, 0.000000000000000000, -0.000000000000000000 ) ) ;
#1824 = EDGE_LOOP ( 'NONE', ( #1591, #1943 ) ) ;
#1825 = ORIENTED_EDGE ( 'NONE', *, *, #1992, .F. ) ;
#1826 = CARTESIAN_POINT ( 'NONE',  ( 3.275930187719169848E-16, -3.950000000000000178, 2.674999999999999822 ) ) ;
#1827 = LINE ( 'NONE', #1819, #1339 ) ;
#1828 = VECTOR ( 'NONE', #1108, 1000.000000000000000 ) ;
#1829 = ORIENTED_EDGE ( 'NONE', *, *, #1284, .T. ) ;
#1830 = VECTOR ( 'NONE', #2101, 1000.000000000000000 ) ;
#1831 = ADVANCED_FACE ( 'NONE', ( #1869, #162 ), #1880, .F. ) ;
#1832 = ORIENTED_EDGE ( 'NONE', *, *, #926, .T. ) ;
#1833 = ADVANCED_FACE ( 'NONE', ( #866 ), #27, .F. ) ;
#1834 = DIRECTION ( 'NONE',  ( 0.000000000000000000, 0.000000000000000000, 1.000000000000000000 ) ) ;
#1835 = DIRECTION ( 'NONE',  ( 0.000000000000000000, 0.000000000000000000, -1.000000000000000000 ) ) ;
#1836 = VECTOR ( 'NONE', #2064, 1000.000000000000000 ) ;
#1837 = ORIENTED_EDGE ( 'NONE', *, *, #488, .T. ) ;
#1838 = EDGE_CURVE ( 'NONE', #360, #1131, #1235, .T. ) ;
#1839 = CARTESIAN_POINT ( 'NONE',  ( -2.029999999999999805, 0.5000000000000004441, -2.029999999999999805 ) ) ;
#1840 = EDGE_CURVE ( 'NONE', #446, #1937, #195, .T. ) ;
#1841 = CARTESIAN_POINT ( 'NONE',  ( -3.211308144666281006, 0.000000000000000000, 3.500000000000000000 ) ) ;
#1842 = EDGE_LOOP ( 'NONE', ( #998, #1104 ) ) ;
#1843 = FACE_OUTER_BOUND ( 'NONE', #713, .T. ) ;
#1844 = ORIENTED_EDGE ( 'NONE', *, *, #1284, .F. ) ;
#1845 = DIRECTION ( 'NONE',  ( 0.000000000000000000, 0.000000000000000000, -1.000000000000000000 ) ) ;
#1846 = DIRECTION ( 'NONE',  ( 0.000000000000000000, 0.000000000000000000, 1.000000000000000000 ) ) ;
#1847 = EDGE_LOOP ( 'NONE', ( #2109, #1507, #29, #596 ) ) ;
#1848 = DIRECTION ( 'NONE',  ( 0.000000000000000000, 0.000000000000000000, -1.000000000000000000 ) ) ;
#1849 = FACE_OUTER_BOUND ( 'NONE', #1273, .T. ) ;
#1850 = ORIENTED_EDGE ( 'NONE', *, *, #94, .F. ) ;
#1851 = DIRECTION ( 'NONE',  ( -0.000000000000000000, 1.000000000000000000, -0.000000000000000000 ) ) ;
#1852 = EDGE_LOOP ( 'NONE', ( #1042, #1960, #1095, #2175 ) ) ;
#1853 = FACE_BOUND ( 'NONE', #39, .T. ) ;
#1854 = CARTESIAN_POINT ( 'NONE',  ( 0.000000000000000000, 0.5000000000000004441, -2.049999999999999822 ) ) ;
#1855 = EDGE_CURVE ( 'NONE', #2004, #1783, #1549, .T. ) ;
#1856 = ORIENTED_EDGE ( 'NONE', *, *, #1581, .T. ) ;
#1857 = LINE ( 'NONE', #1651, #374 ) ;
#1858 = CARTESIAN_POINT ( 'NONE',  ( -1.555301434917138581E-16, 6.250000000000000000, -0.6350000000000000089 ) ) ;
#1859 = ORIENTED_EDGE ( 'NONE', *, *, #645, .F. ) ;
#1860 = CIRCLE ( 'NONE', #550, 2.674999999999999822 ) ;
#1861 = CIRCLE ( 'NONE', #910, 0.6350000000000000089 ) ;
#1862 = LINE ( 'NONE', #1000, #1940 ) ;
#1863 = DIRECTION ( 'NONE',  ( -8.881784197001252323E-16, 0.000000000000000000, -1.000000000000000000 ) ) ;
#1864 = VECTOR ( 'NONE', #569, 1000.000000000000000 ) ;
#1865 = VECTOR ( 'NONE', #1834, 1000.000000000000000 ) ;
#1866 = EDGE_LOOP ( 'NONE', ( #99, #315, #510, #1612 ) ) ;
#1867 = CIRCLE ( 'NONE', #837, 2.674999999999999822 ) ;
#1868 = ADVANCED_FACE ( 'NONE', ( #845 ), #1918, .F. ) ;
#1869 = FACE_OUTER_BOUND ( 'NONE', #403, .T. ) ;
#1870 = CARTESIAN_POINT ( 'NONE',  ( 0.000000000000000000, 1.800000000000000488, 0.000000000000000000 ) ) ;
#1871 = EDGE_LOOP ( 'NONE', ( #1302, #2213 ) ) ;
#1872 = CARTESIAN_POINT ( 'NONE',  ( 0.000000000000000000, 0.5000000000000000000, 0.000000000000000000 ) ) ;
#1873 = EDGE_CURVE ( 'NONE', #2067, #890, #1867, .T. ) ;
#1874 = FACE_OUTER_BOUND ( 'NONE', #2088, .T. ) ;
#1875 = DIRECTION ( 'NONE',  ( 0.000000000000000000, -1.000000000000000000, 0.000000000000000000 ) ) ;
#1876 = LINE ( 'NONE', #1245, #1792 ) ;
#1877 = EDGE_CURVE ( 'NONE', #2102, #1895, #878, .T. ) ;
#1878 = ORIENTED_EDGE ( 'NONE', *, *, #1172, .T. ) ;
#1879 = EDGE_LOOP ( 'NONE', ( #42, #583, #722, #660, #38, #18, #1859 ) ) ;
#1880 = PLANE ( 'NONE',  #1134 ) ;
#1881 = CARTESIAN_POINT ( 'NONE',  ( 0.000000000000000000, 3.549999999999999378, -3.149999999999999911 ) ) ;
#1882 = EDGE_LOOP ( 'NONE', ( #538, #1503, #1552, #1125 ) ) ;
#1883 = EDGE_CURVE ( 'NONE', #1708, #106, #897, .T. ) ;
#1884 = EDGE_LOOP ( 'NONE', ( #940, #1234, #1089, #565 ) ) ;
#1885 = PRODUCT_RELATED_PRODUCT_CATEGORY ( 'part', '', ( #501 ) ) ;
#1886 = DIRECTION ( 'NONE',  ( -0.000000000000000000, 1.000000000000000000, -0.000000000000000000 ) ) ;
#1887 = CARTESIAN_POINT ( 'NONE',  ( -0.5749999999999991784, 7.650000000000000355, 1.897353801849632760E-16 ) ) ;
#1888 = ORIENTED_EDGE ( 'NONE', *, *, #654, .T. ) ;
#1889 = DIRECTION ( 'NONE',  ( 0.000000000000000000, -1.000000000000000000, 0.000000000000000000 ) ) ;
#1890 = LINE ( 'NONE', #1916, #830 ) ;
#1891 = VERTEX_POINT ( 'NONE', #939 ) ;
#1892 = CARTESIAN_POINT ( 'NONE',  ( 0.000000000000000000, 3.549999999999999378, 0.000000000000000000 ) ) ;
#1893 = DIRECTION ( 'NONE',  ( 0.000000000000000000, 0.000000000000000000, -1.000000000000000000 ) ) ;
#1894 = CARTESIAN_POINT ( 'NONE',  ( -2.029999999999999805, -3.950000000000000178, -3.049999999999999822 ) ) ;
#1895 = VERTEX_POINT ( 'NONE', #1620 ) ;
#1896 = LINE ( 'NONE', #1912, #1769 ) ;
#1897 = DIRECTION ( 'NONE',  ( 0.000000000000000000, -1.000000000000000000, 0.000000000000000000 ) ) ;
#1898 = ORIENTED_EDGE ( 'NONE', *, *, #459, .F. ) ;
#1899 = DIRECTION ( 'NONE',  ( 1.000000000000000000, 0.000000000000000000, -0.000000000000000000 ) ) ;
#1900 = CARTESIAN_POINT ( 'NONE',  ( 2.029999999999999805, 0.5000000000000004441, -3.500000000000000000 ) ) ;
#1901 = ADVANCED_FACE ( 'NONE', ( #2108 ), #1751, .F. ) ;
#1902 = AXIS2_PLACEMENT_3D ( 'NONE', #795, #2158, #1639 ) ;
#1903 = CARTESIAN_POINT ( 'NONE',  ( 0.000000000000000000, -3.604999999936353561, 0.3350000000068575901 ) ) ;
#1904 = VECTOR ( 'NONE', #491, 1000.000000000000000 ) ;
#1905 = AXIS2_PLACEMENT_3D ( 'NONE', #602, #248, #2084 ) ;
#1906 = CARTESIAN_POINT ( 'NONE',  ( 2.029999999999999805, -3.950000000000000178, -3.500000000000000000 ) ) ;
#1907 = ORIENTED_EDGE ( 'NONE', *, *, #1966, .T. ) ;
#1908 = ADVANCED_FACE ( 'NONE', ( #768 ), #920, .T. ) ;
#1909 = VERTEX_POINT ( 'NONE', #1602 ) ;
#1910 = AXIS2_PLACEMENT_3D ( 'NONE', #1528, #1070, #338 ) ;
#1911 = EDGE_CURVE ( 'NONE', #182, #2007, #82, .T. ) ;
#1912 = CARTESIAN_POINT ( 'NONE',  ( 3.149999999999999911, 1.800000000000000266, 3.500000000000000000 ) ) ;
#1913 = LINE ( 'NONE', #1254, #2008 ) ;
#1914 = ORIENTED_EDGE ( 'NONE', *, *, #1579, .T. ) ;
#1915 = DIRECTION ( 'NONE',  ( 1.000000000000000000, 0.000000000000000000, -0.000000000000000000 ) ) ;
#1916 = CARTESIAN_POINT ( 'NONE',  ( 2.510525938252073693E-16, -3.950000000000000178, 2.049999999999999822 ) ) ;
#1917 = FACE_OUTER_BOUND ( 'NONE', #1922, .T. ) ;
#1918 = CYLINDRICAL_SURFACE ( 'NONE', #159, 2.049999999999999822 ) ;
#1919 = ORIENTED_EDGE ( 'NONE', *, *, #1153, .T. ) ;
#1920 = ORIENTED_EDGE ( 'NONE', *, *, #780, .F. ) ;
#1921 = CARTESIAN_POINT ( 'NONE',  ( 0.000000000000000000, -3.950000000000000178, 0.000000000000000000 ) ) ;
#1922 = EDGE_LOOP ( 'NONE', ( #1378, #1644, #1761, #1223 ) ) ;
#1923 = CARTESIAN_POINT ( 'NONE',  ( -2.029999999999999805, -3.950000000000000178, -3.049999999999999378 ) ) ;
#1924 = DIRECTION ( 'NONE',  ( 0.000000000000000000, -1.000000000000000000, 0.000000000000000000 ) ) ;
#1925 = FACE_OUTER_BOUND ( 'NONE', #377, .T. ) ;
#1926 = FILL_AREA_STYLE ('',( #1456 ) ) ;
#1927 = ORIENTED_EDGE ( 'NONE', *, *, #451, .T. ) ;
#1928 = DIRECTION ( 'NONE',  ( 1.000000000000000000, -0.000000000000000000, 0.000000000000000000 ) ) ;
#1929 = CARTESIAN_POINT ( 'NONE',  ( 0.000000000000000000, 3.549999999999999378, 0.000000000000000000 ) ) ;
#1930 = VERTEX_POINT ( 'NONE', #1103 ) ;
#1931 = MANIFOLD_SOLID_BREP ( 'Imported1', #184 ) ;
#1932 = CARTESIAN_POINT ( 'NONE',  ( -2.029999999999999805, 0.000000000000000000, -3.049999999999999822 ) ) ;
#1933 = CARTESIAN_POINT ( 'NONE',  ( -3.049999999999999822, 0.000000000000000000, 2.029999999999999805 ) ) ;
#1934 = DIRECTION ( 'NONE',  ( 0.000000000000000000, 0.7071067811865474617, 0.7071067811865474617 ) ) ;
#1935 = VECTOR ( 'NONE', #2062, 1000.000000000000000 ) ;
#1936 = EDGE_CURVE ( 'NONE', #1220, #656, #1024, .T. ) ;
#1937 = VERTEX_POINT ( 'NONE', #1281 ) ;
#1938 = VECTOR ( 'NONE', #889, 1000.000000000000000 ) ;
#1939 = ADVANCED_FACE ( 'NONE', ( #422 ), #1789, .F. ) ;
#1940 = VECTOR ( 'NONE', #515, 1000.000000000000000 ) ;
#1941 = DIRECTION ( 'NONE',  ( 0.000000000000000000, -1.000000000000000000, 0.000000000000000000 ) ) ;
#1942 = LINE ( 'NONE', #1775, #1371 ) ;
#1943 = ORIENTED_EDGE ( 'NONE', *, *, #955, .F. ) ;
#1944 = AXIS2_PLACEMENT_3D ( 'NONE', #1705, #169, #2050 ) ;
#1945 = DIRECTION ( 'NONE',  ( 0.000000000000000000, 0.000000000000000000, -1.000000000000000000 ) ) ;
#1946 = AXIS2_PLACEMENT_3D ( 'NONE', #401, #1941, #221 ) ;
#1947 = CARTESIAN_POINT ( 'NONE',  ( -3.500000000000000000, 0.000000000000000000, 3.211308144666281006 ) ) ;
#1948 = CARTESIAN_POINT ( 'NONE',  ( 3.049999999999999822, -3.950000000000000178, -2.029999999999999805 ) ) ;
#1949 = ORIENTED_EDGE ( 'NONE', *, *, #1840, .T. ) ;
#1950 = ORIENTED_EDGE ( 'NONE', *, *, #1534, .F. ) ;
#1951 = DIRECTION ( 'NONE',  ( 0.000000000000000000, 0.000000000000000000, -1.000000000000000000 ) ) ;
#1952 = VERTEX_POINT ( 'NONE', #1805 ) ;
#1953 = CARTESIAN_POINT ( 'NONE',  ( 3.049999999999999822, 0.5000000000000004441, 2.029999999999999805 ) ) ;
#1954 = FILL_AREA_STYLE_COLOUR ( '', #2184 ) ;
#1955 = ORIENTED_EDGE ( 'NONE', *, *, #341, .F. ) ;
#1956 = FACE_OUTER_BOUND ( 'NONE', #363, .T. ) ;
#1957 = CARTESIAN_POINT ( 'NONE',  ( 0.000000000000000000, -3.950000000000000178, 0.000000000000000000 ) ) ;
#1958 = CYLINDRICAL_SURFACE ( 'NONE', #1790, 2.314999999999999947 ) ;
#1959 = EDGE_CURVE ( 'NONE', #931, #446, #274, .T. ) ;
#1960 = ORIENTED_EDGE ( 'NONE', *, *, #11, .T. ) ;
#1961 = DIRECTION ( 'NONE',  ( 0.000000000000000000, -1.000000000000000000, 0.000000000000000000 ) ) ;
#1962 = PLANE ( 'NONE',  #46 ) ;
#1963 = EDGE_LOOP ( 'NONE', ( #130, #1678, #2072, #424 ) ) ;
#1964 = FACE_OUTER_BOUND ( 'NONE', #824, .T. ) ;
#1965 = CARTESIAN_POINT ( 'NONE',  ( -2.029999999999999805, 0.000000000000000000, -3.049999999999999378 ) ) ;
#1966 = EDGE_CURVE ( 'NONE', #1522, #1120, #2125, .T. ) ;
#1967 = EDGE_CURVE ( 'NONE', #1057, #492, #814, .T. ) ;
#1968 = CARTESIAN_POINT ( 'NONE',  ( 3.211308144666280118, 0.5000000000000000000, -3.500000000000000000 ) ) ;
#1969 = CIRCLE ( 'NONE', #793, 2.674999999999999822 ) ;
#1970 = EDGE_CURVE ( 'NONE', #182, #1465, #160, .T. ) ;
#1971 = EDGE_LOOP ( 'NONE', ( #1856, #143, #1072, #1511 ) ) ;
#1972 = AXIS2_PLACEMENT_3D ( 'NONE', #1432, #1265, #1945 ) ;
#1973 = CARTESIAN_POINT ( 'NONE',  ( 1.084202172485499997E-16, 7.650000000000000355, 0.1805585106382980309 ) ) ;
#1974 = EDGE_CURVE ( 'NONE', #2143, #134, #880, .T. ) ;
#1975 = CIRCLE ( 'NONE', #231, 3.165000000000000480 ) ;
#1976 = CARTESIAN_POINT ( 'NONE',  ( 3.049999999999999822, -3.950000000000000178, -3.049999999999999822 ) ) ;
#1977 = ORIENTED_EDGE ( 'NONE', *, *, #1027, .T. ) ;
#1978 = AXIS2_PLACEMENT_3D ( 'NONE', #747, #1570, #203 ) ;
#1979 = STYLED_ITEM ( 'NONE', ( #1464 ), #1931 ) ;
#1980 = CYLINDRICAL_SURFACE ( 'NONE', #479, 3.149999999999999911 ) ;
#1981 = VECTOR ( 'NONE', #964, 1000.000000000000000 ) ;
#1982 = DIRECTION ( 'NONE',  ( -0.000000000000000000, 1.000000000000000000, 0.000000000000000000 ) ) ;
#1983 = ORIENTED_EDGE ( 'NONE', *, *, #94, .T. ) ;
#1984 = CARTESIAN_POINT ( 'NONE',  ( 3.275930187719169848E-16, 4.549999999999999822, 2.674999999999999822 ) ) ;
#1985 = CARTESIAN_POINT ( 'NONE',  ( 0.000000000000000000, 1.800000000000000488, 0.000000000000000000 ) ) ;
#1986 = VERTEX_POINT ( 'NONE', #129 ) ;
#1987 = PLANE ( 'NONE',  #742 ) ;
#1988 = ORIENTED_EDGE ( 'NONE', *, *, #1440, .F. ) ;
#1989 = PLANE ( 'NONE',  #1763 ) ;
#1990 = CARTESIAN_POINT ( 'NONE',  ( 2.029999999999999805, -3.950000000000000178, -3.049999999999999822 ) ) ;
#1991 = ORIENTED_EDGE ( 'NONE', *, *, #783, .F. ) ;
#1992 = EDGE_CURVE ( 'NONE', #140, #494, #493, .T. ) ;
#1993 = CARTESIAN_POINT ( 'NONE',  ( -5.421010862427519705E-17, 6.250000000000000000, -0.1836011904761910007 ) ) ;
#1994 = CARTESIAN_POINT ( 'NONE',  ( 3.049999999999999822, -3.950000000000000178, 2.029999999999999805 ) ) ;
#1995 = ORIENTED_EDGE ( 'NONE', *, *, #121, .T. ) ;
#1996 = FACE_OUTER_BOUND ( 'NONE', #473, .T. ) ;
#1997 = ORIENTED_EDGE ( 'NONE', *, *, #1970, .F. ) ;
#1998 = FACE_BOUND ( 'NONE', #269, .T. ) ;
#1999 = DIRECTION ( 'NONE',  ( 0.000000000000000000, -1.000000000000000000, 0.000000000000000000 ) ) ;
#2000 = VERTEX_POINT ( 'NONE', #1655 ) ;
#2001 = DIRECTION ( 'NONE',  ( -0.000000000000000000, 1.000000000000000000, -0.000000000000000000 ) ) ;
#2002 = CARTESIAN_POINT ( 'NONE',  ( 7.776507174585692903E-17, -3.950000000000000178, 0.6350000000000000089 ) ) ;
#2003 = AXIS2_PLACEMENT_3D ( 'NONE', #260, #1453, #1116 ) ;
#2004 = VERTEX_POINT ( 'NONE', #2197 ) ;
#2005 = VECTOR ( 'NONE', #2142, 1000.000000000000000 ) ;
#2006 = FILL_AREA_STYLE ('',( #791 ) ) ;
#2007 = VERTEX_POINT ( 'NONE', #1314 ) ;
#2008 = VECTOR ( 'NONE', #1595, 1000.000000000000000 ) ;
#2009 = DIRECTION ( 'NONE',  ( 0.000000000000000000, -1.000000000000000000, 0.000000000000000000 ) ) ;
#2010 = DIRECTION ( 'NONE',  ( 0.000000000000000000, 0.000000000000000000, 1.000000000000000000 ) ) ;
#2011 = AXIS2_PLACEMENT_3D ( 'NONE', #322, #1701, #665 ) ;
#2012 = VECTOR ( 'NONE', #1598, 1000.000000000000000 ) ;
#2013 = ORIENTED_EDGE ( 'NONE', *, *, #1534, .T. ) ;
#2014 = DIRECTION ( 'NONE',  ( 0.000000000000000000, 0.000000000000000000, -1.000000000000000000 ) ) ;
#2015 = DIRECTION ( 'NONE',  ( 0.000000000000000000, 0.000000000000000000, -1.000000000000000000 ) ) ;
#2016 = ORIENTED_EDGE ( 'NONE', *, *, #378, .T. ) ;
#2017 = CARTESIAN_POINT ( 'NONE',  ( -2.029999999999999805, 0.000000000000000000, -2.029999999999999805 ) ) ;
#2018 = ADVANCED_FACE ( 'NONE', ( #288 ), #1499, .F. ) ;
#2019 = VERTEX_POINT ( 'NONE', #2174 ) ;
#2020 = LINE ( 'NONE', #1689, #1342 ) ;
#2021 = LINE ( 'NONE', #994, #1409 ) ;
#2022 = ORIENTED_EDGE ( 'NONE', *, *, #891, .F. ) ;
#2023 = ADVANCED_FACE ( 'NONE', ( #1171, #1996 ), #502, .F. ) ;
#2024 = FACE_BOUND ( 'NONE', #1746, .T. ) ;
#2025 = DIRECTION ( 'NONE',  ( 0.000000000000000000, -1.000000000000000000, 0.000000000000000000 ) ) ;
#2026 = ORIENTED_EDGE ( 'NONE', *, *, #65, .T. ) ;
#2027 = FACE_OUTER_BOUND ( 'NONE', #96, .T. ) ;
#2028 = LINE ( 'NONE', #503, #950 ) ;
#2029 = DIRECTION ( 'NONE',  ( 1.000000000000000000, 0.000000000000000000, -0.000000000000000000 ) ) ;
#2030 = EDGE_CURVE ( 'NONE', #1783, #1083, #376, .T. ) ;
#2031 = ADVANCED_FACE ( 'NONE', ( #1843 ), #1987, .F. ) ;
#2032 = VERTEX_POINT ( 'NONE', #1359 ) ;
#2033 = LINE ( 'NONE', #347, #1344 ) ;
#2034 = ADVANCED_FACE ( 'NONE', ( #1007, #2027 ), #1676, .F. ) ;
#2035 = CARTESIAN_POINT ( 'NONE',  ( 0.000000000000000000, 6.250000000000000000, 0.000000000000000000 ) ) ;
#2036 = EDGE_LOOP ( 'NONE', ( #1817, #759, #1977, #1252, #975, #605 ) ) ;
#2037 = EDGE_CURVE ( 'NONE', #1615, #2196, #54, .T. ) ;
#2038 = CARTESIAN_POINT ( 'NONE',  ( 3.500000000000000000, -3.950000000000000178, -2.029999999999999805 ) ) ;
#2039 = CIRCLE ( 'NONE', #1654, 2.674999999999999822 ) ;
#2040 = CARTESIAN_POINT ( 'NONE',  ( 3.275930187719169848E-16, -3.950000000000000178, 2.674999999999999822 ) ) ;
#2041 = VECTOR ( 'NONE', #2058, 1000.000000000000000 ) ;
#2042 = LINE ( 'NONE', #7, #1376 ) ;
#2043 = DIRECTION ( 'NONE',  ( -0.000000000000000000, 1.000000000000000000, -0.000000000000000000 ) ) ;
#2044 = AXIS2_PLACEMENT_3D ( 'NONE', #1771, #739, #242 ) ;
#2045 = EDGE_CURVE ( 'NONE', #1081, #798, #236, .T. ) ;
#2046 = EDGE_LOOP ( 'NONE', ( #1383, #26, #1341, #870 ) ) ;
#2047 = AXIS2_PLACEMENT_3D ( 'NONE', #464, #1472, #2148 ) ;
#2048 = EDGE_CURVE ( 'NONE', #656, #1895, #1734, .T. ) ;
#2049 = ORIENTED_EDGE ( 'NONE', *, *, #2048, .T. ) ;
#2050 = DIRECTION ( 'NONE',  ( 0.000000000000000000, 0.000000000000000000, -1.000000000000000000 ) ) ;
#2051 = AXIS2_PLACEMENT_3D ( 'NONE', #969, #139, #823 ) ;
#2052 = FACE_OUTER_BOUND ( 'NONE', #102, .T. ) ;
#2053 = ORIENTED_EDGE ( 'NONE', *, *, #313, .T. ) ;
#2054 = LINE ( 'NONE', #2038, #1347 ) ;
#2055 = CARTESIAN_POINT ( 'NONE',  ( 0.000000000000000000, 7.620000000000000107, 0.000000000000000000 ) ) ;
#2056 = ORIENTED_EDGE ( 'NONE', *, *, #891, .T. ) ;
#2057 = CARTESIAN_POINT ( 'NONE',  ( 3.049999999999999378, 0.000000000000000000, -3.049999999999999378 ) ) ;
#2058 = DIRECTION ( 'NONE',  ( -1.000000000000000000, 0.000000000000000000, -0.000000000000000000 ) ) ;
#2059 = VERTEX_POINT ( 'NONE', #331 ) ;
#2060 = CARTESIAN_POINT ( 'NONE',  ( -3.049999999999999822, -3.950000000000000178, -2.029999999999999805 ) ) ;
#2061 = CARTESIAN_POINT ( 'NONE',  ( 0.000000000000000000, 9.450000000015279511, -2.674999999953797669 ) ) ;
#2062 = DIRECTION ( 'NONE',  ( 0.000000000000000000, 1.000000000000000000, 0.000000000000000000 ) ) ;
#2063 = EDGE_LOOP ( 'NONE', ( #995, #1019, #1263, #452 ) ) ;
#2064 = DIRECTION ( 'NONE',  ( 0.000000000000000000, -1.000000000000000000, 0.000000000000000000 ) ) ;
#2065 = ADVANCED_FACE ( 'NONE', ( #527 ), #342, .T. ) ;
#2066 = DIRECTION ( 'NONE',  ( -1.000000000000000000, 0.000000000000000000, -0.000000000000000000 ) ) ;
#2067 = VERTEX_POINT ( 'NONE', #165 ) ;
#2068 = DIRECTION ( 'NONE',  ( 0.000000000000000000, 0.000000000000000000, -1.000000000000000000 ) ) ;
#2069 = LINE ( 'NONE', #369, #1303 ) ;
#2070 = UNCERTAINTY_MEASURE_WITH_UNIT (LENGTH_MEASURE( 1.000000000000000082E-05 ), #1613, 'distance_accuracy_value', 'NONE');
#2071 = EDGE_CURVE ( 'NONE', #2152, #2004, #200, .T. ) ;
#2072 = ORIENTED_EDGE ( 'NONE', *, *, #815, .F. ) ;
#2073 = EDGE_CURVE ( 'NONE', #1909, #111, #2054, .T. ) ;
#2074 = DIRECTION ( 'NONE',  ( 1.000000000000000000, 0.000000000000000000, -0.000000000000000000 ) ) ;
#2075 = FACE_BOUND ( 'NONE', #600, .T. ) ;
#2076 = ORIENTED_EDGE ( 'NONE', *, *, #1966, .F. ) ;
#2077 = ORIENTED_EDGE ( 'NONE', *, *, #2104, .T. ) ;
#2078 = CARTESIAN_POINT ( 'NONE',  ( 0.000000000000000000, 0.000000000000000000, 0.000000000000000000 ) ) ;
#2079 = DIRECTION ( 'NONE',  ( -0.000000000000000000, 1.000000000000000000, -0.000000000000000000 ) ) ;
#2080 = ORIENTED_EDGE ( 'NONE', *, *, #1338, .T. ) ;
#2081 = CARTESIAN_POINT ( 'NONE',  ( 2.835057340026122190E-16, 9.550000000000000711, 2.314999999999999947 ) ) ;
#2082 = AXIS2_PLACEMENT_3D ( 'NONE', #496, #291, #1317 ) ;
#2083 = LINE ( 'NONE', #384, #228 ) ;
#2084 = DIRECTION ( 'NONE',  ( 0.000000000000000000, 0.000000000000000000, -1.000000000000000000 ) ) ;
#2085 = VECTOR ( 'NONE', #146, 1000.000000000000000 ) ;
#2086 = AXIS2_PLACEMENT_3D ( 'NONE', #529, #343, #695 ) ;
#2087 = DIRECTION ( 'NONE',  ( 0.000000000000000000, 0.000000000000000000, 1.000000000000000000 ) ) ;
#2088 = EDGE_LOOP ( 'NONE', ( #633, #2026, #193, #244 ) ) ;
#2089 = ORIENTED_EDGE ( 'NONE', *, *, #223, .T. ) ;
#2090 = AXIS2_PLACEMENT_3D ( 'NONE', #906, #1773, #217 ) ;
#2091 = CARTESIAN_POINT ( 'NONE',  ( 3.857637417314162689E-16, 3.549999999999999378, 3.149999999999999911 ) ) ;
#2092 = CARTESIAN_POINT ( 'NONE',  ( 3.049999999999999822, -3.950000000000000178, -3.049999999999999822 ) ) ;
#2093 = AXIS2_PLACEMENT_3D ( 'NONE', #263, #1110, #951 ) ;
#2094 = ORIENTED_EDGE ( 'NONE', *, *, #520, .T. ) ;
#2095 = CARTESIAN_POINT ( 'NONE',  ( -5.421010862427519705E-17, 6.250000000000000000, 0.1836011904761910007 ) ) ;
#2096 = DIRECTION ( 'NONE',  ( 0.000000000000000000, 0.000000000000000000, 1.000000000000000000 ) ) ;
#2097 = PLANE ( 'NONE',  #190 ) ;
#2098 = CARTESIAN_POINT ( 'NONE',  ( 0.000000000000000000, -3.950000000000000178, 0.000000000000000000 ) ) ;
#2099 = CARTESIAN_POINT ( 'NONE',  ( 1.084202172485499997E-16, 6.250000000000000000, 0.1805585106382980309 ) ) ;
#2100 = LINE ( 'NONE', #942, #303 ) ;
#2101 = DIRECTION ( 'NONE',  ( 0.000000000000000000, -0.000000000000000000, 1.000000000000000000 ) ) ;
#2102 = VERTEX_POINT ( 'NONE', #1043 ) ;
#2103 = DIRECTION ( 'NONE',  ( 0.000000000000000000, -1.000000000000000000, 0.000000000000000000 ) ) ;
#2104 = EDGE_CURVE ( 'NONE', #1212, #1397, #858, .T. ) ;
#2105 = UNCERTAINTY_MEASURE_WITH_UNIT (LENGTH_MEASURE( 1.000000000000000082E-05 ), #2139, 'distance_accuracy_value', 'NONE');
#2106 = CARTESIAN_POINT ( 'NONE',  ( -5.421010862427519705E-17, 7.650000000000000355, 0.1836011904761910007 ) ) ;
#2107 = EDGE_CURVE ( 'NONE', #2102, #2000, #708, .T. ) ;
#2108 = FACE_OUTER_BOUND ( 'NONE', #1538, .T. ) ;
#2109 = ORIENTED_EDGE ( 'NONE', *, *, #1023, .T. ) ;
#2110 = DIRECTION ( 'NONE',  ( 0.000000000000000000, -0.000000000000000000, -1.000000000000000000 ) ) ;
#2111 = ORIENTED_EDGE ( 'NONE', *, *, #751, .T. ) ;
#2112 = EDGE_CURVE ( 'NONE', #2019, #1674, #1218, .T. ) ;
#2113 = CARTESIAN_POINT ( 'NONE',  ( 0.000000000000000000, -3.950000000000000178, 0.000000000000000000 ) ) ;
#2114 = CARTESIAN_POINT ( 'NONE',  ( -2.029999999999999805, -3.950000000000000178, -2.029999999999999805 ) ) ;
#2115 = DIRECTION ( 'NONE',  ( 0.000000000000000000, 0.000000000000000000, -1.000000000000000000 ) ) ;
#2116 = AXIS2_PLACEMENT_3D ( 'NONE', #2177, #1001, #1835 ) ;
#2117 = DIRECTION ( 'NONE',  ( 0.000000000000000000, -1.000000000000000000, 0.000000000000000000 ) ) ;
#2118 = EDGE_CURVE ( 'NONE', #1358, #153, #2192, .T. ) ;
#2119 = VERTEX_POINT ( 'NONE', #1554 ) ;
#2120 = VECTOR ( 'NONE', #1044, 1000.000000000000000 ) ;
#2121 = VECTOR ( 'NONE', #214, 1000.000000000000000 ) ;
#2122 = ORIENTED_EDGE ( 'NONE', *, *, #1479, .T. ) ;
#2123 =( GEOMETRIC_REPRESENTATION_CONTEXT ( 3 ) GLOBAL_UNCERTAINTY_ASSIGNED_CONTEXT ( ( #1770 ) ) GLOBAL_UNIT_ASSIGNED_CONTEXT ( ( #1088, #1760, #1427 ) ) REPRESENTATION_CONTEXT ( 'NONE', 'WORKASPACE' ) );
#2124 = FACE_OUTER_BOUND ( 'NONE', #1852, .T. ) ;
#2125 = CIRCLE ( 'NONE', #1309, 0.3350000000068575901 ) ;
#2126 = LINE ( 'NONE', #1933, #1374 ) ;
#2127 = DIRECTION ( 'NONE',  ( 0.000000000000000000, -1.000000000000000000, 0.000000000000000000 ) ) ;
#2128 = DIRECTION ( 'NONE',  ( 0.000000000000000000, 0.000000000000000000, -1.000000000000000000 ) ) ;
#2129 = ORIENTED_EDGE ( 'NONE', *, *, #1118, .T. ) ;
#2130 = DIRECTION ( 'NONE',  ( 0.000000000000000000, -0.000000000000000000, 1.000000000000000000 ) ) ;
#2131 = DIRECTION ( 'NONE',  ( -0.000000000000000000, 1.000000000000000000, 0.000000000000000000 ) ) ;
#2132 = LINE ( 'NONE', #1094, #553 ) ;
#2133 = ORIENTED_EDGE ( 'NONE', *, *, #1578, .F. ) ;
#2134 = EDGE_CURVE ( 'NONE', #1236, #505, #1455, .T. ) ;
#2135 = ADVANCED_FACE ( 'NONE', ( #2210 ), #539, .T. ) ;
#2136 = DIRECTION ( 'NONE',  ( 0.000000000000000000, -0.000000000000000000, 1.000000000000000000 ) ) ;
#2137 = DIRECTION ( 'NONE',  ( -0.000000000000000000, -0.000000000000000000, 1.000000000000000000 ) ) ;
#2138 = ADVANCED_FACE ( 'NONE', ( #1577, #1240 ), #1229, .F. ) ;
#2139 =( LENGTH_UNIT ( ) NAMED_UNIT ( * ) SI_UNIT ( .MILLI., .METRE. ) );
#2140 = ORIENTED_EDGE ( 'NONE', *, *, #976, .T. ) ;
#2141 = CARTESIAN_POINT ( 'NONE',  ( 0.000000000000000000, 1.800000000000000488, 0.000000000000000000 ) ) ;
#2142 = DIRECTION ( 'NONE',  ( -0.000000000000000000, 1.000000000000000000, 0.000000000000000000 ) ) ;
#2143 = VERTEX_POINT ( 'NONE', #1700 ) ;
#2144 = DIRECTION ( 'NONE',  ( 0.000000000000000000, 0.000000000000000000, -1.000000000000000000 ) ) ;
#2145 = CARTESIAN_POINT ( 'NONE',  ( -2.029999999999999805, -3.950000000000000178, -3.500000000000000000 ) ) ;
#2146 = VECTOR ( 'NONE', #1151, 1000.000000000000000 ) ;
#2147 = ORIENTED_EDGE ( 'NONE', *, *, #2206, .F. ) ;
#2148 = DIRECTION ( 'NONE',  ( 0.000000000000000000, 0.000000000000000000, -1.000000000000000000 ) ) ;
#2149 = APPLICATION_CONTEXT ( 'automotive_design' ) ;
#2150 = VECTOR ( 'NONE', #580, 1000.000000000000000 ) ;
#2151 = CARTESIAN_POINT ( 'NONE',  ( -5.421010862427519705E-17, 7.650000000000000355, -0.1836011904761910007 ) ) ;
#2152 = VERTEX_POINT ( 'NONE', #1033 ) ;
#2153 = CIRCLE ( 'NONE', #1063, 3.149999999999999911 ) ;
#2154 = AXIS2_PLACEMENT_3D ( 'NONE', #1329, #135, #1682 ) ;
#2155 = ORIENTED_EDGE ( 'NONE', *, *, #1587, .F. ) ;
#2156 = PLANE ( 'NONE',  #154 ) ;
#2157 = AXIS2_PLACEMENT_3D ( 'NONE', #351, #694, #1207 ) ;
#2158 = DIRECTION ( 'NONE',  ( -0.000000000000000000, 1.000000000000000000, -0.000000000000000000 ) ) ;
#2159 = EDGE_CURVE ( 'NONE', #1083, #2059, #1896, .T. ) ;
#2160 = EDGE_LOOP ( 'NONE', ( #1468, #2163 ) ) ;
#2161 = CARTESIAN_POINT ( 'NONE',  ( -5.421010862427519705E-17, 7.650000000000000355, -0.1805585106382980309 ) ) ;
#2162 = CYLINDRICAL_SURFACE ( 'NONE', #1624, 0.6036011904761899860 ) ;
#2163 = ORIENTED_EDGE ( 'NONE', *, *, #2199, .T. ) ;
#2164 = DIRECTION ( 'NONE',  ( 0.000000000000000000, -0.000000000000000000, 1.000000000000000000 ) ) ;
#2165 = ORIENTED_EDGE ( 'NONE', *, *, #584, .T. ) ;
#2166 = FACE_OUTER_BOUND ( 'NONE', #696, .T. ) ;
#2167 = DIRECTION ( 'NONE',  ( -0.000000000000000000, 1.000000000000000000, -0.000000000000000000 ) ) ;
#2168 = ORIENTED_EDGE ( 'NONE', *, *, #726, .T. ) ;
#2169 = EDGE_CURVE ( 'NONE', #186, #1986, #840, .T. ) ;
#2170 = VERTEX_POINT ( 'NONE', #1402 ) ;
#2171 = DIRECTION ( 'NONE',  ( 0.000000000000000000, -1.000000000000000000, -0.000000000000000000 ) ) ;
#2172 = DIRECTION ( 'NONE',  ( 0.000000000000000000, 0.000000000000000000, -1.000000000000000000 ) ) ;
#2173 = VERTEX_POINT ( 'NONE', #210 ) ;
#2174 = CARTESIAN_POINT ( 'NONE',  ( -2.029999999999999805, 0.5000000000000004441, 3.500000000000000000 ) ) ;
#2175 = ORIENTED_EDGE ( 'NONE', *, *, #1440, .T. ) ;
#2176 = CARTESIAN_POINT ( 'NONE',  ( 2.029999999999999805, 0.5000000000000004441, -2.029999999999999805 ) ) ;
#2177 = CARTESIAN_POINT ( 'NONE',  ( 0.000000000000000000, -3.950000000000000178, 0.000000000000000000 ) ) ;
#2178 = ORIENTED_EDGE ( 'NONE', *, *, #395, .T. ) ;
#2179 = DIRECTION ( 'NONE',  ( 0.000000000000000000, -0.000000000000000000, 1.000000000000000000 ) ) ;
#2180 = EDGE_CURVE ( 'NONE', #1952, #282, #40, .T. ) ;
#2181 = CARTESIAN_POINT ( 'NONE',  ( -3.211308144666281006, 1.800000000000000488, -3.500000000000000000 ) ) ;
#2182 = VECTOR ( 'NONE', #981, 1000.000000000000000 ) ;
#2183 = ORIENTED_EDGE ( 'NONE', *, *, #611, .F. ) ;
#2184 = COLOUR_RGB ( '',0.8431372549019607865, 0.8156862745098039102, 0.7529411764705882248 ) ;
#2185 = CARTESIAN_POINT ( 'NONE',  ( 0.000000000000000000, 4.549999999999999822, 0.000000000000000000 ) ) ;
#2186 = ORIENTED_EDGE ( 'NONE', *, *, #91, .T. ) ;
#2187 = AXIS2_PLACEMENT_3D ( 'NONE', #2114, #905, #205 ) ;
#2188 = CARTESIAN_POINT ( 'NONE',  ( 0.000000000000000000, 0.000000000000000000, 0.000000000000000000 ) ) ;
#2189 = LINE ( 'NONE', #1533, #364 ) ;
#2190 = VECTOR ( 'NONE', #1801, 1000.000000000000000 ) ;
#2191 = AXIS2_PLACEMENT_3D ( 'NONE', #37, #1225, #535 ) ;
#2192 = CIRCLE ( 'NONE', #631, 3.165000000000000480 ) ;
#2193 = VERTEX_POINT ( 'NONE', #2091 ) ;
#2194 = CARTESIAN_POINT ( 'NONE',  ( 2.029999999999999805, 0.000000000000000000, -2.029999999999999805 ) ) ;
#2195 = DIRECTION ( 'NONE',  ( 0.000000000000000000, -1.000000000000000000, 0.000000000000000000 ) ) ;
#2196 = VERTEX_POINT ( 'NONE', #568 ) ;
#2197 = CARTESIAN_POINT ( 'NONE',  ( 3.500000000000000000, 0.000000000000000000, 3.211308144666285891 ) ) ;
#2198 = EDGE_CURVE ( 'NONE', #1930, #1411, #1253, .T. ) ;
#2199 = EDGE_CURVE ( 'NONE', #171, #2007, #1280, .T. ) ;
#2200 = DIRECTION ( 'NONE',  ( 0.000000000000000000, -1.000000000000000000, -0.000000000000000000 ) ) ;
#2201 = ADVANCED_FACE ( 'NONE', ( #1604 ), #701, .T. ) ;
#2202 = FACE_OUTER_BOUND ( 'NONE', #650, .T. ) ;
#2203 = EDGE_CURVE ( 'NONE', #1891, #446, #1634, .T. ) ;
#2204 = ORIENTED_EDGE ( 'NONE', *, *, #954, .F. ) ;
#2205 = ORIENTED_EDGE ( 'NONE', *, *, #1637, .T. ) ;
#2206 = EDGE_CURVE ( 'NONE', #2, #1231, #2100, .T. ) ;
#2207 = CARTESIAN_POINT ( 'NONE',  ( 0.000000000000000000, 4.549999999999999822, -3.165000000000000480 ) ) ;
#2208 = DIRECTION ( 'NONE',  ( 0.000000000000000000, 0.000000000000000000, -1.000000000000000000 ) ) ;
#2209 = VERTEX_POINT ( 'NONE', #1594 ) ;
#2210 = FACE_OUTER_BOUND ( 'NONE', #999, .T. ) ;
#2211 = CARTESIAN_POINT ( 'NONE',  ( 0.000000000000000000, 9.549999999933334038, -2.574999999978899723 ) ) ;
#2212 = FACE_OUTER_BOUND ( 'NONE', #1362, .T. ) ;
#2213 = ORIENTED_EDGE ( 'NONE', *, *, #1420, .T. ) ;
#2214 = FACE_OUTER_BOUND ( 'NONE', #1963, .T. ) ;
ENDSEC;
END-ISO-10303-21;
