ISO-10303-21;
HEADER;
FILE_DESCRIPTION (( 'STEP AP214' ),
    '1' );
FILE_NAME ('DR1050.STEP',
    '2021-01-19T07:37:28',
    ( '' ),
    ( '' ),
    'SwSTEP 2.0',
    'SolidWorks 2016',
    '' );
FILE_SCHEMA (( 'AUTOMOTIVE_DESIGN' ));
ENDSEC;

DATA;
#1 = DIRECTION ( 'NONE',  ( 0.0000000000000000000, 0.0000000000000000000, 1.000000000000000000 ) ) ;
#2 = CARTESIAN_POINT ( 'NONE',  ( 0.0000000000000000000, 4.799999999999999800, 0.0000000000000000000 ) ) ;
#3 = AXIS2_PLACEMENT_3D ( 'NONE', #3494, #2106, #684 ) ;
#4 = ORIENTED_EDGE ( 'NONE', *, *, #873, .F. ) ;
#5 = LINE ( 'NONE', #1115, #523 ) ;
#6 = CARTESIAN_POINT ( 'NONE',  ( 2.651000000000000200, -0.8999999999999995800, -1.249999999999999800 ) ) ;
#7 = VECTOR ( 'NONE', #2584, 1000.000000000000200 ) ;
#8 = ADVANCED_FACE ( 'NONE', ( #193 ), #2664, .F. ) ;
#9 = ORIENTED_EDGE ( 'NONE', *, *, #1617, .F. ) ;
#10 = VERTEX_POINT ( 'NONE', #2131 ) ;
#11 = DIRECTION ( 'NONE',  ( 0.7071067811865477900, 0.0000000000000000000, -0.7071067811865473500 ) ) ;
#12 = DIRECTION ( 'NONE',  ( 0.0000000000000000000, 0.0000000000000000000, -1.000000000000000000 ) ) ;
#13 = CARTESIAN_POINT ( 'NONE',  ( 0.4999999999999998900, 3.760660171779826900, -1.272792206135778100 ) ) ;
#14 = VECTOR ( 'NONE', #41, 1000.000000000000100 ) ;
#15 = CIRCLE ( 'NONE', #1804, 0.5000000000000001100 ) ;
#16 = EDGE_CURVE ( 'NONE', #2585, #119, #1425, .T. ) ;
#17 = CARTESIAN_POINT ( 'NONE',  ( 2.500000000000000000, 1.500000000000000000, -0.1499999999999999400 ) ) ;
#18 = DIRECTION ( 'NONE',  ( -0.0000000000000000000, 1.000000000000000000, 0.0000000000000000000 ) ) ;
#19 = LINE ( 'NONE', #711, #2138 ) ;
#20 = DIRECTION ( 'NONE',  ( -0.0000000000000000000, -1.000000000000000000, -0.0000000000000000000 ) ) ;
#21 = EDGE_CURVE ( 'NONE', #2157, #3406, #19, .T. ) ;
#22 = EDGE_CURVE ( 'NONE', #173, #119, #1908, .T. ) ;
#23 = DIRECTION ( 'NONE',  ( -0.0000000000000000000, -1.000000000000000000, -0.0000000000000000000 ) ) ;
#24 = VERTEX_POINT ( 'NONE', #1312 ) ;
#25 = ADVANCED_FACE ( 'NONE', ( #403 ), #320, .T. ) ;
#26 = CARTESIAN_POINT ( 'NONE',  ( 2.050609665440986900, 0.0000000000000000000, 4.879036790187179000 ) ) ;
#27 = CARTESIAN_POINT ( 'NONE',  ( -0.7071067811865502400, 0.0000000000000000000, 6.363961030678929400 ) ) ;
#28 = DIRECTION ( 'NONE',  ( 0.0000000000000000000, 0.0000000000000000000, 1.000000000000000000 ) ) ;
#29 = AXIS2_PLACEMENT_3D ( 'NONE', #1729, #2895, #2877 ) ;
#30 = DIRECTION ( 'NONE',  ( -0.0000000000000000000, -5.421010862427661200E-016, 1.000000000000000000 ) ) ;
#31 = ORIENTED_EDGE ( 'NONE', *, *, #157, .T. ) ;
#32 = DIRECTION ( 'NONE',  ( 0.0000000000000000000, 0.0000000000000000000, -1.000000000000000000 ) ) ;
#33 = DIRECTION ( 'NONE',  ( 0.0000000000000000000, 1.057758217059028900E-016, -1.000000000000000000 ) ) ;
#34 = LINE ( 'NONE', #471, #2782 ) ;
#35 = EDGE_CURVE ( 'NONE', #380, #699, #766, .T. ) ;
#36 = ORIENTED_EDGE ( 'NONE', *, *, #1693, .F. ) ;
#37 = AXIS2_PLACEMENT_3D ( 'NONE', #84, #3498, #2059 ) ;
#38 = ORIENTED_EDGE ( 'NONE', *, *, #749, .T. ) ;
#39 = CYLINDRICAL_SURFACE ( 'NONE', #603, 0.2000000000000002600 ) ;
#40 = EDGE_CURVE ( 'NONE', #380, #2511, #2319, .T. ) ;
#41 = DIRECTION ( 'NONE',  ( 0.7071067811865474600, 0.0000000000000000000, -0.7071067811865474600 ) ) ;
#42 = LINE ( 'NONE', #734, #1751 ) ;
#43 = ORIENTED_EDGE ( 'NONE', *, *, #187, .F. ) ;
#44 = VECTOR ( 'NONE', #287, 1000.000000000000000 ) ;
#45 = VECTOR ( 'NONE', #2121, 999.9999999999998900 ) ;
#46 = LINE ( 'NONE', #2730, #1633 ) ;
#47 = ORIENTED_EDGE ( 'NONE', *, *, #87, .T. ) ;
#48 = CARTESIAN_POINT ( 'NONE',  ( 2.350000000000000100, 1.500000000000000000, 0.0000000000000000000 ) ) ;
#49 = DIRECTION ( 'NONE',  ( -0.7071067811865474600, 0.0000000000000000000, 0.7071067811865474600 ) ) ;
#50 = AXIS2_PLACEMENT_3D ( 'NONE', #2658, #2640, #1507 ) ;
#51 = CARTESIAN_POINT ( 'NONE',  ( -1.826156786830832200, 4.250000000000000000, 4.654583911577025100 ) ) ;
#52 = DIRECTION ( 'NONE',  ( -0.0000000000000000000, -1.000000000000000000, -0.0000000000000000000 ) ) ;
#53 = ORIENTED_EDGE ( 'NONE', *, *, #3477, .F. ) ;
#54 = ORIENTED_EDGE ( 'NONE', *, *, #1242, .F. ) ;
#55 = ORIENTED_EDGE ( 'NONE', *, *, #998, .F. ) ;
#56 = ORIENTED_EDGE ( 'NONE', *, *, #2735, .T. ) ;
#57 = VECTOR ( 'NONE', #3612, 1000.000000000000000 ) ;
#58 = CARTESIAN_POINT ( 'NONE',  ( -1.181725608926913700E-015, 3.477817459305204900, -0.4242640687119229000 ) ) ;
#59 = EDGE_CURVE ( 'NONE', #2345, #1072, #664, .T. ) ;
#60 = CARTESIAN_POINT ( 'NONE',  ( 0.4999999999999986100, 3.477817459305204500, -0.4242640687119225200 ) ) ;
#61 = CARTESIAN_POINT ( 'NONE',  ( -0.5000000000000018900, 3.371751442127223400, -0.5303300858899056000 ) ) ;
#62 = CARTESIAN_POINT ( 'NONE',  ( 6.000769315822031700E-016, 0.9500000000000007300, 4.900000000000000400 ) ) ;
#63 = ORIENTED_EDGE ( 'NONE', *, *, #3236, .F. ) ;
#64 = EDGE_CURVE ( 'NONE', #2833, #1230, #808, .T. ) ;
#65 = ORIENTED_EDGE ( 'NONE', *, *, #1038, .T. ) ;
#66 = CARTESIAN_POINT ( 'NONE',  ( -5.321067811865472800, 3.250000000000000000, 1.899999999999999900 ) ) ;
#67 = AXIS2_PLACEMENT_3D ( 'NONE', #26, #348, #49 ) ;
#68 = CARTESIAN_POINT ( 'NONE',  ( 2.500000000000000400, -0.4999999999999998900, -1.349999999999999400 ) ) ;
#69 = DIRECTION ( 'NONE',  ( 2.291253386025845700E-016, 0.0000000000000000000, 1.000000000000000000 ) ) ;
#70 = DIRECTION ( 'NONE',  ( -0.0000000000000000000, -1.000000000000000000, 2.168404344971009100E-016 ) ) ;
#71 = EDGE_LOOP ( 'NONE', ( #1767, #1477, #1184, #1213, #2459, #2054 ) ) ;
#72 = LINE ( 'NONE', #2216, #739 ) ;
#73 = ORIENTED_EDGE ( 'NONE', *, *, #3001, .F. ) ;
#74 = EDGE_LOOP ( 'NONE', ( #215, #43, #3600, #3013 ) ) ;
#75 = AXIS2_PLACEMENT_3D ( 'NONE', #733, #1853, #167 ) ;
#76 = FACE_OUTER_BOUND ( 'NONE', #3346, .T. ) ;
#77 = ORIENTED_EDGE ( 'NONE', *, *, #1479, .T. ) ;
#78 = ORIENTED_EDGE ( 'NONE', *, *, #1121, .T. ) ;
#79 = LINE ( 'NONE', #2944, #45 ) ;
#80 = ORIENTED_EDGE ( 'NONE', *, *, #1054, .F. ) ;
#81 = VECTOR ( 'NONE', #1612, 1000.000000000000000 ) ;
#82 = ORIENTED_EDGE ( 'NONE', *, *, #3025, .F. ) ;
#83 =( NAMED_UNIT ( * ) PLANE_ANGLE_UNIT ( ) SI_UNIT ( $, .RADIAN. ) );
#84 = CARTESIAN_POINT ( 'NONE',  ( -5.321067811865472800, 3.250000000000000400, -1.899999999999999900 ) ) ;
#85 = VERTEX_POINT ( 'NONE', #3544 ) ;
#86 = LINE ( 'NONE', #2844, #3010 ) ;
#87 = EDGE_CURVE ( 'NONE', #3039, #1556, #1606, .T. ) ;
#88 = DIRECTION ( 'NONE',  ( 0.0000000000000000000, -0.7071067811865512400, 0.7071067811865439100 ) ) ;
#89 = FACE_BOUND ( 'NONE', #1974, .T. ) ;
#90 = ORIENTED_EDGE ( 'NONE', *, *, #59, .T. ) ;
#91 = CARTESIAN_POINT ( 'NONE',  ( -2.649999999999999900, 1.500000000000000000, -0.1499999999999998600 ) ) ;
#92 = DIRECTION ( 'NONE',  ( 9.035018104045869500E-017, 1.000000000000000000, -0.0000000000000000000 ) ) ;
#93 = DIRECTION ( 'NONE',  ( 0.0000000000000000000, 0.0000000000000000000, 1.000000000000000000 ) ) ;
#94 = STYLED_ITEM ( 'NONE', ( #1980 ), #2231 ) ;
#95 = VERTEX_POINT ( 'NONE', #1603 ) ;
#96 = DIRECTION ( 'NONE',  ( -1.000000000000000000, 0.0000000000000000000, 0.0000000000000000000 ) ) ;
#97 = CARTESIAN_POINT ( 'NONE',  ( 6.000769315822031700E-016, 0.1000000000000008200, 4.900000000000000400 ) ) ;
#98 = DIRECTION ( 'NONE',  ( -0.0000000000000000000, -1.000000000000000000, -0.0000000000000000000 ) ) ;
#99 = VECTOR ( 'NONE', #92, 1000.000000000000000 ) ;
#100 = LINE ( 'NONE', #251, #3018 ) ;
#101 = DIRECTION ( 'NONE',  ( -0.0000000000000000000, 1.204669080539449300E-016, 1.000000000000000000 ) ) ;
#102 = COLOUR_RGB ( '',0.7960784313725489700, 0.8235294117647058400, 0.9372549019607843100 ) ;
#103 = DIRECTION ( 'NONE',  ( 1.073305391678363000E-015, 0.7071067811865512400, -0.7071067811865439100 ) ) ;
#104 = DIRECTION ( 'NONE',  ( 0.0000000000000000000, 0.0000000000000000000, -1.000000000000000000 ) ) ;
#105 = AXIS2_PLACEMENT_3D ( 'NONE', #2863, #2538, #3630 ) ;
#106 = EDGE_CURVE ( 'NONE', #1797, #1349, #2942, .T. ) ;
#107 = VERTEX_POINT ( 'NONE', #3560 ) ;
#108 = CARTESIAN_POINT ( 'NONE',  ( -5.321067811865472000, 29.18565718140579800, -1.608578643762697000 ) ) ;
#109 = EDGE_CURVE ( 'NONE', #1134, #1293, #1470, .T. ) ;
#110 = CARTESIAN_POINT ( 'NONE',  ( -3.491060010942235600, 3.750000000000000000, 2.149999999999999000 ) ) ;
#111 = DIRECTION ( 'NONE',  ( -0.0000000000000000000, -1.000000000000000000, -0.0000000000000000000 ) ) ;
#112 = DIRECTION ( 'NONE',  ( 1.885568995626963800E-016, 2.710505431213760600E-016, -1.000000000000000000 ) ) ;
#113 = CARTESIAN_POINT ( 'NONE',  ( 0.4999999999999997800, 2.425735931288071100, 0.1500000000000009100 ) ) ;
#114 = APPLICATION_PROTOCOL_DEFINITION ( 'draft international standard', 'automotive_design', 1998, #3237 ) ;
#115 = ORIENTED_EDGE ( 'NONE', *, *, #2912, .T. ) ;
#116 = DIRECTION ( 'NONE',  ( 0.0000000000000000000, -0.4472135954999582600, -0.8944271909999157400 ) ) ;
#117 = AXIS2_PLACEMENT_3D ( 'NONE', #569, #1412, #1981 ) ;
#118 = FACE_OUTER_BOUND ( 'NONE', #1825, .T. ) ;
#119 = VERTEX_POINT ( 'NONE', #1868 ) ;
#120 = ORIENTED_EDGE ( 'NONE', *, *, #819, .F. ) ;
#121 = LINE ( 'NONE', #1828, #3379 ) ;
#122 = MANIFOLD_SOLID_BREP ( 'Revolve1', #723 ) ;
#123 = VECTOR ( 'NONE', #2019, 1000.000000000000000 ) ;
#124 = ORIENTED_EDGE ( 'NONE', *, *, #1765, .F. ) ;
#125 = EDGE_CURVE ( 'NONE', #2330, #699, #233, .T. ) ;
#126 = FACE_OUTER_BOUND ( 'NONE', #1139, .T. ) ;
#127 = CARTESIAN_POINT ( 'NONE',  ( 0.4999999999999998900, 3.866726188957808800, -1.166726188957796200 ) ) ;
#128 = LINE ( 'NONE', #3349, #2262 ) ;
#129 = ORIENTED_EDGE ( 'NONE', *, *, #3042, .T. ) ;
#130 = DIRECTION ( 'NONE',  ( 0.0000000000000000000, 0.0000000000000000000, 1.000000000000000000 ) ) ;
#131 = ORIENTED_EDGE ( 'NONE', *, *, #843, .T. ) ;
#132 = CARTESIAN_POINT ( 'NONE',  ( 2.350000000000000100, -1.500000000000000000, 0.0000000000000000000 ) ) ;
#133 =( NAMED_UNIT ( * ) PLANE_ANGLE_UNIT ( ) SI_UNIT ( $, .RADIAN. ) );
#134 = DIRECTION ( 'NONE',  ( -0.7071067811865474600, 0.0000000000000000000, -0.7071067811865474600 ) ) ;
#135 = DIRECTION ( 'NONE',  ( -0.0000000000000000000, -1.000000000000000000, -0.0000000000000000000 ) ) ;
#136 = EDGE_CURVE ( 'NONE', #1541, #657, #2715, .T. ) ;
#137 = EDGE_CURVE ( 'NONE', #3166, #850, #1706, .T. ) ;
#138 = DIRECTION ( 'NONE',  ( 0.0000000000000000000, -1.000000000000000000, -0.0000000000000000000 ) ) ;
#139 = ORIENTED_EDGE ( 'NONE', *, *, #206, .T. ) ;
#140 = CARTESIAN_POINT ( 'NONE',  ( 0.0000000000000000000, 0.0000000000000000000, 0.0000000000000000000 ) ) ;
#141 = VERTEX_POINT ( 'NONE', #488 ) ;
#142 = ORIENTED_EDGE ( 'NONE', *, *, #635, .F. ) ;
#143 = PRODUCT_DEFINITION_SHAPE ( 'NONE', 'NONE',  #1533 ) ;
#144 = VERTEX_POINT ( 'NONE', #1082 ) ;
#145 = CARTESIAN_POINT ( 'NONE',  ( 2.050609665440986900, 3.750000000000000000, 4.879036790187179000 ) ) ;
#146 = FACE_OUTER_BOUND ( 'NONE', #3578, .T. ) ;
#147 = CARTESIAN_POINT ( 'NONE',  ( -0.5000000000000001100, 3.866726188957808800, -1.166726188957796200 ) ) ;
#148 = APPLICATION_PROTOCOL_DEFINITION ( 'draft international standard', 'automotive_design', 1998, #2677 ) ;
#149 =( LENGTH_UNIT ( ) NAMED_UNIT ( * ) SI_UNIT ( .MILLI., .METRE. ) );
#150 = CARTESIAN_POINT ( 'NONE',  ( 2.649999999999999900, 1.500000000000000000, 5.656706986880892900E-017 ) ) ;
#151 = PLANE ( 'NONE',  #1571 ) ;
#152 = EDGE_LOOP ( 'NONE', ( #598, #301, #3476, #3624 ) ) ;
#153 = CARTESIAN_POINT ( 'NONE',  ( -0.5000000000000010000, 3.477817459305205400, -0.4242640687119232900 ) ) ;
#154 = ORIENTED_EDGE ( 'NONE', *, *, #1977, .F. ) ;
#155 = CARTESIAN_POINT ( 'NONE',  ( 5.321067811865472800, 29.18565718140579800, 1.608578643762692800 ) ) ;
#156 = CARTESIAN_POINT ( 'NONE',  ( 0.4999999999999998900, 2.425735931288071100, -0.1499999999999994900 ) ) ;
#157 = EDGE_CURVE ( 'NONE', #2115, #1574, #1330, .T. ) ;
#158 = CARTESIAN_POINT ( 'NONE',  ( 0.0000000000000000000, 0.0000000000000000000, 0.0000000000000000000 ) ) ;
#159 = CARTESIAN_POINT ( 'NONE',  ( -2.650000000000000400, 0.9000000000000003600, -0.9500000000000000700 ) ) ;
#160 = ORIENTED_EDGE ( 'NONE', *, *, #1097, .F. ) ;
#161 = DIRECTION ( 'NONE',  ( -0.0000000000000000000, -1.000000000000000000, -0.0000000000000000000 ) ) ;
#162 = AXIS2_PLACEMENT_3D ( 'NONE', #1013, #969, #2704 ) ;
#163 = CYLINDRICAL_SURFACE ( 'NONE', #541, 2.450000000000000200 ) ;
#164 = CARTESIAN_POINT ( 'NONE',  ( -2.500000000000000000, -1.500000000000000000, 0.0000000000000000000 ) ) ;
#165 = ORIENTED_EDGE ( 'NONE', *, *, #722, .T. ) ;
#166 = EDGE_LOOP ( 'NONE', ( #2206, #2816 ) ) ;
#167 = DIRECTION ( 'NONE',  ( 0.0000000000000000000, 0.0000000000000000000, -1.000000000000000000 ) ) ;
#168 = DIRECTION ( 'NONE',  ( 0.0000000000000000000, 0.0000000000000000000, -1.000000000000000000 ) ) ;
#169 = FACE_OUTER_BOUND ( 'NONE', #1086, .T. ) ;
#170 =( NAMED_UNIT ( * ) SI_UNIT ( $, .STERADIAN. ) SOLID_ANGLE_UNIT ( ) );
#171 =( NAMED_UNIT ( * ) PLANE_ANGLE_UNIT ( ) SI_UNIT ( $, .RADIAN. ) );
#172 = DIRECTION ( 'NONE',  ( -0.0000000000000000000, -1.000000000000000000, -0.0000000000000000000 ) ) ;
#173 = VERTEX_POINT ( 'NONE', #772 ) ;
#174 = LINE ( 'NONE', #2675, #3599 ) ;
#175 = AXIS2_PLACEMENT_3D ( 'NONE', #2570, #1169, #2008 ) ;
#176 = VECTOR ( 'NONE', #1322, 1000.000000000000000 ) ;
#177 = EDGE_LOOP ( 'NONE', ( #1578, #2221, #922, #741 ) ) ;
#178 = VECTOR ( 'NONE', #1420, 1000.000000000000000 ) ;
#179 = VECTOR ( 'NONE', #3123, 1000.000000000000000 ) ;
#180 = CARTESIAN_POINT ( 'NONE',  ( -2.500000000000000400, -1.500000000000000000, -1.100000000000000100 ) ) ;
#181 = AXIS2_PLACEMENT_3D ( 'NONE', #1608, #2457, #1035 ) ;
#182 = EDGE_CURVE ( 'NONE', #1574, #2957, #579, .T. ) ;
#183 = ORIENTED_EDGE ( 'NONE', *, *, #2476, .F. ) ;
#184 = DIRECTION ( 'NONE',  ( -4.749472124534494400E-032, 1.000000000000000000, -1.204669080539449300E-016 ) ) ;
#185 = CARTESIAN_POINT ( 'NONE',  ( -8.673617379884035500E-016, 0.0000000000000000000, -4.099999999999999600 ) ) ;
#186 = FILL_AREA_STYLE ('',( #2141 ) ) ;
#187 = EDGE_CURVE ( 'NONE', #1415, #3338, #1021, .T. ) ;
#188 = DIRECTION ( 'NONE',  ( -0.0000000000000000000, 1.000000000000000000, -0.0000000000000000000 ) ) ;
#189 = VERTEX_POINT ( 'NONE', #1930 ) ;
#190 = CIRCLE ( 'NONE', #3114, 4.999999999999999100 ) ;
#191 = VECTOR ( 'NONE', #2517, 1000.000000000000000 ) ;
#192 = DIRECTION ( 'NONE',  ( 1.073305391678363000E-015, 0.7071067811865512400, -0.7071067811865439100 ) ) ;
#193 = FACE_OUTER_BOUND ( 'NONE', #1039, .T. ) ;
#194 = COLOUR_RGB ( '',0.7960784313725489700, 0.8235294117647058400, 0.9372549019607843100 ) ;
#195 = DIRECTION ( 'NONE',  ( -0.0000000000000000000, 1.000000000000000000, -0.0000000000000000000 ) ) ;
#196 = DIRECTION ( 'NONE',  ( 0.0000000000000000000, 0.0000000000000000000, -1.000000000000000000 ) ) ;
#197 = CARTESIAN_POINT ( 'NONE',  ( -0.5000000000000001100, 2.637867965644034500, 0.06213203435596606500 ) ) ;
#198 = DIRECTION ( 'NONE',  ( -1.000000000000000000, 7.589415207398578400E-016, -7.589415207398501500E-016 ) ) ;
#199 = CARTESIAN_POINT ( 'NONE',  ( -2.500000000000000400, 0.9000000000000003600, -0.9500000000000000700 ) ) ;
#200 = ORIENTED_EDGE ( 'NONE', *, *, #2688, .F. ) ;
#201 = EDGE_CURVE ( 'NONE', #1901, #1134, #939, .T. ) ;
#202 = DIRECTION ( 'NONE',  ( 7.666467083416911400E-017, -1.000000000000000000, 0.0000000000000000000 ) ) ;
#203 = EDGE_CURVE ( 'NONE', #2702, #2957, #281, .T. ) ;
#204 = CARTESIAN_POINT ( 'NONE',  ( 2.350000000000000100, -1.500000000000000000, 0.1499999999999999900 ) ) ;
#205 = CARTESIAN_POINT ( 'NONE',  ( 2.050609665440986900, 0.0000000000000000000, 4.879036790187179000 ) ) ;
#206 = EDGE_CURVE ( 'NONE', #3157, #1696, #3351, .T. ) ;
#207 = SURFACE_STYLE_USAGE ( .BOTH. , #244 ) ;
#208 = PLANE ( 'NONE',  #658 ) ;
#209 = EDGE_LOOP ( 'NONE', ( #2104, #1156, #2086, #2618 ) ) ;
#210 = LINE ( 'NONE', #3287, #1790 ) ;
#211 = PRODUCT_DEFINITION ( 'UNKNOWN', '', #2253, #2500 ) ;
#212 = ORIENTED_EDGE ( 'NONE', *, *, #3156, .T. ) ;
#213 = LINE ( 'NONE', #2385, #2647 ) ;
#214 = VECTOR ( 'NONE', #2770, 1000.000000000000100 ) ;
#215 = ORIENTED_EDGE ( 'NONE', *, *, #550, .T. ) ;
#216 = DIRECTION ( 'NONE',  ( -0.0000000000000000000, -1.000000000000000000, -0.0000000000000000000 ) ) ;
#217 = DIRECTION ( 'NONE',  ( -0.7071067811865473500, 0.0000000000000000000, -0.7071067811865477900 ) ) ;
#218 = VECTOR ( 'NONE', #2868, 1000.000000000000000 ) ;
#219 = CARTESIAN_POINT ( 'NONE',  ( -0.5000000000000018900, 2.912132034355964500, 0.1414213562373119200 ) ) ;
#220 = FACE_OUTER_BOUND ( 'NONE', #3378, .T. ) ;
#221 = DIRECTION ( 'NONE',  ( 0.0000000000000000000, 0.0000000000000000000, -1.000000000000000000 ) ) ;
#222 = AXIS2_PLACEMENT_3D ( 'NONE', #2185, #2758, #1875 ) ;
#223 = ADVANCED_FACE ( 'NONE', ( #3442 ), #1076, .T. ) ;
#224 = EDGE_CURVE ( 'NONE', #2594, #747, #1859, .T. ) ;
#225 = ADVANCED_FACE ( 'NONE', ( #539 ), #782, .F. ) ;
#226 = ORIENTED_EDGE ( 'NONE', *, *, #816, .F. ) ;
#227 = VERTEX_POINT ( 'NONE', #3031 ) ;
#228 = EDGE_CURVE ( 'NONE', #1938, #2961, #854, .T. ) ;
#229 = CARTESIAN_POINT ( 'NONE',  ( -2.350000000000000500, 1.500000000000000000, -0.9500000000000000700 ) ) ;
#230 = CIRCLE ( 'NONE', #3091, 4.099999999999999600 ) ;
#231 = CARTESIAN_POINT ( 'NONE',  ( -8.673617379884035500E-016, 0.2500000000000002200, 4.235164736271501700E-019 ) ) ;
#232 = DIRECTION ( 'NONE',  ( 0.0000000000000000000, 0.0000000000000000000, -1.000000000000000000 ) ) ;
#233 = LINE ( 'NONE', #2437, #2621 ) ;
#234 = VECTOR ( 'NONE', #2671, 1000.000000000000000 ) ;
#235 = ADVANCED_FACE ( 'NONE', ( #2711 ), #3183, .F. ) ;
#236 = UNCERTAINTY_MEASURE_WITH_UNIT (LENGTH_MEASURE( 1.000000000000000100E-005 ), #2659, 'distance_accuracy_value', 'NONE');
#237 = ADVANCED_FACE ( 'NONE', ( #1017 ), #2211, .F. ) ;
#238 = EDGE_LOOP ( 'NONE', ( #1171, #784, #1976, #3510 ) ) ;
#239 = CARTESIAN_POINT ( 'NONE',  ( 0.0000000000000000000, 1.137867965644021400, 1.350000000000000800 ) ) ;
#240 = CARTESIAN_POINT ( 'NONE',  ( 0.4999999999999996700, 3.902081528017137500, -1.414213562373086900 ) ) ;
#241 = EDGE_LOOP ( 'NONE', ( #2889, #2601, #2925, #3179 ) ) ;
#242 = ADVANCED_FACE ( 'NONE', ( #1770 ), #1392, .T. ) ;
#243 = CARTESIAN_POINT ( 'NONE',  ( 0.4999999999999997800, 1.500000000000000000, 0.1499999999999999900 ) ) ;
#244 = SURFACE_SIDE_STYLE ('',( #3400 ) ) ;
#245 = AXIS2_PLACEMENT_3D ( 'NONE', #519, #764, #3337 ) ;
#246 = ORIENTED_EDGE ( 'NONE', *, *, #378, .F. ) ;
#247 = EDGE_CURVE ( 'NONE', #830, #1556, #2856, .T. ) ;
#248 = DIRECTION ( 'NONE',  ( 0.0000000000000000000, -0.0000000000000000000, 1.000000000000000000 ) ) ;
#249 = LINE ( 'NONE', #1325, #426 ) ;
#250 = CARTESIAN_POINT ( 'NONE',  ( -4.631549416771884300, 0.2500000000000000000, -2.439518395093587300 ) ) ;
#251 = CARTESIAN_POINT ( 'NONE',  ( -9.488643394074528600E-016, 0.0000000000000000000, -5.821067811865476400 ) ) ;
#252 = DIRECTION ( 'NONE',  ( 0.0000000000000000000, 1.000000000000000000, -0.0000000000000000000 ) ) ;
#253 = ORIENTED_EDGE ( 'NONE', *, *, #2583, .T. ) ;
#254 = AXIS2_PLACEMENT_3D ( 'NONE', #3155, #1170, #1465 ) ;
#255 = EDGE_LOOP ( 'NONE', ( #1639, #154, #1358, #1340, #837, #2133, #3096, #3231, #3274, #2180 ) ) ;
#256 = CARTESIAN_POINT ( 'NONE',  ( -0.5000000000000001100, 2.425735931288071100, 8.131516293641283300E-016 ) ) ;
#257 = DIRECTION ( 'NONE',  ( 0.0000000000000000000, -0.0000000000000000000, -1.000000000000000000 ) ) ;
#258 = VECTOR ( 'NONE', #3427, 1000.000000000000000 ) ;
#259 = ORIENTED_EDGE ( 'NONE', *, *, #2954, .F. ) ;
#260 = FACE_OUTER_BOUND ( 'NONE', #979, .T. ) ;
#261 = ORIENTED_EDGE ( 'NONE', *, *, #2271, .T. ) ;
#262 = VECTOR ( 'NONE', #1239, 1000.000000000000000 ) ;
#263 = ORIENTED_EDGE ( 'NONE', *, *, #157, .F. ) ;
#264 = VECTOR ( 'NONE', #445, 1000.000000000000100 ) ;
#265 = ORIENTED_EDGE ( 'NONE', *, *, #2520, .T. ) ;
#266 = ADVANCED_FACE ( 'NONE', ( #1198 ), #1674, .F. ) ;
#267 = LINE ( 'NONE', #2160, #2891 ) ;
#268 = FACE_OUTER_BOUND ( 'NONE', #74, .T. ) ;
#269 = DIRECTION ( 'NONE',  ( 0.0000000000000000000, 0.0000000000000000000, 1.000000000000000000 ) ) ;
#270 = CARTESIAN_POINT ( 'NONE',  ( 0.0000000000000000000, 0.2500000000000000000, 0.0000000000000000000 ) ) ;
#271 = DIRECTION ( 'NONE',  ( 1.073305391678363200E-015, 0.7071067811865512400, -0.7071067811865439100 ) ) ;
#272 = EDGE_LOOP ( 'NONE', ( #2661, #2499, #479, #3239 ) ) ;
#273 = DIRECTION ( 'NONE',  ( -2.044338001430064200E-031, 1.000000000000000000, 1.084202172485504000E-015 ) ) ;
#274 = CARTESIAN_POINT ( 'NONE',  ( -0.5000000000000001100, 2.700000000000000200, 0.1499999999999999900 ) ) ;
#275 = ADVANCED_FACE ( 'NONE', ( #449 ), #2278, .F. ) ;
#276 = EDGE_LOOP ( 'NONE', ( #599, #626, #2698, #1657 ) ) ;
#277 = ORIENTED_EDGE ( 'NONE', *, *, #3119, .T. ) ;
#278 = VECTOR ( 'NONE', #20, 1000.000000000000000 ) ;
#279 = EDGE_CURVE ( 'NONE', #342, #2614, #3443, .T. ) ;
#280 = DIRECTION ( 'NONE',  ( -0.0000000000000000000, -1.000000000000000000, -0.0000000000000000000 ) ) ;
#281 = LINE ( 'NONE', #3607, #1689 ) ;
#282 = CARTESIAN_POINT ( 'NONE',  ( -5.321067811865472800, 3.250000000000000000, 1.899999999999999900 ) ) ;
#283 = ADVANCED_FACE ( 'NONE', ( #1201 ), #874, .T. ) ;
#284 = DIRECTION ( 'NONE',  ( -1.000000000000000000, 7.589415207398578400E-016, -7.589415207398501500E-016 ) ) ;
#285 = CARTESIAN_POINT ( 'NONE',  ( -0.5000000000000002200, 1.500000000000000000, 0.1499999999999999900 ) ) ;
#286 = CARTESIAN_POINT ( 'NONE',  ( 3.633180424916988600, 3.250000000000000400, -1.899999999999999000 ) ) ;
#287 = DIRECTION ( 'NONE',  ( 0.0000000000000000000, 0.7071067811865540100, 0.7071067811865410200 ) ) ;
#288 = DIRECTION ( 'NONE',  ( 1.000000000000000000, 0.0000000000000000000, -0.0000000000000000000 ) ) ;
#289 = EDGE_LOOP ( 'NONE', ( #1462, #2708, #1645, #3577, #1891, #2199, #1544, #2913, #1145, #2592, #674, #1760 ) ) ;
#290 = DIRECTION ( 'NONE',  ( 0.0000000000000000000, 1.057758217059028900E-016, -1.000000000000000000 ) ) ;
#291 = AXIS2_PLACEMENT_3D ( 'NONE', #968, #3217, #2408 ) ;
#292 = CARTESIAN_POINT ( 'NONE',  ( 0.4999999999999997800, 2.425735931288071100, -0.1499999999999994900 ) ) ;
#293 = CARTESIAN_POINT ( 'NONE',  ( 2.650000000000000400, -1.300000000000000000, -1.349999999999999600 ) ) ;
#294 = CARTESIAN_POINT ( 'NONE',  ( -8.673617379884035500E-016, 3.750000000000000000, 4.235164736271501700E-019 ) ) ;
#295 = AXIS2_PLACEMENT_3D ( 'NONE', #1460, #3211, #1480 ) ;
#296 = EDGE_CURVE ( 'NONE', #2039, #3430, #2444, .T. ) ;
#297 = ADVANCED_FACE ( 'NONE', ( #456, #2181 ), #553, .T. ) ;
#298 = ORIENTED_EDGE ( 'NONE', *, *, #2412, .F. ) ;
#299 = FACE_OUTER_BOUND ( 'NONE', #1718, .T. ) ;
#300 = EDGE_CURVE ( 'NONE', #3190, #967, #3482, .T. ) ;
#301 = ORIENTED_EDGE ( 'NONE', *, *, #486, .T. ) ;
#302 = CARTESIAN_POINT ( 'NONE',  ( -2.500000000000000000, 1.500000000000000000, -0.1499999999999998600 ) ) ;
#303 = ORIENTED_EDGE ( 'NONE', *, *, #3496, .F. ) ;
#304 = FACE_OUTER_BOUND ( 'NONE', #2375, .T. ) ;
#305 = VECTOR ( 'NONE', #1694, 1000.000000000000000 ) ;
#306 = ORIENTED_EDGE ( 'NONE', *, *, #324, .T. ) ;
#307 = CYLINDRICAL_SURFACE ( 'NONE', #730, 4.900000000000000400 ) ;
#308 = CARTESIAN_POINT ( 'NONE',  ( 2.500000000000000400, -1.500000000000000000, -1.149999999999999900 ) ) ;
#309 = CARTESIAN_POINT ( 'NONE',  ( -1.181725608926913700E-015, 3.937436867076465200, -1.096015510839141400 ) ) ;
#310 = LINE ( 'NONE', #302, #1007 ) ;
#311 = ORIENTED_EDGE ( 'NONE', *, *, #2051, .F. ) ;
#312 = DIRECTION ( 'NONE',  ( -0.0000000000000000000, -1.000000000000000000, -0.0000000000000000000 ) ) ;
#313 = CARTESIAN_POINT ( 'NONE',  ( 4.779646455628165000, 3.750000000000000400, 2.149999999999999900 ) ) ;
#314 = EDGE_LOOP ( 'NONE', ( #647, #2830, #2869, #1178 ) ) ;
#315 = CARTESIAN_POINT ( 'NONE',  ( -0.5000000000000018900, 2.806066017177982500, 0.03535533905932927000 ) ) ;
#316 = PRESENTATION_STYLE_ASSIGNMENT (( #1256 ) ) ;
#317 = EDGE_CURVE ( 'NONE', #680, #3594, #190, .T. ) ;
#318 = PRODUCT_DEFINITION_SHAPE ( 'NONE', 'NONE',  #211 ) ;
#319 = PLANE ( 'NONE',  #1419 ) ;
#320 = CYLINDRICAL_SURFACE ( 'NONE', #1824, 2.450000000000000200 ) ;
#321 = FACE_OUTER_BOUND ( 'NONE', #1380, .T. ) ;
#322 = CARTESIAN_POINT ( 'NONE',  ( 2.500000000000000400, 1.300000000000000000, -1.149999999999999200 ) ) ;
#323 = EDGE_CURVE ( 'NONE', #189, #342, #2756, .T. ) ;
#324 = EDGE_CURVE ( 'NONE', #2249, #3039, #3017, .T. ) ;
#325 = ORIENTED_EDGE ( 'NONE', *, *, #1601, .F. ) ;
#326 = DIRECTION ( 'NONE',  ( 1.000000000000000000, -7.589415207398578400E-016, 7.589415207398501500E-016 ) ) ;
#327 = ORIENTED_EDGE ( 'NONE', *, *, #317, .F. ) ;
#328 = DIRECTION ( 'NONE',  ( 0.0000000000000000000, 1.000000000000000000, -0.0000000000000000000 ) ) ;
#329 = AXIS2_PLACEMENT_3D ( 'NONE', #2239, #2498, #2817 ) ;
#330 = CARTESIAN_POINT ( 'NONE',  ( 2.500000000000000000, 1.500000000000000000, -0.1499999999999999400 ) ) ;
#331 = VERTEX_POINT ( 'NONE', #2528 ) ;
#332 = DIRECTION ( 'NONE',  ( -1.000000000000000000, 0.0000000000000000000, 2.291253386025845700E-016 ) ) ;
#333 = LINE ( 'NONE', #2725, #2959 ) ;
#334 = SURFACE_SIDE_STYLE ('',( #2885 ) ) ;
#335 = ORIENTED_EDGE ( 'NONE', *, *, #1154, .T. ) ;
#336 = ORIENTED_EDGE ( 'NONE', *, *, #1211, .T. ) ;
#337 = EDGE_CURVE ( 'NONE', #3557, #380, #1108, .T. ) ;
#338 = DIRECTION ( 'NONE',  ( 3.942553354492743000E-016, 0.0000000000000000000, 1.000000000000000000 ) ) ;
#339 = FACE_OUTER_BOUND ( 'NONE', #276, .T. ) ;
#340 = VERTEX_POINT ( 'NONE', #3132 ) ;
#341 = SHAPE_REPRESENTATION_RELATIONSHIP ( 'NONE' , 'NONE' ,  #897, #3394 ) ;
#342 = VERTEX_POINT ( 'NONE', #2572 ) ;
#343 = FACE_OUTER_BOUND ( 'NONE', #2505, .T. ) ;
#344 = VERTEX_POINT ( 'NONE', #1946 ) ;
#345 = VECTOR ( 'NONE', #1530, 1000.000000000000000 ) ;
#346 = DIRECTION ( 'NONE',  ( -1.000000000000000000, 0.0000000000000000000, -3.614007241618349300E-016 ) ) ;
#347 = LINE ( 'NONE', #2351, #2566 ) ;
#348 = DIRECTION ( 'NONE',  ( -0.7071067811865475700, 0.0000000000000000000, -0.7071067811865475700 ) ) ;
#349 = VECTOR ( 'NONE', #2285, 1000.000000000000000 ) ;
#350 = FILL_AREA_STYLE ('',( #1209 ) ) ;
#351 = VERTEX_POINT ( 'NONE', #2604 ) ;
#352 = PLANE ( 'NONE',  #2381 ) ;
#353 = ORIENTED_EDGE ( 'NONE', *, *, #2364, .T. ) ;
#354 = ORIENTED_EDGE ( 'NONE', *, *, #2018, .T. ) ;
#355 = AXIS2_PLACEMENT_3D ( 'NONE', #3398, #582, #1723 ) ;
#356 = CARTESIAN_POINT ( 'NONE',  ( -4.869883348334385100, 3.569526214587564800, -2.059763107293782500 ) ) ;
#357 = LINE ( 'NONE', #884, #1422 ) ;
#358 = VECTOR ( 'NONE', #676, 1000.000000000000000 ) ;
#359 = AXIS2_PLACEMENT_3D ( 'NONE', #3461, #2941, #2643 ) ;
#360 = LINE ( 'NONE', #3381, #2535 ) ;
#361 = EDGE_CURVE ( 'NONE', #3609, #830, #2625, .T. ) ;
#362 = FILL_AREA_STYLE ('',( #3489 ) ) ;
#363 = DIRECTION ( 'NONE',  ( 0.0000000000000000000, -1.000000000000000000, 1.204669080539449300E-016 ) ) ;
#364 = VERTEX_POINT ( 'NONE', #369 ) ;
#365 = EDGE_CURVE ( 'NONE', #2224, #2116, #3266, .T. ) ;
#366 = VERTEX_POINT ( 'NONE', #1472 ) ;
#367 = CARTESIAN_POINT ( 'NONE',  ( -0.5000000000000010000, 3.477817459305205400, -0.4242640687119232900 ) ) ;
#368 = AXIS2_PLACEMENT_3D ( 'NONE', #867, #273, #2854 ) ;
#369 = CARTESIAN_POINT ( 'NONE',  ( -2.500000000000000900, 0.9000000000000003600, -0.7500000000000000000 ) ) ;
#370 = DIRECTION ( 'NONE',  ( 0.0000000000000000000, 1.000000000000000000, 0.0000000000000000000 ) ) ;
#371 = CARTESIAN_POINT ( 'NONE',  ( 0.4999999999999998900, 3.902081528017137000, -1.131370849898468700 ) ) ;
#372 = DIRECTION ( 'NONE',  ( 2.291253386025845700E-016, 0.0000000000000000000, 1.000000000000000000 ) ) ;
#373 =( NAMED_UNIT ( * ) SI_UNIT ( $, .STERADIAN. ) SOLID_ANGLE_UNIT ( ) );
#374 = DIRECTION ( 'NONE',  ( -1.000000000000000000, 0.0000000000000000000, -8.518296759352072400E-017 ) ) ;
#375 = ORIENTED_EDGE ( 'NONE', *, *, #617, .T. ) ;
#376 = LINE ( 'NONE', #455, #1721 ) ;
#377 = ORIENTED_EDGE ( 'NONE', *, *, #2524, .F. ) ;
#378 = EDGE_CURVE ( 'NONE', #2833, #189, #2049, .T. ) ;
#379 = LINE ( 'NONE', #2087, #3589 ) ;
#380 = VERTEX_POINT ( 'NONE', #2310 ) ;
#381 = COLOUR_RGB ( '',0.7960784313725489700, 0.8235294117647058400, 0.9372549019607843100 ) ;
#382 = LINE ( 'NONE', #3218, #2299 ) ;
#383 = ORIENTED_EDGE ( 'NONE', *, *, #1069, .T. ) ;
#384 = CARTESIAN_POINT ( 'NONE',  ( 5.321067811865472800, 3.250000000000000000, 1.608578643762693200 ) ) ;
#385 = CIRCLE ( 'NONE', #718, 3.799999999999999800 ) ;
#386 = CARTESIAN_POINT ( 'NONE',  ( -2.350000000000000500, 1.500000000000000000, -0.9500000000000000700 ) ) ;
#387 = EDGE_CURVE ( 'NONE', #458, #2808, #2357, .T. ) ;
#388 = ORIENTED_EDGE ( 'NONE', *, *, #1598, .T. ) ;
#389 = FACE_OUTER_BOUND ( 'NONE', #1555, .T. ) ;
#390 = EDGE_CURVE ( 'NONE', #3072, #2808, #1862, .T. ) ;
#391 = SURFACE_STYLE_FILL_AREA ( #350 ) ;
#392 = VECTOR ( 'NONE', #3509, 1000.000000000000000 ) ;
#393 = ORIENTED_EDGE ( 'NONE', *, *, #2082, .T. ) ;
#394 =( BOUNDED_CURVE ( )  B_SPLINE_CURVE ( 3, ( #1339, #501, #3052, #1379 ),
 .UNSPECIFIED., .F., .F. ) 
 B_SPLINE_CURVE_WITH_KNOTS ( ( 4, 4 ),
 ( 2.052641033223821900, 2.122795166974180700 ),
 .UNSPECIFIED. ) 
 CURVE ( )  GEOMETRIC_REPRESENTATION_ITEM ( )  RATIONAL_B_SPLINE_CURVE ( ( 1.000000000000000000, 0.9995899085104668100, 0.9995899085104668100, 1.000000000000000000 ) ) 
 REPRESENTATION_ITEM ( '' )  );
#395 = CARTESIAN_POINT ( 'NONE',  ( 0.0000000000000000000, 0.9500000000000007300, -4.900000000000000400 ) ) ;
#396 = PRODUCT_DEFINITION ( 'UNKNOWN', '', #2057, #1735 ) ;
#397 = ORIENTED_EDGE ( 'NONE', *, *, #2670, .T. ) ;
#398 = CARTESIAN_POINT ( 'NONE',  ( 2.649999999999999900, 1.500000000000000000, 5.656706986880892900E-017 ) ) ;
#399 = DIRECTION ( 'NONE',  ( 0.7071067811865492400, 0.0000000000000000000, -0.7071067811865458000 ) ) ;
#400 = SURFACE_STYLE_USAGE ( .BOTH. , #3209 ) ;
#401 = FACE_OUTER_BOUND ( 'NONE', #177, .T. ) ;
#402 = PLANE ( 'NONE',  #936 ) ;
#403 = FACE_OUTER_BOUND ( 'NONE', #616, .T. ) ;
#404 = LINE ( 'NONE', #1475, #621 ) ;
#405 = AXIS2_PLACEMENT_3D ( 'NONE', #1246, #2953, #721 ) ;
#406 = CARTESIAN_POINT ( 'NONE',  ( -8.673617379884035500E-016, 3.750000000000000000, -5.000000000000000900 ) ) ;
#407 = DIRECTION ( 'NONE',  ( -1.000000000000000000, 0.0000000000000000000, -0.0000000000000000000 ) ) ;
#408 = AXIS2_PLACEMENT_3D ( 'NONE', #804, #1378, #1921 ) ;
#409 = DIRECTION ( 'NONE',  ( -1.000000000000000000, 0.0000000000000000000, -3.771137991253928100E-016 ) ) ;
#410 = EDGE_CURVE ( 'NONE', #1175, #1333, #1691, .T. ) ;
#411 = ORIENTED_EDGE ( 'NONE', *, *, #3093, .F. ) ;
#412 = CARTESIAN_POINT ( 'NONE',  ( -8.673617379884035500E-016, 4.250000000000000000, 4.235164736271501700E-019 ) ) ;
#413 = APPLICATION_PROTOCOL_DEFINITION ( 'draft international standard', 'automotive_design', 1998, #692 ) ;
#414 = CARTESIAN_POINT ( 'NONE',  ( -3.588740359800444100, 3.419956604908919000, -1.984978302454459600 ) ) ;
#415 = CARTESIAN_POINT ( 'NONE',  ( -5.321067811865472800, 3.250000000000000000, 1.899999999999999900 ) ) ;
#416 = ORIENTED_EDGE ( 'NONE', *, *, #2340, .T. ) ;
#417 = CARTESIAN_POINT ( 'NONE',  ( 1.754289321881346200, 3.249999999999999600, 5.175357133746819800 ) ) ;
#418 = AXIS2_PLACEMENT_3D ( 'NONE', #2824, #3361, #1144 ) ;
#419 = DIRECTION ( 'NONE',  ( 0.0000000000000000000, 1.000000000000000000, 0.0000000000000000000 ) ) ;
#420 = CARTESIAN_POINT ( 'NONE',  ( 0.7071067811865451300, 3.750000000000000000, 6.363961030678927600 ) ) ;
#421 =( REPRESENTATION_RELATIONSHIP ('NONE','NONE', #3451, #1009 ) REPRESENTATION_RELATIONSHIP_WITH_TRANSFORMATION ( #1323 )SHAPE_REPRESENTATION_RELATIONSHIP( ) );
#422 = ORIENTED_EDGE ( 'NONE', *, *, #2222, .T. ) ;
#423 = CARTESIAN_POINT ( 'NONE',  ( 0.7071067811865454600, 4.250000000000000000, 6.363961030678928500 ) ) ;
#424 = CARTESIAN_POINT ( 'NONE',  ( 2.500000000000000400, -1.300000000000000000, -1.349999999999999600 ) ) ;
#425 = AXIS2_PLACEMENT_3D ( 'NONE', #91, #2094, #2949 ) ;
#426 = VECTOR ( 'NONE', #184, 1000.000000000000000 ) ;
#427 = ORIENTED_EDGE ( 'NONE', *, *, #1454, .T. ) ;
#428 = VERTEX_POINT ( 'NONE', #2847 ) ;
#429 = FACE_OUTER_BOUND ( 'NONE', #1010, .T. ) ;
#430 = CARTESIAN_POINT ( 'NONE',  ( -8.673617379884035500E-016, 3.750000000000000000, 4.235164736271501700E-019 ) ) ;
#431 = ORIENTED_EDGE ( 'NONE', *, *, #749, .F. ) ;
#432 = ORIENTED_EDGE ( 'NONE', *, *, #2082, .F. ) ;
#433 = VECTOR ( 'NONE', #2099, 1000.000000000000000 ) ;
#434 = CARTESIAN_POINT ( 'NONE',  ( 0.0000000000000000000, 0.0000000000000000000, 0.0000000000000000000 ) ) ;
#435 = EDGE_LOOP ( 'NONE', ( #3357, #3150, #2296, #1449 ) ) ;
#436 = LINE ( 'NONE', #180, #176 ) ;
#437 = ORIENTED_EDGE ( 'NONE', *, *, #2275, .T. ) ;
#438 = DIRECTION ( 'NONE',  ( 0.0000000000000000000, -0.0000000000000000000, -1.000000000000000000 ) ) ;
#439 = LINE ( 'NONE', #2248, #2170 ) ;
#440 = CARTESIAN_POINT ( 'NONE',  ( -2.349999999999998300, -0.8999999999999995800, -1.249999999999999800 ) ) ;
#441 = EDGE_CURVE ( 'NONE', #2927, #2559, #1513, .T. ) ;
#442 = PLANE ( 'NONE',  #1895 ) ;
#443 = DIRECTION ( 'NONE',  ( -0.0000000000000000000, 0.7071067811865440200, 0.7071067811865511300 ) ) ;
#444 = ORIENTED_EDGE ( 'NONE', *, *, #323, .F. ) ;
#445 = DIRECTION ( 'NONE',  ( -0.0000000000000000000, -0.7071067811865511300, 0.7071067811865439100 ) ) ;
#446 = ORIENTED_EDGE ( 'NONE', *, *, #869, .T. ) ;
#447 = VERTEX_POINT ( 'NONE', #62 ) ;
#448 = DIRECTION ( 'NONE',  ( 0.0000000000000000000, -0.4472135954999582600, -0.8944271909999157400 ) ) ;
#449 = FACE_OUTER_BOUND ( 'NONE', #152, .T. ) ;
#450 = DIRECTION ( 'NONE',  ( 0.0000000000000000000, 1.000000000000000000, 0.0000000000000000000 ) ) ;
#451 = LINE ( 'NONE', #712, #3107 ) ;
#452 = CARTESIAN_POINT ( 'NONE',  ( -2.385244779468109800E-015, 3.750000000000000000, 5.656854249492379700 ) ) ;
#453 = DIRECTION ( 'NONE',  ( 0.7071067811865458000, 0.0000000000000000000, 0.7071067811865492400 ) ) ;
#454 = APPLICATION_CONTEXT ( 'automotive_design' ) ;
#455 = CARTESIAN_POINT ( 'NONE',  ( 2.651000000000000200, -0.8999999999999995800, -1.249999999999999800 ) ) ;
#456 = FACE_OUTER_BOUND ( 'NONE', #1182, .T. ) ;
#457 = AXIS2_PLACEMENT_3D ( 'NONE', #282, #1959, #1099 ) ;
#458 = VERTEX_POINT ( 'NONE', #1132 ) ;
#459 = ORIENTED_EDGE ( 'NONE', *, *, #109, .T. ) ;
#460 = EDGE_CURVE ( 'NONE', #1690, #1964, #660, .T. ) ;
#461 = CARTESIAN_POINT ( 'NONE',  ( -2.350000000000000500, -1.500000000000000000, -0.9500000000000000700 ) ) ;
#462 = EDGE_CURVE ( 'NONE', #1497, #2614, #360, .T. ) ;
#463 = CARTESIAN_POINT ( 'NONE',  ( -2.121320343559642800, 4.250000000000000000, 4.949747468305837100 ) ) ;
#464 = SURFACE_STYLE_USAGE ( .BOTH. , #2162 ) ;
#465 = DIRECTION ( 'NONE',  ( -1.000000000000000000, -6.972611193684161900E-032, -6.972611193684234100E-032 ) ) ;
#466 = VERTEX_POINT ( 'NONE', #313 ) ;
#467 = CARTESIAN_POINT ( 'NONE',  ( 2.500000000000000400, 1.300000000000000000, -1.149999999999999900 ) ) ;
#468 = VECTOR ( 'NONE', #1624, 1000.000000000000000 ) ;
#469 = EDGE_LOOP ( 'NONE', ( #3446, #2478, #1273, #1444 ) ) ;
#470 = ORIENTED_EDGE ( 'NONE', *, *, #1044, .F. ) ;
#471 = CARTESIAN_POINT ( 'NONE',  ( -8.673617379884035500E-016, 3.750000000000000000, -4.099999999999999600 ) ) ;
#472 = DIRECTION ( 'NONE',  ( 1.000000000000000000, 6.972611193684161900E-032, 6.972611193684234100E-032 ) ) ;
#473 = CIRCLE ( 'NONE', #1034, 0.1499999999999999700 ) ;
#474 = CARTESIAN_POINT ( 'NONE',  ( -8.673617379884035500E-016, 4.250000000000000000, -5.000000000000000900 ) ) ;
#475 = VERTEX_POINT ( 'NONE', #2591 ) ;
#476 = ORIENTED_EDGE ( 'NONE', *, *, #247, .F. ) ;
#477 = VECTOR ( 'NONE', #1518, 1000.000000000000100 ) ;
#478 = DIRECTION ( 'NONE',  ( 0.0000000000000000000, 1.000000000000000000, 0.0000000000000000000 ) ) ;
#479 = ORIENTED_EDGE ( 'NONE', *, *, #2153, .F. ) ;
#480 = LINE ( 'NONE', #980, #2697 ) ;
#481 = EDGE_LOOP ( 'NONE', ( #3094, #437, #2629, #1866 ) ) ;
#482 = VECTOR ( 'NONE', #3134, 1000.000000000000000 ) ;
#483 = LINE ( 'NONE', #1301, #392 ) ;
#484 = ORIENTED_EDGE ( 'NONE', *, *, #3447, .T. ) ;
#485 = AXIS2_PLACEMENT_3D ( 'NONE', #978, #138, #2976 ) ;
#486 = EDGE_CURVE ( 'NONE', #736, #3584, #3106, .T. ) ;
#487 = DIRECTION ( 'NONE',  ( -1.000000000000000000, -0.0000000000000000000, -8.518296759352072400E-017 ) ) ;
#488 = CARTESIAN_POINT ( 'NONE',  ( -5.171067811865476900, 3.250000000000000000, 1.899999999999999700 ) ) ;
#489 = EDGE_CURVE ( 'NONE', #3087, #2772, #357, .T. ) ;
#490 = DIRECTION ( 'NONE',  ( -0.0000000000000000000, -1.000000000000000000, -0.0000000000000000000 ) ) ;
#491 = ORIENTED_EDGE ( 'NONE', *, *, #637, .F. ) ;
#492 = DIRECTION ( 'NONE',  ( -0.0000000000000000000, -1.000000000000000000, -0.0000000000000000000 ) ) ;
#493 = ORIENTED_EDGE ( 'NONE', *, *, #937, .T. ) ;
#494 = LINE ( 'NONE', #1542, #3531 ) ;
#495 = ADVANCED_FACE ( 'NONE', ( #146 ), #3152, .T. ) ;
#496 = AXIS2_PLACEMENT_3D ( 'NONE', #1653, #2269, #1659 ) ;
#497 = ADVANCED_FACE ( 'NONE', ( #2943 ), #2666, .T. ) ;
#498 = DIRECTION ( 'NONE',  ( 0.0000000000000000000, 0.7071067811865431300, 0.7071067811865519000 ) ) ;
#499 = CARTESIAN_POINT ( 'NONE',  ( -2.650000000000000400, 1.500000000000000000, -0.9500000000000000700 ) ) ;
#500 = ORIENTED_EDGE ( 'NONE', *, *, #187, .T. ) ;
#501 = CARTESIAN_POINT ( 'NONE',  ( 3.588740359800442800, 3.419956604908920300, 1.984978302454460500 ) ) ;
#502 = EDGE_CURVE ( 'NONE', #2558, #2343, #1559, .T. ) ;
#503 = EDGE_LOOP ( 'NONE', ( #3437, #935, #1495, #265 ) ) ;
#504 = EDGE_CURVE ( 'NONE', #3028, #85, #2004, .T. ) ;
#505 = DIRECTION ( 'NONE',  ( 1.000000000000000000, 0.0000000000000000000, -3.942553354492742100E-016 ) ) ;
#506 = DIRECTION ( 'NONE',  ( 1.000000000000000000, 0.0000000000000000000, 0.0000000000000000000 ) ) ;
#507 = DIRECTION ( 'NONE',  ( -0.0000000000000000000, 1.000000000000000000, -0.0000000000000000000 ) ) ;
#508 = ADVANCED_FACE ( 'NONE', ( #666 ), #1192, .F. ) ;
#509 = DIRECTION ( 'NONE',  ( -3.942553354492743500E-016, -2.168404344971009100E-016, -1.000000000000000000 ) ) ;
#510 = ORIENTED_EDGE ( 'NONE', *, *, #550, .F. ) ;
#511 = CYLINDRICAL_SURFACE ( 'NONE', #3189, 3.799999999999999800 ) ;
#512 = ADVANCED_FACE ( 'NONE', ( #3619 ), #1212, .F. ) ;
#513 = ORIENTED_EDGE ( 'NONE', *, *, #3492, .T. ) ;
#514 = ORIENTED_EDGE ( 'NONE', *, *, #2378, .T. ) ;
#515 = ORIENTED_EDGE ( 'NONE', *, *, #529, .T. ) ;
#516 = LINE ( 'NONE', #3177, #742 ) ;
#517 = EDGE_LOOP ( 'NONE', ( #946, #1488, #2934, #2490, #1582, #1683, #882, #2042 ) ) ;
#518 = VECTOR ( 'NONE', #868, 1000.000000000000000 ) ;
#519 = CARTESIAN_POINT ( 'NONE',  ( 0.0000000000000000000, 3.950000000000000200, 0.0000000000000000000 ) ) ;
#520 = ORIENTED_EDGE ( 'NONE', *, *, #2192, .T. ) ;
#521 = LINE ( 'NONE', #417, #1587 ) ;
#522 = DIRECTION ( 'NONE',  ( -1.000000000000000000, 0.0000000000000000000, 1.630052028380976100E-016 ) ) ;
#523 = VECTOR ( 'NONE', #2301, 1000.000000000000000 ) ;
#524 = AXIS2_PLACEMENT_3D ( 'NONE', #538, #1057, #3613 ) ;
#525 = DIRECTION ( 'NONE',  ( 0.0000000000000000000, 0.0000000000000000000, -1.000000000000000000 ) ) ;
#526 = CARTESIAN_POINT ( 'NONE',  ( 5.321067811865472800, 0.0000000000000000000, -1.750000000000001600 ) ) ;
#527 = ORIENTED_EDGE ( 'NONE', *, *, #2101, .T. ) ;
#528 = ADVANCED_FACE ( 'NONE', ( #321 ), #402, .F. ) ;
#529 = EDGE_CURVE ( 'NONE', #1230, #672, #1426, .T. ) ;
#530 = ORIENTED_EDGE ( 'NONE', *, *, #40, .T. ) ;
#531 = ORIENTED_EDGE ( 'NONE', *, *, #361, .T. ) ;
#532 = DIRECTION ( 'NONE',  ( -0.0000000000000000000, 1.000000000000000000, 0.0000000000000000000 ) ) ;
#533 = ADVANCED_FACE ( 'NONE', ( #3110 ), #2052, .T. ) ;
#534 = PLANE ( 'NONE',  #2907 ) ;
#535 = DIRECTION ( 'NONE',  ( -0.0000000000000000000, -1.000000000000000000, -0.0000000000000000000 ) ) ;
#536 = VECTOR ( 'NONE', #3433, 1000.000000000000000 ) ;
#537 = CARTESIAN_POINT ( 'NONE',  ( 0.0000000000000000000, 0.0000000000000000000, 0.0000000000000000000 ) ) ;
#538 = CARTESIAN_POINT ( 'NONE',  ( 2.500000000000000000, 1.500000000000000000, 0.0000000000000000000 ) ) ;
#539 = FACE_OUTER_BOUND ( 'NONE', #1094, .T. ) ;
#540 = ORIENTED_EDGE ( 'NONE', *, *, #3142, .F. ) ;
#541 = AXIS2_PLACEMENT_3D ( 'NONE', #1907, #490, #221 ) ;
#542 = ORIENTED_EDGE ( 'NONE', *, *, #460, .F. ) ;
#543 = DIRECTION ( 'NONE',  ( 0.0000000000000000000, -2.168404344971009100E-016, -1.000000000000000000 ) ) ;
#544 = DIRECTION ( 'NONE',  ( -0.0000000000000000000, -1.000000000000000000, -0.0000000000000000000 ) ) ;
#545 = CARTESIAN_POINT ( 'NONE',  ( 2.350000000000000100, 1.500000000000000000, 0.1499999999999999900 ) ) ;
#546 = STYLED_ITEM ( 'NONE', ( #717 ), #777 ) ;
#547 = EDGE_CURVE ( 'NONE', #1541, #2927, #809, .T. ) ;
#548 = ADVANCED_FACE ( 'NONE', ( #1244 ), #352, .F. ) ;
#549 = VERTEX_POINT ( 'NONE', #2354 ) ;
#550 = EDGE_CURVE ( 'NONE', #1257, #3338, #2902, .T. ) ;
#551 = CARTESIAN_POINT ( 'NONE',  ( -0.5000000000000001100, 3.866726188957810600, -1.166726188957797300 ) ) ;
#552 = FACE_OUTER_BOUND ( 'NONE', #3438, .T. ) ;
#553 = PLANE ( 'NONE',  #105 ) ;
#554 = CARTESIAN_POINT ( 'NONE',  ( 1.615291830413950700E-015, 3.750000000000000000, -7.071067811865475500 ) ) ;
#555 = ORIENTED_EDGE ( 'NONE', *, *, #2321, .F. ) ;
#556 = VERTEX_POINT ( 'NONE', #424 ) ;
#557 = DIRECTION ( 'NONE',  ( -0.0000000000000000000, -1.000000000000000000, -0.0000000000000000000 ) ) ;
#558 = DIRECTION ( 'NONE',  ( -0.0000000000000000000, -1.000000000000000000, -0.0000000000000000000 ) ) ;
#559 = LINE ( 'NONE', #2207, #1261 ) ;
#560 = DIRECTION ( 'NONE',  ( 0.0000000000000000000, 0.0000000000000000000, 1.000000000000000000 ) ) ;
#561 = ORIENTED_EDGE ( 'NONE', *, *, #1623, .T. ) ;
#562 = ORIENTED_EDGE ( 'NONE', *, *, #2072, .T. ) ;
#563 = FACE_OUTER_BOUND ( 'NONE', #2598, .T. ) ;
#564 = ORIENTED_EDGE ( 'NONE', *, *, #1022, .T. ) ;
#565 = VECTOR ( 'NONE', #628, 1000.000000000000100 ) ;
#566 = ORIENTED_EDGE ( 'NONE', *, *, #1119, .F. ) ;
#567 = LINE ( 'NONE', #61, #2079 ) ;
#568 = LINE ( 'NONE', #3003, #794 ) ;
#569 = CARTESIAN_POINT ( 'NONE',  ( -8.673617379884035500E-016, 0.0000000000000000000, 4.235164736271501700E-019 ) ) ;
#570 = DIRECTION ( 'NONE',  ( 1.000000000000000000, 0.0000000000000000000, 8.518296759352072400E-017 ) ) ;
#571 = ADVANCED_FACE ( 'NONE', ( #2184 ), #151, .F. ) ;
#572 = DIRECTION ( 'NONE',  ( 0.0000000000000000000, 0.0000000000000000000, -1.000000000000000000 ) ) ;
#573 = VERTEX_POINT ( 'NONE', #3479 ) ;
#574 = DIRECTION ( 'NONE',  ( 0.7071067811865473500, 0.0000000000000000000, 0.7071067811865477900 ) ) ;
#575 = EDGE_CURVE ( 'NONE', #1499, #1351, #3020, .T. ) ;
#576 = DIRECTION ( 'NONE',  ( 0.0000000000000000000, -0.7071067811865496800, -0.7071067811865453500 ) ) ;
#577 = ORIENTED_EDGE ( 'NONE', *, *, #2393, .F. ) ;
#578 = EDGE_CURVE ( 'NONE', #2292, #549, #2093, .T. ) ;
#579 = LINE ( 'NONE', #219, #2450 ) ;
#580 = FACE_OUTER_BOUND ( 'NONE', #3204, .T. ) ;
#581 = EDGE_CURVE ( 'NONE', #1333, #1497, #1734, .T. ) ;
#582 = DIRECTION ( 'NONE',  ( -1.000000000000000000, -0.0000000000000000000, -8.518296759352072400E-017 ) ) ;
#583 = LINE ( 'NONE', #1249, #2361 ) ;
#584 = DIRECTION ( 'NONE',  ( -0.0000000000000000000, 1.000000000000000000, -0.0000000000000000000 ) ) ;
#585 = CARTESIAN_POINT ( 'NONE',  ( 2.500000000000000400, 1.500000000000000000, -1.149999999999999900 ) ) ;
#586 = DIRECTION ( 'NONE',  ( -1.000000000000000000, 9.035018104045868200E-017, 0.0000000000000000000 ) ) ;
#587 = DIRECTION ( 'NONE',  ( 0.0000000000000000000, 1.000000000000000000, 0.0000000000000000000 ) ) ;
#588 = EDGE_LOOP ( 'NONE', ( #246, #3282, #564, #446 ) ) ;
#589 = ORIENTED_EDGE ( 'NONE', *, *, #2335, .F. ) ;
#590 = DIRECTION ( 'NONE',  ( 1.000000000000000000, 0.0000000000000000000, 0.0000000000000000000 ) ) ;
#591 = CARTESIAN_POINT ( 'NONE',  ( 2.650000000000000400, -0.4999999999999998900, -1.349999999999999400 ) ) ;
#592 = DIRECTION ( 'NONE',  ( 1.000000000000000000, -0.0000000000000000000, 0.0000000000000000000 ) ) ;
#593 = AXIS2_PLACEMENT_3D ( 'NONE', #1779, #98, #654 ) ;
#594 = EDGE_CURVE ( 'NONE', #3248, #1662, #1286, .T. ) ;
#595 = CARTESIAN_POINT ( 'NONE',  ( -2.439518395093588100, 0.0000000000000000000, -4.631549416771884300 ) ) ;
#596 = ORIENTED_EDGE ( 'NONE', *, *, #942, .T. ) ;
#597 = LINE ( 'NONE', #420, #3502 ) ;
#598 = ORIENTED_EDGE ( 'NONE', *, *, #1780, .F. ) ;
#599 = ORIENTED_EDGE ( 'NONE', *, *, #617, .F. ) ;
#600 = CARTESIAN_POINT ( 'NONE',  ( 4.560838738653232300, 0.2500000000000000000, 2.368807716974935800 ) ) ;
#601 = ORIENTED_EDGE ( 'NONE', *, *, #1019, .F. ) ;
#602 = FACE_OUTER_BOUND ( 'NONE', #241, .T. ) ;
#603 = AXIS2_PLACEMENT_3D ( 'NONE', #2971, #3542, #2177 ) ;
#604 = ORIENTED_EDGE ( 'NONE', *, *, #869, .F. ) ;
#605 = LINE ( 'NONE', #3532, #792 ) ;
#606 = DIRECTION ( 'NONE',  ( 0.0000000000000000000, 0.0000000000000000000, -1.000000000000000000 ) ) ;
#607 = ORIENTED_EDGE ( 'NONE', *, *, #1233, .T. ) ;
#608 = LINE ( 'NONE', #3233, #2031 ) ;
#609 = ORIENTED_EDGE ( 'NONE', *, *, #956, .F. ) ;
#610 = CARTESIAN_POINT ( 'NONE',  ( 5.321067811865472800, 3.750000000000000000, -1.750000000000001600 ) ) ;
#611 = LINE ( 'NONE', #2265, #2033 ) ;
#612 = ORIENTED_EDGE ( 'NONE', *, *, #3025, .T. ) ;
#613 = DIRECTION ( 'NONE',  ( -0.0000000000000000000, -1.000000000000000000, -0.0000000000000000000 ) ) ;
#614 = CARTESIAN_POINT ( 'NONE',  ( -3.230812955842230700E-016, 4.043502884254445800, -0.9899494936611581400 ) ) ;
#615 = ORIENTED_EDGE ( 'NONE', *, *, #1575, .T. ) ;
#616 = EDGE_LOOP ( 'NONE', ( #1120, #1194, #2795, #927 ) ) ;
#617 = EDGE_CURVE ( 'NONE', #655, #24, #3487, .T. ) ;
#618 = DIRECTION ( 'NONE',  ( 1.000000000000000000, -0.0000000000000000000, -0.0000000000000000000 ) ) ;
#619 = DIRECTION ( 'NONE',  ( -0.0000000000000000000, -1.000000000000000000, -0.0000000000000000000 ) ) ;
#620 = VECTOR ( 'NONE', #754, 1000.000000000000100 ) ;
#621 = VECTOR ( 'NONE', #1743, 1000.000000000000000 ) ;
#622 = EDGE_CURVE ( 'NONE', #3028, #573, #3151, .T. ) ;
#623 = DIRECTION ( 'NONE',  ( 0.0000000000000000000, 1.141265444721584000E-016, -1.000000000000000000 ) ) ;
#624 = AXIS2_PLACEMENT_3D ( 'NONE', #58, #910, #2034 ) ;
#625 = VERTEX_POINT ( 'NONE', #2679 ) ;
#626 = ORIENTED_EDGE ( 'NONE', *, *, #1193, .F. ) ;
#627 = CARTESIAN_POINT ( 'NONE',  ( -2.651000000000000700, -0.5000000000000001100, -1.149999999999999900 ) ) ;
#628 = DIRECTION ( 'NONE',  ( -0.0000000000000000000, -0.7071067811865511300, 0.7071067811865439100 ) ) ;
#629 = ORIENTED_EDGE ( 'NONE', *, *, #1831, .T. ) ;
#630 = CARTESIAN_POINT ( 'NONE',  ( -3.535533905932737300, 4.250000000000000000, -3.535533905932740000 ) ) ;
#631 = FACE_OUTER_BOUND ( 'NONE', #2124, .T. ) ;
#632 =( NAMED_UNIT ( * ) PLANE_ANGLE_UNIT ( ) SI_UNIT ( $, .RADIAN. ) );
#633 = FILL_AREA_STYLE_COLOUR ( '', #855 ) ;
#634 = ORIENTED_EDGE ( 'NONE', *, *, #2289, .F. ) ;
#635 = EDGE_CURVE ( 'NONE', #3072, #817, #1471, .T. ) ;
#636 = ORIENTED_EDGE ( 'NONE', *, *, #1903, .T. ) ;
#637 = EDGE_CURVE ( 'NONE', #2648, #227, #583, .T. ) ;
#638 = CARTESIAN_POINT ( 'NONE',  ( -2.350000000000000100, 1.500000000000000000, -0.1499999999999999700 ) ) ;
#639 = CYLINDRICAL_SURFACE ( 'NONE', #2892, 1.000000000000000000 ) ;
#640 = EDGE_LOOP ( 'NONE', ( #3593, #1435, #1838, #3006, #2729, #900, #77, #2536, #1886, #3347, #2607 ) ) ;
#641 = FACE_OUTER_BOUND ( 'NONE', #958, .T. ) ;
#642 = EDGE_LOOP ( 'NONE', ( #2210, #484, #2078, #459 ) ) ;
#643 = LINE ( 'NONE', #1398, #518 ) ;
#644 = ORIENTED_EDGE ( 'NONE', *, *, #3585, .T. ) ;
#645 = VECTOR ( 'NONE', #3200, 1000.000000000000200 ) ;
#646 = DIRECTION ( 'NONE',  ( 0.0000000000000000000, 2.168404344971009100E-016, 1.000000000000000000 ) ) ;
#647 = ORIENTED_EDGE ( 'NONE', *, *, #3527, .F. ) ;
#648 = FACE_OUTER_BOUND ( 'NONE', #3262, .T. ) ;
#649 = DIRECTION ( 'NONE',  ( -0.0000000000000000000, -1.000000000000000000, -0.0000000000000000000 ) ) ;
#650 = VECTOR ( 'NONE', #2780, 1000.000000000000000 ) ;
#651 = CARTESIAN_POINT ( 'NONE',  ( 1.826156786830833700, 4.250000000000000000, -4.654583911577026000 ) ) ;
#652 = DIRECTION ( 'NONE',  ( -0.0000000000000000000, -1.000000000000000000, -0.0000000000000000000 ) ) ;
#653 = SURFACE_STYLE_USAGE ( .BOTH. , #334 ) ;
#654 = DIRECTION ( 'NONE',  ( 0.0000000000000000000, 0.0000000000000000000, -1.000000000000000000 ) ) ;
#655 = VERTEX_POINT ( 'NONE', #1834 ) ;
#656 = CARTESIAN_POINT ( 'NONE',  ( -5.321067811865472800, 3.750000000000000000, -2.149999999999999900 ) ) ;
#657 = VERTEX_POINT ( 'NONE', #2142 ) ;
#658 = AXIS2_PLACEMENT_3D ( 'NONE', #3067, #1642, #257 ) ;
#659 = DIRECTION ( 'NONE',  ( 0.7071067811865475700, 0.0000000000000000000, 0.7071067811865475700 ) ) ;
#660 = LINE ( 'NONE', #322, #3569 ) ;
#661 = VECTOR ( 'NONE', #1726, 1000.000000000000000 ) ;
#662 = EDGE_CURVE ( 'NONE', #3463, #2899, #494, .T. ) ;
#663 = CARTESIAN_POINT ( 'NONE',  ( 2.500000000000000400, 1.500000000000000000, -1.149999999999999900 ) ) ;
#664 = LINE ( 'NONE', #3507, #974 ) ;
#665 = DIRECTION ( 'NONE',  ( 0.0000000000000000000, 1.000000000000000000, -0.0000000000000000000 ) ) ;
#666 = FACE_OUTER_BOUND ( 'NONE', #2793, .T. ) ;
#667 = EDGE_CURVE ( 'NONE', #2791, #366, #2139, .T. ) ;
#668 = DIRECTION ( 'NONE',  ( 0.0000000000000000000, 1.000000000000000000, 0.0000000000000000000 ) ) ;
#669 = FILL_AREA_STYLE ('',( #2373 ) ) ;
#670 = DIRECTION ( 'NONE',  ( -8.518296759352072400E-017, 0.0000000000000000000, 1.000000000000000000 ) ) ;
#671 = EDGE_CURVE ( 'NONE', #760, #3039, #943, .T. ) ;
#672 = VERTEX_POINT ( 'NONE', #2036 ) ;
#673 = AXIS2_PLACEMENT_3D ( 'NONE', #995, #2515, #1592 ) ;
#674 = ORIENTED_EDGE ( 'NONE', *, *, #2623, .F. ) ;
#675 = CARTESIAN_POINT ( 'NONE',  ( 2.651000000000000200, -0.8999999999999995800, -1.249999999999999800 ) ) ;
#676 = DIRECTION ( 'NONE',  ( -0.0000000000000000000, 0.0000000000000000000, 1.000000000000000000 ) ) ;
#677 = CARTESIAN_POINT ( 'NONE',  ( -2.500000000000000400, 1.500000000000000000, -0.9500000000000000700 ) ) ;
#678 = DIRECTION ( 'NONE',  ( -0.0000000000000000000, -1.000000000000000000, -0.0000000000000000000 ) ) ;
#679 =( REPRESENTATION_RELATIONSHIP ('NONE','NONE', #3451, #897 ) REPRESENTATION_RELATIONSHIP_WITH_TRANSFORMATION ( #1799 )SHAPE_REPRESENTATION_RELATIONSHIP( ) );
#680 = VERTEX_POINT ( 'NONE', #51 ) ;
#681 = DIRECTION ( 'NONE',  ( -0.0000000000000000000, -1.000000000000000000, -0.0000000000000000000 ) ) ;
#682 = EDGE_CURVE ( 'NONE', #2898, #351, #404, .T. ) ;
#683 = FACE_OUTER_BOUND ( 'NONE', #1583, .T. ) ;
#684 = DIRECTION ( 'NONE',  ( -1.000000000000000000, 0.0000000000000000000, -1.885568995626963800E-016 ) ) ;
#685 = CARTESIAN_POINT ( 'NONE',  ( -2.650000000000000400, 1.500000000000000000, -1.100000000000000100 ) ) ;
#686 = ORIENTED_EDGE ( 'NONE', *, *, #323, .T. ) ;
#687 = ITEM_DEFINED_TRANSFORMATION ( 'NONE', 'NONE', #162,  #3626 ) ;
#688 = ORIENTED_EDGE ( 'NONE', *, *, #1410, .T. ) ;
#689 = DIRECTION ( 'NONE',  ( 0.0000000000000000000, -1.000000000000000000, 0.0000000000000000000 ) ) ;
#690 = CARTESIAN_POINT ( 'NONE',  ( 0.7071067811865454600, 0.0000000000000000000, 6.363961030678927600 ) ) ;
#691 = VECTOR ( 'NONE', #1128, 1000.000000000000000 ) ;
#692 = APPLICATION_CONTEXT ( 'automotive_design' ) ;
#693 = CARTESIAN_POINT ( 'NONE',  ( -1.414213562373093100, 3.750000000000000000, -1.414213562373088000 ) ) ;
#694 = CARTESIAN_POINT ( 'NONE',  ( -3.633180424916990300, 3.250000000000000400, -1.899999999999999000 ) ) ;
#695 = EDGE_CURVE ( 'NONE', #728, #2158, #1377, .T. ) ;
#696 = ORIENTED_EDGE ( 'NONE', *, *, #3289, .T. ) ;
#697 = VECTOR ( 'NONE', #1152, 1000.000000000000000 ) ;
#698 = CARTESIAN_POINT ( 'NONE',  ( -5.321067811865472800, 3.750000000000000000, 2.149999999999999900 ) ) ;
#699 = VERTEX_POINT ( 'NONE', #1188 ) ;
#700 = CONICAL_SURFACE ( 'NONE', #2085, 3.799999999999999800, 0.7853981633974391800 ) ;
#701 = ORIENTED_EDGE ( 'NONE', *, *, #21, .F. ) ;
#702 = LINE ( 'NONE', #3314, #2655 ) ;
#703 = ORIENTED_EDGE ( 'NONE', *, *, #3407, .T. ) ;
#704 = CYLINDRICAL_SURFACE ( 'NONE', #2154, 0.1499999999999999700 ) ;
#705 = DIRECTION ( 'NONE',  ( 0.0000000000000000000, 0.0000000000000000000, -1.000000000000000000 ) ) ;
#706 = CARTESIAN_POINT ( 'NONE',  ( -2.500000000000000400, 1.500000000000000000, -1.100000000000000100 ) ) ;
#707 = VERTEX_POINT ( 'NONE', #3426 ) ;
#708 = PLANE ( 'NONE',  #2762 ) ;
#709 = DIRECTION ( 'NONE',  ( 1.000000000000000000, 6.972611193684161900E-032, 6.972611193684234100E-032 ) ) ;
#710 = APPLICATION_PROTOCOL_DEFINITION ( 'draft international standard', 'automotive_design', 1998, #454 ) ;
#711 = CARTESIAN_POINT ( 'NONE',  ( -0.5000000000000001100, 4.043502884254446700, -0.9899494936611585900 ) ) ;
#712 = CARTESIAN_POINT ( 'NONE',  ( 2.650000000000000400, 1.500000000000000000, -1.149999999999999900 ) ) ;
#713 = DIRECTION ( 'NONE',  ( 9.860761315262647600E-032, -0.7071067811865496800, -0.7071067811865453500 ) ) ;
#714 = EDGE_LOOP ( 'NONE', ( #1985, #1303, #3376, #3628 ) ) ;
#715 = ORIENTED_EDGE ( 'NONE', *, *, #942, .F. ) ;
#716 = ORIENTED_EDGE ( 'NONE', *, *, #2577, .T. ) ;
#717 = PRESENTATION_STYLE_ASSIGNMENT (( #207 ) ) ;
#718 = AXIS2_PLACEMENT_3D ( 'NONE', #140, #681, #2700 ) ;
#719 = DIRECTION ( 'NONE',  ( -0.7071067811865474600, 0.0000000000000000000, 0.7071067811865475700 ) ) ;
#720 = CARTESIAN_POINT ( 'NONE',  ( -2.350000000000000500, 1.500000000000000000, -0.9500000000000000700 ) ) ;
#721 = DIRECTION ( 'NONE',  ( -1.000000000000000000, 0.0000000000000000000, 1.630052028380976100E-016 ) ) ;
#722 = EDGE_CURVE ( 'NONE', #2751, #2899, #3312, .T. ) ;
#723 = CLOSED_SHELL ( 'NONE', ( #3118, #1083, #1920, #2040, #1071, #2821, #297, #3631, #1342, #25, #1944, #2522, #3032 ) ) ;
#724 = CARTESIAN_POINT ( 'NONE',  ( -2.350000000000000100, 1.500000000000000000, 0.1499999999999999900 ) ) ;
#725 = DIRECTION ( 'NONE',  ( -0.7071067811865475700, 5.551115123125782700E-017, -0.7071067811865475700 ) ) ;
#726 = CARTESIAN_POINT ( 'NONE',  ( -8.673617379884035500E-016, 4.250000000000000000, 4.235164736271501700E-019 ) ) ;
#727 = CARTESIAN_POINT ( 'NONE',  ( -2.350000000000000100, -1.500000000000000000, -0.1499999999999999700 ) ) ;
#728 = VERTEX_POINT ( 'NONE', #3402 ) ;
#729 = PLANE ( 'NONE',  #1614 ) ;
#730 = AXIS2_PLACEMENT_3D ( 'NONE', #1808, #619, #1202 ) ;
#731 = VERTEX_POINT ( 'NONE', #1910 ) ;
#732 = CARTESIAN_POINT ( 'NONE',  ( 4.560838738653231400, 0.0000000000000000000, 2.368807716974934000 ) ) ;
#733 = CARTESIAN_POINT ( 'NONE',  ( -2.350000000000000500, 1.500000000000000000, -0.9500000000000000700 ) ) ;
#734 = CARTESIAN_POINT ( 'NONE',  ( 2.650000000000000400, -1.300000000000000000, -1.150000000000004600 ) ) ;
#735 = DIRECTION ( 'NONE',  ( 0.0000000000000000000, 0.0000000000000000000, 1.000000000000000000 ) ) ;
#736 = VERTEX_POINT ( 'NONE', #1641 ) ;
#737 = DIRECTION ( 'NONE',  ( 0.0000000000000000000, 1.000000000000000000, 0.0000000000000000000 ) ) ;
#738 = AXIS2_PLACEMENT_3D ( 'NONE', #2055, #659, #2932 ) ;
#739 = VECTOR ( 'NONE', #507, 1000.000000000000000 ) ;
#740 = EDGE_LOOP ( 'NONE', ( #1059, #444, #604, #596 ) ) ;
#741 = ORIENTED_EDGE ( 'NONE', *, *, #2954, .T. ) ;
#742 = VECTOR ( 'NONE', #618, 1000.000000000000000 ) ;
#743 = PLANE ( 'NONE',  #908 ) ;
#744 = ORIENTED_EDGE ( 'NONE', *, *, #504, .T. ) ;
#745 = SHAPE_REPRESENTATION_RELATIONSHIP ( 'NONE' , 'NONE' ,  #1009, #2231 ) ;
#746 = AXIS2_PLACEMENT_3D ( 'NONE', #1615, #492, #1348 ) ;
#747 = VERTEX_POINT ( 'NONE', #3439 ) ;
#748 = LINE ( 'NONE', #1783, #3136 ) ;
#749 = EDGE_CURVE ( 'NONE', #3468, #1333, #2229, .T. ) ;
#750 = LINE ( 'NONE', #1750, #3601 ) ;
#751 = VERTEX_POINT ( 'NONE', #2789 ) ;
#752 = FACE_OUTER_BOUND ( 'NONE', #517, .T. ) ;
#753 = DIRECTION ( 'NONE',  ( 1.000000000000000000, -0.0000000000000000000, 1.885568995626964000E-016 ) ) ;
#754 = DIRECTION ( 'NONE',  ( -0.7071067811865474600, -0.0000000000000000000, -0.7071067811865474600 ) ) ;
#755 = LINE ( 'NONE', #3410, #1890 ) ;
#756 = EDGE_CURVE ( 'NONE', #847, #3227, #2810, .T. ) ;
#757 = CARTESIAN_POINT ( 'NONE',  ( 2.500000000000000400, 1.500000000000000000, -1.149999999999999900 ) ) ;
#758 = ORIENTED_EDGE ( 'NONE', *, *, #296, .F. ) ;
#759 = AXIS2_PLACEMENT_3D ( 'NONE', #3422, #934, #2634 ) ;
#760 = VERTEX_POINT ( 'NONE', #2775 ) ;
#761 = VECTOR ( 'NONE', #872, 1000.000000000000000 ) ;
#762 = DIRECTION ( 'NONE',  ( -0.0000000000000000000, -1.000000000000000000, -0.0000000000000000000 ) ) ;
#763 = CARTESIAN_POINT ( 'NONE',  ( 2.450000000000000200, 3.950000000000000200, 0.0000000000000000000 ) ) ;
#764 = DIRECTION ( 'NONE',  ( -0.0000000000000000000, -1.000000000000000000, -0.0000000000000000000 ) ) ;
#765 = DIRECTION ( 'NONE',  ( 0.0000000000000000000, 0.0000000000000000000, -1.000000000000000000 ) ) ;
#766 = LINE ( 'NONE', #985, #3109 ) ;
#767 = EDGE_CURVE ( 'NONE', #2163, #3557, #2484, .T. ) ;
#768 = ORIENTED_EDGE ( 'NONE', *, *, #3520, .F. ) ;
#769 = EDGE_CURVE ( 'NONE', #3634, #1175, #2405, .T. ) ;
#770 = CARTESIAN_POINT ( 'NONE',  ( 3.535533905932738600, 4.250000000000000000, -3.535533905932736900 ) ) ;
#771 = EDGE_CURVE ( 'NONE', #3388, #2906, #2985, .T. ) ;
#772 = CARTESIAN_POINT ( 'NONE',  ( 2.121320343559641100, 4.250000000000000000, -4.949747468305835300 ) ) ;
#773 = DIRECTION ( 'NONE',  ( 0.0000000000000000000, -1.000000000000000000, -0.0000000000000000000 ) ) ;
#774 = ADVANCED_FACE ( 'NONE', ( #2586 ), #1881, .T. ) ;
#775 =( NAMED_UNIT ( * ) SI_UNIT ( $, .STERADIAN. ) SOLID_ANGLE_UNIT ( ) );
#776 = MECHANICAL_DESIGN_GEOMETRIC_PRESENTATION_REPRESENTATION (  '', ( #857 ), #1295 ) ;
#777 = MANIFOLD_SOLID_BREP ( 'Fillet1', #3169 ) ;
#778 = ORIENTED_EDGE ( 'NONE', *, *, #2101, .F. ) ;
#779 = CARTESIAN_POINT ( 'NONE',  ( -0.5000000000000001100, 2.531801948466053000, -0.04393398282201663900 ) ) ;
#780 = DIRECTION ( 'NONE',  ( 0.0000000000000000000, -1.000000000000000000, -0.0000000000000000000 ) ) ;
#781 = VECTOR ( 'NONE', #1048, 1000.000000000000000 ) ;
#782 = PLANE ( 'NONE',  #2792 ) ;
#783 = ORIENTED_EDGE ( 'NONE', *, *, #1855, .F. ) ;
#784 = ORIENTED_EDGE ( 'NONE', *, *, #767, .F. ) ;
#785 = FACE_OUTER_BOUND ( 'NONE', #2236, .T. ) ;
#786 = AXIS2_PLACEMENT_3D ( 'NONE', #3540, #3278, #1075 ) ;
#787 = CARTESIAN_POINT ( 'NONE',  ( -2.650000000000000400, -1.500000000000000000, -0.9500000000000000700 ) ) ;
#788 = LINE ( 'NONE', #1549, #1356 ) ;
#789 = ORIENTED_EDGE ( 'NONE', *, *, #378, .T. ) ;
#790 = VECTOR ( 'NONE', #2860, 1000.000000000000000 ) ;
#791 = PRODUCT_DEFINITION_SHAPE ( 'NONE', 'NONE',  #396 ) ;
#792 = VECTOR ( 'NONE', #3538, 1000.000000000000000 ) ;
#793 = ORIENTED_EDGE ( 'NONE', *, *, #3042, .F. ) ;
#794 = VECTOR ( 'NONE', #999, 1000.000000000000000 ) ;
#795 = ORIENTED_EDGE ( 'NONE', *, *, #2194, .F. ) ;
#796 = AXIS2_PLACEMENT_3D ( 'NONE', #1417, #544, #2815 ) ;
#797 = ADVANCED_FACE ( 'NONE', ( #1816 ), #3066, .T. ) ;
#798 = EDGE_CURVE ( 'NONE', #1696, #3157, #1731, .T. ) ;
#799 = VERTEX_POINT ( 'NONE', #3294 ) ;
#800 = DIRECTION ( 'NONE',  ( 1.000000000000000000, 6.972611193684161900E-032, 6.972611193684234100E-032 ) ) ;
#801 = DIRECTION ( 'NONE',  ( -1.000000000000000000, -6.972611193684161900E-032, -6.972611193684234100E-032 ) ) ;
#802 = ADVANCED_FACE ( 'NONE', ( #2445 ), #3396, .T. ) ;
#803 = VERTEX_POINT ( 'NONE', #3027 ) ;
#804 = CARTESIAN_POINT ( 'NONE',  ( 2.500000000000000000, 1.500000000000000000, -0.1499999999999999400 ) ) ;
#805 = AXIS2_PLACEMENT_3D ( 'NONE', #3325, #1089, #3295 ) ;
#806 = ORIENTED_EDGE ( 'NONE', *, *, #2153, .T. ) ;
#807 = ORIENTED_EDGE ( 'NONE', *, *, #1461, .F. ) ;
#808 = LINE ( 'NONE', #1300, #2228 ) ;
#809 = LINE ( 'NONE', #3449, #1909 ) ;
#810 = CARTESIAN_POINT ( 'NONE',  ( -2.350000000000000100, -1.500000000000000000, 0.1499999999999999900 ) ) ;
#811 = AXIS2_PLACEMENT_3D ( 'NONE', #1697, #271, #284 ) ;
#812 = CARTESIAN_POINT ( 'NONE',  ( -5.175357133746819800, 3.250000000000000400, -1.754289321881347300 ) ) ;
#813 = ADVANCED_FACE ( 'NONE', ( #401 ), #3148, .F. ) ;
#814 = DIRECTION ( 'NONE',  ( 0.0000000000000000000, 0.0000000000000000000, 1.000000000000000000 ) ) ;
#815 = ORIENTED_EDGE ( 'NONE', *, *, #3620, .F. ) ;
#816 = EDGE_CURVE ( 'NONE', #3248, #141, #2045, .T. ) ;
#817 = VERTEX_POINT ( 'NONE', #27 ) ;
#818 = ADVANCED_FACE ( 'NONE', ( #940 ), #1951, .F. ) ;
#819 = EDGE_CURVE ( 'NONE', #2116, #2648, #230, .T. ) ;
#820 = ORIENTED_EDGE ( 'NONE', *, *, #1616, .T. ) ;
#821 = CARTESIAN_POINT ( 'NONE',  ( -2.100000000000000100, 1.500000000000000000, -1.250000000000000000 ) ) ;
#822 = CARTESIAN_POINT ( 'NONE',  ( -0.5000000000000001100, 2.425735931288071100, -0.1499999999999995800 ) ) ;
#823 = DIRECTION ( 'NONE',  ( -0.0000000000000000000, -1.000000000000000000, 2.168404344971009100E-016 ) ) ;
#824 = AXIS2_PLACEMENT_3D ( 'NONE', #412, #678, #2399 ) ;
#825 = CARTESIAN_POINT ( 'NONE',  ( 1.826156786830833700, 3.750000000000000000, -4.654583911577026000 ) ) ;
#826 = ORIENTED_EDGE ( 'NONE', *, *, #387, .F. ) ;
#827 = ADVANCED_FACE ( 'NONE', ( #580 ), #2000, .T. ) ;
#828 = VECTOR ( 'NONE', #1064, 1000.000000000000100 ) ;
#829 = VERTEX_POINT ( 'NONE', #1158 ) ;
#830 = VERTEX_POINT ( 'NONE', #256 ) ;
#831 = VECTOR ( 'NONE', #1769, 1000.000000000000000 ) ;
#832 = ORIENTED_EDGE ( 'NONE', *, *, #2688, .T. ) ;
#833 = CARTESIAN_POINT ( 'NONE',  ( 2.500000000000000400, -1.300000000000000000, -1.150000000000004600 ) ) ;
#834 = ORIENTED_EDGE ( 'NONE', *, *, #3356, .T. ) ;
#835 = CYLINDRICAL_SURFACE ( 'NONE', #3273, 0.2999999999999999300 ) ;
#836 = DIRECTION ( 'NONE',  ( 0.0000000000000000000, 0.0000000000000000000, 1.000000000000000000 ) ) ;
#837 = ORIENTED_EDGE ( 'NONE', *, *, #136, .F. ) ;
#838 = FACE_OUTER_BOUND ( 'NONE', #3415, .T. ) ;
#839 = ORIENTED_EDGE ( 'NONE', *, *, #2363, .T. ) ;
#840 = ADVANCED_FACE ( 'NONE', ( #1771 ), #3137, .F. ) ;
#841 = CARTESIAN_POINT ( 'NONE',  ( 2.350000000000000100, -1.500000000000000000, 0.0000000000000000000 ) ) ;
#842 = DIRECTION ( 'NONE',  ( 0.7071067811865473500, 0.0000000000000000000, 0.7071067811865477900 ) ) ;
#843 = EDGE_CURVE ( 'NONE', #1964, #2023, #2402, .T. ) ;
#844 = DIRECTION ( 'NONE',  ( 1.000000000000000000, 0.0000000000000000000, 0.0000000000000000000 ) ) ;
#845 = CARTESIAN_POINT ( 'NONE',  ( -8.673617379884035500E-016, 0.0000000000000000000, 4.235164736271501700E-019 ) ) ;
#846 = VECTOR ( 'NONE', #2132, 999.9999999999998900 ) ;
#847 = VERTEX_POINT ( 'NONE', #1679 ) ;
#848 = EDGE_CURVE ( 'NONE', #1901, #2921, #15, .T. ) ;
#849 = EDGE_CURVE ( 'NONE', #829, #466, #3352, .T. ) ;
#850 = VERTEX_POINT ( 'NONE', #286 ) ;
#851 = DIRECTION ( 'NONE',  ( -0.0000000000000000000, -1.000000000000000000, -0.0000000000000000000 ) ) ;
#852 = CARTESIAN_POINT ( 'NONE',  ( -2.350000000000000500, 1.500000000000000000, -1.250000000000000000 ) ) ;
#853 = DIRECTION ( 'NONE',  ( 0.0000000000000000000, 0.0000000000000000000, 1.000000000000000000 ) ) ;
#854 = CIRCLE ( 'NONE', #2866, 0.2999999999999999300 ) ;
#855 = COLOUR_RGB ( '',0.7960784313725489700, 0.8235294117647058400, 0.9372549019607843100 ) ;
#856 = DIRECTION ( 'NONE',  ( 0.0000000000000000000, 0.0000000000000000000, 1.000000000000000000 ) ) ;
#857 = STYLED_ITEM ( 'NONE', ( #2342 ), #3394 ) ;
#858 = DIRECTION ( 'NONE',  ( -0.0000000000000000000, -1.000000000000000000, -0.0000000000000000000 ) ) ;
#859 = VECTOR ( 'NONE', #1573, 1000.000000000000000 ) ;
#860 = VECTOR ( 'NONE', #1172, 1000.000000000000000 ) ;
#861 = CARTESIAN_POINT ( 'NONE',  ( 2.121320343559640200, 0.0000000000000000000, 4.949747468305835300 ) ) ;
#862 = ADVANCED_FACE ( 'NONE', ( #1813 ), #2662, .F. ) ;
#863 = DIRECTION ( 'NONE',  ( -0.0000000000000000000, -1.000000000000000000, -1.141265444721584000E-016 ) ) ;
#864 = AXIS2_PLACEMENT_3D ( 'NONE', #398, #409, #1827 ) ;
#865 = ORIENTED_EDGE ( 'NONE', *, *, #3046, .T. ) ;
#866 = DIRECTION ( 'NONE',  ( 0.0000000000000000000, 1.000000000000000000, 0.0000000000000000000 ) ) ;
#867 = CARTESIAN_POINT ( 'NONE',  ( 2.500000000000000400, 1.300000000000000000, -1.149999999999999200 ) ) ;
#868 = DIRECTION ( 'NONE',  ( -0.0000000000000000000, -1.000000000000000000, -0.0000000000000000000 ) ) ;
#869 = EDGE_CURVE ( 'NONE', #1015, #189, #2712, .T. ) ;
#870 = PRESENTATION_LAYER_ASSIGNMENT (  '', '', ( #546 ) ) ;
#871 = EDGE_CURVE ( 'NONE', #2881, #3338, #1060, .T. ) ;
#872 = DIRECTION ( 'NONE',  ( -0.7071067811865475700, -0.0000000000000000000, -0.7071067811865474600 ) ) ;
#873 = EDGE_CURVE ( 'NONE', #1316, #1740, #2532, .T. ) ;
#874 = PLANE ( 'NONE',  #3281 ) ;
#875 = ADVANCED_FACE ( 'NONE', ( #3309 ), #2077, .F. ) ;
#876 = EDGE_LOOP ( 'NONE', ( #3334, #932 ) ) ;
#877 = AXIS2_PLACEMENT_3D ( 'NONE', #2, #2839, #1394 ) ;
#878 = DIRECTION ( 'NONE',  ( 0.7071067811865474600, 0.0000000000000000000, -0.7071067811865474600 ) ) ;
#879 = VECTOR ( 'NONE', #3558, 1000.000000000000000 ) ;
#880 = PLANE ( 'NONE',  #1220 ) ;
#881 = ORIENTED_EDGE ( 'NONE', *, *, #3236, .T. ) ;
#882 = ORIENTED_EDGE ( 'NONE', *, *, #2002, .F. ) ;
#883 = ORIENTED_EDGE ( 'NONE', *, *, #137, .T. ) ;
#884 = CARTESIAN_POINT ( 'NONE',  ( -2.500000000000000000, 1.500000000000000000, 0.1499999999999999900 ) ) ;
#885 = CONICAL_SURFACE ( 'NONE', #786, 3.799999999999999800, 0.7853981633974391800 ) ;
#886 = ORIENTED_EDGE ( 'NONE', *, *, #489, .T. ) ;
#887 = LINE ( 'NONE', #2327, #3642 ) ;
#888 = LINE ( 'NONE', #274, #1646 ) ;
#889 = AXIS2_PLACEMENT_3D ( 'NONE', #2179, #188, #2439 ) ;
#890 = FACE_OUTER_BOUND ( 'NONE', #2969, .T. ) ;
#891 = EDGE_LOOP ( 'NONE', ( #3174, #2966, #3117, #65 ) ) ;
#892 = CARTESIAN_POINT ( 'NONE',  ( -2.500000000000000000, -1.500000000000000000, 0.1499999999999999900 ) ) ;
#893 = AXIS2_PLACEMENT_3D ( 'NONE', #726, #2973, #2448 ) ;
#894 = CARTESIAN_POINT ( 'NONE',  ( -2.350000000000000100, -1.500000000000000000, 0.0000000000000000000 ) ) ;
#895 = ORIENTED_EDGE ( 'NONE', *, *, #3408, .T. ) ;
#896 = DIRECTION ( 'NONE',  ( 1.000000000000000000, 0.0000000000000000000, 0.0000000000000000000 ) ) ;
#897 = SHAPE_REPRESENTATION ( '13019902', ( #3626 ), #3245 ) ;
#898 = EDGE_CURVE ( 'NONE', #1499, #1889, #1018, .T. ) ;
#899 = VERTEX_POINT ( 'NONE', #2956 ) ;
#900 = ORIENTED_EDGE ( 'NONE', *, *, #771, .T. ) ;
#901 = MANIFOLD_SOLID_BREP ( 'Cut-Extrude1', #2311 ) ;
#902 = VECTOR ( 'NONE', #1088, 1000.000000000000000 ) ;
#903 = DIRECTION ( 'NONE',  ( 0.0000000000000000000, 1.000000000000000000, 0.0000000000000000000 ) ) ;
#904 = CARTESIAN_POINT ( 'NONE',  ( -2.500000000000000400, 1.500000000000000000, -1.100000000000000100 ) ) ;
#905 = ORIENTED_EDGE ( 'NONE', *, *, #1434, .F. ) ;
#906 = ORIENTED_EDGE ( 'NONE', *, *, #3046, .F. ) ;
#907 = DIRECTION ( 'NONE',  ( 0.0000000000000000000, 0.0000000000000000000, 1.000000000000000000 ) ) ;
#908 = AXIS2_PLACEMENT_3D ( 'NONE', #2964, #3224, #1823 ) ;
#909 = CARTESIAN_POINT ( 'NONE',  ( -0.5000000000000001100, 2.700000000000000200, 0.0000000000000000000 ) ) ;
#910 = DIRECTION ( 'NONE',  ( -9.860761315262647600E-032, 0.7071067811865439100, 0.7071067811865512400 ) ) ;
#911 = CARTESIAN_POINT ( 'NONE',  ( 0.4999999999999998900, 3.902081528017137000, -1.131370849898468700 ) ) ;
#912 = DIRECTION ( 'NONE',  ( 0.0000000000000000000, 0.0000000000000000000, -1.000000000000000000 ) ) ;
#913 = EDGE_CURVE ( 'NONE', #2061, #2617, #3570, .T. ) ;
#914 = EDGE_LOOP ( 'NONE', ( #3548, #3465, #2978, #226 ) ) ;
#915 = FACE_OUTER_BOUND ( 'NONE', #1954, .T. ) ;
#916 = ORIENTED_EDGE ( 'NONE', *, *, #3220, .F. ) ;
#917 = CARTESIAN_POINT ( 'NONE',  ( -0.5000000000000001100, 2.487867965644035000, 5.827586677109586300E-016 ) ) ;
#918 = ORIENTED_EDGE ( 'NONE', *, *, #622, .F. ) ;
#919 = VECTOR ( 'NONE', #1309, 1000.000000000000000 ) ;
#920 = CARTESIAN_POINT ( 'NONE',  ( -2.099999999999998300, 0.9000000000000003600, -1.250000000000000000 ) ) ;
#921 = MECHANICAL_DESIGN_GEOMETRIC_PRESENTATION_REPRESENTATION (  '', ( #94 ), #3077 ) ;
#922 = ORIENTED_EDGE ( 'NONE', *, *, #317, .T. ) ;
#923 = FACE_OUTER_BOUND ( 'NONE', #1136, .T. ) ;
#924 = VECTOR ( 'NONE', #3104, 1000.000000000000000 ) ;
#925 = DIRECTION ( 'NONE',  ( -0.0000000000000000000, 1.141265444721583800E-016, -1.000000000000000000 ) ) ;
#926 = CIRCLE ( 'NONE', #3232, 4.900000000000000400 ) ;
#927 = ORIENTED_EDGE ( 'NONE', *, *, #1956, .F. ) ;
#928 = DIRECTION ( 'NONE',  ( 0.0000000000000000000, 0.0000000000000000000, -1.000000000000000000 ) ) ;
#929 = CONTEXT_DEPENDENT_SHAPE_REPRESENTATION ( #1254, #3616 ) ;
#930 = LINE ( 'NONE', #2312, #1594 ) ;
#931 = AXIS2_PLACEMENT_3D ( 'NONE', #2602, #1705, #907 ) ;
#932 = ORIENTED_EDGE ( 'NONE', *, *, #1809, .F. ) ;
#933 = CARTESIAN_POINT ( 'NONE',  ( -5.321067811865472800, 3.250000000000000400, -1.899999999999999900 ) ) ;
#934 = DIRECTION ( 'NONE',  ( -0.0000000000000000000, 1.000000000000000000, -0.0000000000000000000 ) ) ;
#935 = ORIENTED_EDGE ( 'NONE', *, *, #1233, .F. ) ;
#936 = AXIS2_PLACEMENT_3D ( 'NONE', #2390, #1763, #88 ) ;
#937 = EDGE_CURVE ( 'NONE', #1072, #3430, #1550, .T. ) ;
#938 = FILL_AREA_STYLE ('',( #633 ) ) ;
#939 = LINE ( 'NONE', #2783, #1285 ) ;
#940 = FACE_OUTER_BOUND ( 'NONE', #2026, .T. ) ;
#941 = DIRECTION ( 'NONE',  ( -0.0000000000000000000, -1.000000000000000000, -0.0000000000000000000 ) ) ;
#942 = EDGE_CURVE ( 'NONE', #1015, #3087, #3184, .T. ) ;
#943 = LINE ( 'NONE', #2875, #1162 ) ;
#944 = ADVANCED_FACE ( 'NONE', ( #1199 ), #2534, .T. ) ;
#945 = CARTESIAN_POINT ( 'NONE',  ( -1.587964742441416300, 0.0000000000000000000, -3.779995764119712400 ) ) ;
#946 = ORIENTED_EDGE ( 'NONE', *, *, #3286, .F. ) ;
#947 = CARTESIAN_POINT ( 'NONE',  ( 0.0000000000000000000, 0.0000000000000000000, 0.0000000000000000000 ) ) ;
#948 = CARTESIAN_POINT ( 'NONE',  ( -2.350000000000000500, 1.500000000000000000, -1.250000000000000000 ) ) ;
#949 = DIRECTION ( 'NONE',  ( 0.0000000000000000000, -0.0000000000000000000, 1.000000000000000000 ) ) ;
#950 = EDGE_CURVE ( 'NONE', #428, #95, #451, .T. ) ;
#951 = DIRECTION ( 'NONE',  ( 0.0000000000000000000, 0.0000000000000000000, -1.000000000000000000 ) ) ;
#952 = CARTESIAN_POINT ( 'NONE',  ( 3.633180424916988600, 3.250000000000000400, 1.899999999999999000 ) ) ;
#953 = DIRECTION ( 'NONE',  ( 0.0000000000000000000, -0.0000000000000000000, 1.000000000000000000 ) ) ;
#954 = ORIENTED_EDGE ( 'NONE', *, *, #3099, .T. ) ;
#955 = EDGE_CURVE ( 'NONE', #2558, #899, #1860, .T. ) ;
#956 = EDGE_CURVE ( 'NONE', #2406, #751, #2622, .T. ) ;
#957 = LINE ( 'NONE', #779, #781 ) ;
#958 = EDGE_LOOP ( 'NONE', ( #3399, #1852, #1708, #375 ) ) ;
#959 = ORIENTED_EDGE ( 'NONE', *, *, #2581, .F. ) ;
#960 = FACE_OUTER_BOUND ( 'NONE', #1939, .T. ) ;
#961 = LINE ( 'NONE', #1581, #3332 ) ;
#962 = CARTESIAN_POINT ( 'NONE',  ( 2.651000000000000200, 0.9000000000000003600, -1.250000000000000000 ) ) ;
#963 = VERTEX_POINT ( 'NONE', #1103 ) ;
#964 = FACE_OUTER_BOUND ( 'NONE', #3552, .T. ) ;
#965 = CARTESIAN_POINT ( 'NONE',  ( 2.500000000000000400, -1.300000000000000000, -1.149999999999999900 ) ) ;
#966 = VECTOR ( 'NONE', #172, 1000.000000000000000 ) ;
#967 = VERTEX_POINT ( 'NONE', #2012 ) ;
#968 = CARTESIAN_POINT ( 'NONE',  ( 0.4999999999999997800, 2.425735931288071100, -0.1499999999999994900 ) ) ;
#969 = DIRECTION ( 'NONE',  ( 0.5469441386039887200, 0.0000000000000000000, -0.8371691043312223800 ) ) ;
#970 = PRODUCT ( '13019902', '13019902', '', ( #2130 ) ) ;
#971 = DIRECTION ( 'NONE',  ( 1.000000000000000000, -0.0000000000000000000, -0.0000000000000000000 ) ) ;
#972 = ORIENTED_EDGE ( 'NONE', *, *, #1210, .T. ) ;
#973 = AXIS2_PLACEMENT_3D ( 'NONE', #537, #3372, #2543 ) ;
#974 = VECTOR ( 'NONE', #2705, 1000.000000000000000 ) ;
#975 = EDGE_CURVE ( 'NONE', #3468, #2614, #3268, .T. ) ;
#976 = CARTESIAN_POINT ( 'NONE',  ( 3.561879502661803500, 2.499999999999999600, 3.367766952966380500 ) ) ;
#977 = DIRECTION ( 'NONE',  ( 0.0000000000000000000, 0.0000000000000000000, -1.000000000000000000 ) ) ;
#978 = CARTESIAN_POINT ( 'NONE',  ( -2.385244779468109800E-015, 0.0000000000000000000, 5.656854249492379700 ) ) ;
#979 = EDGE_LOOP ( 'NONE', ( #80, #2684, #1846, #3417 ) ) ;
#980 = CARTESIAN_POINT ( 'NONE',  ( 2.500000000000000400, -1.300000000000000000, -1.349999999999999600 ) ) ;
#981 = ORIENTED_EDGE ( 'NONE', *, *, #2476, .T. ) ;
#982 = DIRECTION ( 'NONE',  ( 0.0000000000000000000, -1.000000000000000000, 0.0000000000000000000 ) ) ;
#983 = PLANE ( 'NONE',  #1812 ) ;
#984 = APPLICATION_CONTEXT ( 'automotive_design' ) ;
#985 = CARTESIAN_POINT ( 'NONE',  ( -2.050609665440989500, 0.0000000000000000000, -4.879036790187178100 ) ) ;
#986 = CARTESIAN_POINT ( 'NONE',  ( 4.900000000000000400, 0.9500000000000005100, 0.0000000000000000000 ) ) ;
#987 = ORIENTED_EDGE ( 'NONE', *, *, #2545, .T. ) ;
#988 = CARTESIAN_POINT ( 'NONE',  ( -2.350000000000000500, 0.9000000000000003600, -1.100000000000000100 ) ) ;
#989 = AXIS2_PLACEMENT_3D ( 'NONE', #1622, #1916, #3111 ) ;
#990 = FACE_OUTER_BOUND ( 'NONE', #3428, .T. ) ;
#991 = CARTESIAN_POINT ( 'NONE',  ( -2.500000000000000400, 1.500000000000000000, -0.9500000000000000700 ) ) ;
#992 = ORIENTED_EDGE ( 'NONE', *, *, #1506, .F. ) ;
#993 = ORIENTED_EDGE ( 'NONE', *, *, #1410, .F. ) ;
#994 = DIRECTION ( 'NONE',  ( 0.0000000000000000000, -0.4472135954999579800, 0.8944271909999159700 ) ) ;
#995 = CARTESIAN_POINT ( 'NONE',  ( -0.5000000000000001100, 3.902081528017137000, -1.131370849898468700 ) ) ;
#996 = VECTOR ( 'NONE', #96, 1000.000000000000000 ) ;
#997 = APPLICATION_CONTEXT ( 'automotive_design' ) ;
#998 = EDGE_CURVE ( 'NONE', #2063, #95, #1423, .T. ) ;
#999 = DIRECTION ( 'NONE',  ( -0.0000000000000000000, -1.000000000000000000, -0.0000000000000000000 ) ) ;
#1000 = ORIENTED_EDGE ( 'NONE', *, *, #2870, .T. ) ;
#1001 = ORIENTED_EDGE ( 'NONE', *, *, #2669, .T. ) ;
#1002 = FACE_OUTER_BOUND ( 'NONE', #2965, .T. ) ;
#1003 = EDGE_LOOP ( 'NONE', ( #510, #54, #1176, #778 ) ) ;
#1004 = LINE ( 'NONE', #1560, #2123 ) ;
#1005 = ORIENTED_EDGE ( 'NONE', *, *, #3160, .T. ) ;
#1006 = VECTOR ( 'NONE', #326, 1000.000000000000000 ) ;
#1007 = VECTOR ( 'NONE', #613, 1000.000000000000000 ) ;
#1008 = DIRECTION ( 'NONE',  ( 0.0000000000000000000, 0.0000000000000000000, -1.000000000000000000 ) ) ;
#1009 = SHAPE_REPRESENTATION ( '40011200', ( #3626 ), #1484 ) ;
#1010 = EDGE_LOOP ( 'NONE', ( #1776, #491, #2523, #3493 ) ) ;
#1011 = DIRECTION ( 'NONE',  ( 1.000000000000000000, 0.0000000000000000000, 0.0000000000000000000 ) ) ;
#1012 = DIRECTION ( 'NONE',  ( 1.000000000000000000, -0.0000000000000000000, -0.0000000000000000000 ) ) ;
#1013 = CARTESIAN_POINT ( 'NONE',  ( -8.673617379884035500E-016, 4.700000000000000200, 4.235164736271501700E-019 ) ) ;
#1014 = DIRECTION ( 'NONE',  ( 0.7071067811865475700, 0.0000000000000000000, -0.7071067811865474600 ) ) ;
#1015 = VERTEX_POINT ( 'NONE', #1931 ) ;
#1016 = ORIENTED_EDGE ( 'NONE', *, *, #1800, .T. ) ;
#1017 = FACE_OUTER_BOUND ( 'NONE', #481, .T. ) ;
#1018 = CIRCLE ( 'NONE', #593, 3.799999999999999800 ) ;
#1019 = EDGE_CURVE ( 'NONE', #2345, #3063, #2090, .T. ) ;
#1020 = DIRECTION ( 'NONE',  ( 1.000000000000000000, 0.0000000000000000000, 0.0000000000000000000 ) ) ;
#1021 = LINE ( 'NONE', #240, #1955 ) ;
#1022 = EDGE_CURVE ( 'NONE', #2397, #1015, #2857, .T. ) ;
#1023 = CARTESIAN_POINT ( 'NONE',  ( -2.350000000000000500, 1.500000000000000000, -0.9500000000000000700 ) ) ;
#1024 = DIRECTION ( 'NONE',  ( -0.0000000000000000000, 1.000000000000000000, -0.0000000000000000000 ) ) ;
#1025 = EDGE_CURVE ( 'NONE', #447, #3618, #2483, .T. ) ;
#1026 = CARTESIAN_POINT ( 'NONE',  ( 0.4999999999999998900, 2.425735931288071100, 0.1500000000000009100 ) ) ;
#1027 = CARTESIAN_POINT ( 'NONE',  ( -0.7071067811865515700, 4.250000000000000000, 6.363961030678927600 ) ) ;
#1028 = ORIENTED_EDGE ( 'NONE', *, *, #3585, .F. ) ;
#1029 = DIRECTION ( 'NONE',  ( -1.000000000000000000, -7.666467083416911400E-017, 7.666467083416830000E-017 ) ) ;
#1030 =( GEOMETRIC_REPRESENTATION_CONTEXT ( 3 ) GLOBAL_UNCERTAINTY_ASSIGNED_CONTEXT ( ( #2396 ) ) GLOBAL_UNIT_ASSIGNED_CONTEXT ( ( #1761, #2937, #2630 ) ) REPRESENTATION_CONTEXT ( 'NONE', 'WORKASPACE' ) );
#1031 = DIRECTION ( 'NONE',  ( -1.000000000000000000, 0.0000000000000000000, -8.518296759352072400E-017 ) ) ;
#1032 = CARTESIAN_POINT ( 'NONE',  ( -0.5000000000000001100, 3.902081528017137000, -1.131370849898468700 ) ) ;
#1033 = ORIENTED_EDGE ( 'NONE', *, *, #3492, .F. ) ;
#1034 = AXIS2_PLACEMENT_3D ( 'NONE', #461, #195, #1611 ) ;
#1035 = DIRECTION ( 'NONE',  ( 0.0000000000000000000, 0.0000000000000000000, -1.000000000000000000 ) ) ;
#1036 = EDGE_LOOP ( 'NONE', ( #3051, #2850, #311, #3126 ) ) ;
#1037 = CIRCLE ( 'NONE', #1058, 4.099999999999999600 ) ;
#1038 = EDGE_CURVE ( 'NONE', #107, #847, #100, .T. ) ;
#1039 = EDGE_LOOP ( 'NONE', ( #615, #1579, #1733, #2337 ) ) ;
#1040 = ORIENTED_EDGE ( 'NONE', *, *, #1975, .F. ) ;
#1041 = VECTOR ( 'NONE', #3074, 1000.000000000000100 ) ;
#1042 =( BOUNDED_CURVE ( )  B_SPLINE_CURVE ( 3, ( #2983, #3521, #2654, #3234 ),
 .UNSPECIFIED., .F., .F. ) 
 B_SPLINE_CURVE_WITH_KNOTS ( ( 4, 4 ),
 ( 4.160390140205406000, 4.230544273955764800 ),
 .UNSPECIFIED. ) 
 CURVE ( )  GEOMETRIC_REPRESENTATION_ITEM ( )  RATIONAL_B_SPLINE_CURVE ( ( 1.000000000000000000, 0.9995899085104668100, 0.9995899085104668100, 1.000000000000000000 ) ) 
 REPRESENTATION_ITEM ( '' )  );
#1043 = ADVANCED_FACE ( 'NONE', ( #1292 ), #1613, .F. ) ;
#1044 = EDGE_CURVE ( 'NONE', #2626, #107, #2996, .T. ) ;
#1045 = ORIENTED_EDGE ( 'NONE', *, *, #1054, .T. ) ;
#1046 = VECTOR ( 'NONE', #346, 1000.000000000000000 ) ;
#1047 = ORIENTED_EDGE ( 'NONE', *, *, #1855, .T. ) ;
#1048 = DIRECTION ( 'NONE',  ( 1.000000000000000000, 0.0000000000000000000, 0.0000000000000000000 ) ) ;
#1049 = LINE ( 'NONE', #1602, #3175 ) ;
#1050 = PLANE ( 'NONE',  #1280 ) ;
#1051 = PRESENTATION_STYLE_ASSIGNMENT (( #3188 ) ) ;
#1052 = CARTESIAN_POINT ( 'NONE',  ( 0.0000000000000000000, 4.250000000000000000, 0.0000000000000000000 ) ) ;
#1053 = FACE_OUTER_BOUND ( 'NONE', #876, .T. ) ;
#1054 = EDGE_CURVE ( 'NONE', #2009, #3318, #2732, .T. ) ;
#1055 = CARTESIAN_POINT ( 'NONE',  ( -3.633180424916990300, 3.250000000000000400, -1.899999999999999000 ) ) ;
#1056 = CARTESIAN_POINT ( 'NONE',  ( 2.350000000000000100, 1.500000000000000000, -0.1499999999999999900 ) ) ;
#1057 = DIRECTION ( 'NONE',  ( -1.000000000000000000, 0.0000000000000000000, -3.771137991253928100E-016 ) ) ;
#1058 = AXIS2_PLACEMENT_3D ( 'NONE', #845, #1117, #3391 ) ;
#1059 = ORIENTED_EDGE ( 'NONE', *, *, #1831, .F. ) ;
#1060 = LINE ( 'NONE', #1700, #1904 ) ;
#1061 = CARTESIAN_POINT ( 'NONE',  ( -4.631549416771884300, 0.2500000000000000000, -2.439518395093587300 ) ) ;
#1062 = AXIS2_PLACEMENT_3D ( 'NONE', #933, #2367, #623 ) ;
#1063 = CARTESIAN_POINT ( 'NONE',  ( 2.350000000000000100, 1.500000000000000000, -0.1499999999999999900 ) ) ;
#1064 = DIRECTION ( 'NONE',  ( 0.7071067811865458000, 0.0000000000000000000, 0.7071067811865492400 ) ) ;
#1065 = ORIENTED_EDGE ( 'NONE', *, *, #441, .F. ) ;
#1066 = ADVANCED_FACE ( 'NONE', ( #915 ), #3592, .T. ) ;
#1067 = DIRECTION ( 'NONE',  ( -0.0000000000000000000, -1.000000000000000000, -0.0000000000000000000 ) ) ;
#1068 = CARTESIAN_POINT ( 'NONE',  ( -2.500000000000000900, 0.9000000000000003600, -1.249999999999998000 ) ) ;
#1069 = EDGE_CURVE ( 'NONE', #2819, #556, #2421, .T. ) ;
#1070 = UNCERTAINTY_MEASURE_WITH_UNIT (LENGTH_MEASURE( 1.000000000000000100E-005 ), #2612, 'distance_accuracy_value', 'NONE');
#1071 = ADVANCED_FACE ( 'NONE', ( #3455 ), #2759, .T. ) ;
#1072 = VERTEX_POINT ( 'NONE', #1055 ) ;
#1073 = EDGE_CURVE ( 'NONE', #556, #3463, #3365, .T. ) ;
#1074 = DIRECTION ( 'NONE',  ( -0.0000000000000000000, -1.000000000000000000, -0.0000000000000000000 ) ) ;
#1075 = DIRECTION ( 'NONE',  ( 0.0000000000000000000, 0.0000000000000000000, 1.000000000000000000 ) ) ;
#1076 = PLANE ( 'NONE',  #1644 ) ;
#1077 = EDGE_LOOP ( 'NONE', ( #2212, #3144, #2787, #2831, #795, #1491 ) ) ;
#1078 = CARTESIAN_POINT ( 'NONE',  ( -2.500000000000000000, 1.500000000000000000, 0.1499999999999999900 ) ) ;
#1079 = ADVANCED_FACE ( 'NONE', ( #1214 ), #534, .T. ) ;
#1080 = VERTEX_POINT ( 'NONE', #2514 ) ;
#1081 = FACE_OUTER_BOUND ( 'NONE', #2203, .T. ) ;
#1082 = CARTESIAN_POINT ( 'NONE',  ( 2.350000000000000100, 1.500000000000000000, 0.0000000000000000000 ) ) ;
#1083 = ADVANCED_FACE ( 'NONE', ( #552 ), #163, .T. ) ;
#1084 = CARTESIAN_POINT ( 'NONE',  ( 0.4999999999999998900, 2.700000000000000200, 0.1499999999999999900 ) ) ;
#1085 = ORIENTED_EDGE ( 'NONE', *, *, #581, .F. ) ;
#1086 = EDGE_LOOP ( 'NONE', ( #2901, #1005, #3329, #2183 ) ) ;
#1087 = AXIS2_PLACEMENT_3D ( 'NONE', #430, #161, #1008 ) ;
#1088 = DIRECTION ( 'NONE',  ( 0.7071067811865474600, 0.0000000000000000000, 0.7071067811865475700 ) ) ;
#1089 = DIRECTION ( 'NONE',  ( -0.0000000000000000000, 1.000000000000000000, 0.0000000000000000000 ) ) ;
#1090 = FACE_OUTER_BOUND ( 'NONE', #1282, .T. ) ;
#1091 = ORIENTED_EDGE ( 'NONE', *, *, #1809, .T. ) ;
#1092 = EDGE_LOOP ( 'NONE', ( #3424, #1722, #2355, #2257 ) ) ;
#1093 = LINE ( 'NONE', #108, #2166 ) ;
#1094 = EDGE_LOOP ( 'NONE', ( #200, #688, #562, #1953 ) ) ;
#1095 = CYLINDRICAL_SURFACE ( 'NONE', #1087, 4.099999999999999600 ) ;
#1096 = CIRCLE ( 'NONE', #2458, 0.2999999999999999300 ) ;
#1097 = EDGE_CURVE ( 'NONE', #1690, #3053, #2915, .T. ) ;
#1098 = ADVANCED_FACE ( 'NONE', ( #2156 ), #3316, .F. ) ;
#1099 = DIRECTION ( 'NONE',  ( 0.0000000000000000000, -0.8944271909999158600, -0.4472135954999579300 ) ) ;
#1100 = DIRECTION ( 'NONE',  ( -1.000000000000000000, -0.0000000000000000000, -8.518296759352072400E-017 ) ) ;
#1101 = ORIENTED_EDGE ( 'NONE', *, *, #125, .F. ) ;
#1102 = DIRECTION ( 'NONE',  ( 0.0000000000000000000, 0.0000000000000000000, -1.000000000000000000 ) ) ;
#1103 = CARTESIAN_POINT ( 'NONE',  ( 1.826156786830833700, 4.250000000000000000, -4.654583911577026000 ) ) ;
#1104 = PRODUCT_DEFINITION ( 'UNKNOWN', '', #3485, #1439 ) ;
#1105 = VERTEX_POINT ( 'NONE', #2462 ) ;
#1106 = EDGE_LOOP ( 'NONE', ( #2223, #1458, #1243, #2861 ) ) ;
#1107 = ADVANCED_FACE ( 'NONE', ( #2638 ), #1577, .F. ) ;
#1108 = LINE ( 'NONE', #1997, #3272 ) ;
#1109 = SURFACE_STYLE_FILL_AREA ( #938 ) ;
#1110 = DIRECTION ( 'NONE',  ( -9.860761315262647600E-032, 0.7071067811865439100, 0.7071067811865512400 ) ) ;
#1111 = VECTOR ( 'NONE', #801, 1000.000000000000000 ) ;
#1112 = AXIS2_PLACEMENT_3D ( 'NONE', #2917, #1773, #949 ) ;
#1113 = DIRECTION ( 'NONE',  ( 0.0000000000000000000, 0.0000000000000000000, 1.000000000000000000 ) ) ;
#1114 = CARTESIAN_POINT ( 'NONE',  ( 0.0000000000000000000, 0.1000000000000008100, 0.0000000000000000000 ) ) ;
#1115 = CARTESIAN_POINT ( 'NONE',  ( 0.4999999999999998900, 2.700000000000000200, 0.1499999999999999900 ) ) ;
#1116 = ORIENTED_EDGE ( 'NONE', *, *, #3568, .T. ) ;
#1117 = DIRECTION ( 'NONE',  ( 0.0000000000000000000, 1.000000000000000000, 0.0000000000000000000 ) ) ;
#1118 = AXIS2_PLACEMENT_3D ( 'NONE', #2365, #70, #2060 ) ;
#1119 = EDGE_CURVE ( 'NONE', #3594, #3371, #1880, .T. ) ;
#1120 = ORIENTED_EDGE ( 'NONE', *, *, #1252, .F. ) ;
#1121 = EDGE_CURVE ( 'NONE', #817, #1324, #72, .T. ) ;
#1122 = PLANE ( 'NONE',  #2632 ) ;
#1123 = DIRECTION ( 'NONE',  ( 0.7071067811865474600, -0.0000000000000000000, -0.7071067811865474600 ) ) ;
#1124 = ADVANCED_FACE ( 'NONE', ( #631 ), #2247, .T. ) ;
#1125 = DIRECTION ( 'NONE',  ( -0.0000000000000000000, -1.000000000000000000, -0.0000000000000000000 ) ) ;
#1126 = AXIS2_PLACEMENT_3D ( 'NONE', #1200, #649, #2920 ) ;
#1127 = CARTESIAN_POINT ( 'NONE',  ( -5.321067811865472800, 3.750000000000000000, 2.149999999999999900 ) ) ;
#1128 = DIRECTION ( 'NONE',  ( 0.0000000000000000000, 0.0000000000000000000, -1.000000000000000000 ) ) ;
#1129 = ORIENTED_EDGE ( 'NONE', *, *, #3313, .T. ) ;
#1130 = CARTESIAN_POINT ( 'NONE',  ( -2.349999999999998300, -0.8999999999999995800, -1.249999999999999800 ) ) ;
#1131 = LINE ( 'NONE', #1988, #2828 ) ;
#1132 = CARTESIAN_POINT ( 'NONE',  ( 2.050609665440986900, 0.0000000000000000000, 4.879036790187179000 ) ) ;
#1133 = ORIENTED_EDGE ( 'NONE', *, *, #2747, .T. ) ;
#1134 = VERTEX_POINT ( 'NONE', #3061 ) ;
#1135 = CIRCLE ( 'NONE', #2531, 4.099999999999999600 ) ;
#1136 = EDGE_LOOP ( 'NONE', ( #2155, #2167, #1810, #895 ) ) ;
#1137 = SURFACE_STYLE_FILL_AREA ( #669 ) ;
#1138 = CARTESIAN_POINT ( 'NONE',  ( -8.673617379884035500E-016, 4.250000000000000000, 4.235164736271501700E-019 ) ) ;
#1139 = EDGE_LOOP ( 'NONE', ( #3297, #540, #1515, #298 ) ) ;
#1140 = VECTOR ( 'NONE', #709, 1000.000000000000000 ) ;
#1141 = CARTESIAN_POINT ( 'NONE',  ( -8.673617379884035500E-016, 3.750000000000000000, 4.235164736271501700E-019 ) ) ;
#1142 = ORIENTED_EDGE ( 'NONE', *, *, #2940, .T. ) ;
#1143 = FACE_OUTER_BOUND ( 'NONE', #3615, .T. ) ;
#1144 = DIRECTION ( 'NONE',  ( 0.0000000000000000000, 0.0000000000000000000, 1.000000000000000000 ) ) ;
#1145 = ORIENTED_EDGE ( 'NONE', *, *, #296, .T. ) ;
#1146 = FACE_OUTER_BOUND ( 'NONE', #2440, .T. ) ;
#1147 = MECHANICAL_DESIGN_GEOMETRIC_PRESENTATION_REPRESENTATION (  '', ( #2407 ), #1397 ) ;
#1148 = DIRECTION ( 'NONE',  ( -0.4082482904638628500, -0.8164965809277261500, -0.4082482904638630700 ) ) ;
#1149 = PLANE ( 'NONE',  #2855 ) ;
#1150 = VECTOR ( 'NONE', #3230, 1000.000000000000000 ) ;
#1151 = ORIENTED_EDGE ( 'NONE', *, *, #2241, .F. ) ;
#1152 = DIRECTION ( 'NONE',  ( -0.0000000000000000000, -2.168404344971008900E-016, -1.000000000000000000 ) ) ;
#1153 = ADVANCED_FACE ( 'NONE', ( #1391 ), #1414, .F. ) ;
#1154 = EDGE_CURVE ( 'NONE', #3172, #1625, #1131, .T. ) ;
#1155 = EDGE_CURVE ( 'NONE', #3162, #3512, #1305, .T. ) ;
#1156 = ORIENTED_EDGE ( 'NONE', *, *, #2321, .T. ) ;
#1157 = VECTOR ( 'NONE', #844, 1000.000000000000000 ) ;
#1158 = CARTESIAN_POINT ( 'NONE',  ( 3.491060010942233800, 3.750000000000000000, 2.149999999999999000 ) ) ;
#1159 = PLANE ( 'NONE',  #3319 ) ;
#1160 = AXIS2_PLACEMENT_3D ( 'NONE', #2972, #735, #2992 ) ;
#1161 = VECTOR ( 'NONE', #2720, 1000.000000000000000 ) ;
#1162 = VECTOR ( 'NONE', #2305, 1000.000000000000000 ) ;
#1163 = ORIENTED_EDGE ( 'NONE', *, *, #3068, .F. ) ;
#1164 = AXIS2_PLACEMENT_3D ( 'NONE', #2703, #3473, #130 ) ;
#1165 = ORIENTED_EDGE ( 'NONE', *, *, #767, .T. ) ;
#1166 = ORIENTED_EDGE ( 'NONE', *, *, #1242, .T. ) ;
#1167 = STYLED_ITEM ( 'NONE', ( #316 ), #901 ) ;
#1168 = EDGE_CURVE ( 'NONE', #2382, #344, #3284, .T. ) ;
#1169 = DIRECTION ( 'NONE',  ( 0.0000000000000000000, -1.000000000000000000, 0.0000000000000000000 ) ) ;
#1170 = DIRECTION ( 'NONE',  ( 0.0000000000000000000, 0.0000000000000000000, -1.000000000000000000 ) ) ;
#1171 = ORIENTED_EDGE ( 'NONE', *, *, #2940, .F. ) ;
#1172 = DIRECTION ( 'NONE',  ( 1.000000000000000000, 0.0000000000000000000, 0.0000000000000000000 ) ) ;
#1173 = CARTESIAN_POINT ( 'NONE',  ( 2.500000000000000400, -1.500000000000000000, -1.149999999999999900 ) ) ;
#1174 = VECTOR ( 'NONE', #3022, 1000.000000000000000 ) ;
#1175 = VERTEX_POINT ( 'NONE', #1386 ) ;
#1176 = ORIENTED_EDGE ( 'NONE', *, *, #3432, .T. ) ;
#1177 = LINE ( 'NONE', #1905, #919 ) ;
#1178 = ORIENTED_EDGE ( 'NONE', *, *, #2581, .T. ) ;
#1179 = SHAPE_REPRESENTATION_RELATIONSHIP ( 'NONE' , 'NONE' ,  #2368, #3049 ) ;
#1180 = ORIENTED_EDGE ( 'NONE', *, *, #913, .F. ) ;
#1181 = LINE ( 'NONE', #1297, #433 ) ;
#1182 = EDGE_LOOP ( 'NONE', ( #2022, #1520 ) ) ;
#1183 = VECTOR ( 'NONE', #2134, 1000.000000000000000 ) ;
#1184 = ORIENTED_EDGE ( 'NONE', *, *, #2095, .F. ) ;
#1185 = PLANE ( 'NONE',  #1821 ) ;
#1186 = LINE ( 'NONE', #1712, #2928 ) ;
#1187 = AXIS2_PLACEMENT_3D ( 'NONE', #2550, #3621, #1383 ) ;
#1188 = CARTESIAN_POINT ( 'NONE',  ( -2.050609665440989500, 3.750000000000000000, -4.879036790187178100 ) ) ;
#1189 = CARTESIAN_POINT ( 'NONE',  ( 2.650000000000000400, 0.5000000000000001100, -1.149999999999999900 ) ) ;
#1190 = DIRECTION ( 'NONE',  ( 0.0000000000000000000, 1.000000000000000000, -2.168404344971009100E-016 ) ) ;
#1191 = ORIENTED_EDGE ( 'NONE', *, *, #2721, .T. ) ;
#1192 = PLANE ( 'NONE',  #2193 ) ;
#1193 = EDGE_CURVE ( 'NONE', #830, #655, #2244, .T. ) ;
#1194 = ORIENTED_EDGE ( 'NONE', *, *, #798, .T. ) ;
#1195 = EDGE_LOOP ( 'NONE', ( #2804, #1129, #2848, #1396, #716, #1165, #2999, #530, #807, #2190, #470 ) ) ;
#1196 = DIRECTION ( 'NONE',  ( 0.0000000000000000000, 1.000000000000000000, -2.168404344971009100E-016 ) ) ;
#1197 = AXIS2_PLACEMENT_3D ( 'NONE', #2541, #2530, #1416 ) ;
#1198 = FACE_OUTER_BOUND ( 'NONE', #914, .T. ) ;
#1199 = FACE_OUTER_BOUND ( 'NONE', #3459, .T. ) ;
#1200 = CARTESIAN_POINT ( 'NONE',  ( 0.0000000000000000000, 0.1000000000000008200, 0.0000000000000000000 ) ) ;
#1201 = FACE_OUTER_BOUND ( 'NONE', #1092, .T. ) ;
#1202 = DIRECTION ( 'NONE',  ( 0.0000000000000000000, 0.0000000000000000000, -1.000000000000000000 ) ) ;
#1203 = ORIENTED_EDGE ( 'NONE', *, *, #2986, .T. ) ;
#1204 = ORIENTED_EDGE ( 'NONE', *, *, #3264, .T. ) ;
#1205 = CARTESIAN_POINT ( 'NONE',  ( -2.350000000000000100, 1.500000000000000000, 0.0000000000000000000 ) ) ;
#1206 = EDGE_CURVE ( 'NONE', #227, #657, #2549, .T. ) ;
#1207 = CARTESIAN_POINT ( 'NONE',  ( -2.350000000000000500, 1.500000000000000000, -1.250000000000000000 ) ) ;
#1208 = CARTESIAN_POINT ( 'NONE',  ( -0.5000000000000001100, 3.937436867076465200, -1.096015510839141400 ) ) ;
#1209 = FILL_AREA_STYLE_COLOUR ( '', #2748 ) ;
#1210 = EDGE_CURVE ( 'NONE', #1324, #1262, #2333, .T. ) ;
#1211 = EDGE_CURVE ( 'NONE', #3069, #2382, #3635, .T. ) ;
#1212 = PLANE ( 'NONE',  #2069 ) ;
#1213 = ORIENTED_EDGE ( 'NONE', *, *, #2435, .F. ) ;
#1214 = FACE_OUTER_BOUND ( 'NONE', #1887, .T. ) ;
#1215 = EDGE_LOOP ( 'NONE', ( #2686, #1878, #715, #1815 ) ) ;
#1216 = PLANE ( 'NONE',  #2092 ) ;
#1217 = VERTEX_POINT ( 'NONE', #159 ) ;
#1218 = CIRCLE ( 'NONE', #291, 0.1500000000000003600 ) ;
#1219 = DIRECTION ( 'NONE',  ( 0.0000000000000000000, 1.000000000000000000, 0.0000000000000000000 ) ) ;
#1220 = AXIS2_PLACEMENT_3D ( 'NONE', #1745, #18, #3392 ) ;
#1221 = ORIENTED_EDGE ( 'NONE', *, *, #2846, .F. ) ;
#1222 = VERTEX_POINT ( 'NONE', #3562 ) ;
#1223 = CIRCLE ( 'NONE', #673, 0.05000000000000056500 ) ;
#1224 = EDGE_LOOP ( 'NONE', ( #2503, #2041, #1279, #1408 ) ) ;
#1225 = VECTOR ( 'NONE', #2989, 1000.000000000000000 ) ;
#1226 =( NAMED_UNIT ( * ) PLANE_ANGLE_UNIT ( ) SI_UNIT ( $, .RADIAN. ) );
#1227 = EDGE_LOOP ( 'NONE', ( #2030, #3409, #1395, #2423 ) ) ;
#1228 = CIRCLE ( 'NONE', #3201, 4.099999999999999600 ) ;
#1229 = CIRCLE ( 'NONE', #355, 0.3000000000000003800 ) ;
#1230 = VERTEX_POINT ( 'NONE', #199 ) ;
#1231 = AXIS2_PLACEMENT_3D ( 'NONE', #3486, #112, #1786 ) ;
#1232 = PLANE ( 'NONE',  #425 ) ;
#1233 = EDGE_CURVE ( 'NONE', #2558, #3190, #376, .T. ) ;
#1234 = DIRECTION ( 'NONE',  ( -0.7071067811865474600, -0.0000000000000000000, 0.7071067811865474600 ) ) ;
#1235 = ORIENTED_EDGE ( 'NONE', *, *, #662, .F. ) ;
#1236 = CARTESIAN_POINT ( 'NONE',  ( -2.350000000000000100, 1.500000000000000000, -0.1499999999999999700 ) ) ;
#1237 = CARTESIAN_POINT ( 'NONE',  ( -2.649999999999999900, 0.9000000000000003600, -0.7500000000000000000 ) ) ;
#1238 = EDGE_CURVE ( 'NONE', #1105, #817, #2392, .T. ) ;
#1239 = DIRECTION ( 'NONE',  ( -0.0000000000000000000, -1.000000000000000000, -0.0000000000000000000 ) ) ;
#1240 = CARTESIAN_POINT ( 'NONE',  ( 2.650000000000000400, 0.0000000000000000000, -1.149999999999999200 ) ) ;
#1241 = VECTOR ( 'NONE', #1442, 1000.000000000000000 ) ;
#1242 = EDGE_CURVE ( 'NONE', #3406, #1257, #2438, .T. ) ;
#1243 = ORIENTED_EDGE ( 'NONE', *, *, #3068, .T. ) ;
#1244 = FACE_OUTER_BOUND ( 'NONE', #2214, .T. ) ;
#1245 = CARTESIAN_POINT ( 'NONE',  ( 2.500000000000000400, 0.5000000000000001100, -1.149999999999999200 ) ) ;
#1246 = CARTESIAN_POINT ( 'NONE',  ( -5.321067811865472800, 29.18565718140579800, -5.821067811865475500 ) ) ;
#1247 = ORIENTED_EDGE ( 'NONE', *, *, #2473, .F. ) ;
#1248 = APPLICATION_PROTOCOL_DEFINITION ( 'draft international standard', 'automotive_design', 1998, #2400 ) ;
#1249 = CARTESIAN_POINT ( 'NONE',  ( -4.631549416771884300, 0.0000000000000000000, -2.439518395093587300 ) ) ;
#1250 = AXIS2_PLACEMENT_3D ( 'NONE', #2537, #3335, #1373 ) ;
#1251 = ORIENTED_EDGE ( 'NONE', *, *, #203, .T. ) ;
#1252 = EDGE_CURVE ( 'NONE', #1696, #2158, #2307, .T. ) ;
#1253 = CARTESIAN_POINT ( 'NONE',  ( -3.779995764119712800, 3.750000000000000000, -1.587964742441415800 ) ) ;
#1254 =( REPRESENTATION_RELATIONSHIP ('NONE','NONE', #3451, #2368 ) REPRESENTATION_RELATIONSHIP_WITH_TRANSFORMATION ( #687 )SHAPE_REPRESENTATION_RELATIONSHIP( ) );
#1255 = CARTESIAN_POINT ( 'NONE',  ( -2.121320343559644600, 0.0000000000000000000, -4.949747468305832700 ) ) ;
#1256 = SURFACE_STYLE_USAGE ( .BOTH. , #1819 ) ;
#1257 = VERTEX_POINT ( 'NONE', #1605 ) ;
#1258 = EDGE_CURVE ( 'NONE', #3190, #3634, #3386, .T. ) ;
#1259 = CARTESIAN_POINT ( 'NONE',  ( 3.000384657911015900E-016, 0.0000000000000000000, 2.450000000000000200 ) ) ;
#1260 = DIRECTION ( 'NONE',  ( 1.000000000000000000, 0.0000000000000000000, 1.885568995626963800E-016 ) ) ;
#1261 = VECTOR ( 'NONE', #1074, 1000.000000000000000 ) ;
#1262 = VERTEX_POINT ( 'NONE', #423 ) ;
#1263 = ORIENTED_EDGE ( 'NONE', *, *, #137, .F. ) ;
#1264 = ORIENTED_EDGE ( 'NONE', *, *, #1667, .T. ) ;
#1265 = LINE ( 'NONE', #2609, #2386 ) ;
#1266 = DIRECTION ( 'NONE',  ( 0.0000000000000000000, 0.0000000000000000000, 1.000000000000000000 ) ) ;
#1267 = ORIENTED_EDGE ( 'NONE', *, *, #460, .T. ) ;
#1268 = ORIENTED_EDGE ( 'NONE', *, *, #594, .F. ) ;
#1269 = LINE ( 'NONE', #3484, #2391 ) ;
#1270 = DIRECTION ( 'NONE',  ( -3.942553354492743000E-016, 0.0000000000000000000, -1.000000000000000000 ) ) ;
#1271 = VERTEX_POINT ( 'NONE', #1567 ) ;
#1272 = FACE_OUTER_BOUND ( 'NONE', #2420, .T. ) ;
#1273 = ORIENTED_EDGE ( 'NONE', *, *, #848, .F. ) ;
#1274 = DIRECTION ( 'NONE',  ( 0.0000000000000000000, -0.8944271909999158600, -0.4472135954999579300 ) ) ;
#1275 = LINE ( 'NONE', #554, #2350 ) ;
#1276 = PLANE ( 'NONE',  #1512 ) ;
#1277 = PLANE ( 'NONE',  #3397 ) ;
#1278 = CARTESIAN_POINT ( 'NONE',  ( -2.100000000000000100, 1.500000000000000000, -1.250000000000000000 ) ) ;
#1279 = ORIENTED_EDGE ( 'NONE', *, *, #1313, .T. ) ;
#1280 = AXIS2_PLACEMENT_3D ( 'NONE', #763, #780, #2455 ) ;
#1281 = CARTESIAN_POINT ( 'NONE',  ( 0.0000000000000000000, 0.9500000000000007300, 0.0000000000000000000 ) ) ;
#1282 = EDGE_LOOP ( 'NONE', ( #3418, #3393 ) ) ;
#1283 = ORIENTED_EDGE ( 'NONE', *, *, #3021, .T. ) ;
#1284 = CARTESIAN_POINT ( 'NONE',  ( 2.650000000000000400, -0.4999999999999998900, -1.349999999999999400 ) ) ;
#1285 = VECTOR ( 'NONE', #1363, 1000.000000000000000 ) ;
#1286 = LINE ( 'NONE', #698, #1331 ) ;
#1287 = EDGE_CURVE ( 'NONE', #680, #3330, #568, .T. ) ;
#1288 = CARTESIAN_POINT ( 'NONE',  ( 0.0000000000000000000, 0.0000000000000000000, 3.799999999999999800 ) ) ;
#1289 = APPLICATION_PROTOCOL_DEFINITION ( 'draft international standard', 'automotive_design', 1998, #997 ) ;
#1290 = CARTESIAN_POINT ( 'NONE',  ( 3.464823227814082700, 0.2500000000000000000, 3.464823227814082700 ) ) ;
#1291 = DIRECTION ( 'NONE',  ( -0.7071067811865463500, 0.0000000000000000000, 0.7071067811865487900 ) ) ;
#1292 = FACE_OUTER_BOUND ( 'NONE', #503, .T. ) ;
#1293 = VERTEX_POINT ( 'NONE', #1554 ) ;
#1294 = CARTESIAN_POINT ( 'NONE',  ( 0.0000000000000000000, 4.799999999999999800, -3.799999999999999800 ) ) ;
#1295 =( GEOMETRIC_REPRESENTATION_CONTEXT ( 3 ) GLOBAL_UNCERTAINTY_ASSIGNED_CONTEXT ( ( #3026 ) ) GLOBAL_UNIT_ASSIGNED_CONTEXT ( ( #2905, #632, #373 ) ) REPRESENTATION_CONTEXT ( 'NONE', 'WORKASPACE' ) );
#1296 = ORIENTED_EDGE ( 'NONE', *, *, #1601, .T. ) ;
#1297 = CARTESIAN_POINT ( 'NONE',  ( -2.368807716974935800, 0.2500000000000000000, -4.560838738653231400 ) ) ;
#1298 = CARTESIAN_POINT ( 'NONE',  ( 0.4999999999999998900, 4.043502884254445800, -0.9899494936611579200 ) ) ;
#1299 = DIRECTION ( 'NONE',  ( 0.0000000000000000000, -1.000000000000000000, 0.0000000000000000000 ) ) ;
#1300 = CARTESIAN_POINT ( 'NONE',  ( -2.500000000000000400, 1.500000000000000000, -0.9500000000000000700 ) ) ;
#1301 = CARTESIAN_POINT ( 'NONE',  ( 2.650000000000000400, -0.5000000000000000000, -1.150000000000004600 ) ) ;
#1302 = AXIS2_PLACEMENT_3D ( 'NONE', #1337, #773, #1346 ) ;
#1303 = ORIENTED_EDGE ( 'NONE', *, *, #3356, .F. ) ;
#1304 = PLANE ( 'NONE',  #1794 ) ;
#1305 = CIRCLE ( 'NONE', #2977, 3.799999999999999800 ) ;
#1306 = EDGE_CURVE ( 'NONE', #1384, #1257, #46, .T. ) ;
#1307 = EDGE_LOOP ( 'NONE', ( #431, #1822, #1509, #1085 ) ) ;
#1308 = VERTEX_POINT ( 'NONE', #1869 ) ;
#1309 = DIRECTION ( 'NONE',  ( 3.771137991253928600E-016, 0.0000000000000000000, -1.000000000000000000 ) ) ;
#1310 = DIRECTION ( 'NONE',  ( 8.659560562354854000E-017, 0.7071067811865540100, -0.7071067811865410200 ) ) ;
#1311 = VECTOR ( 'NONE', #3235, 1000.000000000000000 ) ;
#1312 = CARTESIAN_POINT ( 'NONE',  ( -0.5000000000000001100, 2.637867965644034500, 0.06213203435596607900 ) ) ;
#1313 = EDGE_CURVE ( 'NONE', #2961, #366, #3139, .T. ) ;
#1314 = CARTESIAN_POINT ( 'NONE',  ( 2.350000000000000100, -1.500000000000000000, -0.1499999999999999900 ) ) ;
#1315 = ORIENTED_EDGE ( 'NONE', *, *, #769, .T. ) ;
#1316 = VERTEX_POINT ( 'NONE', #474 ) ;
#1317 = VECTOR ( 'NONE', #1012, 1000.000000000000000 ) ;
#1318 = FACE_OUTER_BOUND ( 'NONE', #71, .T. ) ;
#1319 = ORIENTED_EDGE ( 'NONE', *, *, #3477, .T. ) ;
#1320 = VECTOR ( 'NONE', #1698, 1000.000000000000100 ) ;
#1321 = CIRCLE ( 'NONE', #3153, 3.899999999999999000 ) ;
#1322 = DIRECTION ( 'NONE',  ( 3.942553354492743000E-016, 0.0000000000000000000, 1.000000000000000000 ) ) ;
#1323 = ITEM_DEFINED_TRANSFORMATION ( 'NONE', 'NONE', #3301,  #3626 ) ;
#1324 = VERTEX_POINT ( 'NONE', #1027 ) ;
#1325 = CARTESIAN_POINT ( 'NONE',  ( -2.500000000000000900, 0.9000000000000003600, -0.7500000000000000000 ) ) ;
#1326 = DIRECTION ( 'NONE',  ( -0.7071067811865474600, 0.0000000000000000000, -0.7071067811865475700 ) ) ;
#1327 = DIRECTION ( 'NONE',  ( 1.000000000000000000, 0.0000000000000000000, 0.0000000000000000000 ) ) ;
#1328 = EDGE_LOOP ( 'NONE', ( #2422, #2112, #1634, #388, #806, #1982, #1832 ) ) ;
#1329 = CARTESIAN_POINT ( 'NONE',  ( -2.500000000000000000, -1.500000000000000000, -0.1499999999999998600 ) ) ;
#1330 = LINE ( 'NONE', #2802, #1111 ) ;
#1331 = VECTOR ( 'NONE', #971, 1000.000000000000000 ) ;
#1332 = EDGE_CURVE ( 'NONE', #2899, #340, #483, .T. ) ;
#1333 = VERTEX_POINT ( 'NONE', #3280 ) ;
#1334 = DIRECTION ( 'NONE',  ( 0.0000000000000000000, 0.7071067811865442400, 0.7071067811865509000 ) ) ;
#1335 = EDGE_CURVE ( 'NONE', #3069, #2995, #2930, .T. ) ;
#1336 = CARTESIAN_POINT ( 'NONE',  ( -2.350000000000000500, 1.500000000000000000, -0.9500000000000000700 ) ) ;
#1337 = CARTESIAN_POINT ( 'NONE',  ( 0.0000000000000000000, 0.0000000000000000000, 0.0000000000000000000 ) ) ;
#1338 = ORIENTED_EDGE ( 'NONE', *, *, #682, .F. ) ;
#1339 = CARTESIAN_POINT ( 'NONE',  ( 3.633180424916988600, 3.250000000000000400, 1.899999999999999000 ) ) ;
#1340 = ORIENTED_EDGE ( 'NONE', *, *, #1206, .T. ) ;
#1341 =( GEOMETRIC_REPRESENTATION_CONTEXT ( 3 ) GLOBAL_UNCERTAINTY_ASSIGNED_CONTEXT ( ( #3518 ) ) GLOBAL_UNIT_ASSIGNED_CONTEXT ( ( #2436, #3497, #170 ) ) REPRESENTATION_CONTEXT ( 'NONE', 'WORKASPACE' ) );
#1342 = ADVANCED_FACE ( 'NONE', ( #89, #1053 ), #1277, .T. ) ;
#1343 = PLANE ( 'NONE',  #2313 ) ;
#1344 = DIRECTION ( 'NONE',  ( 0.0000000000000000000, 0.0000000000000000000, -1.000000000000000000 ) ) ;
#1345 = ADVANCED_FACE ( 'NONE', ( #2081 ), #442, .T. ) ;
#1346 = DIRECTION ( 'NONE',  ( 0.0000000000000000000, 0.0000000000000000000, -1.000000000000000000 ) ) ;
#1347 = AXIS2_PLACEMENT_3D ( 'NONE', #1894, #753, #168 ) ;
#1348 = DIRECTION ( 'NONE',  ( 0.0000000000000000000, 0.0000000000000000000, -1.000000000000000000 ) ) ;
#1349 = VERTEX_POINT ( 'NONE', #2975 ) ;
#1350 = CIRCLE ( 'NONE', #3563, 3.799999999999999800 ) ;
#1351 = VERTEX_POINT ( 'NONE', #3015 ) ;
#1352 = EDGE_LOOP ( 'NONE', ( #1618, #3321, #377, #3055 ) ) ;
#1353 = MECHANICAL_DESIGN_GEOMETRIC_PRESENTATION_REPRESENTATION (  '', ( #1167 ), #2318 ) ;
#1354 = ORIENTED_EDGE ( 'NONE', *, *, #2145, .F. ) ;
#1355 = EDGE_CURVE ( 'NONE', #751, #2406, #1321, .T. ) ;
#1356 = VECTOR ( 'NONE', #1563, 1000.000000000000000 ) ;
#1357 = ADVANCED_FACE ( 'NONE', ( #2171 ), #2706, .F. ) ;
#1358 = ORIENTED_EDGE ( 'NONE', *, *, #2897, .F. ) ;
#1359 = DIRECTION ( 'NONE',  ( 6.972611193684234100E-032, 0.0000000000000000000, -1.000000000000000000 ) ) ;
#1360 = VECTOR ( 'NONE', #2336, 1000.000000000000000 ) ;
#1361 = ORIENTED_EDGE ( 'NONE', *, *, #871, .T. ) ;
#1362 = VECTOR ( 'NONE', #2267, 1000.000000000000000 ) ;
#1363 = DIRECTION ( 'NONE',  ( 0.0000000000000000000, 0.0000000000000000000, -1.000000000000000000 ) ) ;
#1364 = EDGE_LOOP ( 'NONE', ( #1784, #2065, #3535, #2472 ) ) ;
#1365 = LINE ( 'NONE', #2713, #2610 ) ;
#1366 = DIRECTION ( 'NONE',  ( 1.000000000000000000, 0.0000000000000000000, 0.0000000000000000000 ) ) ;
#1367 = VECTOR ( 'NONE', #3350, 1000.000000000000000 ) ;
#1368 = ADVANCED_FACE ( 'NONE', ( #3011 ), #2243, .T. ) ;
#1369 = ADVANCED_FACE ( 'NONE', ( #220 ), #3587, .T. ) ;
#1370 = ORIENTED_EDGE ( 'NONE', *, *, #3640, .T. ) ;
#1371 = ORIENTED_EDGE ( 'NONE', *, *, #182, .T. ) ;
#1372 = ORIENTED_EDGE ( 'NONE', *, *, #1073, .T. ) ;
#1373 = DIRECTION ( 'NONE',  ( -0.7071067811865465700, 0.0000000000000000000, 0.7071067811865483500 ) ) ;
#1374 = AXIS2_PLACEMENT_3D ( 'NONE', #1473, #2064, #3435 ) ;
#1375 = DIRECTION ( 'NONE',  ( 0.0000000000000000000, 0.0000000000000000000, 1.000000000000000000 ) ) ;
#1376 = CARTESIAN_POINT ( 'NONE',  ( 1.250000000000000200, 3.750000000000000000, -5.821067811865476400 ) ) ;
#1377 = CIRCLE ( 'NONE', #2845, 2.450000000000000200 ) ;
#1378 = DIRECTION ( 'NONE',  ( -0.0000000000000000000, 1.000000000000000000, 0.0000000000000000000 ) ) ;
#1379 = CARTESIAN_POINT ( 'NONE',  ( 3.491060010942233800, 3.750000000000000000, 2.149999999999999000 ) ) ;
#1380 = EDGE_LOOP ( 'NONE', ( #31, #513, #397, #832 ) ) ;
#1381 = EDGE_CURVE ( 'NONE', #2397, #1217, #3471, .T. ) ;
#1382 = DIRECTION ( 'NONE',  ( 0.0000000000000000000, 0.0000000000000000000, -1.000000000000000000 ) ) ;
#1383 = DIRECTION ( 'NONE',  ( 0.7071067811865475700, 0.0000000000000000000, 0.7071067811865474600 ) ) ;
#1384 = VERTEX_POINT ( 'NONE', #551 ) ;
#1385 = ADVANCED_FACE ( 'NONE', ( #890 ), #3358, .T. ) ;
#1386 = CARTESIAN_POINT ( 'NONE',  ( -2.650000000000000400, -1.500000000000000000, -0.9500000000000000700 ) ) ;
#1387 = DIRECTION ( 'NONE',  ( 0.4082482904638631300, -0.8164965809277259200, 0.4082482904638632900 ) ) ;
#1388 = CARTESIAN_POINT ( 'NONE',  ( 2.500000000000000400, 1.300000000000000000, -1.149999999999999200 ) ) ;
#1389 = CARTESIAN_POINT ( 'NONE',  ( -3.535533905932740000, 4.250000000000000000, 3.535533905932740400 ) ) ;
#1390 = ORIENTED_EDGE ( 'NONE', *, *, #1381, .T. ) ;
#1391 = FACE_OUTER_BOUND ( 'NONE', #3505, .T. ) ;
#1392 = PLANE ( 'NONE',  #1187 ) ;
#1393 = DIRECTION ( 'NONE',  ( 1.000000000000000000, 0.0000000000000000000, -0.0000000000000000000 ) ) ;
#1394 = DIRECTION ( 'NONE',  ( 0.0000000000000000000, 0.0000000000000000000, -1.000000000000000000 ) ) ;
#1395 = ORIENTED_EDGE ( 'NONE', *, *, #3401, .F. ) ;
#1396 = ORIENTED_EDGE ( 'NONE', *, *, #2645, .T. ) ;
#1397 =( GEOMETRIC_REPRESENTATION_CONTEXT ( 3 ) GLOBAL_UNCERTAINTY_ASSIGNED_CONTEXT ( ( #3499 ) ) GLOBAL_UNIT_ASSIGNED_CONTEXT ( ( #2993, #171, #2152 ) ) REPRESENTATION_CONTEXT ( 'NONE', 'WORKASPACE' ) );
#1398 = CARTESIAN_POINT ( 'NONE',  ( -2.100000000000000100, 1.500000000000000000, -1.100000000000000100 ) ) ;
#1399 = CIRCLE ( 'NONE', #2588, 4.099999999999999600 ) ;
#1400 = EDGE_LOOP ( 'NONE', ( #2836, #2741 ) ) ;
#1401 = LINE ( 'NONE', #1994, #2389 ) ;
#1402 = ORIENTED_EDGE ( 'NONE', *, *, #3289, .F. ) ;
#1403 = FACE_OUTER_BOUND ( 'NONE', #2443, .T. ) ;
#1404 = EDGE_LOOP ( 'NONE', ( #515, #905, #353, #2316 ) ) ;
#1405 = VECTOR ( 'NONE', #1020, 1000.000000000000000 ) ;
#1406 = ADVANCED_FACE ( 'NONE', ( #1411 ), #3606, .F. ) ;
#1407 = EDGE_CURVE ( 'NONE', #342, #3609, #3299, .T. ) ;
#1408 = ORIENTED_EDGE ( 'NONE', *, *, #667, .F. ) ;
#1409 = VECTOR ( 'NONE', #2551, 1000.000000000000000 ) ;
#1410 = EDGE_CURVE ( 'NONE', #731, #1995, #1681, .T. ) ;
#1411 = FACE_OUTER_BOUND ( 'NONE', #2250, .T. ) ;
#1412 = DIRECTION ( 'NONE',  ( 0.0000000000000000000, 1.000000000000000000, 0.0000000000000000000 ) ) ;
#1413 = CARTESIAN_POINT ( 'NONE',  ( -2.350000000000000100, 1.500000000000000000, -0.1499999999999999700 ) ) ;
#1414 = PLANE ( 'NONE',  #811 ) ;
#1415 = VERTEX_POINT ( 'NONE', #1650 ) ;
#1416 = DIRECTION ( 'NONE',  ( 0.0000000000000000000, -0.0000000000000000000, -1.000000000000000000 ) ) ;
#1417 = CARTESIAN_POINT ( 'NONE',  ( -8.673617379884035500E-016, 3.750000000000000000, 4.235164736271501700E-019 ) ) ;
#1418 = CARTESIAN_POINT ( 'NONE',  ( -2.350000000000000500, 0.9000000000000003600, -1.249999999999999800 ) ) ;
#1419 = AXIS2_PLACEMENT_3D ( 'NONE', #2309, #592, #2620 ) ;
#1420 = DIRECTION ( 'NONE',  ( -1.445602896647341600E-014, 1.445602896647341700E-015, 1.000000000000000000 ) ) ;
#1421 = ORIENTED_EDGE ( 'NONE', *, *, #3120, .T. ) ;
#1422 = VECTOR ( 'NONE', #896, 1000.000000000000000 ) ;
#1423 = LINE ( 'NONE', #308, #661 ) ;
#1424 = DIRECTION ( 'NONE',  ( 0.0000000000000000000, 0.0000000000000000000, 1.000000000000000000 ) ) ;
#1425 = LINE ( 'NONE', #693, #1161 ) ;
#1426 = CIRCLE ( 'NONE', #1118, 0.1499999999999999700 ) ;
#1427 = AXIS2_PLACEMENT_3D ( 'NONE', #1023, #2718, #1011 ) ;
#1428 = ADVANCED_FACE ( 'NONE', ( #2750 ), #2822, .T. ) ;
#1429 = DIRECTION ( 'NONE',  ( -0.0000000000000000000, 0.0000000000000000000, -1.000000000000000000 ) ) ;
#1430 = DIRECTION ( 'NONE',  ( -0.0000000000000000000, -1.000000000000000000, -1.141265444721584000E-016 ) ) ;
#1431 = EDGE_CURVE ( 'NONE', #2559, #3285, #128, .T. ) ;
#1432 = CARTESIAN_POINT ( 'NONE',  ( 1.826156786830832200, 4.250000000000000000, 4.654583911577026000 ) ) ;
#1433 = AXIS2_PLACEMENT_3D ( 'NONE', #2709, #2987, #3240 ) ;
#1434 = EDGE_CURVE ( 'NONE', #331, #672, #1992, .T. ) ;
#1435 = ORIENTED_EDGE ( 'NONE', *, *, #635, .T. ) ;
#1436 = EDGE_CURVE ( 'NONE', #2594, #3584, #3050, .T. ) ;
#1437 = CARTESIAN_POINT ( 'NONE',  ( 3.779995764119711500, 0.2500000000000002200, 1.587964742441414900 ) ) ;
#1438 = AXIS2_PLACEMENT_3D ( 'NONE', #1876, #1299, #1867 ) ;
#1439 = PRODUCT_DEFINITION_CONTEXT ( 'detailed design', #984, 'design' ) ;
#1440 = CARTESIAN_POINT ( 'NONE',  ( 0.0000000000000000000, 0.9500000000000002900, 0.0000000000000000000 ) ) ;
#1441 = DIRECTION ( 'NONE',  ( 0.0000000000000000000, 1.000000000000000000, 0.0000000000000000000 ) ) ;
#1442 = DIRECTION ( 'NONE',  ( 3.942553354492742500E-016, 0.0000000000000000000, 1.000000000000000000 ) ) ;
#1443 = PLANE ( 'NONE',  #29 ) ;
#1444 = ORIENTED_EDGE ( 'NONE', *, *, #3447, .F. ) ;
#1445 = CYLINDRICAL_SURFACE ( 'NONE', #2046, 0.1499999999999999700 ) ;
#1446 = ORIENTED_EDGE ( 'NONE', *, *, #975, .F. ) ;
#1447 = CONTEXT_DEPENDENT_SHAPE_REPRESENTATION ( #679, #1562 ) ;
#1448 = DIRECTION ( 'NONE',  ( -0.0000000000000000000, -1.000000000000000000, -0.0000000000000000000 ) ) ;
#1449 = ORIENTED_EDGE ( 'NONE', *, *, #3142, .T. ) ;
#1450 = CIRCLE ( 'NONE', #2680, 4.900000000000000400 ) ;
#1451 = PLANE ( 'NONE',  #624 ) ;
#1452 = ORIENTED_EDGE ( 'NONE', *, *, #2914, .T. ) ;
#1453 = LINE ( 'NONE', #3116, #44 ) ;
#1454 = EDGE_CURVE ( 'NONE', #3634, #1349, #2213, .T. ) ;
#1455 = VECTOR ( 'NONE', #1219, 1000.000000000000000 ) ;
#1456 = DIRECTION ( 'NONE',  ( -0.0000000000000000000, 1.000000000000000000, 2.710505431213761100E-016 ) ) ;
#1457 = CIRCLE ( 'NONE', #329, 4.099999999999999600 ) ;
#1458 = ORIENTED_EDGE ( 'NONE', *, *, #1154, .F. ) ;
#1459 = DIRECTION ( 'NONE',  ( 0.0000000000000000000, 1.000000000000000000, 0.0000000000000000000 ) ) ;
#1460 = CARTESIAN_POINT ( 'NONE',  ( -2.100000000000000100, 1.500000000000000000, -1.100000000000000100 ) ) ;
#1461 = EDGE_CURVE ( 'NONE', #847, #2511, #702, .T. ) ;
#1462 = ORIENTED_EDGE ( 'NONE', *, *, #3450, .T. ) ;
#1463 = CARTESIAN_POINT ( 'NONE',  ( -2.121320343559643700, 3.750000000000000000, 4.949747468305835300 ) ) ;
#1464 = ADVANCED_FACE ( 'NONE', ( #268 ), #1122, .T. ) ;
#1465 = DIRECTION ( 'NONE',  ( -1.000000000000000000, 0.0000000000000000000, -0.0000000000000000000 ) ) ;
#1466 = ORIENTED_EDGE ( 'NONE', *, *, #1332, .F. ) ;
#1467 = ORIENTED_EDGE ( 'NONE', *, *, #2743, .T. ) ;
#1468 = DIRECTION ( 'NONE',  ( -0.7071067811865477900, 0.0000000000000000000, 0.7071067811865473500 ) ) ;
#1469 = CARTESIAN_POINT ( 'NONE',  ( -1.826156786830838200, 4.250000000000000000, -4.654583911577026000 ) ) ;
#1470 = LINE ( 'NONE', #1566, #3573 ) ;
#1471 = CIRCLE ( 'NONE', #485, 1.000000000000000000 ) ;
#1472 = CARTESIAN_POINT ( 'NONE',  ( 2.650000000000000400, 1.500000000000000000, -1.149999999999999900 ) ) ;
#1473 = CARTESIAN_POINT ( 'NONE',  ( 0.0000000000000000000, 1.243933982822003100, 1.456066017177983300 ) ) ;
#1474 = ORIENTED_EDGE ( 'NONE', *, *, #228, .F. ) ;
#1475 = CARTESIAN_POINT ( 'NONE',  ( 0.0000000000000000000, 0.0000000000000000000, -4.900000000000000400 ) ) ;
#1476 = DIRECTION ( 'NONE',  ( 0.0000000000000000000, 0.0000000000000000000, -1.000000000000000000 ) ) ;
#1477 = ORIENTED_EDGE ( 'NONE', *, *, #1019, .T. ) ;
#1478 = DIRECTION ( 'NONE',  ( 0.0000000000000000000, 2.168404344971009100E-016, 1.000000000000000000 ) ) ;
#1479 = EDGE_CURVE ( 'NONE', #2906, #2116, #3561, .T. ) ;
#1480 = DIRECTION ( 'NONE',  ( 1.000000000000000000, 0.0000000000000000000, -0.0000000000000000000 ) ) ;
#1481 = DIRECTION ( 'NONE',  ( 0.0000000000000000000, 2.168404344971009100E-016, 1.000000000000000000 ) ) ;
#1482 = CARTESIAN_POINT ( 'NONE',  ( -3.491060010942238300, 3.750000000000000000, -2.149999999999999900 ) ) ;
#1483 = ORIENTED_EDGE ( 'NONE', *, *, #1313, .F. ) ;
#1484 =( GEOMETRIC_REPRESENTATION_CONTEXT ( 3 ) GLOBAL_UNCERTAINTY_ASSIGNED_CONTEXT ( ( #1070 ) ) GLOBAL_UNIT_ASSIGNED_CONTEXT ( ( #2612, #1226, #3196 ) ) REPRESENTATION_CONTEXT ( 'NONE', 'WORKASPACE' ) );
#1485 = CARTESIAN_POINT ( 'NONE',  ( 0.0000000000000000000, 0.9500000000000007300, 0.0000000000000000000 ) ) ;
#1486 = LINE ( 'NONE', #1680, #179 ) ;
#1487 =( NAMED_UNIT ( * ) SI_UNIT ( $, .STERADIAN. ) SOLID_ANGLE_UNIT ( ) );
#1488 = ORIENTED_EDGE ( 'NONE', *, *, #3271, .T. ) ;
#1489 = ORIENTED_EDGE ( 'NONE', *, *, #1332, .T. ) ;
#1490 = LINE ( 'NONE', #205, #2963 ) ;
#1491 = ORIENTED_EDGE ( 'NONE', *, *, #1527, .T. ) ;
#1492 = VECTOR ( 'NONE', #52, 1000.000000000000000 ) ;
#1493 = ORIENTED_EDGE ( 'NONE', *, *, #2768, .T. ) ;
#1494 = FACE_OUTER_BOUND ( 'NONE', #2122, .T. ) ;
#1495 = ORIENTED_EDGE ( 'NONE', *, *, #502, .T. ) ;
#1496 = LINE ( 'NONE', #1521, #1046 ) ;
#1497 = VERTEX_POINT ( 'NONE', #810 ) ;
#1498 = CARTESIAN_POINT ( 'NONE',  ( 2.500000000000000400, 1.300000000000000300, -1.349999999999999400 ) ) ;
#1499 = VERTEX_POINT ( 'NONE', #3058 ) ;
#1500 = LINE ( 'NONE', #1130, #178 ) ;
#1501 = ADVANCED_FACE ( 'NONE', ( #1802 ), #1928, .T. ) ;
#1502 = DIRECTION ( 'NONE',  ( -1.000000000000000000, -1.445602896647343800E-015, 0.0000000000000000000 ) ) ;
#1503 = LINE ( 'NONE', #2548, #7 ) ;
#1504 = PRESENTATION_LAYER_ASSIGNMENT (  '', '', ( #1167 ) ) ;
#1505 = CARTESIAN_POINT ( 'NONE',  ( -5.321067811865471100, 29.18565718140579800, 1.750000000000004700 ) ) ;
#1506 = EDGE_CURVE ( 'NONE', #144, #3069, #3214, .T. ) ;
#1507 = DIRECTION ( 'NONE',  ( 0.0000000000000000000, 0.0000000000000000000, -1.000000000000000000 ) ) ;
#1508 =( LENGTH_UNIT ( ) NAMED_UNIT ( * ) SI_UNIT ( .MILLI., .METRE. ) );
#1509 = ORIENTED_EDGE ( 'NONE', *, *, #462, .F. ) ;
#1510 = EDGE_CURVE ( 'NONE', #466, #549, #1503, .T. ) ;
#1511 = ORIENTED_EDGE ( 'NONE', *, *, #3310, .F. ) ;
#1512 = AXIS2_PLACEMENT_3D ( 'NONE', #2074, #399, #3207 ) ;
#1513 = LINE ( 'NONE', #595, #761 ) ;
#1514 = CARTESIAN_POINT ( 'NONE',  ( 6.000769315822031700E-016, 0.0000000000000000000, 4.900000000000000400 ) ) ;
#1515 = ORIENTED_EDGE ( 'NONE', *, *, #1381, .F. ) ;
#1516 = CARTESIAN_POINT ( 'NONE',  ( 0.4999999999999998900, 2.637867965644034500, 0.06213203435596587700 ) ) ;
#1517 = VECTOR ( 'NONE', #2232, 1000.000000000000000 ) ;
#1518 = DIRECTION ( 'NONE',  ( -0.7071067811865474600, 0.0000000000000000000, 0.7071067811865474600 ) ) ;
#1519 = CARTESIAN_POINT ( 'NONE',  ( 4.653657836759942700E-016, 0.0000000000000000000, 3.799999999999999800 ) ) ;
#1520 = ORIENTED_EDGE ( 'NONE', *, *, #3387, .T. ) ;
#1521 = CARTESIAN_POINT ( 'NONE',  ( 2.649999999999999900, -1.500000000000000000, -0.1499999999999998800 ) ) ;
#1522 = EDGE_CURVE ( 'NONE', #1534, #3434, #2352, .T. ) ;
#1523 = CARTESIAN_POINT ( 'NONE',  ( 2.350000000000000100, 1.500000000000000000, -0.1499999999999999900 ) ) ;
#1524 = DIRECTION ( 'NONE',  ( 1.000000000000000000, 0.0000000000000000000, 0.0000000000000000000 ) ) ;
#1525 = CARTESIAN_POINT ( 'NONE',  ( -3.652565503379888100E-016, 3.750000000000000000, 4.099999999999999600 ) ) ;
#1526 = DIRECTION ( 'NONE',  ( 0.0000000000000000000, 0.0000000000000000000, 1.000000000000000000 ) ) ;
#1527 = EDGE_CURVE ( 'NONE', #850, #2292, #2471, .T. ) ;
#1528 = EDGE_CURVE ( 'NONE', #189, #3468, #310, .T. ) ;
#1529 = ORIENTED_EDGE ( 'NONE', *, *, #2768, .F. ) ;
#1530 = DIRECTION ( 'NONE',  ( -0.0000000000000000000, -1.000000000000000000, -0.0000000000000000000 ) ) ;
#1531 = VECTOR ( 'NONE', #1952, 1000.000000000000000 ) ;
#1532 = CARTESIAN_POINT ( 'NONE',  ( 2.121320343559640200, 0.0000000000000000000, 4.949747468305835300 ) ) ;
#1533 = PRODUCT_DEFINITION ( 'UNKNOWN', '', #1728, #2220 ) ;
#1534 = VERTEX_POINT ( 'NONE', #3121 ) ;
#1535 = SHAPE_DEFINITION_REPRESENTATION ( #791, #2368 ) ;
#1536 = ORIENTED_EDGE ( 'NONE', *, *, #2334, .F. ) ;
#1537 = LINE ( 'NONE', #147, #1140 ) ;
#1538 = DIRECTION ( 'NONE',  ( 0.0000000000000000000, 0.0000000000000000000, 1.000000000000000000 ) ) ;
#1539 = CARTESIAN_POINT ( 'NONE',  ( -2.500000000000000400, 1.500000000000000000, -0.9500000000000000700 ) ) ;
#1540 = FACE_OUTER_BOUND ( 'NONE', #891, .T. ) ;
#1541 = VERTEX_POINT ( 'NONE', #600 ) ;
#1542 = CARTESIAN_POINT ( 'NONE',  ( 2.500000000000000400, -0.4999999999999998900, -1.349999999999999400 ) ) ;
#1543 = CYLINDRICAL_SURFACE ( 'NONE', #3501, 0.1499999999999999900 ) ;
#1544 = ORIENTED_EDGE ( 'NONE', *, *, #2577, .F. ) ;
#1545 = VECTOR ( 'NONE', #280, 1000.000000000000000 ) ;
#1546 = ORIENTED_EDGE ( 'NONE', *, *, #2271, .F. ) ;
#1547 = DIRECTION ( 'NONE',  ( 0.0000000000000000000, -1.000000000000000000, -0.0000000000000000000 ) ) ;
#1548 = ORIENTED_EDGE ( 'NONE', *, *, #1407, .F. ) ;
#1549 = CARTESIAN_POINT ( 'NONE',  ( -2.100000000000000100, -1.500000000000000000, -1.100000000000000100 ) ) ;
#1550 =( BOUNDED_CURVE ( )  B_SPLINE_CURVE ( 3, ( #694, #414, #2974, #2401 ),
 .UNSPECIFIED., .F., .T. ) 
 B_SPLINE_CURVE_WITH_KNOTS ( ( 4, 4 ),
 ( 2.052641033223821900, 2.122795166974180200 ),
 .UNSPECIFIED. ) 
 CURVE ( )  GEOMETRIC_REPRESENTATION_ITEM ( )  RATIONAL_B_SPLINE_CURVE ( ( 1.000000000000000000, 0.9995899085104668100, 0.9995899085104668100, 1.000000000000000000 ) ) 
 REPRESENTATION_ITEM ( '' )  );
#1551 = EDGE_CURVE ( 'NONE', #1556, #24, #1229, .T. ) ;
#1552 = DIRECTION ( 'NONE',  ( 0.7071067811865512400, 1.110223024625156500E-016, 0.7071067811865439100 ) ) ;
#1553 = DIRECTION ( 'NONE',  ( -9.860761315262647600E-032, 0.7071067811865439100, 0.7071067811865512400 ) ) ;
#1554 = CARTESIAN_POINT ( 'NONE',  ( 2.650000000000000400, 0.5000000000000001100, -1.349999999999999400 ) ) ;
#1555 = EDGE_LOOP ( 'NONE', ( #2098, #1529, #2652, #2526 ) ) ;
#1556 = VERTEX_POINT ( 'NONE', #2851 ) ;
#1557 = VECTOR ( 'NONE', #2411, 1000.000000000000000 ) ;
#1558 = DIRECTION ( 'NONE',  ( -0.0000000000000000000, -1.000000000000000000, -0.0000000000000000000 ) ) ;
#1559 = LINE ( 'NONE', #3167, #2761 ) ;
#1560 = CARTESIAN_POINT ( 'NONE',  ( -4.631549416771884300, 0.2500000000000000000, -2.439518395093587300 ) ) ;
#1561 = AXIS2_PLACEMENT_3D ( 'NONE', #1240, #3441, #912 ) ;
#1562 = PRODUCT_DEFINITION_SHAPE ( 'NONE', 'NONE',  #3644 ) ;
#1563 = DIRECTION ( 'NONE',  ( -1.000000000000000000, 0.0000000000000000000, 0.0000000000000000000 ) ) ;
#1564 = ORIENTED_EDGE ( 'NONE', *, *, #2521, .T. ) ;
#1565 = DIRECTION ( 'NONE',  ( 1.445602896647339500E-015, 3.614007241618348800E-016, 1.000000000000000000 ) ) ;
#1566 = CARTESIAN_POINT ( 'NONE',  ( 2.500000000000000400, 0.5000000000000001100, -1.349999999999999400 ) ) ;
#1567 = CARTESIAN_POINT ( 'NONE',  ( -2.100000000000000100, 0.9000000000000003600, -1.100000000000000100 ) ) ;
#1568 = AXIS2_PLACEMENT_3D ( 'NONE', #1676, #1968, #853 ) ;
#1569 = ORIENTED_EDGE ( 'NONE', *, *, #2025, .F. ) ;
#1570 = CARTESIAN_POINT ( 'NONE',  ( 1.587964742441414300, 3.750000000000000000, 3.779995764119712400 ) ) ;
#1571 = AXIS2_PLACEMENT_3D ( 'NONE', #1278, #2113, #1820 ) ;
#1572 = CARTESIAN_POINT ( 'NONE',  ( -0.5000000000000001100, 2.425735931288071100, -0.1499999999999995800 ) ) ;
#1573 = DIRECTION ( 'NONE',  ( -0.0000000000000000000, -1.000000000000000000, -0.0000000000000000000 ) ) ;
#1574 = VERTEX_POINT ( 'NONE', #315 ) ;
#1575 = EDGE_CURVE ( 'NONE', #963, #1316, #3176, .T. ) ;
#1576 = DIRECTION ( 'NONE',  ( -0.0000000000000000000, 1.000000000000000000, -0.0000000000000000000 ) ) ;
#1577 = CYLINDRICAL_SURFACE ( 'NONE', #3514, 0.05000000000000037700 ) ;
#1578 = ORIENTED_EDGE ( 'NONE', *, *, #2222, .F. ) ;
#1579 = ORIENTED_EDGE ( 'NONE', *, *, #873, .T. ) ;
#1580 = VECTOR ( 'NONE', #2071, 1000.000000000000000 ) ;
#1581 = CARTESIAN_POINT ( 'NONE',  ( -5.321067811865471100, 29.18565718140579800, 1.750000000000004700 ) ) ;
#1582 = ORIENTED_EDGE ( 'NONE', *, *, #1044, .T. ) ;
#1583 = EDGE_LOOP ( 'NONE', ( #2502, #2453, #1789, #56 ) ) ;
#1584 = VECTOR ( 'NONE', #558, 1000.000000000000000 ) ;
#1585 = CARTESIAN_POINT ( 'NONE',  ( 2.500000000000000400, -0.5000000000000000000, -1.149999999999999900 ) ) ;
#1586 = VERTEX_POINT ( 'NONE', #3145 ) ;
#1587 = VECTOR ( 'NONE', #2673, 1000.000000000000100 ) ;
#1588 = ORIENTED_EDGE ( 'NONE', *, *, #2914, .F. ) ;
#1589 = CARTESIAN_POINT ( 'NONE',  ( -2.100000000000000100, -1.500000000000000000, -1.100000000000000100 ) ) ;
#1590 = VECTOR ( 'NONE', #2447, 1000.000000000000000 ) ;
#1591 = CARTESIAN_POINT ( 'NONE',  ( -8.673617379884035500E-016, 3.750000000000000000, -4.099999999999999600 ) ) ;
#1592 = DIRECTION ( 'NONE',  ( 0.0000000000000000000, 0.0000000000000000000, 1.000000000000000000 ) ) ;
#1593 = DIRECTION ( 'NONE',  ( -0.0000000000000000000, -1.000000000000000000, -0.0000000000000000000 ) ) ;
#1594 = VECTOR ( 'NONE', #2032, 1000.000000000000000 ) ;
#1595 = DIRECTION ( 'NONE',  ( -1.000000000000000000, 0.0000000000000000000, -0.0000000000000000000 ) ) ;
#1596 = ORIENTED_EDGE ( 'NONE', *, *, #337, .F. ) ;
#1597 = ORIENTED_EDGE ( 'NONE', *, *, #2174, .T. ) ;
#1598 = EDGE_CURVE ( 'NONE', #707, #3227, #930, .T. ) ;
#1599 = VECTOR ( 'NONE', #2561, 1000.000000000000000 ) ;
#1600 = CARTESIAN_POINT ( 'NONE',  ( -5.321067811865472800, 3.750000000000000000, -2.149999999999999900 ) ) ;
#1601 = EDGE_CURVE ( 'NONE', #899, #2429, #1897, .T. ) ;
#1602 = CARTESIAN_POINT ( 'NONE',  ( -7.071067811865477300, 3.750000000000000000, -1.297654475193588100E-015 ) ) ;
#1603 = CARTESIAN_POINT ( 'NONE',  ( 2.650000000000000400, -1.500000000000000000, -1.149999999999999900 ) ) ;
#1604 = DIRECTION ( 'NONE',  ( 0.0000000000000000000, 0.0000000000000000000, -1.000000000000000000 ) ) ;
#1605 = CARTESIAN_POINT ( 'NONE',  ( -0.5000000000000001100, 3.760660171779826900, -1.272792206135778100 ) ) ;
#1606 = LINE ( 'NONE', #1026, #1557 ) ;
#1607 = VECTOR ( 'NONE', #1456, 1000.000000000000000 ) ;
#1608 = CARTESIAN_POINT ( 'NONE',  ( 0.0000000000000000000, 3.950000000000000200, 0.0000000000000000000 ) ) ;
#1609 = AXIS2_PLACEMENT_3D ( 'NONE', #947, #3536, #1818 ) ;
#1610 = ORIENTED_EDGE ( 'NONE', *, *, #1528, .F. ) ;
#1611 = DIRECTION ( 'NONE',  ( 0.0000000000000000000, 0.0000000000000000000, -1.000000000000000000 ) ) ;
#1612 = DIRECTION ( 'NONE',  ( 0.0000000000000000000, 1.141265444721584000E-016, -1.000000000000000000 ) ) ;
#1613 = PLANE ( 'NONE',  #3377 ) ;
#1614 = AXIS2_PLACEMENT_3D ( 'NONE', #2415, #719, #2441 ) ;
#1615 = CARTESIAN_POINT ( 'NONE',  ( -8.673617379884035500E-016, 4.250000000000000000, 4.235164736271501700E-019 ) ) ;
#1616 = EDGE_CURVE ( 'NONE', #3463, #2921, #755, .T. ) ;
#1617 = EDGE_CURVE ( 'NONE', #1740, #2330, #3296, .T. ) ;
#1618 = ORIENTED_EDGE ( 'NONE', *, *, #3588, .T. ) ;
#1619 = DIRECTION ( 'NONE',  ( -0.0000000000000000000, -1.000000000000000000, -0.0000000000000000000 ) ) ;
#1620 = CARTESIAN_POINT ( 'NONE',  ( 5.321067811865472800, 3.249999999999999600, -5.821067811865479100 ) ) ;
#1621 = VECTOR ( 'NONE', #2481, 1000.000000000000000 ) ;
#1622 = CARTESIAN_POINT ( 'NONE',  ( -3.318675087342348700E-015, 3.750000000000000000, 7.071067811865476400 ) ) ;
#1623 = EDGE_CURVE ( 'NONE', #2693, #2791, #3643, .T. ) ;
#1624 = DIRECTION ( 'NONE',  ( 0.0000000000000000000, 0.0000000000000000000, -1.000000000000000000 ) ) ;
#1625 = VERTEX_POINT ( 'NONE', #1463 ) ;
#1626 = CIRCLE ( 'NONE', #1962, 0.2999999999999999300 ) ;
#1627 = ADVANCED_FACE ( 'NONE', ( #3466 ), #1185, .F. ) ;
#1628 = DIRECTION ( 'NONE',  ( 3.771137991253928600E-016, 0.0000000000000000000, -1.000000000000000000 ) ) ;
#1629 = CIRCLE ( 'NONE', #2616, 0.2000000000000005100 ) ;
#1630 = ORIENTED_EDGE ( 'NONE', *, *, #365, .F. ) ;
#1631 = FACE_OUTER_BOUND ( 'NONE', #314, .T. ) ;
#1632 = LINE ( 'NONE', #155, #3005 ) ;
#1633 = VECTOR ( 'NONE', #713, 1000.000000000000000 ) ;
#1634 = ORIENTED_EDGE ( 'NONE', *, *, #2002, .T. ) ;
#1635 = ADVANCED_FACE ( 'NONE', ( #1318 ), #2890, .F. ) ;
#1636 = DIRECTION ( 'NONE',  ( -0.7071067811865477900, -0.0000000000000000000, 0.7071067811865473500 ) ) ;
#1637 = AXIS2_PLACEMENT_3D ( 'NONE', #821, #2486, #1382 ) ;
#1638 = CARTESIAN_POINT ( 'NONE',  ( 3.541347453047799700, 3.586691648197849700, -2.068345824098925000 ) ) ;
#1639 = ORIENTED_EDGE ( 'NONE', *, *, #3001, .T. ) ;
#1640 = EDGE_LOOP ( 'NONE', ( #2681, #2984 ) ) ;
#1641 = CARTESIAN_POINT ( 'NONE',  ( -4.560838738653232300, 0.2500000000000000000, -2.368807716974935800 ) ) ;
#1642 = DIRECTION ( 'NONE',  ( 0.0000000000000000000, -1.000000000000000000, 0.0000000000000000000 ) ) ;
#1643 = ADVANCED_FACE ( 'NONE', ( #2563 ), #1216, .F. ) ;
#1644 = AXIS2_PLACEMENT_3D ( 'NONE', #1052, #2749, #3590 ) ;
#1645 = ORIENTED_EDGE ( 'NONE', *, *, #1479, .F. ) ;
#1646 = VECTOR ( 'NONE', #2001, 1000.000000000000000 ) ;
#1647 = ADVANCED_FACE ( 'NONE', ( #2926 ), #2633, .F. ) ;
#1648 = EDGE_CURVE ( 'NONE', #141, #475, #2837, .T. ) ;
#1649 = DIRECTION ( 'NONE',  ( -0.0000000000000000000, -1.000000000000000000, -0.0000000000000000000 ) ) ;
#1650 = CARTESIAN_POINT ( 'NONE',  ( 0.4999999999999997800, 2.531801948466053000, -0.04393398282201654800 ) ) ;
#1651 = DIRECTION ( 'NONE',  ( 0.0000000000000000000, 0.0000000000000000000, -1.000000000000000000 ) ) ;
#1652 = ADVANCED_FACE ( 'NONE', ( #1795 ), #3481, .T. ) ;
#1653 = CARTESIAN_POINT ( 'NONE',  ( 0.0000000000000000000, 0.0000000000000000000, 0.0000000000000000000 ) ) ;
#1654 = DIRECTION ( 'NONE',  ( -1.000000000000000000, 0.0000000000000000000, 0.0000000000000000000 ) ) ;
#1655 = ORIENTED_EDGE ( 'NONE', *, *, #578, .F. ) ;
#1656 = CARTESIAN_POINT ( 'NONE',  ( -2.121320343559644600, 0.0000000000000000000, -4.949747468305832700 ) ) ;
#1657 = ORIENTED_EDGE ( 'NONE', *, *, #1551, .T. ) ;
#1658 = ADVANCED_FACE ( 'NONE', ( #1143 ), #1782, .T. ) ;
#1659 = DIRECTION ( 'NONE',  ( 0.0000000000000000000, -0.0000000000000000000, 1.000000000000000000 ) ) ;
#1660 = CARTESIAN_POINT ( 'NONE',  ( -1.414213562373092000, 3.750000000000000000, 1.414213562373084900 ) ) ;
#1661 = ADVANCED_FACE ( 'NONE', ( #3516 ), #2376, .F. ) ;
#1662 = VERTEX_POINT ( 'NONE', #110 ) ;
#1663 = VECTOR ( 'NONE', #1948, 999.9999999999998900 ) ;
#1664 = ADVANCED_FACE ( 'NONE', ( #2796 ), #1232, .T. ) ;
#1665 = ORIENTED_EDGE ( 'NONE', *, *, #279, .F. ) ;
#1666 = ORIENTED_EDGE ( 'NONE', *, *, #1119, .T. ) ;
#1667 = EDGE_CURVE ( 'NONE', #1308, #2345, #1675, .T. ) ;
#1668 = LINE ( 'NONE', #1757, #3088 ) ;
#1669 = EDGE_LOOP ( 'NONE', ( #3250, #3311, #1655, #987 ) ) ;
#1670 = LINE ( 'NONE', #2021, #697 ) ;
#1671 = CARTESIAN_POINT ( 'NONE',  ( -2.350000000000000500, 1.500000000000000000, -1.100000000000000100 ) ) ;
#1672 = ORIENTED_EDGE ( 'NONE', *, *, #575, .T. ) ;
#1673 = LINE ( 'NONE', #3633, #924 ) ;
#1674 = PLANE ( 'NONE',  #457 ) ;
#1675 = LINE ( 'NONE', #356, #645 ) ;
#1676 = CARTESIAN_POINT ( 'NONE',  ( -2.385244779468109800E-015, 4.250000000000000000, 5.656854249492379700 ) ) ;
#1677 = LINE ( 'NONE', #2910, #1409 ) ;
#1678 = UNCERTAINTY_MEASURE_WITH_UNIT (LENGTH_MEASURE( 1.000000000000000100E-005 ), #2108, 'distance_accuracy_value', 'NONE');
#1679 = CARTESIAN_POINT ( 'NONE',  ( -1.249999999999997600, 0.0000000000000000000, -5.821067811865477300 ) ) ;
#1680 = CARTESIAN_POINT ( 'NONE',  ( -2.121320343559644600, 4.250000000000000000, -4.949747468305832700 ) ) ;
#1681 = LINE ( 'NONE', #3080, #1764 ) ;
#1682 = ORIENTED_EDGE ( 'NONE', *, *, #3264, .F. ) ;
#1683 = ORIENTED_EDGE ( 'NONE', *, *, #3138, .F. ) ;
#1684 = DIRECTION ( 'NONE',  ( 0.0000000000000000000, 1.000000000000000000, 0.0000000000000000000 ) ) ;
#1685 = AXIS2_PLACEMENT_3D ( 'NONE', #1314, #1576, #765 ) ;
#1686 = DIRECTION ( 'NONE',  ( 0.0000000000000000000, 1.000000000000000000, 0.0000000000000000000 ) ) ;
#1687 = ADVANCED_FACE ( 'NONE', ( #1272 ), #3161, .F. ) ;
#1688 = CARTESIAN_POINT ( 'NONE',  ( 2.050609665440986900, 0.0000000000000000000, 4.879036790187179000 ) ) ;
#1689 = VECTOR ( 'NONE', #2461, 1000.000000000000000 ) ;
#1690 = VERTEX_POINT ( 'NONE', #1498 ) ;
#1691 = LINE ( 'NONE', #3159, #536 ) ;
#1692 = EDGE_CURVE ( 'NONE', #344, #2995, #1496, .T. ) ;
#1693 = EDGE_CURVE ( 'NONE', #3053, #2023, #750, .T. ) ;
#1694 = DIRECTION ( 'NONE',  ( 3.771137991253928600E-016, 0.0000000000000000000, -1.000000000000000000 ) ) ;
#1695 = DIRECTION ( 'NONE',  ( 0.0000000000000000000, -0.0000000000000000000, 1.000000000000000000 ) ) ;
#1696 = VERTEX_POINT ( 'NONE', #2328 ) ;
#1697 = CARTESIAN_POINT ( 'NONE',  ( -2.040369922269604200E-015, 2.912132034355964000, 0.1414213562373123100 ) ) ;
#1698 = DIRECTION ( 'NONE',  ( -0.7071067811865474600, -0.0000000000000000000, 0.7071067811865474600 ) ) ;
#1699 = AXIS2_PLACEMENT_3D ( 'NONE', #3269, #252, #2140 ) ;
#1700 = CARTESIAN_POINT ( 'NONE',  ( 0.4999999999999998900, 3.866726188957808800, -1.166726188957796200 ) ) ;
#1701 = CARTESIAN_POINT ( 'NONE',  ( -8.673617379884035500E-016, 3.250000000000000400, 4.235164736271501700E-019 ) ) ;
#1702 = CARTESIAN_POINT ( 'NONE',  ( -2.439518395093588100, 0.2500000000000000000, -4.631549416771884300 ) ) ;
#1703 = DIRECTION ( 'NONE',  ( 0.0000000000000000000, 0.0000000000000000000, -1.000000000000000000 ) ) ;
#1704 = ADVANCED_FACE ( 'NONE', ( #2742 ), #2356, .F. ) ;
#1705 = DIRECTION ( 'NONE',  ( 0.0000000000000000000, 1.000000000000000000, -0.0000000000000000000 ) ) ;
#1706 =( BOUNDED_CURVE ( )  B_SPLINE_CURVE ( 3, ( #3059, #1638, #2178, #3071 ),
 .UNSPECIFIED., .F., .T. ) 
 B_SPLINE_CURVE_WITH_KNOTS ( ( 4, 4 ),
 ( 4.160390140205405100, 4.230544273955764800 ),
 .UNSPECIFIED. ) 
 CURVE ( )  GEOMETRIC_REPRESENTATION_ITEM ( )  RATIONAL_B_SPLINE_CURVE ( ( 1.000000000000000000, 0.9995899085104668100, 0.9995899085104668100, 1.000000000000000000 ) ) 
 REPRESENTATION_ITEM ( '' )  );
#1707 = PLANE ( 'NONE',  #67 ) ;
#1708 = ORIENTED_EDGE ( 'NONE', *, *, #1717, .T. ) ;
#1709 = EDGE_CURVE ( 'NONE', #3086, #2626, #2346, .T. ) ;
#1710 = CARTESIAN_POINT ( 'NONE',  ( 0.4999999999999977200, 2.912132034355963600, 0.1414213562373126700 ) ) ;
#1711 = VECTOR ( 'NONE', #1911, 1000.000000000000000 ) ;
#1712 = CARTESIAN_POINT ( 'NONE',  ( -1.826156786830838200, 4.250000000000000000, -4.654583911577026000 ) ) ;
#1713 = ORIENTED_EDGE ( 'NONE', *, *, #1193, .T. ) ;
#1714 = ORIENTED_EDGE ( 'NONE', *, *, #955, .T. ) ;
#1715 = FACE_OUTER_BOUND ( 'NONE', #166, .T. ) ;
#1716 = VECTOR ( 'NONE', #2434, 1000.000000000000000 ) ;
#1717 = EDGE_CURVE ( 'NONE', #1257, #655, #3556, .T. ) ;
#1718 = EDGE_LOOP ( 'NONE', ( #993, #1354, #1361, #527 ) ) ;
#1719 = EDGE_CURVE ( 'NONE', #1534, #2061, #2075, .T. ) ;
#1720 = FACE_OUTER_BOUND ( 'NONE', #2326, .T. ) ;
#1721 = VECTOR ( 'NONE', #3258, 1000.000000000000000 ) ;
#1722 = ORIENTED_EDGE ( 'NONE', *, *, #1780, .T. ) ;
#1723 = DIRECTION ( 'NONE',  ( 0.0000000000000000000, 1.445602896647337300E-015, -1.000000000000000000 ) ) ;
#1724 = ADVANCED_FACE ( 'NONE', ( #2168 ), #729, .T. ) ;
#1725 = CARTESIAN_POINT ( 'NONE',  ( -1.249999999999998900, 4.250000000000000000, -5.821067811865477300 ) ) ;
#1726 = DIRECTION ( 'NONE',  ( 1.000000000000000000, 0.0000000000000000000, 0.0000000000000000000 ) ) ;
#1727 = DIRECTION ( 'NONE',  ( -0.0000000000000000000, -1.000000000000000000, -0.0000000000000000000 ) ) ;
#1728 = PRODUCT_DEFINITION_FORMATION_WITH_SPECIFIED_SOURCE ( 'ANY', '', #970, .NOT_KNOWN. ) ;
#1729 = CARTESIAN_POINT ( 'NONE',  ( 0.0000000000000000000, 0.2500000000000000000, 0.0000000000000000000 ) ) ;
#1730 = ORIENTED_EDGE ( 'NONE', *, *, #1522, .F. ) ;
#1731 = CIRCLE ( 'NONE', #181, 2.450000000000000200 ) ;
#1732 = UNCERTAINTY_MEASURE_WITH_UNIT (LENGTH_MEASURE( 1.000000000000000100E-005 ), #1508, 'distance_accuracy_value', 'NONE');
#1733 = ORIENTED_EDGE ( 'NONE', *, *, #3198, .F. ) ;
#1734 = CIRCLE ( 'NONE', #2331, 0.2999999999999999300 ) ;
#1735 = PRODUCT_DEFINITION_CONTEXT ( 'detailed design', #3219, 'design' ) ;
#1736 = CARTESIAN_POINT ( 'NONE',  ( 2.350000000000000100, 1.500000000000000000, 0.1499999999999999900 ) ) ;
#1737 = AXIS2_PLACEMENT_3D ( 'NONE', #2480, #1935, #814 ) ;
#1738 = EDGE_CURVE ( 'NONE', #556, #2751, #480, .T. ) ;
#1739 = ORIENTED_EDGE ( 'NONE', *, *, #2452, .F. ) ;
#1740 = VERTEX_POINT ( 'NONE', #406 ) ;
#1741 = DIRECTION ( 'NONE',  ( 0.7071067811865473500, -0.0000000000000000000, 0.7071067811865477900 ) ) ;
#1742 = DIRECTION ( 'NONE',  ( -1.000000000000000000, -0.0000000000000000000, -0.0000000000000000000 ) ) ;
#1743 = DIRECTION ( 'NONE',  ( -0.0000000000000000000, -1.000000000000000000, -0.0000000000000000000 ) ) ;
#1744 = DIRECTION ( 'NONE',  ( 0.0000000000000000000, 0.0000000000000000000, 1.000000000000000000 ) ) ;
#1745 = CARTESIAN_POINT ( 'NONE',  ( -2.649999999999999900, 1.500000000000000000, -0.1499999999999998600 ) ) ;
#1746 = ORIENTED_EDGE ( 'NONE', *, *, #1025, .T. ) ;
#1747 = AXIS2_PLACEMENT_3D ( 'NONE', #2722, #465, #2449 ) ;
#1748 = LINE ( 'NONE', #2806, #1711 ) ;
#1749 = ORIENTED_EDGE ( 'NONE', *, *, #1097, .T. ) ;
#1750 = CARTESIAN_POINT ( 'NONE',  ( 2.650000000000000400, 1.300000000000000000, -1.149999999999999200 ) ) ;
#1751 = VECTOR ( 'NONE', #196, 1000.000000000000000 ) ;
#1752 = ADVANCED_FACE ( 'NONE', ( #3383 ), #743, .T. ) ;
#1753 = ORIENTED_EDGE ( 'NONE', *, *, #2128, .T. ) ;
#1754 = LINE ( 'NONE', #627, #1360 ) ;
#1755 = ORIENTED_EDGE ( 'NONE', *, *, #1238, .T. ) ;
#1756 = LINE ( 'NONE', #2129, #262 ) ;
#1757 = CARTESIAN_POINT ( 'NONE',  ( 0.4999999999999998900, 2.700000000000000200, 0.0000000000000000000 ) ) ;
#1758 = ORIENTED_EDGE ( 'NONE', *, *, #695, .T. ) ;
#1759 = CIRCLE ( 'NONE', #805, 4.099999999999999600 ) ;
#1760 = ORIENTED_EDGE ( 'NONE', *, *, #2820, .F. ) ;
#1761 =( LENGTH_UNIT ( ) NAMED_UNIT ( * ) SI_UNIT ( .MILLI., .METRE. ) );
#1762 = LINE ( 'NONE', #1688, #1320 ) ;
#1763 = DIRECTION ( 'NONE',  ( -9.860761315262647600E-032, 0.7071067811865439100, 0.7071067811865512400 ) ) ;
#1764 = VECTOR ( 'NONE', #1110, 1000.000000000000000 ) ;
#1765 = EDGE_CURVE ( 'NONE', #2009, #1938, #2649, .T. ) ;
#1766 = ORIENTED_EDGE ( 'NONE', *, *, #1527, .F. ) ;
#1767 = ORIENTED_EDGE ( 'NONE', *, *, #59, .F. ) ;
#1768 = ORIENTED_EDGE ( 'NONE', *, *, #2005, .T. ) ;
#1769 = DIRECTION ( 'NONE',  ( 0.7071067811865474600, 0.0000000000000000000, 0.7071067811865475700 ) ) ;
#1770 = FACE_OUTER_BOUND ( 'NONE', #2674, .T. ) ;
#1771 = FACE_OUTER_BOUND ( 'NONE', #1195, .T. ) ;
#1772 = VECTOR ( 'NONE', #1113, 1000.000000000000000 ) ;
#1773 = DIRECTION ( 'NONE',  ( -0.0000000000000000000, 1.000000000000000000, 0.0000000000000000000 ) ) ;
#1774 = AXIS2_PLACEMENT_3D ( 'NONE', #270, #532, #1695 ) ;
#1775 = DIRECTION ( 'NONE',  ( 0.0000000000000000000, 1.000000000000000000, 0.0000000000000000000 ) ) ;
#1776 = ORIENTED_EDGE ( 'NONE', *, *, #1206, .F. ) ;
#1777 = CARTESIAN_POINT ( 'NONE',  ( 2.500000000000000000, -1.500000000000000000, -0.1499999999999999400 ) ) ;
#1778 =( NAMED_UNIT ( * ) SI_UNIT ( $, .STERADIAN. ) SOLID_ANGLE_UNIT ( ) );
#1779 = CARTESIAN_POINT ( 'NONE',  ( 0.0000000000000000000, 4.799999999999999800, 0.0000000000000000000 ) ) ;
#1780 = EDGE_CURVE ( 'NONE', #736, #747, #1004, .T. ) ;
#1781 = EDGE_CURVE ( 'NONE', #3512, #3162, #385, .T. ) ;
#1782 = PLANE ( 'NONE',  #1112 ) ;
#1783 = CARTESIAN_POINT ( 'NONE',  ( 2.649999999999999900, 1.500000000000000000, -0.1499999999999998800 ) ) ;
#1784 = ORIENTED_EDGE ( 'NONE', *, *, #1211, .F. ) ;
#1785 = STYLED_ITEM ( 'NONE', ( #1051 ), #3049 ) ;
#1786 = DIRECTION ( 'NONE',  ( 0.0000000000000000000, 1.000000000000000000, 2.710505431213760600E-016 ) ) ;
#1787 = CARTESIAN_POINT ( 'NONE',  ( 1.826156786830832200, 4.250000000000000000, 4.654583911577026000 ) ) ;
#1788 = DIRECTION ( 'NONE',  ( 1.000000000000000000, 0.0000000000000000000, 0.0000000000000000000 ) ) ;
#1789 = ORIENTED_EDGE ( 'NONE', *, *, #2520, .F. ) ;
#1790 = VECTOR ( 'NONE', #1619, 1000.000000000000000 ) ;
#1791 = EDGE_LOOP ( 'NONE', ( #1965, #129, #555, #2874 ) ) ;
#1792 = ORIENTED_EDGE ( 'NONE', *, *, #1210, .F. ) ;
#1793 = FACE_OUTER_BOUND ( 'NONE', #1003, .T. ) ;
#1794 = AXIS2_PLACEMENT_3D ( 'NONE', #2737, #1029, #202 ) ;
#1795 = FACE_OUTER_BOUND ( 'NONE', #740, .T. ) ;
#1796 = DIRECTION ( 'NONE',  ( -0.0000000000000000000, 1.000000000000000000, 0.0000000000000000000 ) ) ;
#1797 = VERTEX_POINT ( 'NONE', #2724 ) ;
#1798 = CIRCLE ( 'NONE', #3029, 4.099999999999999600 ) ;
#1799 = ITEM_DEFINED_TRANSFORMATION ( 'NONE', 'NONE', #1160,  #3626 ) ;
#1800 = EDGE_CURVE ( 'NONE', #2723, #2648, #3007, .T. ) ;
#1801 = PLANE ( 'NONE',  #2776 ) ;
#1802 = FACE_OUTER_BOUND ( 'NONE', #2569, .T. ) ;
#1803 = ORIENTED_EDGE ( 'NONE', *, *, #2545, .F. ) ;
#1804 = AXIS2_PLACEMENT_3D ( 'NONE', #1963, #2251, #1970 ) ;
#1805 = DIRECTION ( 'NONE',  ( 0.0000000000000000000, 1.000000000000000000, 0.0000000000000000000 ) ) ;
#1806 = DIRECTION ( 'NONE',  ( 1.000000000000000000, 0.0000000000000000000, 8.518296759352072400E-017 ) ) ;
#1807 = EDGE_CURVE ( 'NONE', #549, #3008, #521, .T. ) ;
#1808 = CARTESIAN_POINT ( 'NONE',  ( 0.0000000000000000000, 0.0000000000000000000, 0.0000000000000000000 ) ) ;
#1809 = EDGE_CURVE ( 'NONE', #447, #2898, #926, .T. ) ;
#1810 = ORIENTED_EDGE ( 'NONE', *, *, #300, .T. ) ;
#1811 = CARTESIAN_POINT ( 'NONE',  ( -2.100000000000000100, 1.500000000000000000, -1.250000000000000000 ) ) ;
#1812 = AXIS2_PLACEMENT_3D ( 'NONE', #3195, #668, #953 ) ;
#1813 = FACE_OUTER_BOUND ( 'NONE', #289, .T. ) ;
#1814 = DIRECTION ( 'NONE',  ( 0.0000000000000000000, -0.0000000000000000000, -1.000000000000000000 ) ) ;
#1815 = ORIENTED_EDGE ( 'NONE', *, *, #2473, .T. ) ;
#1816 = FACE_OUTER_BOUND ( 'NONE', #714, .T. ) ;
#1817 = DIRECTION ( 'NONE',  ( 0.0000000000000000000, 1.000000000000000000, -0.0000000000000000000 ) ) ;
#1818 = DIRECTION ( 'NONE',  ( 1.000000000000000000, 0.0000000000000000000, 0.0000000000000000000 ) ) ;
#1819 = SURFACE_SIDE_STYLE ('',( #1109 ) ) ;
#1820 = DIRECTION ( 'NONE',  ( 1.000000000000000000, 0.0000000000000000000, 0.0000000000000000000 ) ) ;
#1821 = AXIS2_PLACEMENT_3D ( 'NONE', #3419, #1741, #11 ) ;
#1822 = ORIENTED_EDGE ( 'NONE', *, *, #975, .T. ) ;
#1823 = DIRECTION ( 'NONE',  ( 0.0000000000000000000, -0.0000000000000000000, -1.000000000000000000 ) ) ;
#1824 = AXIS2_PLACEMENT_3D ( 'NONE', #2678, #2419, #3229 ) ;
#1825 = EDGE_LOOP ( 'NONE', ( #2324, #1713, #3242, #1883 ) ) ;
#1826 = PLANE ( 'NONE',  #3 ) ;
#1827 = DIRECTION ( 'NONE',  ( -3.771137991253928100E-016, 0.0000000000000000000, 1.000000000000000000 ) ) ;
#1828 = CARTESIAN_POINT ( 'NONE',  ( 0.0000000000000000000, 0.0000000000000000000, -3.799999999999999800 ) ) ;
#1829 = DIRECTION ( 'NONE',  ( 1.110223024625156500E-016, -1.000000000000000000, -5.551115123125782700E-017 ) ) ;
#1830 = DIRECTION ( 'NONE',  ( -0.0000000000000000000, -1.000000000000000000, -0.0000000000000000000 ) ) ;
#1831 = EDGE_CURVE ( 'NONE', #342, #3087, #1365, .T. ) ;
#1832 = ORIENTED_EDGE ( 'NONE', *, *, #3099, .F. ) ;
#1833 = DIRECTION ( 'NONE',  ( 0.0000000000000000000, -0.0000000000000000000, 1.000000000000000000 ) ) ;
#1834 = CARTESIAN_POINT ( 'NONE',  ( -0.5000000000000001100, 2.531801948466053000, -0.04393398282201663200 ) ) ;
#1835 = EDGE_LOOP ( 'NONE', ( #636, #38, #3503, #1564 ) ) ;
#1836 = DIRECTION ( 'NONE',  ( 0.0000000000000000000, 0.0000000000000000000, 1.000000000000000000 ) ) ;
#1837 = FACE_OUTER_BOUND ( 'NONE', #1404, .T. ) ;
#1838 = ORIENTED_EDGE ( 'NONE', *, *, #1238, .F. ) ;
#1839 = ORIENTED_EDGE ( 'NONE', *, *, #502, .F. ) ;
#1840 = DIRECTION ( 'NONE',  ( 0.0000000000000000000, -1.000000000000000000, 0.0000000000000000000 ) ) ;
#1841 = CARTESIAN_POINT ( 'NONE',  ( 0.5000000000000001100, 1.243933982822003100, 1.456066017177983300 ) ) ;
#1842 = CIRCLE ( 'NONE', #2571, 0.05000000000000056500 ) ;
#1843 = DIRECTION ( 'NONE',  ( 1.000000000000000000, 0.0000000000000000000, 1.885568995626963800E-016 ) ) ;
#1844 = ORIENTED_EDGE ( 'NONE', *, *, #1522, .T. ) ;
#1845 = DIRECTION ( 'NONE',  ( 0.7071067811865474600, 0.0000000000000000000, 0.7071067811865475700 ) ) ;
#1846 = ORIENTED_EDGE ( 'NONE', *, *, #2765, .T. ) ;
#1847 = CIRCLE ( 'NONE', #50, 4.900000000000000400 ) ;
#1848 = ORIENTED_EDGE ( 'NONE', *, *, #2670, .F. ) ;
#1849 = LINE ( 'NONE', #153, #3251 ) ;
#1850 = LINE ( 'NONE', #3389, #1367 ) ;
#1851 = CARTESIAN_POINT ( 'NONE',  ( 5.171067811865474300, 3.250000000000000400, -1.899999999999999700 ) ) ;
#1852 = ORIENTED_EDGE ( 'NONE', *, *, #1306, .T. ) ;
#1853 = DIRECTION ( 'NONE',  ( -0.0000000000000000000, 1.000000000000000000, -0.0000000000000000000 ) ) ;
#1854 = CARTESIAN_POINT ( 'NONE',  ( 2.500000000000000400, -1.300000000000000000, -1.150000000000004600 ) ) ;
#1855 = EDGE_CURVE ( 'NONE', #1534, #1080, #608, .T. ) ;
#1856 = DIRECTION ( 'NONE',  ( 0.0000000000000000000, 0.0000000000000000000, 1.000000000000000000 ) ) ;
#1857 = ORIENTED_EDGE ( 'NONE', *, *, #2747, .F. ) ;
#1858 = EDGE_LOOP ( 'NONE', ( #500, #2807, #2738, #2931 ) ) ;
#1859 = CIRCLE ( 'NONE', #2219, 4.099999999999999600 ) ;
#1860 = LINE ( 'NONE', #2676, #358 ) ;
#1861 = AXIS2_PLACEMENT_3D ( 'NONE', #2557, #2578, #2014 ) ;
#1862 = LINE ( 'NONE', #2282, #1599 ) ;
#1863 = ORIENTED_EDGE ( 'NONE', *, *, #486, .F. ) ;
#1864 = CARTESIAN_POINT ( 'NONE',  ( -7.071067811865477300, 3.250000000000000400, -1.326186111311627700E-015 ) ) ;
#1865 = CARTESIAN_POINT ( 'NONE',  ( 2.650000000000000400, 1.300000000000000000, -1.149999999999999900 ) ) ;
#1866 = ORIENTED_EDGE ( 'NONE', *, *, #2494, .F. ) ;
#1867 = DIRECTION ( 'NONE',  ( 0.0000000000000000000, -0.0000000000000000000, -1.000000000000000000 ) ) ;
#1868 = CARTESIAN_POINT ( 'NONE',  ( 2.121320343559641100, 3.750000000000000000, -4.949747468305835300 ) ) ;
#1869 = CARTESIAN_POINT ( 'NONE',  ( -4.779646455628167700, 3.750000000000000000, -2.149999999999999900 ) ) ;
#1870 = EDGE_LOOP ( 'NONE', ( #2013, #992, #834, #3545 ) ) ;
#1871 = DIRECTION ( 'NONE',  ( -0.0000000000000000000, -1.000000000000000000, -0.0000000000000000000 ) ) ;
#1872 = AXIS2_PLACEMENT_3D ( 'NONE', #3414, #2692, #3458 ) ;
#1873 = EDGE_CURVE ( 'NONE', #672, #2617, #1942, .T. ) ;
#1874 = DIRECTION ( 'NONE',  ( 0.0000000000000000000, 0.0000000000000000000, 1.000000000000000000 ) ) ;
#1875 = DIRECTION ( 'NONE',  ( 0.0000000000000000000, 0.0000000000000000000, -1.000000000000000000 ) ) ;
#1876 = CARTESIAN_POINT ( 'NONE',  ( 2.350000000000000100, -1.500000000000000000, 0.0000000000000000000 ) ) ;
#1877 = CARTESIAN_POINT ( 'NONE',  ( 0.4999999999999986100, 3.477817459305204500, -0.4242640687119225200 ) ) ;
#1878 = ORIENTED_EDGE ( 'NONE', *, *, #2456, .F. ) ;
#1879 = EDGE_CURVE ( 'NONE', #1384, #24, #2888, .T. ) ;
#1880 = LINE ( 'NONE', #3324, #828 ) ;
#1881 = PLANE ( 'NONE',  #1737 ) ;
#1882 = ORIENTED_EDGE ( 'NONE', *, *, #201, .F. ) ;
#1883 = ORIENTED_EDGE ( 'NONE', *, *, #2289, .T. ) ;
#1884 = VECTOR ( 'NONE', #2191, 1000.000000000000000 ) ;
#1885 = CARTESIAN_POINT ( 'NONE',  ( 2.500000000000000400, -0.5000000000000000000, -1.150000000000004600 ) ) ;
#1886 = ORIENTED_EDGE ( 'NONE', *, *, #637, .T. ) ;
#1887 = EDGE_LOOP ( 'NONE', ( #531, #1536, #3171, #3252, #2463, #1588, #1665, #3581 ) ) ;
#1888 = VECTOR ( 'NONE', #2107, 1000.000000000000000 ) ;
#1889 = VERTEX_POINT ( 'NONE', #1294 ) ;
#1890 = VECTOR ( 'NONE', #30, 1000.000000000000000 ) ;
#1891 = ORIENTED_EDGE ( 'NONE', *, *, #224, .F. ) ;
#1892 = CARTESIAN_POINT ( 'NONE',  ( 2.500000000000000400, 0.5000000000000001100, -1.349999999999999400 ) ) ;
#1893 = LINE ( 'NONE', #614, #1006 ) ;
#1894 = CARTESIAN_POINT ( 'NONE',  ( -2.651000000000000700, 0.0000000000000000000, -1.150000000000000400 ) ) ;
#1895 = AXIS2_PLACEMENT_3D ( 'NONE', #757, #977, #1595 ) ;
#1896 = DIRECTION ( 'NONE',  ( -0.0000000000000000000, -1.000000000000000000, -0.0000000000000000000 ) ) ;
#1897 = LINE ( 'NONE', #2872, #3257 ) ;
#1898 = ORIENTED_EDGE ( 'NONE', *, *, #2363, .F. ) ;
#1899 = DIRECTION ( 'NONE',  ( -0.0000000000000000000, -1.000000000000000000, -0.0000000000000000000 ) ) ;
#1900 =( NAMED_UNIT ( * ) PLANE_ANGLE_UNIT ( ) SI_UNIT ( $, .RADIAN. ) );
#1901 = VERTEX_POINT ( 'NONE', #1245 ) ;
#1902 = ADVANCED_FACE ( 'NONE', ( #838 ), #1095, .F. ) ;
#1903 = EDGE_CURVE ( 'NONE', #1586, #3468, #436, .T. ) ;
#1904 = VECTOR ( 'NONE', #576, 1000.000000000000000 ) ;
#1905 = CARTESIAN_POINT ( 'NONE',  ( 2.649999999999999900, -1.500000000000000000, 5.656706986880892900E-017 ) ) ;
#1906 = EDGE_CURVE ( 'NONE', #2957, #3406, #1849, .T. ) ;
#1907 = CARTESIAN_POINT ( 'NONE',  ( 0.0000000000000000000, 0.0000000000000000000, 0.0000000000000000000 ) ) ;
#1908 = LINE ( 'NONE', #3238, #859 ) ;
#1909 = VECTOR ( 'NONE', #2080, 1000.000000000000000 ) ;
#1910 = CARTESIAN_POINT ( 'NONE',  ( 0.4999999999999994400, 3.937436867076464300, -1.096015510839140700 ) ) ;
#1911 = DIRECTION ( 'NONE',  ( -0.0000000000000000000, -1.000000000000000000, -0.0000000000000000000 ) ) ;
#1912 = ORIENTED_EDGE ( 'NONE', *, *, #3582, .F. ) ;
#1913 = ADVANCED_FACE ( 'NONE', ( #3429 ), #1304, .F. ) ;
#1914 = CARTESIAN_POINT ( 'NONE',  ( -2.500000000000000900, -0.8999999999999995800, -1.249999999999997800 ) ) ;
#1915 = DIRECTION ( 'NONE',  ( 0.0000000000000000000, -0.7071067811865439100, -0.7071067811865511300 ) ) ;
#1916 = DIRECTION ( 'NONE',  ( -0.7071067811865474600, 0.0000000000000000000, -0.7071067811865476800 ) ) ;
#1917 = ORIENTED_EDGE ( 'NONE', *, *, #2583, .F. ) ;
#1918 = DIRECTION ( 'NONE',  ( 0.0000000000000000000, -0.0000000000000000000, 1.000000000000000000 ) ) ;
#1919 = AXIS2_PLACEMENT_3D ( 'NONE', #1505, #332, #69 ) ;
#1920 = ADVANCED_FACE ( 'NONE', ( #3339 ), #3095, .T. ) ;
#1921 = DIRECTION ( 'NONE',  ( 0.0000000000000000000, 0.0000000000000000000, 1.000000000000000000 ) ) ;
#1922 = CARTESIAN_POINT ( 'NONE',  ( -1.587964742441416300, 0.2500000000000002200, -3.779995764119712400 ) ) ;
#1923 = ADVANCED_FACE ( 'NONE', ( #2512 ), #3565, .T. ) ;
#1924 = MECHANICAL_DESIGN_GEOMETRIC_PRESENTATION_REPRESENTATION (  '', ( #546 ), #2580 ) ;
#1925 = EDGE_CURVE ( 'NONE', #3008, #3602, #2430, .T. ) ;
#1926 = ORIENTED_EDGE ( 'NONE', *, *, #2412, .T. ) ;
#1927 = CARTESIAN_POINT ( 'NONE',  ( -2.650000000000000400, 1.500000000000000000, -1.100000000000000100 ) ) ;
#1928 = PLANE ( 'NONE',  #175 ) ;
#1929 = LINE ( 'NONE', #3030, #2377 ) ;
#1930 = CARTESIAN_POINT ( 'NONE',  ( -2.500000000000000000, 1.500000000000000000, -0.1499999999999998600 ) ) ;
#1931 = CARTESIAN_POINT ( 'NONE',  ( -2.649999999999999900, 1.500000000000000000, -0.1499999999999998600 ) ) ;
#1932 = CARTESIAN_POINT ( 'NONE',  ( -2.500000000000000000, 1.500000000000000000, 0.0000000000000000000 ) ) ;
#1933 = ORIENTED_EDGE ( 'NONE', *, *, #1431, .F. ) ;
#1934 = ORIENTED_EDGE ( 'NONE', *, *, #3478, .F. ) ;
#1935 = DIRECTION ( 'NONE',  ( 0.0000000000000000000, 1.000000000000000000, -0.0000000000000000000 ) ) ;
#1936 = DIRECTION ( 'NONE',  ( -0.0000000000000000000, -1.000000000000000000, -0.0000000000000000000 ) ) ;
#1937 = FACE_OUTER_BOUND ( 'NONE', #1224, .T. ) ;
#1938 = VERTEX_POINT ( 'NONE', #2172 ) ;
#1939 = EDGE_LOOP ( 'NONE', ( #2916, #1672, #589, #82 ) ) ;
#1940 = LINE ( 'NONE', #1253, #1455 ) ;
#1941 = ORIENTED_EDGE ( 'NONE', *, *, #2435, .T. ) ;
#1942 = LINE ( 'NONE', #988, #1183 ) ;
#1943 = CIRCLE ( 'NONE', #418, 5.000000000000000900 ) ;
#1944 = ADVANCED_FACE ( 'NONE', ( #1090, #3639 ), #1050, .T. ) ;
#1945 = DIRECTION ( 'NONE',  ( -0.0000000000000000000, 1.000000000000000000, 0.0000000000000000000 ) ) ;
#1946 = CARTESIAN_POINT ( 'NONE',  ( 2.649999999999999900, -1.500000000000000000, -0.1499999999999998800 ) ) ;
#1947 = ADVANCED_FACE ( 'NONE', ( #602 ), #3041, .T. ) ;
#1948 = DIRECTION ( 'NONE',  ( -0.7071067811865473500, -0.0000000000000000000, -0.7071067811865477900 ) ) ;
#1949 = EDGE_LOOP ( 'NONE', ( #47, #2896, #2696, #3079, #3128, #1028, #124, #63 ) ) ;
#1950 = DIRECTION ( 'NONE',  ( 6.972611193684234100E-032, 0.0000000000000000000, -1.000000000000000000 ) ) ;
#1951 = PLANE ( 'NONE',  #2125 ) ;
#1952 = DIRECTION ( 'NONE',  ( 1.000000000000000000, 0.0000000000000000000, 0.0000000000000000000 ) ) ;
#1953 = ORIENTED_EDGE ( 'NONE', *, *, #2378, .F. ) ;
#1954 = EDGE_LOOP ( 'NONE', ( #2755, #3199, #881, #1045 ) ) ;
#1955 = VECTOR ( 'NONE', #3571, 1000.000000000000100 ) ;
#1956 = EDGE_CURVE ( 'NONE', #2158, #728, #2424, .T. ) ;
#1957 = CARTESIAN_POINT ( 'NONE',  ( 0.0000000000000000000, 3.750000000000000000, 0.0000000000000000000 ) ) ;
#1958 = VECTOR ( 'NONE', #2109, 1000.000000000000100 ) ;
#1959 = DIRECTION ( 'NONE',  ( 0.0000000000000000000, -0.4472135954999579800, 0.8944271909999159700 ) ) ;
#1960 = CARTESIAN_POINT ( 'NONE',  ( -2.100000000000000100, 1.500000000000000000, -1.100000000000000100 ) ) ;
#1961 = DIRECTION ( 'NONE',  ( -0.7071067811865473500, -0.0000000000000000000, -0.7071067811865477900 ) ) ;
#1962 = AXIS2_PLACEMENT_3D ( 'NONE', #3524, #823, #1565 ) ;
#1963 = CARTESIAN_POINT ( 'NONE',  ( 2.500000000000001300, 0.0000000000000000000, -1.149999999999999500 ) ) ;
#1964 = VERTEX_POINT ( 'NONE', #467 ) ;
#1965 = ORIENTED_EDGE ( 'NONE', *, *, #622, .T. ) ;
#1966 = ADVANCED_FACE ( 'NONE', ( #339 ), #3304, .T. ) ;
#1967 = DIRECTION ( 'NONE',  ( 0.0000000000000000000, -1.000000000000000000, 0.0000000000000000000 ) ) ;
#1968 = DIRECTION ( 'NONE',  ( 0.0000000000000000000, 1.000000000000000000, -0.0000000000000000000 ) ) ;
#1969 = AXIS2_PLACEMENT_3D ( 'NONE', #1141, #1686, #3122 ) ;
#1970 = DIRECTION ( 'NONE',  ( 0.0000000000000000000, 0.0000000000000000000, 1.000000000000000000 ) ) ;
#1971 = CARTESIAN_POINT ( 'NONE',  ( 1.587964742441414300, 0.2500000000000002200, 3.779995764119712400 ) ) ;
#1972 = ORIENTED_EDGE ( 'NONE', *, *, #40, .F. ) ;
#1973 = VECTOR ( 'NONE', #3073, 1000.000000000000000 ) ;
#1974 = EDGE_LOOP ( 'NONE', ( #1758, #3363 ) ) ;
#1975 = EDGE_CURVE ( 'NONE', #344, #95, #1177, .T. ) ;
#1976 = ORIENTED_EDGE ( 'NONE', *, *, #2358, .F. ) ;
#1977 = EDGE_CURVE ( 'NONE', #458, #2234, #1490, .T. ) ;
#1978 = FACE_OUTER_BOUND ( 'NONE', #2769, .T. ) ;
#1979 = ORIENTED_EDGE ( 'NONE', *, *, #1667, .F. ) ;
#1980 = PRESENTATION_STYLE_ASSIGNMENT (( #400 ) ) ;
#1981 = DIRECTION ( 'NONE',  ( 0.0000000000000000000, 0.0000000000000000000, 1.000000000000000000 ) ) ;
#1982 = ORIENTED_EDGE ( 'NONE', *, *, #2871, .F. ) ;
#1983 = VECTOR ( 'NONE', #3623, 1000.000000000000000 ) ;
#1984 = CARTESIAN_POINT ( 'NONE',  ( -0.5000000000000001100, 2.425735931288071100, 8.131516293641283300E-016 ) ) ;
#1985 = ORIENTED_EDGE ( 'NONE', *, *, #3380, .F. ) ;
#1986 = VECTOR ( 'NONE', #3191, 1000.000000000000000 ) ;
#1987 = ADVANCED_FACE ( 'NONE', ( #2205 ), #639, .T. ) ;
#1988 = CARTESIAN_POINT ( 'NONE',  ( -2.121320343559642800, 4.250000000000000000, 4.949747468305837100 ) ) ;
#1989 = ORIENTED_EDGE ( 'NONE', *, *, #848, .T. ) ;
#1990 = LINE ( 'NONE', #585, #3559 ) ;
#1991 = DIRECTION ( 'NONE',  ( 1.000000000000000000, -0.0000000000000000000, -0.0000000000000000000 ) ) ;
#1992 = LINE ( 'NONE', #1671, #2968 ) ;
#1993 = MECHANICAL_DESIGN_GEOMETRIC_PRESENTATION_REPRESENTATION (  '', ( #1785 ), #2182 ) ;
#1994 = CARTESIAN_POINT ( 'NONE',  ( 0.4999999999999998900, 2.531801948466052600, -0.04393398282201725600 ) ) ;
#1995 = VERTEX_POINT ( 'NONE', #1298 ) ;
#1996 = AXIS2_PLACEMENT_3D ( 'NONE', #3019, #1871, #3283 ) ;
#1997 = CARTESIAN_POINT ( 'NONE',  ( -2.050609665440989500, 0.0000000000000000000, -4.879036790187178100 ) ) ;
#1998 = DIRECTION ( 'NONE',  ( 0.0000000000000000000, 0.0000000000000000000, -1.000000000000000000 ) ) ;
#1999 = VECTOR ( 'NONE', #2100, 1000.000000000000100 ) ;
#2000 = PLANE ( 'NONE',  #3495 ) ;
#2001 = DIRECTION ( 'NONE',  ( 9.035018104045869500E-017, 1.000000000000000000, -0.0000000000000000000 ) ) ;
#2002 = EDGE_CURVE ( 'NONE', #173, #707, #2883, .T. ) ;
#2003 = DIRECTION ( 'NONE',  ( -0.0000000000000000000, 0.7071067811865512400, -0.7071067811865439100 ) ) ;
#2004 = LINE ( 'NONE', #2624, #3574 ) ;
#2005 = EDGE_CURVE ( 'NONE', #1625, #3330, #3133, .T. ) ;
#2006 = ADVANCED_FACE ( 'NONE', ( #429 ), #3014, .T. ) ;
#2007 = EDGE_CURVE ( 'NONE', #1351, #803, #2118, .T. ) ;
#2008 = DIRECTION ( 'NONE',  ( 0.0000000000000000000, -0.0000000000000000000, -1.000000000000000000 ) ) ;
#2009 = VERTEX_POINT ( 'NONE', #2149 ) ;
#2010 = CARTESIAN_POINT ( 'NONE',  ( 0.4999999999999995600, 1.500000000000000000, 0.0000000000000000000 ) ) ;
#2011 = AXIS2_PLACEMENT_3D ( 'NONE', #706, #2379, #1270 ) ;
#2012 = CARTESIAN_POINT ( 'NONE',  ( -2.350000000000000500, -1.500000000000000000, -1.250000000000000000 ) ) ;
#2013 = ORIENTED_EDGE ( 'NONE', *, *, #1335, .F. ) ;
#2014 = DIRECTION ( 'NONE',  ( 0.0000000000000000000, -0.0000000000000000000, -1.000000000000000000 ) ) ;
#2015 = DIRECTION ( 'NONE',  ( -0.0000000000000000000, -1.000000000000000000, -0.0000000000000000000 ) ) ;
#2016 = ADVANCED_FACE ( 'NONE', ( #2504 ), #3596, .F. ) ;
#2017 = ORIENTED_EDGE ( 'NONE', *, *, #3333, .T. ) ;
#2018 = EDGE_CURVE ( 'NONE', #2819, #428, #3506, .T. ) ;
#2019 = DIRECTION ( 'NONE',  ( -0.0000000000000000000, -1.000000000000000000, -0.0000000000000000000 ) ) ;
#2020 = LINE ( 'NONE', #3533, #1174 ) ;
#2021 = CARTESIAN_POINT ( 'NONE',  ( -2.649999999999999900, 0.9000000000000003600, -1.250000000000000000 ) ) ;
#2022 = ORIENTED_EDGE ( 'NONE', *, *, #2950, .T. ) ;
#2023 = VERTEX_POINT ( 'NONE', #1865 ) ;
#2024 = FACE_OUTER_BOUND ( 'NONE', #1036, .T. ) ;
#2025 = EDGE_CURVE ( 'NONE', #428, #2751, #42, .T. ) ;
#2026 = EDGE_LOOP ( 'NONE', ( #303, #2719, #2425, #918 ) ) ;
#2027 = VECTOR ( 'NONE', #3158, 1000.000000000000000 ) ;
#2028 = EDGE_LOOP ( 'NONE', ( #183, #703, #427, #3216 ) ) ;
#2029 = VECTOR ( 'NONE', #878, 1000.000000000000100 ) ;
#2030 = ORIENTED_EDGE ( 'NONE', *, *, #3021, .F. ) ;
#2031 = VECTOR ( 'NONE', #1836, 1000.000000000000000 ) ;
#2032 = DIRECTION ( 'NONE',  ( -1.000000000000000000, 0.0000000000000000000, 1.630052028380976100E-016 ) ) ;
#2033 = VECTOR ( 'NONE', #1387, 1000.000000000000100 ) ;
#2034 = DIRECTION ( 'NONE',  ( 0.0000000000000000000, -0.7071067811865512400, 0.7071067811865439100 ) ) ;
#2035 = PRODUCT_DEFINITION_SHAPE ( 'NONE', 'NONE',  #3647 ) ;
#2036 = CARTESIAN_POINT ( 'NONE',  ( -2.350000000000000500, 0.9000000000000003600, -1.100000000000000100 ) ) ;
#2037 = PLANE ( 'NONE',  #1919 ) ;
#2038 = PLANE ( 'NONE',  #2442 ) ;
#2039 = VERTEX_POINT ( 'NONE', #1591 ) ;
#2040 = ADVANCED_FACE ( 'NONE', ( #169 ), #885, .T. ) ;
#2041 = ORIENTED_EDGE ( 'NONE', *, *, #3380, .T. ) ;
#2042 = ORIENTED_EDGE ( 'NONE', *, *, #22, .T. ) ;
#2043 = DIRECTION ( 'NONE',  ( 0.0000000000000000000, 1.000000000000000000, -2.168404344971009100E-016 ) ) ;
#2044 = PRESENTATION_STYLE_ASSIGNMENT (( #464 ) ) ;
#2045 = LINE ( 'NONE', #2858, #2274 ) ;
#2046 = AXIS2_PLACEMENT_3D ( 'NONE', #229, #1649, #3605 ) ;
#2047 = CARTESIAN_POINT ( 'NONE',  ( -2.500000000000000400, -0.8999999999999993600, -0.9500000000000000700 ) ) ;
#2048 = CARTESIAN_POINT ( 'NONE',  ( -4.631549416771884300, 0.2500000000000000000, -2.439518395093587300 ) ) ;
#2049 = LINE ( 'NONE', #904, #3187 ) ;
#2050 = CARTESIAN_POINT ( 'NONE',  ( 0.0000000000000000000, 0.0000000000000000000, 0.0000000000000000000 ) ) ;
#2051 = EDGE_CURVE ( 'NONE', #2283, #1105, #961, .T. ) ;
#2052 = PLANE ( 'NONE',  #359 ) ;
#2053 = ORIENTED_EDGE ( 'NONE', *, *, #35, .T. ) ;
#2054 = ORIENTED_EDGE ( 'NONE', *, *, #2623, .T. ) ;
#2055 = CARTESIAN_POINT ( 'NONE',  ( -2.050609665440989500, 0.0000000000000000000, -4.879036790187178100 ) ) ;
#2056 = CARTESIAN_POINT ( 'NONE',  ( -8.673617379884035500E-016, 3.750000000000000000, 4.235164736271501700E-019 ) ) ;
#2057 = PRODUCT_DEFINITION_FORMATION_WITH_SPECIFIED_SOURCE ( 'ANY', '', #2187, .NOT_KNOWN. ) ;
#2058 = CARTESIAN_POINT ( 'NONE',  ( 0.0000000000000000000, 0.0000000000000000000, 0.0000000000000000000 ) ) ;
#2059 = DIRECTION ( 'NONE',  ( 0.0000000000000000000, 1.141265444721584000E-016, -1.000000000000000000 ) ) ;
#2060 = DIRECTION ( 'NONE',  ( 0.0000000000000000000, 0.0000000000000000000, 1.000000000000000000 ) ) ;
#2061 = VERTEX_POINT ( 'NONE', #2904 ) ;
#2062 = VECTOR ( 'NONE', #3112, 1000.000000000000000 ) ;
#2063 = VERTEX_POINT ( 'NONE', #1173 ) ;
#2064 = DIRECTION ( 'NONE',  ( 0.0000000000000000000, -0.7071067811865439100, -0.7071067811865511300 ) ) ;
#2065 = ORIENTED_EDGE ( 'NONE', *, *, #1335, .T. ) ;
#2066 = FACE_OUTER_BOUND ( 'NONE', #3016, .T. ) ;
#2067 = DIRECTION ( 'NONE',  ( 1.000000000000000000, 0.0000000000000000000, 3.614007241618349300E-016 ) ) ;
#2068 = ORIENTED_EDGE ( 'NONE', *, *, #3496, .T. ) ;
#2069 = AXIS2_PLACEMENT_3D ( 'NONE', #2103, #374, #670 ) ;
#2070 = CYLINDRICAL_SURFACE ( 'NONE', #3576, 3.799999999999999800 ) ;
#2071 = DIRECTION ( 'NONE',  ( -1.073305391678363000E-015, -0.7071067811865512400, 0.7071067811865439100 ) ) ;
#2072 = EDGE_CURVE ( 'NONE', #1995, #2702, #2339, .T. ) ;
#2073 = VERTEX_POINT ( 'NONE', #1189 ) ;
#2074 = CARTESIAN_POINT ( 'NONE',  ( -1.414213562373092000, 4.250000000000000000, 1.414213562373084900 ) ) ;
#2075 = LINE ( 'NONE', #1811, #1225 ) ;
#2076 = DIRECTION ( 'NONE',  ( -1.000000000000000000, -0.0000000000000000000, -0.0000000000000000000 ) ) ;
#2077 = PLANE ( 'NONE',  #37 ) ;
#2078 = ORIENTED_EDGE ( 'NONE', *, *, #201, .T. ) ;
#2079 = VECTOR ( 'NONE', #2003, 1000.000000000000000 ) ;
#2080 = DIRECTION ( 'NONE',  ( 0.0000000000000000000, -1.000000000000000000, 0.0000000000000000000 ) ) ;
#2081 = FACE_OUTER_BOUND ( 'NONE', #2513, .T. ) ;
#2082 = EDGE_CURVE ( 'NONE', #1080, #331, #2790, .T. ) ;
#2083 = CONTEXT_DEPENDENT_SHAPE_REPRESENTATION ( #421, #2035 ) ;
#2084 = ORIENTED_EDGE ( 'NONE', *, *, #1025, .F. ) ;
#2085 = AXIS2_PLACEMENT_3D ( 'NONE', #434, #2951, #2395 ) ;
#2086 = ORIENTED_EDGE ( 'NONE', *, *, #2521, .F. ) ;
#2087 = CARTESIAN_POINT ( 'NONE',  ( -4.560838738653232300, 0.2500000000000000000, -2.368807716974935300 ) ) ;
#2088 = DIRECTION ( 'NONE',  ( 1.000000000000000000, 0.0000000000000000000, 0.0000000000000000000 ) ) ;
#2089 = VECTOR ( 'NONE', #1899, 1000.000000000000000 ) ;
#2090 = LINE ( 'NONE', #812, #1999 ) ;
#2091 = DIRECTION ( 'NONE',  ( -0.0000000000000000000, -1.000000000000000000, -0.0000000000000000000 ) ) ;
#2092 = AXIS2_PLACEMENT_3D ( 'NONE', #962, #2043, #646 ) ;
#2093 = LINE ( 'NONE', #415, #234 ) ;
#2094 = DIRECTION ( 'NONE',  ( -0.0000000000000000000, 1.000000000000000000, 0.0000000000000000000 ) ) ;
#2095 = EDGE_CURVE ( 'NONE', #2283, #3063, #1265, .T. ) ;
#2096 = DIRECTION ( 'NONE',  ( -0.7071067811865474600, 0.0000000000000000000, -0.7071067811865474600 ) ) ;
#2097 = PLANE ( 'NONE',  #2200 ) ;
#2098 = ORIENTED_EDGE ( 'NONE', *, *, #843, .F. ) ;
#2099 = DIRECTION ( 'NONE',  ( 0.0000000000000000000, 1.000000000000000000, -0.0000000000000000000 ) ) ;
#2100 = DIRECTION ( 'NONE',  ( -0.7071067811865474600, -8.069965350965130000E-017, 0.7071067811865474600 ) ) ;
#2101 = EDGE_CURVE ( 'NONE', #3338, #1995, #1629, .T. ) ;
#2102 = EDGE_CURVE ( 'NONE', #2898, #447, #1450, .T. ) ;
#2103 = CARTESIAN_POINT ( 'NONE',  ( 0.4999999999999997800, 2.425735931288071100, -0.1499999999999994900 ) ) ;
#2104 = ORIENTED_EDGE ( 'NONE', *, *, #2639, .F. ) ;
#2105 = CARTESIAN_POINT ( 'NONE',  ( -2.500000000000000000, 1.500000000000000000, 0.1499999999999999900 ) ) ;
#2106 = DIRECTION ( 'NONE',  ( 1.885568995626963800E-016, 0.0000000000000000000, -1.000000000000000000 ) ) ;
#2107 = DIRECTION ( 'NONE',  ( -0.0000000000000000000, -1.000000000000000000, -0.0000000000000000000 ) ) ;
#2108 =( LENGTH_UNIT ( ) NAMED_UNIT ( * ) SI_UNIT ( .MILLI., .METRE. ) );
#2109 = DIRECTION ( 'NONE',  ( -0.7071067811865474600, 0.0000000000000000000, 0.7071067811865474600 ) ) ;
#2110 = PRODUCT ( '40011200', '40011200', '', ( #2151 ) ) ;
#2111 =( NAMED_UNIT ( * ) SI_UNIT ( $, .STERADIAN. ) SOLID_ANGLE_UNIT ( ) );
#2112 = ORIENTED_EDGE ( 'NONE', *, *, #3180, .T. ) ;
#2113 = DIRECTION ( 'NONE',  ( 0.0000000000000000000, -0.0000000000000000000, 1.000000000000000000 ) ) ;
#2114 = LINE ( 'NONE', #2533, #691 ) ;
#2115 = VERTEX_POINT ( 'NONE', #2628 ) ;
#2116 = VERTEX_POINT ( 'NONE', #2911 ) ;
#2117 = AXIS2_PLACEMENT_3D ( 'NONE', #3288, #2475, #1344 ) ;
#2118 = CIRCLE ( 'NONE', #2117, 3.799999999999999800 ) ;
#2119 = ORIENTED_EDGE ( 'NONE', *, *, #1454, .F. ) ;
#2120 = LINE ( 'NONE', #2554, #218 ) ;
#2121 = DIRECTION ( 'NONE',  ( 0.7071067811865473500, -8.069965350965132400E-017, 0.7071067811865477900 ) ) ;
#2122 = EDGE_LOOP ( 'NONE', ( #2353, #3246, #789, #3480, #2169, #793, #981, #2552 ) ) ;
#2123 = VECTOR ( 'NONE', #3519, 1000.000000000000000 ) ;
#2124 = EDGE_LOOP ( 'NONE', ( #1597, #744, #1151, #325 ) ) ;
#2125 = AXIS2_PLACEMENT_3D ( 'NONE', #6, #3390, #2575 ) ;
#2126 = CARTESIAN_POINT ( 'NONE',  ( -5.321067811865472800, 3.250000000000000000, 1.750000000000004000 ) ) ;
#2127 = VECTOR ( 'NONE', #2150, 1000.000000000000000 ) ;
#2128 = EDGE_CURVE ( 'NONE', #963, #2585, #3244, .T. ) ;
#2129 = CARTESIAN_POINT ( 'NONE',  ( 0.0000000000000000000, 0.0000000000000000000, -2.450000000000000200 ) ) ;
#2130 = PRODUCT_CONTEXT ( 'NONE', #2677, 'mechanical' ) ;
#2131 = CARTESIAN_POINT ( 'NONE',  ( -5.321067811865471100, 0.0000000000000000000, -1.608578643762695700 ) ) ;
#2132 = DIRECTION ( 'NONE',  ( 0.7071067811865473500, 0.0000000000000000000, 0.7071067811865477900 ) ) ;
#2133 = ORIENTED_EDGE ( 'NONE', *, *, #547, .T. ) ;
#2134 = DIRECTION ( 'NONE',  ( 0.0000000000000000000, 0.0000000000000000000, -1.000000000000000000 ) ) ;
#2135 = AXIS2_PLACEMENT_3D ( 'NONE', #2050, #1856, #2418 ) ;
#2136 = ORIENTED_EDGE ( 'NONE', *, *, #2194, .T. ) ;
#2137 = ORIENTED_EDGE ( 'NONE', *, *, #2982, .F. ) ;
#2138 = VECTOR ( 'NONE', #1553, 1000.000000000000000 ) ;
#2139 = LINE ( 'NONE', #2903, #860 ) ;
#2140 = DIRECTION ( 'NONE',  ( 0.0000000000000000000, 0.0000000000000000000, 1.000000000000000000 ) ) ;
#2141 = FILL_AREA_STYLE_COLOUR ( '', #102 ) ;
#2142 = CARTESIAN_POINT ( 'NONE',  ( 2.368807716974934000, 0.2500000000000000000, 4.560838738653231400 ) ) ;
#2143 = ORIENTED_EDGE ( 'NONE', *, *, #1073, .F. ) ;
#2144 = CARTESIAN_POINT ( 'NONE',  ( -0.5000000000000001100, 1.243933982822003100, 1.456066017177983300 ) ) ;
#2145 = EDGE_CURVE ( 'NONE', #2881, #731, #1842, .T. ) ;
#2146 = ORIENTED_EDGE ( 'NONE', *, *, #816, .T. ) ;
#2147 = CARTESIAN_POINT ( 'NONE',  ( -5.321067811865472800, 3.750000000000000000, -2.149999999999999900 ) ) ;
#2148 = DIRECTION ( 'NONE',  ( 0.7071067811865474600, -0.0000000000000000000, -0.7071067811865474600 ) ) ;
#2149 = CARTESIAN_POINT ( 'NONE',  ( 0.4999999999999997800, 1.500000000000000000, 0.1499999999999999900 ) ) ;
#2150 = DIRECTION ( 'NONE',  ( 0.7071067811865463500, 0.0000000000000000000, -0.7071067811865487900 ) ) ;
#2151 = PRODUCT_CONTEXT ( 'NONE', #3237, 'mechanical' ) ;
#2152 =( NAMED_UNIT ( * ) SI_UNIT ( $, .STERADIAN. ) SOLID_ANGLE_UNIT ( ) );
#2153 = EDGE_CURVE ( 'NONE', #3227, #2242, #3168, .T. ) ;
#2154 = AXIS2_PLACEMENT_3D ( 'NONE', #2573, #3113, #1998 ) ;
#2155 = ORIENTED_EDGE ( 'NONE', *, *, #769, .F. ) ;
#2156 = FACE_OUTER_BOUND ( 'NONE', #1949, .T. ) ;
#2157 = VERTEX_POINT ( 'NONE', #1208 ) ;
#2158 = VERTEX_POINT ( 'NONE', #3454 ) ;
#2159 = CARTESIAN_POINT ( 'NONE',  ( 0.4999999999999998900, 2.425735931288071100, -0.1499999999999994900 ) ) ;
#2160 = CARTESIAN_POINT ( 'NONE',  ( 4.653657836759942700E-016, 0.0000000000000000000, -3.799999999999999800 ) ) ;
#2161 = FACE_OUTER_BOUND ( 'NONE', #209, .T. ) ;
#2162 = SURFACE_SIDE_STYLE ('',( #2809 ) ) ;
#2163 = VERTEX_POINT ( 'NONE', #945 ) ;
#2164 = FACE_OUTER_BOUND ( 'NONE', #435, .T. ) ;
#2165 = ORIENTED_EDGE ( 'NONE', *, *, #3286, .T. ) ;
#2166 = VECTOR ( 'NONE', #1817, 1000.000000000000000 ) ;
#2167 = ORIENTED_EDGE ( 'NONE', *, *, #1258, .F. ) ;
#2168 = FACE_OUTER_BOUND ( 'NONE', #238, .T. ) ;
#2169 = ORIENTED_EDGE ( 'NONE', *, *, #1903, .F. ) ;
#2170 = VECTOR ( 'NONE', #543, 1000.000000000000000 ) ;
#2171 = FACE_OUTER_BOUND ( 'NONE', #640, .T. ) ;
#2172 = CARTESIAN_POINT ( 'NONE',  ( 2.350000000000000100, 1.500000000000000000, 0.1499999999999999900 ) ) ;
#2173 = ORIENTED_EDGE ( 'NONE', *, *, #2007, .F. ) ;
#2174 = EDGE_CURVE ( 'NONE', #899, #3028, #2605, .T. ) ;
#2175 = CARTESIAN_POINT ( 'NONE',  ( 0.0000000000000000000, 3.949999999999999700, 0.0000000000000000000 ) ) ;
#2176 = EDGE_CURVE ( 'NONE', #760, #3318, #1668, .T. ) ;
#2177 = DIRECTION ( 'NONE',  ( 0.0000000000000000000, 0.7071067811865432400, 0.7071067811865519000 ) ) ;
#2178 = CARTESIAN_POINT ( 'NONE',  ( 3.588740359800441900, 3.419956604908920700, -1.984978302454460500 ) ) ;
#2179 = CARTESIAN_POINT ( 'NONE',  ( -2.350000000000000500, -0.8999999999999993600, -0.9500000000000000700 ) ) ;
#2180 = ORIENTED_EDGE ( 'NONE', *, *, #1510, .F. ) ;
#2181 = FACE_BOUND ( 'NONE', #3370, .T. ) ;
#2182 =( GEOMETRIC_REPRESENTATION_CONTEXT ( 3 ) GLOBAL_UNCERTAINTY_ASSIGNED_CONTEXT ( ( #1732 ) ) GLOBAL_UNIT_ASSIGNED_CONTEXT ( ( #1508, #3457, #1778 ) ) REPRESENTATION_CONTEXT ( 'NONE', 'WORKASPACE' ) );
#2183 = ORIENTED_EDGE ( 'NONE', *, *, #3541, .F. ) ;
#2184 = FACE_OUTER_BOUND ( 'NONE', #2525, .T. ) ;
#2185 = CARTESIAN_POINT ( 'NONE',  ( 0.0000000000000000000, 0.9500000000000002900, 0.0000000000000000000 ) ) ;
#2186 = DIRECTION ( 'NONE',  ( -1.000000000000000000, 0.0000000000000000000, -0.0000000000000000000 ) ) ;
#2187 = PRODUCT ( '13019901', '13019901', '', ( #3525 ) ) ;
#2188 = AXIS2_PLACEMENT_3D ( 'NONE', #1061, #3045, #1326 ) ;
#2189 = ADVANCED_FACE ( 'NONE', ( #2024 ), #2037, .T. ) ;
#2190 = ORIENTED_EDGE ( 'NONE', *, *, #1038, .F. ) ;
#2191 = DIRECTION ( 'NONE',  ( 1.000000000000000000, 0.0000000000000000000, 0.0000000000000000000 ) ) ;
#2192 = EDGE_CURVE ( 'NONE', #2073, #1293, #3002, .T. ) ;
#2193 = AXIS2_PLACEMENT_3D ( 'NONE', #656, #116, #2374 ) ;
#2194 = EDGE_CURVE ( 'NONE', #850, #2946, #516, .T. ) ;
#2195 = EDGE_CURVE ( 'NONE', #2723, #657, #2918, .T. ) ;
#2196 = DIRECTION ( 'NONE',  ( -1.000000000000000000, -6.972611193684161900E-032, -6.972611193684234100E-032 ) ) ;
#2197 = CARTESIAN_POINT ( 'NONE',  ( -2.439518395093588100, 0.0000000000000000000, -4.631549416771884300 ) ) ;
#2198 = DIRECTION ( 'NONE',  ( 0.7071067811865477900, 0.0000000000000000000, -0.7071067811865473500 ) ) ;
#2199 = ORIENTED_EDGE ( 'NONE', *, *, #2358, .T. ) ;
#2200 = AXIS2_PLACEMENT_3D ( 'NONE', #677, #3277, #1874 ) ;
#2201 = VECTOR ( 'NONE', #509, 1000.000000000000000 ) ;
#2202 = ORIENTED_EDGE ( 'NONE', *, *, #279, .T. ) ;
#2203 = EDGE_LOOP ( 'NONE', ( #2431, #2347, #1372, #2260 ) ) ;
#2204 = ADVANCED_FACE ( 'NONE', ( #76 ), #2924, .T. ) ;
#2205 = FACE_OUTER_BOUND ( 'NONE', #3105, .T. ) ;
#2206 = ORIENTED_EDGE ( 'NONE', *, *, #3194, .F. ) ;
#2207 = CARTESIAN_POINT ( 'NONE',  ( -2.649999999999999900, 1.500000000000000000, -0.1499999999999998600 ) ) ;
#2208 = LINE ( 'NONE', #1736, #1492 ) ;
#2209 = DIRECTION ( 'NONE',  ( 0.0000000000000000000, 0.7071067811865511300, -0.7071067811865439100 ) ) ;
#2210 = ORIENTED_EDGE ( 'NONE', *, *, #2192, .F. ) ;
#2211 = PLANE ( 'NONE',  #989 ) ;
#2212 = ORIENTED_EDGE ( 'NONE', *, *, #578, .T. ) ;
#2213 = LINE ( 'NONE', #3629, #3098 ) ;
#2214 = EDGE_LOOP ( 'NONE', ( #2414, #261, #815, #577 ) ) ;
#2215 = ADVANCED_FACE ( 'NONE', ( #2161 ), #708, .T. ) ;
#2216 = CARTESIAN_POINT ( 'NONE',  ( -0.7071067811865502400, 3.750000000000000000, 6.363961030678929400 ) ) ;
#2217 = UNCERTAINTY_MEASURE_WITH_UNIT (LENGTH_MEASURE( 1.000000000000000100E-005 ), #149, 'distance_accuracy_value', 'NONE');
#2218 = CARTESIAN_POINT ( 'NONE',  ( 3.779995764119711500, 0.0000000000000000000, 1.587964742441414900 ) ) ;
#2219 = AXIS2_PLACEMENT_3D ( 'NONE', #231, #2226, #1375 ) ;
#2220 = PRODUCT_DEFINITION_CONTEXT ( 'detailed design', #2400, 'design' ) ;
#2221 = ORIENTED_EDGE ( 'NONE', *, *, #1287, .F. ) ;
#2222 = EDGE_CURVE ( 'NONE', #3330, #799, #3549, .T. ) ;
#2223 = ORIENTED_EDGE ( 'NONE', *, *, #2005, .F. ) ;
#2224 = VERTEX_POINT ( 'NONE', #1525 ) ;
#2225 = CARTESIAN_POINT ( 'NONE',  ( -2.439518395093588100, 0.2500000000000000000, -4.631549416771884300 ) ) ;
#2226 = DIRECTION ( 'NONE',  ( -0.0000000000000000000, 1.000000000000000000, 0.0000000000000000000 ) ) ;
#2227 = DIRECTION ( 'NONE',  ( -0.0000000000000000000, 1.000000000000000000, 2.710505431213761100E-016 ) ) ;
#2228 = VECTOR ( 'NONE', #1593, 1000.000000000000000 ) ;
#2229 = LINE ( 'NONE', #1329, #2320 ) ;
#2230 = ADVANCED_FACE ( 'NONE', ( #1540 ), #2416, .T. ) ;
#2231 = ADVANCED_BREP_SHAPE_REPRESENTATION ( '', ( #901, #3626 ), #1484 ) ;
#2232 = DIRECTION ( 'NONE',  ( -0.7071067811865475700, -0.0000000000000000000, -0.7071067811865474600 ) ) ;
#2233 = ADVANCED_FACE ( 'NONE', ( #2467 ), #2371, .F. ) ;
#2234 = VERTEX_POINT ( 'NONE', #145 ) ;
#2235 = CARTESIAN_POINT ( 'NONE',  ( 2.350000000000000100, 1.500000000000000000, -0.1499999999999999900 ) ) ;
#2236 = EDGE_LOOP ( 'NONE', ( #4, #954, #3009, #9 ) ) ;
#2237 = AXIS2_PLACEMENT_3D ( 'NONE', #3076, #2198, #2466 ) ;
#2238 = DIRECTION ( 'NONE',  ( 0.0000000000000000000, 1.000000000000000000, 0.0000000000000000000 ) ) ;
#2239 = CARTESIAN_POINT ( 'NONE',  ( -8.673617379884035500E-016, 0.0000000000000000000, 4.235164736271501700E-019 ) ) ;
#2240 = ADVANCED_FACE ( 'NONE', ( #3421 ), #2657, .F. ) ;
#2241 = EDGE_CURVE ( 'NONE', #2429, #85, #788, .T. ) ;
#2242 = VERTEX_POINT ( 'NONE', #2970 ) ;
#2243 = PLANE ( 'NONE',  #1250 ) ;
#2244 = CIRCLE ( 'NONE', #3444, 0.1500000000000003300 ) ;
#2245 = DIRECTION ( 'NONE',  ( -0.7071067811865474600, 0.0000000000000000000, -0.7071067811865475700 ) ) ;
#2246 = ADVANCED_FACE ( 'NONE', ( #1937 ), #2687, .T. ) ;
#2247 = PLANE ( 'NONE',  #2593 ) ;
#2248 = CARTESIAN_POINT ( 'NONE',  ( -2.100000000000000100, 0.9000000000000003600, -1.250000000000000000 ) ) ;
#2249 = VERTEX_POINT ( 'NONE', #1516 ) ;
#2250 = EDGE_LOOP ( 'NONE', ( #2635, #3203, #432, #783 ) ) ;
#2251 = DIRECTION ( 'NONE',  ( 1.000000000000000000, -0.0000000000000000000, 3.771137991253928100E-016 ) ) ;
#2252 = VECTOR ( 'NONE', #1476, 1000.000000000000000 ) ;
#2253 = PRODUCT_DEFINITION_FORMATION_WITH_SPECIFIED_SOURCE ( 'ANY', '', #2110, .NOT_KNOWN. ) ;
#2254 = ORIENTED_EDGE ( 'NONE', *, *, #3198, .T. ) ;
#2255 = LINE ( 'NONE', #1702, #2027 ) ;
#2256 = FACE_OUTER_BOUND ( 'NONE', #3382, .T. ) ;
#2257 = ORIENTED_EDGE ( 'NONE', *, *, #771, .F. ) ;
#2258 = VECTOR ( 'NONE', #2348, 1000.000000000000000 ) ;
#2259 = ORIENTED_EDGE ( 'NONE', *, *, #1906, .T. ) ;
#2260 = ORIENTED_EDGE ( 'NONE', *, *, #662, .T. ) ;
#2261 = VECTOR ( 'NONE', #590, 1000.000000000000000 ) ;
#2262 = VECTOR ( 'NONE', #1684, 1000.000000000000000 ) ;
#2263 = AXIS2_PLACEMENT_3D ( 'NONE', #833, #1967, #2527 ) ;
#2264 = ORIENTED_EDGE ( 'NONE', *, *, #2870, .F. ) ;
#2265 = CARTESIAN_POINT ( 'NONE',  ( 3.280711874576983000, 7.030711874576984300, -3.790355937288493000 ) ) ;
#2266 = CARTESIAN_POINT ( 'NONE',  ( -2.649999999999999900, 1.500000000000000000, -0.1499999999999998600 ) ) ;
#2267 = DIRECTION ( 'NONE',  ( 0.0000000000000000000, 0.0000000000000000000, -1.000000000000000000 ) ) ;
#2268 = PLANE ( 'NONE',  #1861 ) ;
#2269 = DIRECTION ( 'NONE',  ( -0.0000000000000000000, 1.000000000000000000, 0.0000000000000000000 ) ) ;
#2270 = ORIENTED_EDGE ( 'NONE', *, *, #2645, .F. ) ;
#2271 = EDGE_CURVE ( 'NONE', #1349, #1222, #2690, .T. ) ;
#2272 = ADVANCED_FACE ( 'NONE', ( #118 ), #2682, .F. ) ;
#2273 = VECTOR ( 'NONE', #3143, 1000.000000000000000 ) ;
#2274 = VECTOR ( 'NONE', #1148, 1000.000000000000100 ) ;
#2275 = EDGE_CURVE ( 'NONE', #1262, #3072, #597, .T. ) ;
#2276 = DIRECTION ( 'NONE',  ( 0.0000000000000000000, -1.000000000000000000, 0.0000000000000000000 ) ) ;
#2277 = VECTOR ( 'NONE', #478, 1000.000000000000000 ) ;
#2278 = PLANE ( 'NONE',  #1774 ) ;
#2279 = CARTESIAN_POINT ( 'NONE',  ( 2.350000000000000100, -1.500000000000000000, -0.1499999999999999900 ) ) ;
#2280 = CARTESIAN_POINT ( 'NONE',  ( 1.615291830413950700E-015, 3.750000000000000000, -7.071067811865475500 ) ) ;
#2281 = DIRECTION ( 'NONE',  ( -9.035018104045868200E-017, -1.000000000000000000, 0.0000000000000000000 ) ) ;
#2282 = CARTESIAN_POINT ( 'NONE',  ( -3.318675087342348700E-015, 0.0000000000000000000, 7.071067811865476400 ) ) ;
#2283 = VERTEX_POINT ( 'NONE', #2126 ) ;
#2284 = AXIS2_PLACEMENT_3D ( 'NONE', #2323, #863, #290 ) ;
#2285 = DIRECTION ( 'NONE',  ( -0.0000000000000000000, -1.000000000000000000, -0.0000000000000000000 ) ) ;
#2286 = DIRECTION ( 'NONE',  ( 0.0000000000000000000, 0.0000000000000000000, -1.000000000000000000 ) ) ;
#2287 = ADVANCED_FACE ( 'NONE', ( #1081 ), #3193, .T. ) ;
#2288 = CARTESIAN_POINT ( 'NONE',  ( -4.921067811865476900, 3.750000000000000000, 2.149999999999999900 ) ) ;
#2289 = EDGE_CURVE ( 'NONE', #1415, #760, #1218, .T. ) ;
#2290 = CARTESIAN_POINT ( 'NONE',  ( -8.673617379884035500E-016, 3.750000000000000000, 4.235164736271501700E-019 ) ) ;
#2291 = CARTESIAN_POINT ( 'NONE',  ( -3.464823227814083600, 0.2500000000000000000, -3.464823227814083600 ) ) ;
#2292 = VERTEX_POINT ( 'NONE', #952 ) ;
#2293 = EDGE_CURVE ( 'NONE', #736, #3388, #379, .T. ) ;
#2294 = EDGE_CURVE ( 'NONE', #655, #1415, #957, .T. ) ;
#2295 = CIRCLE ( 'NONE', #75, 0.1499999999999999700 ) ;
#2296 = ORIENTED_EDGE ( 'NONE', *, *, #3327, .F. ) ;
#2297 = SHAPE_DEFINITION_REPRESENTATION ( #318, #1009 ) ;
#2298 = EDGE_LOOP ( 'NONE', ( #701, #1033, #1371, #2259 ) ) ;
#2299 = VECTOR ( 'NONE', #372, 1000.000000000000000 ) ;
#2300 = VECTOR ( 'NONE', #1468, 1000.000000000000000 ) ;
#2301 = DIRECTION ( 'NONE',  ( -9.035018104045869500E-017, -1.000000000000000000, 0.0000000000000000000 ) ) ;
#2302 = ORIENTED_EDGE ( 'NONE', *, *, #3387, .F. ) ;
#2303 = FACE_OUTER_BOUND ( 'NONE', #2028, .T. ) ;
#2304 = FACE_OUTER_BOUND ( 'NONE', #1870, .T. ) ;
#2305 = DIRECTION ( 'NONE',  ( -8.518296759352076100E-017, 0.0000000000000000000, 1.000000000000000000 ) ) ;
#2306 = ORIENTED_EDGE ( 'NONE', *, *, #3221, .F. ) ;
#2307 = LINE ( 'NONE', #1259, #966 ) ;
#2308 = ORIENTED_EDGE ( 'NONE', *, *, #1977, .T. ) ;
#2309 = CARTESIAN_POINT ( 'NONE',  ( -0.5000000000000001100, 2.593933982822016000, 0.1060660171779826800 ) ) ;
#2310 = CARTESIAN_POINT ( 'NONE',  ( -2.050609665440989500, 0.0000000000000000000, -4.879036790187178100 ) ) ;
#2311 = CLOSED_SHELL ( 'NONE', ( #2812, #3583, #1704, #1643, #2482, #495, #2204, #571, #2829, #3355, #1079, #1098, #1066, #1664, #2773, #3395, #2215, #2564, #1652, #3591, #1752, #3302, #797, #2246, #3101, #1501, #2240, #1345, #2540, #2852, #3317, #2788, #235, #1124, #1428, #1043, #3617, #2493, #497, #802, #1406, #2798, #827, #1966, #512, #1947, #2272, #1913, #3611, #1687, #1464, #1661, #1153, #225, #3367, #528, #2479, #3078, #3075, #1107, #2016, #3331, #2893, #533, #1923, #2287, #1369, #3627, #818, #548 ) ) ;
#2312 = CARTESIAN_POINT ( 'NONE',  ( -9.488643394074528600E-016, 4.250000000000000000, -5.821067811865476400 ) ) ;
#2313 = AXIS2_PLACEMENT_3D ( 'NONE', #1927, #505, #2764 ) ;
#2314 = DIRECTION ( 'NONE',  ( 0.0000000000000000000, 0.0000000000000000000, 1.000000000000000000 ) ) ;
#2315 = ORIENTED_EDGE ( 'NONE', *, *, #2716, .T. ) ;
#2316 = ORIENTED_EDGE ( 'NONE', *, *, #64, .T. ) ;
#2317 = DIRECTION ( 'NONE',  ( -3.081487911019577900E-032, 0.7071067811865440200, 0.7071067811865511300 ) ) ;
#2318 =( GEOMETRIC_REPRESENTATION_CONTEXT ( 3 ) GLOBAL_UNCERTAINTY_ASSIGNED_CONTEXT ( ( #2217 ) ) GLOBAL_UNIT_ASSIGNED_CONTEXT ( ( #149, #3508, #2111 ) ) REPRESENTATION_CONTEXT ( 'NONE', 'WORKASPACE' ) );
#2319 = LINE ( 'NONE', #1255, #620 ) ;
#2320 = VECTOR ( 'NONE', #1654, 1000.000000000000000 ) ;
#2321 = EDGE_CURVE ( 'NONE', #85, #1586, #473, .T. ) ;
#2322 = ORIENTED_EDGE ( 'NONE', *, *, #2542, .T. ) ;
#2323 = CARTESIAN_POINT ( 'NONE',  ( -8.673617379884035500E-016, 3.250000000000000400, 4.235164736271501700E-019 ) ) ;
#2324 = ORIENTED_EDGE ( 'NONE', *, *, #2334, .T. ) ;
#2325 = DIRECTION ( 'NONE',  ( -0.0000000000000000000, 1.000000000000000000, 0.0000000000000000000 ) ) ;
#2326 = EDGE_LOOP ( 'NONE', ( #3490, #2797, #2785, #1753 ) ) ;
#2327 = CARTESIAN_POINT ( 'NONE',  ( 2.651000000000000200, 0.9000000000000003600, -0.7500000000000000000 ) ) ;
#2328 = CARTESIAN_POINT ( 'NONE',  ( 3.000384657911015900E-016, 3.950000000000000200, 2.450000000000000200 ) ) ;
#2329 = DIRECTION ( 'NONE',  ( 1.000000000000000000, 0.0000000000000000000, 0.0000000000000000000 ) ) ;
#2330 = VERTEX_POINT ( 'NONE', #3253 ) ;
#2331 = AXIS2_PLACEMENT_3D ( 'NONE', #727, #2694, #3222 ) ;
#2332 = CARTESIAN_POINT ( 'NONE',  ( 2.651000000000000200, -0.8999999999999995800, -1.100000000000000100 ) ) ;
#2333 = CIRCLE ( 'NONE', #1568, 1.000000000000000000 ) ;
#2334 = EDGE_CURVE ( 'NONE', #760, #830, #1929, .T. ) ;
#2335 = EDGE_CURVE ( 'NONE', #803, #1351, #1350, .T. ) ;
#2336 = DIRECTION ( 'NONE',  ( 1.000000000000000000, -0.0000000000000000000, 1.885568995626964000E-016 ) ) ;
#2337 = ORIENTED_EDGE ( 'NONE', *, *, #2128, .F. ) ;
#2338 = ORIENTED_EDGE ( 'NONE', *, *, #2102, .T. ) ;
#2339 = LINE ( 'NONE', #60, #1580 ) ;
#2340 = EDGE_CURVE ( 'NONE', #2039, #3165, #34, .T. ) ;
#2341 = ORIENTED_EDGE ( 'NONE', *, *, #1879, .T. ) ;
#2342 = PRESENTATION_STYLE_ASSIGNMENT (( #653 ) ) ;
#2343 = VERTEX_POINT ( 'NONE', #3000 ) ;
#2344 = LINE ( 'NONE', #2589, #2029 ) ;
#2345 = VERTEX_POINT ( 'NONE', #2454 ) ;
#2346 = LINE ( 'NONE', #3445, #2258 ) ;
#2347 = ORIENTED_EDGE ( 'NONE', *, *, #1738, .F. ) ;
#2348 = DIRECTION ( 'NONE',  ( 0.0000000000000000000, 0.0000000000000000000, -1.000000000000000000 ) ) ;
#2349 = AXIS2_PLACEMENT_3D ( 'NONE', #2280, #2587, #574 ) ;
#2350 = VECTOR ( 'NONE', #1961, 999.9999999999998900 ) ;
#2351 = CARTESIAN_POINT ( 'NONE',  ( -2.651000000000000700, 0.5000000000000001100, -1.149999999999999900 ) ) ;
#2352 = LINE ( 'NONE', #3129, #349 ) ;
#2353 = ORIENTED_EDGE ( 'NONE', *, *, #2524, .T. ) ;
#2354 = CARTESIAN_POINT ( 'NONE',  ( 5.029646455628165000, 3.249999999999999600, 1.899999999999999700 ) ) ;
#2355 = ORIENTED_EDGE ( 'NONE', *, *, #2849, .F. ) ;
#2356 = PLANE ( 'NONE',  #3259 ) ;
#2357 = LINE ( 'NONE', #861, #2273 ) ;
#2358 = EDGE_CURVE ( 'NONE', #2594, #2163, #333, .T. ) ;
#2359 = PLANE ( 'NONE',  #254 ) ;
#2360 = DIRECTION ( 'NONE',  ( -0.0000000000000000000, -1.000000000000000000, -0.0000000000000000000 ) ) ;
#2361 = VECTOR ( 'NONE', #1845, 1000.000000000000000 ) ;
#2362 = CARTESIAN_POINT ( 'NONE',  ( -5.321067811865472800, 3.250000000000000400, -1.608578643762695000 ) ) ;
#2363 = EDGE_CURVE ( 'NONE', #1134, #1690, #2501, .T. ) ;
#2364 = EDGE_CURVE ( 'NONE', #331, #2833, #2295, .T. ) ;
#2365 = CARTESIAN_POINT ( 'NONE',  ( -2.350000000000000500, 0.9000000000000003600, -0.9500000000000000700 ) ) ;
#2366 = ORIENTED_EDGE ( 'NONE', *, *, #1252, .T. ) ;
#2367 = DIRECTION ( 'NONE',  ( 0.0000000000000000000, -1.000000000000000000, -1.141265444721584000E-016 ) ) ;
#2368 = SHAPE_REPRESENTATION ( '13019901', ( #3626 ), #1030 ) ;
#2369 = PLANE ( 'NONE',  #2011 ) ;
#2370 = PRODUCT_RELATED_PRODUCT_CATEGORY ( 'part', '', ( #2110 ) ) ;
#2371 = PLANE ( 'NONE',  #3065 ) ;
#2372 = CARTESIAN_POINT ( 'NONE',  ( 2.651000000000000200, 0.9000000000000003600, -1.100000000000000100 ) ) ;
#2373 = FILL_AREA_STYLE_COLOUR ( '', #381 ) ;
#2374 = DIRECTION ( 'NONE',  ( 0.0000000000000000000, 0.8944271909999157400, -0.4472135954999582600 ) ) ;
#2375 = EDGE_LOOP ( 'NONE', ( #3062, #3276, #1166, #3638 ) ) ;
#2376 = PLANE ( 'NONE',  #3323 ) ;
#2377 = VECTOR ( 'NONE', #487, 1000.000000000000000 ) ;
#2378 = EDGE_CURVE ( 'NONE', #2115, #2702, #2020, .T. ) ;
#2379 = DIRECTION ( 'NONE',  ( 1.000000000000000000, 0.0000000000000000000, -3.942553354492743000E-016 ) ) ;
#2380 = ORIENTED_EDGE ( 'NONE', *, *, #2293, .T. ) ;
#2381 = AXIS2_PLACEMENT_3D ( 'NONE', #2660, #101, #363 ) ;
#2382 = VERTEX_POINT ( 'NONE', #204 ) ;
#2383 = LINE ( 'NONE', #1539, #1888 ) ;
#2384 = EDGE_CURVE ( 'NONE', #10, #3388, #2876, .T. ) ;
#2385 = CARTESIAN_POINT ( 'NONE',  ( 1.414213562373094300, 4.250000000000000000, 1.414213562373090700 ) ) ;
#2386 = VECTOR ( 'NONE', #925, 1000.000000000000000 ) ;
#2387 = APPLICATION_PROTOCOL_DEFINITION ( 'draft international standard', 'automotive_design', 1998, #3219 ) ;
#2388 = ORIENTED_EDGE ( 'NONE', *, *, #1355, .F. ) ;
#2389 = VECTOR ( 'NONE', #2317, 1000.000000000000000 ) ;
#2390 = CARTESIAN_POINT ( 'NONE',  ( -1.181725608926913700E-015, 3.371751442127223400, -0.5303300858899056000 ) ) ;
#2391 = VECTOR ( 'NONE', #2096, 1000.000000000000100 ) ;
#2392 = LINE ( 'NONE', #2413, #846 ) ;
#2393 = EDGE_CURVE ( 'NONE', #1797, #364, #249, .T. ) ;
#2394 = AXIS2_PLACEMENT_3D ( 'NONE', #2663, #1547, #407 ) ;
#2395 = DIRECTION ( 'NONE',  ( 0.0000000000000000000, 0.0000000000000000000, 1.000000000000000000 ) ) ;
#2396 = UNCERTAINTY_MEASURE_WITH_UNIT (LENGTH_MEASURE( 1.000000000000000100E-005 ), #1761, 'distance_accuracy_value', 'NONE');
#2397 = VERTEX_POINT ( 'NONE', #3539 ) ;
#2398 = CARTESIAN_POINT ( 'NONE',  ( -2.350000000000000500, -1.500000000000000000, -1.100000000000000100 ) ) ;
#2399 = DIRECTION ( 'NONE',  ( 0.0000000000000000000, 0.0000000000000000000, -1.000000000000000000 ) ) ;
#2400 = APPLICATION_CONTEXT ( 'automotive_design' ) ;
#2401 = CARTESIAN_POINT ( 'NONE',  ( -3.491060010942238300, 3.750000000000000000, -2.149999999999999900 ) ) ;
#2402 = LINE ( 'NONE', #1388, #191 ) ;
#2403 = CARTESIAN_POINT ( 'NONE',  ( -0.5000000000000001100, 2.637867965644034000, 0.06213203435596532900 ) ) ;
#2404 = ORIENTED_EDGE ( 'NONE', *, *, #2174, .F. ) ;
#2405 = LINE ( 'NONE', #499, #57 ) ;
#2406 = VERTEX_POINT ( 'NONE', #3303 ) ;
#2407 = STYLED_ITEM ( 'NONE', ( #2044 ), #122 ) ;
#2408 = DIRECTION ( 'NONE',  ( 0.0000000000000000000, 0.0000000000000000000, -1.000000000000000000 ) ) ;
#2409 = ORIENTED_EDGE ( 'NONE', *, *, #1434, .T. ) ;
#2410 = CARTESIAN_POINT ( 'NONE',  ( 2.649999999999999900, 1.500000000000000000, -0.1499999999999998800 ) ) ;
#2411 = DIRECTION ( 'NONE',  ( -1.000000000000000000, -0.0000000000000000000, -8.518296759352072400E-017 ) ) ;
#2412 = EDGE_CURVE ( 'NONE', #2061, #2397, #2460, .T. ) ;
#2413 = CARTESIAN_POINT ( 'NONE',  ( -7.071067811865477300, 0.0000000000000000000, -1.297654475193588100E-015 ) ) ;
#2414 = ORIENTED_EDGE ( 'NONE', *, *, #106, .T. ) ;
#2415 = CARTESIAN_POINT ( 'NONE',  ( -2.439518395093588100, 0.2500000000000000000, -4.631549416771884300 ) ) ;
#2416 = PLANE ( 'NONE',  #405 ) ;
#2417 = PLANE ( 'NONE',  #3147 ) ;
#2418 = DIRECTION ( 'NONE',  ( 1.000000000000000000, 0.0000000000000000000, 0.0000000000000000000 ) ) ;
#2419 = DIRECTION ( 'NONE',  ( -0.0000000000000000000, -1.000000000000000000, -0.0000000000000000000 ) ) ;
#2420 = EDGE_LOOP ( 'NONE', ( #1421, #906, #2341, #916 ) ) ;
#2421 = LINE ( 'NONE', #3608, #3082 ) ;
#2422 = ORIENTED_EDGE ( 'NONE', *, *, #1575, .F. ) ;
#2423 = ORIENTED_EDGE ( 'NONE', *, *, #3333, .F. ) ;
#2424 = CIRCLE ( 'NONE', #222, 2.450000000000000200 ) ;
#2425 = ORIENTED_EDGE ( 'NONE', *, *, #3407, .F. ) ;
#2426 = ORIENTED_EDGE ( 'NONE', *, *, #2599, .T. ) ;
#2427 = FACE_OUTER_BOUND ( 'NONE', #3597, .T. ) ;
#2428 = DIRECTION ( 'NONE',  ( 0.0000000000000000000, 0.8944271909999157400, -0.4472135954999582600 ) ) ;
#2429 = VERTEX_POINT ( 'NONE', #1589 ) ;
#2430 = LINE ( 'NONE', #1620, #81 ) ;
#2431 = ORIENTED_EDGE ( 'NONE', *, *, #722, .F. ) ;
#2432 = DIRECTION ( 'NONE',  ( -0.7071067811865473500, 8.069965350965132400E-017, -0.7071067811865477900 ) ) ;
#2433 = LINE ( 'NONE', #892, #2261 ) ;
#2434 = DIRECTION ( 'NONE',  ( 1.000000000000000000, 0.0000000000000000000, 1.885568995626963800E-016 ) ) ;
#2435 = EDGE_CURVE ( 'NONE', #141, #2283, #2600, .T. ) ;
#2436 =( LENGTH_UNIT ( ) NAMED_UNIT ( * ) SI_UNIT ( .MILLI., .METRE. ) );
#2437 = CARTESIAN_POINT ( 'NONE',  ( 1.414213562373094000, 3.750000000000000000, -1.414213562373094000 ) ) ;
#2438 = CIRCLE ( 'NONE', #1747, 0.2000000000000005100 ) ;
#2439 = DIRECTION ( 'NONE',  ( 0.0000000000000000000, 0.0000000000000000000, -1.000000000000000000 ) ) ;
#2440 = EDGE_LOOP ( 'NONE', ( #1446, #1610, #686, #2202 ) ) ;
#2441 = DIRECTION ( 'NONE',  ( 0.7071067811865475700, 0.0000000000000000000, 0.7071067811865474600 ) ) ;
#2442 = AXIS2_PLACEMENT_3D ( 'NONE', #2948, #1190, #1478 ) ;
#2443 = EDGE_LOOP ( 'NONE', ( #2656, #2426, #1972, #2053, #1101, #1934 ) ) ;
#2444 = CIRCLE ( 'NONE', #1969, 4.099999999999999600 ) ;
#2445 = FACE_OUTER_BOUND ( 'NONE', #2786, .T. ) ;
#2446 = DIRECTION ( 'NONE',  ( 0.0000000000000000000, 0.0000000000000000000, -1.000000000000000000 ) ) ;
#2447 = DIRECTION ( 'NONE',  ( -1.000000000000000000, -0.0000000000000000000, -0.0000000000000000000 ) ) ;
#2448 = DIRECTION ( 'NONE',  ( 0.0000000000000000000, 0.0000000000000000000, -1.000000000000000000 ) ) ;
#2449 = DIRECTION ( 'NONE',  ( 0.0000000000000000000, 0.0000000000000000000, 1.000000000000000000 ) ) ;
#2450 = VECTOR ( 'NONE', #2495, 1000.000000000000000 ) ;
#2451 = AXIS2_PLACEMENT_3D ( 'NONE', #2235, #2506, #2801 ) ;
#2452 = EDGE_CURVE ( 'NONE', #3166, #625, #3416, .T. ) ;
#2453 = ORIENTED_EDGE ( 'NONE', *, *, #2639, .T. ) ;
#2454 = CARTESIAN_POINT ( 'NONE',  ( -5.029646455628168600, 3.250000000000000400, -1.899999999999999500 ) ) ;
#2455 = DIRECTION ( 'NONE',  ( 0.0000000000000000000, 0.0000000000000000000, -1.000000000000000000 ) ) ;
#2456 = EDGE_CURVE ( 'NONE', #3087, #1497, #210, .T. ) ;
#2457 = DIRECTION ( 'NONE',  ( -0.0000000000000000000, -1.000000000000000000, -0.0000000000000000000 ) ) ;
#2458 = AXIS2_PLACEMENT_3D ( 'NONE', #3411, #370, #2329 ) ;
#2459 = ORIENTED_EDGE ( 'NONE', *, *, #1648, .T. ) ;
#2460 = CIRCLE ( 'NONE', #1427, 0.2999999999999999300 ) ;
#2461 = DIRECTION ( 'NONE',  ( -1.000000000000000000, 7.589415207398578400E-016, -7.589415207398501500E-016 ) ) ;
#2462 = CARTESIAN_POINT ( 'NONE',  ( -5.321067811865471100, 0.0000000000000000000, 1.750000000000005600 ) ) ;
#2463 = ORIENTED_EDGE ( 'NONE', *, *, #1506, .T. ) ;
#2464 = VECTOR ( 'NONE', #2088, 1000.000000000000000 ) ;
#2465 =( LENGTH_UNIT ( ) NAMED_UNIT ( * ) SI_UNIT ( .MILLI., .METRE. ) );
#2466 = DIRECTION ( 'NONE',  ( -0.7071067811865473500, 0.0000000000000000000, -0.7071067811865477900 ) ) ;
#2467 = FACE_OUTER_BOUND ( 'NONE', #1669, .T. ) ;
#2468 = ORIENTED_EDGE ( 'NONE', *, *, #2145, .T. ) ;
#2469 = LINE ( 'NONE', #3140, #790 ) ;
#2470 = LINE ( 'NONE', #3456, #477 ) ;
#2471 = CIRCLE ( 'NONE', #2284, 4.099999999999999600 ) ;
#2472 = ORIENTED_EDGE ( 'NONE', *, *, #1168, .F. ) ;
#2473 = EDGE_CURVE ( 'NONE', #1015, #1333, #559, .T. ) ;
#2474 = CARTESIAN_POINT ( 'NONE',  ( -2.050609665440989500, 0.0000000000000000000, -4.879036790187178100 ) ) ;
#2475 = DIRECTION ( 'NONE',  ( -0.0000000000000000000, -1.000000000000000000, -0.0000000000000000000 ) ) ;
#2476 = EDGE_CURVE ( 'NONE', #573, #1797, #3374, .T. ) ;
#2477 = CARTESIAN_POINT ( 'NONE',  ( 2.500000000000000400, -0.4999999999999998900, -1.349999999999999400 ) ) ;
#2478 = ORIENTED_EDGE ( 'NONE', *, *, #3640, .F. ) ;
#2479 = ADVANCED_FACE ( 'NONE', ( #299 ), #2485, .T. ) ;
#2480 = CARTESIAN_POINT ( 'NONE',  ( 0.0000000000000000000, 4.250000000000000000, 0.0000000000000000000 ) ) ;
#2481 = DIRECTION ( 'NONE',  ( -1.000000000000000000, -0.0000000000000000000, -0.0000000000000000000 ) ) ;
#2482 = ADVANCED_FACE ( 'NONE', ( #1837 ), #1445, .F. ) ;
#2483 = LINE ( 'NONE', #1514, #2089 ) ;
#2484 = LINE ( 'NONE', #2197, #1517 ) ;
#2485 = PLANE ( 'NONE',  #2488 ) ;
#2486 = DIRECTION ( 'NONE',  ( 1.000000000000000000, 0.0000000000000000000, 0.0000000000000000000 ) ) ;
#2487 = DIRECTION ( 'NONE',  ( 9.035018104045868200E-017, 1.000000000000000000, 0.0000000000000000000 ) ) ;
#2488 = AXIS2_PLACEMENT_3D ( 'NONE', #3586, #800, #1359 ) ;
#2489 = FILL_AREA_STYLE_COLOUR ( '', #194 ) ;
#2490 = ORIENTED_EDGE ( 'NONE', *, *, #3572, .F. ) ;
#2491 = CARTESIAN_POINT ( 'NONE',  ( 0.0000000000000000000, 0.0000000000000000000, 0.0000000000000000000 ) ) ;
#2492 = EDGE_LOOP ( 'NONE', ( #1204, #1548, #629, #886 ) ) ;
#2493 = ADVANCED_FACE ( 'NONE', ( #1978 ), #1343, .F. ) ;
#2494 = EDGE_CURVE ( 'NONE', #3371, #2808, #1748, .T. ) ;
#2495 = DIRECTION ( 'NONE',  ( -9.860761315262647600E-032, 0.7071067811865439100, 0.7071067811865512400 ) ) ;
#2496 = ADVANCED_FACE ( 'NONE', ( #3462 ), #3345, .F. ) ;
#2497 = DIRECTION ( 'NONE',  ( 1.000000000000000000, -9.035018104045868200E-017, 0.0000000000000000000 ) ) ;
#2498 = DIRECTION ( 'NONE',  ( 0.0000000000000000000, 1.000000000000000000, 0.0000000000000000000 ) ) ;
#2499 = ORIENTED_EDGE ( 'NONE', *, *, #2599, .F. ) ;
#2500 = PRODUCT_DEFINITION_CONTEXT ( 'detailed design', #454, 'design' ) ;
#2501 = LINE ( 'NONE', #1892, #3328 ) ;
#2502 = ORIENTED_EDGE ( 'NONE', *, *, #2241, .T. ) ;
#2503 = ORIENTED_EDGE ( 'NONE', *, *, #1623, .F. ) ;
#2504 = FACE_OUTER_BOUND ( 'NONE', #469, .T. ) ;
#2505 = EDGE_LOOP ( 'NONE', ( #607, #2068, #2404, #3453 ) ) ;
#2506 = DIRECTION ( 'NONE',  ( 0.0000000000000000000, -1.000000000000000000, -0.0000000000000000000 ) ) ;
#2507 = ORIENTED_EDGE ( 'NONE', *, *, #2364, .F. ) ;
#2508 = LINE ( 'NONE', #545, #1362 ) ;
#2509 = AXIS2_PLACEMENT_3D ( 'NONE', #1138, #328, #1424 ) ;
#2510 = DIRECTION ( 'NONE',  ( -0.0000000000000000000, -1.000000000000000000, -0.0000000000000000000 ) ) ;
#2511 = VERTEX_POINT ( 'NONE', #1656 ) ;
#2512 = FACE_OUTER_BOUND ( 'NONE', #3448, .T. ) ;
#2513 = EDGE_LOOP ( 'NONE', ( #354, #3641, #55, #1402 ) ) ;
#2514 = CARTESIAN_POINT ( 'NONE',  ( -2.100000000000000100, 1.500000000000000000, -1.100000000000000100 ) ) ;
#2515 = DIRECTION ( 'NONE',  ( -1.000000000000000000, -6.972611193684161900E-032, -6.972611193684234100E-032 ) ) ;
#2516 = VECTOR ( 'NONE', #2067, 1000.000000000000000 ) ;
#2517 = DIRECTION ( 'NONE',  ( 1.000000000000000000, 0.0000000000000000000, 1.885568995626963800E-016 ) ) ;
#2518 = CARTESIAN_POINT ( 'NONE',  ( -2.100000000000000100, -0.8999999999999998000, -1.250000000000000000 ) ) ;
#2519 = VECTOR ( 'NONE', #1, 1000.000000000000000 ) ;
#2520 = EDGE_CURVE ( 'NONE', #2343, #967, #3163, .T. ) ;
#2521 = EDGE_CURVE ( 'NONE', #1175, #1586, #3241, .T. ) ;
#2522 = ADVANCED_FACE ( 'NONE', ( #990 ), #511, .T. ) ;
#2523 = ORIENTED_EDGE ( 'NONE', *, *, #1800, .F. ) ;
#2524 = EDGE_CURVE ( 'NONE', #364, #1230, #2832, .T. ) ;
#2525 = EDGE_LOOP ( 'NONE', ( #1844, #2739, #1180, #2579 ) ) ;
#2526 = ORIENTED_EDGE ( 'NONE', *, *, #3520, .T. ) ;
#2527 = DIRECTION ( 'NONE',  ( 0.0000000000000000000, -0.0000000000000000000, -1.000000000000000000 ) ) ;
#2528 = CARTESIAN_POINT ( 'NONE',  ( -2.350000000000000500, 1.500000000000000000, -1.100000000000000100 ) ) ;
#2529 = DIRECTION ( 'NONE',  ( -0.0000000000000000000, -1.000000000000000000, -0.0000000000000000000 ) ) ;
#2530 = DIRECTION ( 'NONE',  ( 0.0000000000000000000, -1.000000000000000000, 0.0000000000000000000 ) ) ;
#2531 = AXIS2_PLACEMENT_3D ( 'NONE', #1701, #1430, #33 ) ;
#2532 = LINE ( 'NONE', #3362, #3483 ) ;
#2533 = CARTESIAN_POINT ( 'NONE',  ( -2.350000000000000500, -1.500000000000000000, -1.100000000000000100 ) ) ;
#2534 = PLANE ( 'NONE',  #3263 ) ;
#2535 = VECTOR ( 'NONE', #1703, 1000.000000000000000 ) ;
#2536 = ORIENTED_EDGE ( 'NONE', *, *, #819, .T. ) ;
#2537 = CARTESIAN_POINT ( 'NONE',  ( 1.414213562373094300, 4.250000000000000000, 1.414213562373090700 ) ) ;
#2538 = DIRECTION ( 'NONE',  ( 0.0000000000000000000, -1.000000000000000000, -0.0000000000000000000 ) ) ;
#2539 = EDGE_LOOP ( 'NONE', ( #1755, #78, #3102, #335, #2306, #2146, #1941, #3260 ) ) ;
#2540 = ADVANCED_FACE ( 'NONE', ( #2066 ), #3625, .T. ) ;
#2541 = CARTESIAN_POINT ( 'NONE',  ( -2.350000000000000100, -1.500000000000000000, 0.1499999999999999900 ) ) ;
#2542 = EDGE_CURVE ( 'NONE', #2995, #2063, #2555, .T. ) ;
#2543 = DIRECTION ( 'NONE',  ( 0.0000000000000000000, -0.0000000000000000000, 1.000000000000000000 ) ) ;
#2544 = CARTESIAN_POINT ( 'NONE',  ( 1.414213562373094000, 4.250000000000000000, -1.414213562373094000 ) ) ;
#2545 = EDGE_CURVE ( 'NONE', #2292, #829, #394, .T. ) ;
#2546 = EDGE_CURVE ( 'NONE', #3318, #144, #3202, .T. ) ;
#2547 = ORIENTED_EDGE ( 'NONE', *, *, #3527, .T. ) ;
#2548 = CARTESIAN_POINT ( 'NONE',  ( 3.304527411045891800, 6.700238089164546600, 3.625119044582273200 ) ) ;
#2549 = LINE ( 'NONE', #2838, #2062 ) ;
#2550 = CARTESIAN_POINT ( 'NONE',  ( -2.439518395093588100, 0.2500000000000000000, -4.631549416771884300 ) ) ;
#2551 = DIRECTION ( 'NONE',  ( -1.000000000000000000, 0.0000000000000000000, 0.0000000000000000000 ) ) ;
#2552 = ORIENTED_EDGE ( 'NONE', *, *, #2393, .T. ) ;
#2553 = CARTESIAN_POINT ( 'NONE',  ( -8.673617379884035500E-016, 0.0000000000000000000, 4.235164736271501700E-019 ) ) ;
#2554 = CARTESIAN_POINT ( 'NONE',  ( -2.100000000000000100, -1.500000000000000000, -1.250000000000000000 ) ) ;
#2555 = LINE ( 'NONE', #3034, #3037 ) ;
#2556 = PRODUCT_RELATED_PRODUCT_CATEGORY ( 'part', '', ( #2731 ) ) ;
#2557 = CARTESIAN_POINT ( 'NONE',  ( 2.651000000000000200, -0.8999999999999995800, -1.249999999999999800 ) ) ;
#2558 = VERTEX_POINT ( 'NONE', #2518 ) ;
#2559 = VERTEX_POINT ( 'NONE', #2218 ) ;
#2560 = LINE ( 'NONE', #3085, #1317 ) ;
#2561 = DIRECTION ( 'NONE',  ( 0.7071067811865476800, 0.0000000000000000000, -0.7071067811865474600 ) ) ;
#2562 = ORIENTED_EDGE ( 'NONE', *, *, #2018, .F. ) ;
#2563 = FACE_OUTER_BOUND ( 'NONE', #1352, .T. ) ;
#2564 = ADVANCED_FACE ( 'NONE', ( #683 ), #208, .T. ) ;
#2565 = ORIENTED_EDGE ( 'NONE', *, *, #2950, .F. ) ;
#2566 = VECTOR ( 'NONE', #3452, 1000.000000000000000 ) ;
#2567 = SHAPE_DEFINITION_REPRESENTATION ( #3320, #3451 ) ;
#2568 = VECTOR ( 'NONE', #506, 1000.000000000000000 ) ;
#2569 = EDGE_LOOP ( 'NONE', ( #1452, #336, #1511, #3614 ) ) ;
#2570 = CARTESIAN_POINT ( 'NONE',  ( 2.649999999999999900, -1.500000000000000000, -0.1499999999999998800 ) ) ;
#2571 = AXIS2_PLACEMENT_3D ( 'NONE', #911, #2597, #3440 ) ;
#2572 = CARTESIAN_POINT ( 'NONE',  ( -2.350000000000000100, 1.500000000000000000, 0.0000000000000000000 ) ) ;
#2573 = CARTESIAN_POINT ( 'NONE',  ( -2.350000000000000100, 1.500000000000000000, -0.1499999999999999700 ) ) ;
#2574 = PRODUCT_DEFINITION_SHAPE ( 'NONE', 'NONE',  #3646 ) ;
#2575 = DIRECTION ( 'NONE',  ( 0.0000000000000000000, -0.0000000000000000000, -1.000000000000000000 ) ) ;
#2576 = DIRECTION ( 'NONE',  ( 1.000000000000000000, 6.972611193684161900E-032, 6.972611193684234100E-032 ) ) ;
#2577 = EDGE_CURVE ( 'NONE', #3165, #2163, #1457, .T. ) ;
#2578 = DIRECTION ( 'NONE',  ( 0.0000000000000000000, -1.000000000000000000, 0.0000000000000000000 ) ) ;
#2579 = ORIENTED_EDGE ( 'NONE', *, *, #1719, .F. ) ;
#2580 =( GEOMETRIC_REPRESENTATION_CONTEXT ( 3 ) GLOBAL_UNCERTAINTY_ASSIGNED_CONTEXT ( ( #2882 ) ) GLOBAL_UNIT_ASSIGNED_CONTEXT ( ( #2465, #1900, #775 ) ) REPRESENTATION_CONTEXT ( 'NONE', 'WORKASPACE' ) );
#2581 = EDGE_CURVE ( 'NONE', #2723, #3285, #1759, .T. ) ;
#2582 = VECTOR ( 'NONE', #1991, 1000.000000000000000 ) ;
#2583 = EDGE_CURVE ( 'NONE', #2224, #829, #1399, .T. ) ;
#2584 = DIRECTION ( 'NONE',  ( 0.4082482904638630200, -0.8164965809277260300, -0.4082482904638630200 ) ) ;
#2585 = VERTEX_POINT ( 'NONE', #825 ) ;
#2586 = FACE_OUTER_BOUND ( 'NONE', #3637, .T. ) ;
#2587 = DIRECTION ( 'NONE',  ( -0.7071067811865477900, 0.0000000000000000000, 0.7071067811865473500 ) ) ;
#2588 = AXIS2_PLACEMENT_3D ( 'NONE', #2290, #587, #28 ) ;
#2589 = CARTESIAN_POINT ( 'NONE',  ( -3.464823227814083600, 3.750000000000000000, -3.464823227814083600 ) ) ;
#2590 = CARTESIAN_POINT ( 'NONE',  ( -0.5000000000000000000, 1.500000000000000000, 0.0000000000000000000 ) ) ;
#2591 = CARTESIAN_POINT ( 'NONE',  ( -3.633180424916990300, 3.250000000000000400, 1.899999999999999000 ) ) ;
#2592 = ORIENTED_EDGE ( 'NONE', *, *, #937, .F. ) ;
#2593 = AXIS2_PLACEMENT_3D ( 'NONE', #1960, #3368, #1393 ) ;
#2594 = VERTEX_POINT ( 'NONE', #1922 ) ;
#2595 = CARTESIAN_POINT ( 'NONE',  ( -4.560838738653231400, 0.0000000000000000000, -2.368807716974934900 ) ) ;
#2596 = PRESENTATION_LAYER_ASSIGNMENT (  '', '', ( #2407 ) ) ;
#2597 = DIRECTION ( 'NONE',  ( 1.000000000000000000, 6.972611193684161900E-032, 6.972611193684234100E-032 ) ) ;
#2598 = EDGE_LOOP ( 'NONE', ( #1666, #2879, #826, #2308, #2641, #259 ) ) ;
#2599 = EDGE_CURVE ( 'NONE', #2242, #2511, #1486, .T. ) ;
#2600 = LINE ( 'NONE', #1864, #2644 ) ;
#2601 = ORIENTED_EDGE ( 'NONE', *, *, #324, .F. ) ;
#2602 = CARTESIAN_POINT ( 'NONE',  ( -8.673617379884035500E-016, 3.750000000000000000, 4.235164736271501700E-019 ) ) ;
#2603 = ORIENTED_EDGE ( 'NONE', *, *, #16, .F. ) ;
#2604 = CARTESIAN_POINT ( 'NONE',  ( 0.0000000000000000000, 0.1000000000000008200, -4.900000000000000400 ) ) ;
#2605 = LINE ( 'NONE', #2332, #258 ) ;
#2606 = CARTESIAN_POINT ( 'NONE',  ( 2.121320343559640200, 4.250000000000000000, 4.949747468305835300 ) ) ;
#2607 = ORIENTED_EDGE ( 'NONE', *, *, #387, .T. ) ;
#2608 = FACE_OUTER_BOUND ( 'NONE', #3528, .T. ) ;
#2609 = CARTESIAN_POINT ( 'NONE',  ( -5.321067811865472800, 3.250000000000000400, -1.899999999999999900 ) ) ;
#2610 = VECTOR ( 'NONE', #1266, 1000.000000000000000 ) ;
#2611 = ORIENTED_EDGE ( 'NONE', *, *, #1693, .T. ) ;
#2612 =( LENGTH_UNIT ( ) NAMED_UNIT ( * ) SI_UNIT ( .MILLI., .METRE. ) );
#2613 = LINE ( 'NONE', #3279, #2127 ) ;
#2614 = VERTEX_POINT ( 'NONE', #894 ) ;
#2615 = DIRECTION ( 'NONE',  ( -0.0000000000000000000, -1.084202172485504000E-015, 1.000000000000000000 ) ) ;
#2616 = AXIS2_PLACEMENT_3D ( 'NONE', #371, #2894, #1744 ) ;
#2617 = VERTEX_POINT ( 'NONE', #1418 ) ;
#2618 = ORIENTED_EDGE ( 'NONE', *, *, #3408, .F. ) ;
#2619 = CARTESIAN_POINT ( 'NONE',  ( -1.414213562373093100, 4.250000000000000000, -1.414213562373088000 ) ) ;
#2620 = DIRECTION ( 'NONE',  ( 0.0000000000000000000, 0.0000000000000000000, -1.000000000000000000 ) ) ;
#2621 = VECTOR ( 'NONE', #134, 1000.000000000000100 ) ;
#2622 = CIRCLE ( 'NONE', #2714, 3.899999999999999000 ) ;
#2623 = EDGE_CURVE ( 'NONE', #475, #1072, #1135, .T. ) ;
#2624 = CARTESIAN_POINT ( 'NONE',  ( -2.350000000000000500, 1.500000000000000000, -1.100000000000000100 ) ) ;
#2625 = LINE ( 'NONE', #909, #99 ) ;
#2626 = VERTEX_POINT ( 'NONE', #526 ) ;
#2627 = PRESENTATION_LAYER_ASSIGNMENT (  '', '', ( #94 ) ) ;
#2628 = CARTESIAN_POINT ( 'NONE',  ( 0.4999999999999977200, 2.806066017177982100, 0.03535533905933002700 ) ) ;
#2629 = ORIENTED_EDGE ( 'NONE', *, *, #390, .T. ) ;
#2630 =( NAMED_UNIT ( * ) SI_UNIT ( $, .STERADIAN. ) SOLID_ANGLE_UNIT ( ) );
#2631 = CARTESIAN_POINT ( 'NONE',  ( -0.5000000000000001100, 3.760660171779826900, -1.272792206135778100 ) ) ;
#2632 = AXIS2_PLACEMENT_3D ( 'NONE', #239, #1915, #2209 ) ;
#2633 = PLANE ( 'NONE',  #738 ) ;
#2634 = DIRECTION ( 'NONE',  ( 0.0000000000000000000, 0.0000000000000000000, -1.000000000000000000 ) ) ;
#2635 = ORIENTED_EDGE ( 'NONE', *, *, #1719, .T. ) ;
#2636 = AXIS2_PLACEMENT_3D ( 'NONE', #1084, #2497, #2487 ) ;
#2637 = CARTESIAN_POINT ( 'NONE',  ( -2.100000000000000100, 1.500000000000000000, -1.100000000000000100 ) ) ;
#2638 = FACE_OUTER_BOUND ( 'NONE', #2707, .T. ) ;
#2639 = EDGE_CURVE ( 'NONE', #85, #967, #2114, .T. ) ;
#2640 = DIRECTION ( 'NONE',  ( -0.0000000000000000000, -1.000000000000000000, -0.0000000000000000000 ) ) ;
#2641 = ORIENTED_EDGE ( 'NONE', *, *, #3119, .F. ) ;
#2642 = ORIENTED_EDGE ( 'NONE', *, *, #1617, .T. ) ;
#2643 = DIRECTION ( 'NONE',  ( 0.0000000000000000000, -0.0000000000000000000, -1.000000000000000000 ) ) ;
#2644 = VECTOR ( 'NONE', #2432, 999.9999999999998900 ) ;
#2645 = EDGE_CURVE ( 'NONE', #2559, #3165, #1037, .T. ) ;
#2646 = ORIENTED_EDGE ( 'NONE', *, *, #3470, .F. ) ;
#2647 = VECTOR ( 'NONE', #2667, 1000.000000000000100 ) ;
#2648 = VERTEX_POINT ( 'NONE', #3353 ) ;
#2649 = LINE ( 'NONE', #2105, #1405 ) ;
#2650 = DIRECTION ( 'NONE',  ( 0.0000000000000000000, 0.0000000000000000000, 1.000000000000000000 ) ) ;
#2651 = AXIS2_PLACEMENT_3D ( 'NONE', #1207, #2325, #2314 ) ;
#2652 = ORIENTED_EDGE ( 'NONE', *, *, #667, .T. ) ;
#2653 = VECTOR ( 'NONE', #1502, 1000.000000000000000 ) ;
#2654 = CARTESIAN_POINT ( 'NONE',  ( -3.588740359800445000, 3.419956604908919800, 1.984978302454460100 ) ) ;
#2655 = VECTOR ( 'NONE', #1636, 1000.000000000000000 ) ;
#2656 = ORIENTED_EDGE ( 'NONE', *, *, #2871, .T. ) ;
#2657 = PLANE ( 'NONE',  #864 ) ;
#2658 = CARTESIAN_POINT ( 'NONE',  ( 0.0000000000000000000, 0.1000000000000008200, 0.0000000000000000000 ) ) ;
#2659 =( LENGTH_UNIT ( ) NAMED_UNIT ( * ) SI_UNIT ( .MILLI., .METRE. ) );
#2660 = CARTESIAN_POINT ( 'NONE',  ( 2.651000000000000200, 0.9000000000000003600, -0.7500000000000000000 ) ) ;
#2661 = ORIENTED_EDGE ( 'NONE', *, *, #1461, .T. ) ;
#2662 = CYLINDRICAL_SURFACE ( 'NONE', #796, 4.099999999999999600 ) ;
#2663 = CARTESIAN_POINT ( 'NONE',  ( 2.350000000000000100, -1.500000000000000000, -0.1499999999999999900 ) ) ;
#2664 = CYLINDRICAL_SURFACE ( 'NONE', #893, 5.000000000000000900 ) ;
#2665 = CARTESIAN_POINT ( 'NONE',  ( -8.673617379884035500E-016, 3.750000000000000000, 4.235164736271501700E-019 ) ) ;
#2666 = CYLINDRICAL_SURFACE ( 'NONE', #3141, 0.2999999999999999900 ) ;
#2667 = DIRECTION ( 'NONE',  ( 0.7071067811865465700, 0.0000000000000000000, -0.7071067811865483500 ) ) ;
#2668 =( NAMED_UNIT ( * ) SI_UNIT ( $, .STERADIAN. ) SOLID_ANGLE_UNIT ( ) );
#2669 = EDGE_CURVE ( 'NONE', #3172, #1324, #3173, .T. ) ;
#2670 = EDGE_CURVE ( 'NONE', #2157, #731, #2886, .T. ) ;
#2671 = DIRECTION ( 'NONE',  ( 1.000000000000000000, -0.0000000000000000000, -0.0000000000000000000 ) ) ;
#2672 = ORIENTED_EDGE ( 'NONE', *, *, #3450, .F. ) ;
#2673 = DIRECTION ( 'NONE',  ( 0.7071067811865474600, 8.069965350965130000E-017, -0.7071067811865474600 ) ) ;
#2674 = EDGE_LOOP ( 'NONE', ( #3326, #2547, #1933, #1065 ) ) ;
#2675 = CARTESIAN_POINT ( 'NONE',  ( 2.050609665440986900, 0.0000000000000000000, 4.879036790187179000 ) ) ;
#2676 = CARTESIAN_POINT ( 'NONE',  ( -2.100000000000000100, -0.8999999999999995800, -1.249999999999999800 ) ) ;
#2677 = APPLICATION_CONTEXT ( 'automotive_design' ) ;
#2678 = CARTESIAN_POINT ( 'NONE',  ( 0.0000000000000000000, 0.0000000000000000000, 0.0000000000000000000 ) ) ;
#2679 = CARTESIAN_POINT ( 'NONE',  ( 4.921067811865476000, 3.750000000000000400, -2.149999999999999900 ) ) ;
#2680 = AXIS2_PLACEMENT_3D ( 'NONE', #1485, #2360, #606 ) ;
#2681 = ORIENTED_EDGE ( 'NONE', *, *, #1155, .T. ) ;
#2682 = CYLINDRICAL_SURFACE ( 'NONE', #3307, 0.1500000000000003600 ) ;
#2683 = PLANE ( 'NONE',  #2394 ) ;
#2684 = ORIENTED_EDGE ( 'NONE', *, *, #1765, .T. ) ;
#2685 = ORIENTED_EDGE ( 'NONE', *, *, #3093, .T. ) ;
#2686 = ORIENTED_EDGE ( 'NONE', *, *, #581, .T. ) ;
#2687 = PLANE ( 'NONE',  #1164 ) ;
#2688 = EDGE_CURVE ( 'NONE', #731, #2115, #1673, .T. ) ;
#2689 = DIRECTION ( 'NONE',  ( -0.0000000000000000000, -1.000000000000000000, -0.0000000000000000000 ) ) ;
#2690 = LINE ( 'NONE', #1237, #1311 ) ;
#2691 =( REPRESENTATION_RELATIONSHIP ('NONE','NONE', #3451, #1009 ) REPRESENTATION_RELATIONSHIP_WITH_TRANSFORMATION ( #3603 )SHAPE_REPRESENTATION_RELATIONSHIP( ) );
#2692 = DIRECTION ( 'NONE',  ( -0.0000000000000000000, 1.000000000000000000, -0.0000000000000000000 ) ) ;
#2693 = VERTEX_POINT ( 'NONE', #17 ) ;
#2694 = DIRECTION ( 'NONE',  ( 0.0000000000000000000, 1.000000000000000000, 0.0000000000000000000 ) ) ;
#2695 = VECTOR ( 'NONE', #1441, 1000.000000000000000 ) ;
#2696 = ORIENTED_EDGE ( 'NONE', *, *, #489, .F. ) ;
#2697 = VECTOR ( 'NONE', #2979, 1000.000000000000000 ) ;
#2698 = ORIENTED_EDGE ( 'NONE', *, *, #247, .T. ) ;
#2699 = FACE_OUTER_BOUND ( 'NONE', #588, .T. ) ;
#2700 = DIRECTION ( 'NONE',  ( 0.0000000000000000000, 0.0000000000000000000, -1.000000000000000000 ) ) ;
#2701 = DIRECTION ( 'NONE',  ( -0.0000000000000000000, -1.000000000000000000, -0.0000000000000000000 ) ) ;
#2702 = VERTEX_POINT ( 'NONE', #1710 ) ;
#2703 = CARTESIAN_POINT ( 'NONE',  ( 2.350000000000000100, 1.500000000000000000, 0.1499999999999999900 ) ) ;
#2704 = DIRECTION ( 'NONE',  ( 0.8371691043312223800, 0.0000000000000000000, 0.5469441386039887200 ) ) ;
#2705 = DIRECTION ( 'NONE',  ( 1.000000000000000000, -0.0000000000000000000, -0.0000000000000000000 ) ) ;
#2706 = PLANE ( 'NONE',  #496 ) ;
#2707 = EDGE_LOOP ( 'NONE', ( #865, #2468, #1848, #212 ) ) ;
#2708 = ORIENTED_EDGE ( 'NONE', *, *, #365, .T. ) ;
#2709 = CARTESIAN_POINT ( 'NONE',  ( -2.350000000000000500, -0.8999999999999993600, -0.9500000000000000700 ) ) ;
#2710 = AXIS2_PLACEMENT_3D ( 'NONE', #1205, #1796, #2650 ) ;
#2711 = FACE_OUTER_BOUND ( 'NONE', #1791, .T. ) ;
#2712 = LINE ( 'NONE', #2266, #1157 ) ;
#2713 = CARTESIAN_POINT ( 'NONE',  ( -2.350000000000000100, 1.500000000000000000, 0.0000000000000000000 ) ) ;
#2714 = AXIS2_PLACEMENT_3D ( 'NONE', #3315, #1896, #12 ) ;
#2715 = LINE ( 'NONE', #1290, #1958 ) ;
#2716 = EDGE_CURVE ( 'NONE', #1080, #1271, #643, .T. ) ;
#2717 = CARTESIAN_POINT ( 'NONE',  ( 2.500000000000000000, 1.500000000000000000, -0.1499999999999999400 ) ) ;
#2718 = DIRECTION ( 'NONE',  ( 0.0000000000000000000, 1.000000000000000000, 0.0000000000000000000 ) ) ;
#2719 = ORIENTED_EDGE ( 'NONE', *, *, #1258, .T. ) ;
#2720 = DIRECTION ( 'NONE',  ( 0.7071067811865463500, 0.0000000000000000000, -0.7071067811865487900 ) ) ;
#2721 = EDGE_CURVE ( 'NONE', #1293, #3053, #3425, .T. ) ;
#2722 = CARTESIAN_POINT ( 'NONE',  ( -0.5000000000000001100, 3.902081528017137000, -1.131370849898468700 ) ) ;
#2723 = VERTEX_POINT ( 'NONE', #1971 ) ;
#2724 = CARTESIAN_POINT ( 'NONE',  ( -2.500000000000000900, -0.8999999999999998000, -0.7499999999999997800 ) ) ;
#2725 = CARTESIAN_POINT ( 'NONE',  ( -1.587964742441416300, 3.750000000000000000, -3.779995764119712400 ) ) ;
#2726 = DIRECTION ( 'NONE',  ( 1.000000000000000000, 0.0000000000000000000, 8.518296759352072400E-017 ) ) ;
#2727 = CARTESIAN_POINT ( 'NONE',  ( 3.491060010942230300, 3.750000000000000000, -2.149999999999999900 ) ) ;
#2728 = DIRECTION ( 'NONE',  ( -0.0000000000000000000, 1.000000000000000000, -0.0000000000000000000 ) ) ;
#2729 = ORIENTED_EDGE ( 'NONE', *, *, #2384, .T. ) ;
#2730 = CARTESIAN_POINT ( 'NONE',  ( -0.5000000000000001100, 3.866726188957808800, -1.166726188957796200 ) ) ;
#2731 = PRODUCT ( 'DR1050', 'DR1050', '', ( #3543 ) ) ;
#2732 = LINE ( 'NONE', #243, #468 ) ;
#2733 = ORIENTED_EDGE ( 'NONE', *, *, #2721, .F. ) ;
#2734 = ORIENTED_EDGE ( 'NONE', *, *, #575, .F. ) ;
#2735 = EDGE_CURVE ( 'NONE', #2343, #2429, #2120, .T. ) ;
#2736 = VECTOR ( 'NONE', #2148, 1000.000000000000100 ) ;
#2737 = CARTESIAN_POINT ( 'NONE',  ( 0.4999999999999996700, 4.008147545195118500, -1.308147545195105000 ) ) ;
#2738 = ORIENTED_EDGE ( 'NONE', *, *, #3120, .F. ) ;
#2739 = ORIENTED_EDGE ( 'NONE', *, *, #3401, .T. ) ;
#2740 = LINE ( 'NONE', #1376, #1983 ) ;
#2741 = ORIENTED_EDGE ( 'NONE', *, *, #798, .F. ) ;
#2742 = FACE_OUTER_BOUND ( 'NONE', #1227, .T. ) ;
#2743 = EDGE_CURVE ( 'NONE', #2772, #1556, #888, .T. ) ;
#2744 = ORIENTED_EDGE ( 'NONE', *, *, #998, .T. ) ;
#2745 = DIRECTION ( 'NONE',  ( 0.0000000000000000000, 0.0000000000000000000, -1.000000000000000000 ) ) ;
#2746 = LINE ( 'NONE', #197, #1590 ) ;
#2747 = EDGE_CURVE ( 'NONE', #1308, #699, #2344, .T. ) ;
#2748 = COLOUR_RGB ( '',0.7960784313725489700, 0.8235294117647058400, 0.9372549019607843100 ) ;
#2749 = DIRECTION ( 'NONE',  ( 0.0000000000000000000, 1.000000000000000000, -0.0000000000000000000 ) ) ;
#2750 = FACE_OUTER_BOUND ( 'NONE', #3300, .T. ) ;
#2751 = VERTEX_POINT ( 'NONE', #293 ) ;
#2752 = CARTESIAN_POINT ( 'NONE',  ( -0.5000000000000001100, 3.902081528017137000, -1.131370849898468700 ) ) ;
#2753 = ORIENTED_EDGE ( 'NONE', *, *, #125, .T. ) ;
#2754 = AXIS2_PLACEMENT_3D ( 'NONE', #386, #3475, #928 ) ;
#2755 = ORIENTED_EDGE ( 'NONE', *, *, #2176, .F. ) ;
#2756 = CIRCLE ( 'NONE', #3567, 0.1499999999999999700 ) ;
#2757 = VECTOR ( 'NONE', #135, 1000.000000000000000 ) ;
#2758 = DIRECTION ( 'NONE',  ( -0.0000000000000000000, -1.000000000000000000, -0.0000000000000000000 ) ) ;
#2759 = PLANE ( 'NONE',  #1302 ) ;
#2760 = CONTEXT_DEPENDENT_SHAPE_REPRESENTATION ( #2691, #2574 ) ;
#2761 = VECTOR ( 'NONE', #941, 1000.000000000000000 ) ;
#2762 = AXIS2_PLACEMENT_3D ( 'NONE', #2398, #689, #438 ) ;
#2763 = CARTESIAN_POINT ( 'NONE',  ( -1.249999999999998400, 3.750000000000000000, -5.821067811865476400 ) ) ;
#2764 = DIRECTION ( 'NONE',  ( -3.942553354492742100E-016, 0.0000000000000000000, -1.000000000000000000 ) ) ;
#2765 = EDGE_CURVE ( 'NONE', #1938, #144, #2508, .T. ) ;
#2766 = AXIS2_PLACEMENT_3D ( 'NONE', #1056, #1067, #525 ) ;
#2767 = ADVANCED_FACE ( 'NONE', ( #1403 ), #1159, .T. ) ;
#2768 = EDGE_CURVE ( 'NONE', #2791, #1964, #3092, .T. ) ;
#2769 = EDGE_LOOP ( 'NONE', ( #1390, #3529, #1546, #2119, #1315, #3598, #1247, #3566 ) ) ;
#2770 = DIRECTION ( 'NONE',  ( 0.7071067811865465700, 0.0000000000000000000, -0.7071067811865483500 ) ) ;
#2771 = DIRECTION ( 'NONE',  ( -1.073305391678363000E-015, -0.7071067811865512400, 0.7071067811865439100 ) ) ;
#2772 = VERTEX_POINT ( 'NONE', #2859 ) ;
#2773 = ADVANCED_FACE ( 'NONE', ( #2427 ), #2097, .T. ) ;
#2774 = CARTESIAN_POINT ( 'NONE',  ( 2.500000000000000400, 1.300000000000000300, -1.349999999999999400 ) ) ;
#2775 = CARTESIAN_POINT ( 'NONE',  ( 0.4999999999999997800, 2.425735931288071100, 8.944667923005411600E-016 ) ) ;
#2776 = AXIS2_PLACEMENT_3D ( 'NONE', #675, #982, #1814 ) ;
#2777 = ORIENTED_EDGE ( 'NONE', *, *, #182, .F. ) ;
#2778 = ADVANCED_FACE ( 'NONE', ( #1720 ), #1149, .F. ) ;
#2779 = DIRECTION ( 'NONE',  ( 3.942553354492743500E-016, 0.0000000000000000000, 1.000000000000000000 ) ) ;
#2780 = DIRECTION ( 'NONE',  ( -0.7071067811865475700, -0.0000000000000000000, -0.7071067811865474600 ) ) ;
#2781 = AXIS2_PLACEMENT_3D ( 'NONE', #1078, #3342, #2186 ) ;
#2782 = VECTOR ( 'NONE', #216, 1000.000000000000000 ) ;
#2783 = CARTESIAN_POINT ( 'NONE',  ( 2.500000000000000400, 0.5000000000000001100, -1.149999999999999200 ) ) ;
#2784 = CARTESIAN_POINT ( 'NONE',  ( -2.100000000000000100, 1.500000000000000000, -1.250000000000000000 ) ) ;
#2785 = ORIENTED_EDGE ( 'NONE', *, *, #3180, .F. ) ;
#2786 = EDGE_LOOP ( 'NONE', ( #3340, #2264, #1474, #644 ) ) ;
#2787 = ORIENTED_EDGE ( 'NONE', *, *, #1925, .T. ) ;
#2788 = ADVANCED_FACE ( 'NONE', ( #1494 ), #2369, .T. ) ;
#2789 = CARTESIAN_POINT ( 'NONE',  ( 0.0000000000000000000, 0.1000000000000008100, 3.899999999999999000 ) ) ;
#2790 = LINE ( 'NONE', #2637, #996 ) ;
#2791 = VERTEX_POINT ( 'NONE', #663 ) ;
#2792 = AXIS2_PLACEMENT_3D ( 'NONE', #1877, #198, #2771 ) ;
#2793 = EDGE_LOOP ( 'NONE', ( #1739, #883, #2136, #3089 ) ) ;
#2794 = VECTOR ( 'NONE', #3373, 1000.000000000000000 ) ;
#2795 = ORIENTED_EDGE ( 'NONE', *, *, #2982, .T. ) ;
#2796 = FACE_OUTER_BOUND ( 'NONE', #2492, .T. ) ;
#2797 = ORIENTED_EDGE ( 'NONE', *, *, #22, .F. ) ;
#2798 = ADVANCED_FACE ( 'NONE', ( #1002 ), #2683, .T. ) ;
#2799 = CIRCLE ( 'NONE', #1126, 4.900000000000000400 ) ;
#2800 = EDGE_CURVE ( 'NONE', #2946, #3602, #79, .T. ) ;
#2801 = DIRECTION ( 'NONE',  ( -1.000000000000000000, 0.0000000000000000000, -0.0000000000000000000 ) ) ;
#2802 = CARTESIAN_POINT ( 'NONE',  ( -1.181725608926913700E-015, 2.806066017177982100, 0.03535533905933002700 ) ) ;
#2803 = DIRECTION ( 'NONE',  ( 0.0000000000000000000, 0.0000000000000000000, -1.000000000000000000 ) ) ;
#2804 = ORIENTED_EDGE ( 'NONE', *, *, #1709, .F. ) ;
#2805 = CARTESIAN_POINT ( 'NONE',  ( -4.631549416771884300, 0.0000000000000000000, -2.439518395093587300 ) ) ;
#2806 = CARTESIAN_POINT ( 'NONE',  ( 2.121320343559640200, 4.250000000000000000, 4.949747468305835300 ) ) ;
#2807 = ORIENTED_EDGE ( 'NONE', *, *, #871, .F. ) ;
#2808 = VERTEX_POINT ( 'NONE', #1532 ) ;
#2809 = SURFACE_STYLE_FILL_AREA ( #186 ) ;
#2810 = LINE ( 'NONE', #2763, #2277 ) ;
#2811 = CARTESIAN_POINT ( 'NONE',  ( -8.673617379884035500E-016, 4.250000000000000000, 4.235164736271501700E-019 ) ) ;
#2812 = ADVANCED_FACE ( 'NONE', ( #343 ), #1801, .F. ) ;
#2813 = DIRECTION ( 'NONE',  ( -0.0000000000000000000, -1.000000000000000000, -0.0000000000000000000 ) ) ;
#2814 = CARTESIAN_POINT ( 'NONE',  ( 0.0000000000000000000, 3.950000000000000200, -2.450000000000000200 ) ) ;
#2815 = DIRECTION ( 'NONE',  ( 0.0000000000000000000, 0.0000000000000000000, -1.000000000000000000 ) ) ;
#2816 = ORIENTED_EDGE ( 'NONE', *, *, #898, .F. ) ;
#2817 = DIRECTION ( 'NONE',  ( 0.0000000000000000000, 0.0000000000000000000, 1.000000000000000000 ) ) ;
#2818 = CARTESIAN_POINT ( 'NONE',  ( 5.321067811865472800, 29.18565718140579800, -5.821067811865477300 ) ) ;
#2819 = VERTEX_POINT ( 'NONE', #965 ) ;
#2820 = EDGE_CURVE ( 'NONE', #1662, #475, #1042, .T. ) ;
#2821 = ADVANCED_FACE ( 'NONE', ( #964 ), #700, .T. ) ;
#2822 = PLANE ( 'NONE',  #1637 ) ;
#2823 = CARTESIAN_POINT ( 'NONE',  ( -2.350000000000000100, 1.500000000000000000, 0.0000000000000000000 ) ) ;
#2824 = CARTESIAN_POINT ( 'NONE',  ( -8.673617379884035500E-016, 3.750000000000000000, 4.235164736271501700E-019 ) ) ;
#2825 = CARTESIAN_POINT ( 'NONE',  ( 2.650000000000000400, 0.5000000000000001100, -1.349999999999999400 ) ) ;
#2826 = ORIENTED_EDGE ( 'NONE', *, *, #35, .F. ) ;
#2827 = PRODUCT_RELATED_PRODUCT_CATEGORY ( 'part', '', ( #970 ) ) ;
#2828 = VECTOR ( 'NONE', #2529, 1000.000000000000000 ) ;
#2829 = ADVANCED_FACE ( 'NONE', ( #126 ), #835, .T. ) ;
#2830 = ORIENTED_EDGE ( 'NONE', *, *, #136, .T. ) ;
#2831 = ORIENTED_EDGE ( 'NONE', *, *, #2800, .F. ) ;
#2832 = LINE ( 'NONE', #1068, #2201 ) ;
#2833 = VERTEX_POINT ( 'NONE', #991 ) ;
#2834 = ORIENTED_EDGE ( 'NONE', *, *, #1692, .T. ) ;
#2835 = CYLINDRICAL_SURFACE ( 'NONE', #824, 5.000000000000000900 ) ;
#2836 = ORIENTED_EDGE ( 'NONE', *, *, #206, .F. ) ;
#2837 = LINE ( 'NONE', #66, #1986 ) ;
#2838 = CARTESIAN_POINT ( 'NONE',  ( 2.368807716974934000, 0.2500000000000000000, 4.560838738653231400 ) ) ;
#2839 = DIRECTION ( 'NONE',  ( -0.0000000000000000000, -1.000000000000000000, -0.0000000000000000000 ) ) ;
#2840 = ORIENTED_EDGE ( 'NONE', *, *, #671, .F. ) ;
#2841 = FACE_OUTER_BOUND ( 'NONE', #255, .T. ) ;
#2842 = DIRECTION ( 'NONE',  ( -0.7071067811865475700, 0.0000000000000000000, 0.7071067811865475700 ) ) ;
#2843 = VECTOR ( 'NONE', #2015, 1000.000000000000000 ) ;
#2844 = CARTESIAN_POINT ( 'NONE',  ( 2.650000000000000400, 1.500000000000000000, -1.149999999999999900 ) ) ;
#2845 = AXIS2_PLACEMENT_3D ( 'NONE', #1440, #1727, #32 ) ;
#2846 = EDGE_CURVE ( 'NONE', #3086, #3008, #1632, .T. ) ;
#2847 = CARTESIAN_POINT ( 'NONE',  ( 2.650000000000000400, -1.300000000000000000, -1.149999999999999900 ) ) ;
#2848 = ORIENTED_EDGE ( 'NONE', *, *, #441, .T. ) ;
#2849 = EDGE_CURVE ( 'NONE', #2906, #747, #1940, .T. ) ;
#2850 = ORIENTED_EDGE ( 'NONE', *, *, #3036, .T. ) ;
#2851 = CARTESIAN_POINT ( 'NONE',  ( -0.5000000000000001100, 2.425735931288071100, 0.1499999999999999900 ) ) ;
#2852 = ADVANCED_FACE ( 'NONE', ( #2304 ), #1543, .F. ) ;
#2853 = DIRECTION ( 'NONE',  ( 1.000000000000000000, 0.0000000000000000000, 0.0000000000000000000 ) ) ;
#2854 = DIRECTION ( 'NONE',  ( 0.0000000000000000000, -1.084202172485504000E-015, 1.000000000000000000 ) ) ;
#2855 = AXIS2_PLACEMENT_3D ( 'NONE', #2619, #3056, #1291 ) ;
#2856 = LINE ( 'NONE', #1984, #1772 ) ;
#2857 = LINE ( 'NONE', #685, #1241 ) ;
#2858 = CARTESIAN_POINT ( 'NONE',  ( -5.637734478532142800, 2.316666666666666000, 1.433333333333333100 ) ) ;
#2859 = CARTESIAN_POINT ( 'NONE',  ( -0.5000000000000000000, 1.500000000000000000, 0.1499999999999999900 ) ) ;
#2860 = DIRECTION ( 'NONE',  ( 0.0000000000000000000, 0.0000000000000000000, 1.000000000000000000 ) ) ;
#2861 = ORIENTED_EDGE ( 'NONE', *, *, #1287, .T. ) ;
#2862 = VECTOR ( 'NONE', #3197, 1000.000000000000000 ) ;
#2863 = CARTESIAN_POINT ( 'NONE',  ( 3.899999999999999000, 0.1000000000000008100, 0.0000000000000000000 ) ) ;
#2864 = ORIENTED_EDGE ( 'NONE', *, *, #2072, .F. ) ;
#2865 = PLANE ( 'NONE',  #368 ) ;
#2866 = AXIS2_PLACEMENT_3D ( 'NONE', #1063, #3024, #1327 ) ;
#2867 = CARTESIAN_POINT ( 'NONE',  ( -0.5000000000000001100, 2.700000000000000200, 0.1499999999999999900 ) ) ;
#2868 = DIRECTION ( 'NONE',  ( 0.0000000000000000000, 0.0000000000000000000, 1.000000000000000000 ) ) ;
#2869 = ORIENTED_EDGE ( 'NONE', *, *, #2195, .F. ) ;
#2870 = EDGE_CURVE ( 'NONE', #2961, #344, #748, .T. ) ;
#2871 = EDGE_CURVE ( 'NONE', #3564, #2242, #1269, .T. ) ;
#2872 = CARTESIAN_POINT ( 'NONE',  ( -2.100000000000000100, 1.500000000000000000, -1.100000000000000100 ) ) ;
#2873 = PLANE ( 'NONE',  #1197 ) ;
#2874 = ORIENTED_EDGE ( 'NONE', *, *, #504, .F. ) ;
#2875 = CARTESIAN_POINT ( 'NONE',  ( 0.4999999999999997800, 2.425735931288071100, 8.944667923005411600E-016 ) ) ;
#2876 = LINE ( 'NONE', #2474, #2736 ) ;
#2877 = DIRECTION ( 'NONE',  ( 0.0000000000000000000, -0.0000000000000000000, 1.000000000000000000 ) ) ;
#2878 = EDGE_LOOP ( 'NONE', ( #634, #1116, #306, #2840 ) ) ;
#2879 = ORIENTED_EDGE ( 'NONE', *, *, #2494, .T. ) ;
#2880 = SHAPE_DEFINITION_REPRESENTATION ( #143, #897 ) ;
#2881 = VERTEX_POINT ( 'NONE', #127 ) ;
#2882 = UNCERTAINTY_MEASURE_WITH_UNIT (LENGTH_MEASURE( 1.000000000000000100E-005 ), #2465, 'distance_accuracy_value', 'NONE');
#2883 = LINE ( 'NONE', #770, #3208 ) ;
#2884 = ORIENTED_EDGE ( 'NONE', *, *, #1121, .F. ) ;
#2885 = SURFACE_STYLE_FILL_AREA ( #362 ) ;
#2886 = LINE ( 'NONE', #309, #3212 ) ;
#2887 = ORIENTED_EDGE ( 'NONE', *, *, #2938, .F. ) ;
#2888 = LINE ( 'NONE', #2144, #264 ) ;
#2889 = ORIENTED_EDGE ( 'NONE', *, *, #87, .F. ) ;
#2890 = PLANE ( 'NONE',  #1062 ) ;
#2891 = VECTOR ( 'NONE', #1310, 1000.000000000000000 ) ;
#2892 = AXIS2_PLACEMENT_3D ( 'NONE', #452, #3023, #2446 ) ;
#2893 = ADVANCED_FACE ( 'NONE', ( #2608 ), #1826, .T. ) ;
#2894 = DIRECTION ( 'NONE',  ( 1.000000000000000000, 6.972611193684161900E-032, 6.972611193684234100E-032 ) ) ;
#2895 = DIRECTION ( 'NONE',  ( -0.0000000000000000000, 1.000000000000000000, 0.0000000000000000000 ) ) ;
#2896 = ORIENTED_EDGE ( 'NONE', *, *, #2743, .F. ) ;
#2897 = EDGE_CURVE ( 'NONE', #227, #458, #174, .T. ) ;
#2898 = VERTEX_POINT ( 'NONE', #395 ) ;
#2899 = VERTEX_POINT ( 'NONE', #1284 ) ;
#2900 = CARTESIAN_POINT ( 'NONE',  ( 2.500000000000000000, 1.500000000000000000, 0.0000000000000000000 ) ) ;
#2901 = ORIENTED_EDGE ( 'NONE', *, *, #1781, .F. ) ;
#2902 = LINE ( 'NONE', #2631, #2862 ) ;
#2903 = CARTESIAN_POINT ( 'NONE',  ( 2.500000000000000400, 1.500000000000000000, -1.149999999999999900 ) ) ;
#2904 = CARTESIAN_POINT ( 'NONE',  ( -2.350000000000000500, 1.500000000000000000, -1.250000000000000000 ) ) ;
#2905 =( LENGTH_UNIT ( ) NAMED_UNIT ( * ) SI_UNIT ( .MILLI., .METRE. ) );
#2906 = VERTEX_POINT ( 'NONE', #2991 ) ;
#2907 = AXIS2_PLACEMENT_3D ( 'NONE', #1932, #232, #3290 ) ;
#2908 = ORIENTED_EDGE ( 'NONE', *, *, #1069, .F. ) ;
#2909 = CARTESIAN_POINT ( 'NONE',  ( 2.651000000000000200, 0.9000000000000003600, -1.250000000000000000 ) ) ;
#2910 = CARTESIAN_POINT ( 'NONE',  ( -2.500000000000000400, 1.500000000000000000, -0.9500000000000000700 ) ) ;
#2911 = CARTESIAN_POINT ( 'NONE',  ( -3.652565503379888100E-016, 0.0000000000000000000, 4.099999999999999600 ) ) ;
#2912 = EDGE_CURVE ( 'NONE', #1262, #3371, #605, .T. ) ;
#2913 = ORIENTED_EDGE ( 'NONE', *, *, #2340, .F. ) ;
#2914 = EDGE_CURVE ( 'NONE', #2614, #3069, #3513, .T. ) ;
#2915 = LINE ( 'NONE', #2774, #1973 ) ;
#2916 = ORIENTED_EDGE ( 'NONE', *, *, #3194, .T. ) ;
#2917 = CARTESIAN_POINT ( 'NONE',  ( 0.0000000000000000000, 3.750000000000000000, 0.0000000000000000000 ) ) ;
#2918 = LINE ( 'NONE', #2048, #831 ) ;
#2919 = ADVANCED_FACE ( 'NONE', ( #2256 ), #2997, .F. ) ;
#2920 = DIRECTION ( 'NONE',  ( 0.0000000000000000000, 0.0000000000000000000, -1.000000000000000000 ) ) ;
#2921 = VERTEX_POINT ( 'NONE', #1585 ) ;
#2922 = FACE_OUTER_BOUND ( 'NONE', #3154, .T. ) ;
#2923 = LINE ( 'NONE', #2372, #2464 ) ;
#2924 = PLANE ( 'NONE',  #3364 ) ;
#2925 = ORIENTED_EDGE ( 'NONE', *, *, #3220, .T. ) ;
#2926 = FACE_OUTER_BOUND ( 'NONE', #3423, .T. ) ;
#2927 = VERTEX_POINT ( 'NONE', #732 ) ;
#2928 = VECTOR ( 'NONE', #858, 1000.000000000000000 ) ;
#2929 = DIRECTION ( 'NONE',  ( 0.0000000000000000000, 0.0000000000000000000, -1.000000000000000000 ) ) ;
#2930 = CIRCLE ( 'NONE', #1685, 0.1499999999999999900 ) ;
#2931 = ORIENTED_EDGE ( 'NONE', *, *, #3568, .F. ) ;
#2932 = DIRECTION ( 'NONE',  ( 0.7071067811865474600, 0.0000000000000000000, -0.7071067811865474600 ) ) ;
#2933 = CARTESIAN_POINT ( 'NONE',  ( 2.651000000000000200, 0.9000000000000003600, -1.250000000000000000 ) ) ;
#2934 = ORIENTED_EDGE ( 'NONE', *, *, #2800, .T. ) ;
#2935 = CARTESIAN_POINT ( 'NONE',  ( -2.100000000000000100, 1.500000000000000000, -1.250000000000000000 ) ) ;
#2936 = CARTESIAN_POINT ( 'NONE',  ( 2.650000000000000400, 1.300000000000000300, -1.349999999999999400 ) ) ;
#2937 =( NAMED_UNIT ( * ) PLANE_ANGLE_UNIT ( ) SI_UNIT ( $, .RADIAN. ) );
#2938 = EDGE_CURVE ( 'NONE', #2693, #2995, #2967, .T. ) ;
#2939 = VECTOR ( 'NONE', #2510, 1000.000000000000000 ) ;
#2940 = EDGE_CURVE ( 'NONE', #3557, #3584, #1181, .T. ) ;
#2941 = DIRECTION ( 'NONE',  ( 0.0000000000000000000, -1.000000000000000000, 0.0000000000000000000 ) ) ;
#2942 = LINE ( 'NONE', #3270, #3530 ) ;
#2943 = FACE_OUTER_BOUND ( 'NONE', #1215, .T. ) ;
#2944 = CARTESIAN_POINT ( 'NONE',  ( 1.586760194295911200E-015, 3.250000000000000900, -7.071067811865475500 ) ) ;
#2945 = PRESENTATION_LAYER_ASSIGNMENT (  '', '', ( #857 ) ) ;
#2946 = VERTEX_POINT ( 'NONE', #1851 ) ;
#2947 = DIRECTION ( 'NONE',  ( -0.0000000000000000000, -1.000000000000000000, -0.0000000000000000000 ) ) ;
#2948 = CARTESIAN_POINT ( 'NONE',  ( 2.651000000000000200, 0.9000000000000003600, -1.250000000000000000 ) ) ;
#2949 = DIRECTION ( 'NONE',  ( 0.0000000000000000000, 0.0000000000000000000, 1.000000000000000000 ) ) ;
#2950 = EDGE_CURVE ( 'NONE', #351, #3618, #1847, .T. ) ;
#2951 = DIRECTION ( 'NONE',  ( 0.0000000000000000000, 1.000000000000000000, 0.0000000000000000000 ) ) ;
#2952 = AXIS2_PLACEMENT_3D ( 'NONE', #292, #570, #2286 ) ;
#2953 = DIRECTION ( 'NONE',  ( -1.630052028380976100E-016, 0.0000000000000000000, -1.000000000000000000 ) ) ;
#2954 = EDGE_CURVE ( 'NONE', #3594, #799, #3249, .T. ) ;
#2955 = DIRECTION ( 'NONE',  ( 2.914335439641035900E-016, -1.000000000000000000, -1.110223024625156500E-016 ) ) ;
#2956 = CARTESIAN_POINT ( 'NONE',  ( -2.100000000000000100, -0.8999999999999993600, -1.100000000000000100 ) ) ;
#2957 = VERTEX_POINT ( 'NONE', #3474 ) ;
#2958 = DIRECTION ( 'NONE',  ( -0.0000000000000000000, -1.000000000000000000, -0.0000000000000000000 ) ) ;
#2959 = VECTOR ( 'NONE', #762, 1000.000000000000000 ) ;
#2960 = ORIENTED_EDGE ( 'NONE', *, *, #1906, .F. ) ;
#2961 = VERTEX_POINT ( 'NONE', #2410 ) ;
#2962 = LINE ( 'NONE', #1660, #3464 ) ;
#2963 = VECTOR ( 'NONE', #1024, 1000.000000000000000 ) ;
#2964 = CARTESIAN_POINT ( 'NONE',  ( -2.500000000000000000, -1.500000000000000000, -0.1499999999999998600 ) ) ;
#2965 = EDGE_LOOP ( 'NONE', ( #1040, #2834, #2322, #2744 ) ) ;
#2966 = ORIENTED_EDGE ( 'NONE', *, *, #1598, .F. ) ;
#2967 = LINE ( 'NONE', #2717, #3336 ) ;
#2968 = VECTOR ( 'NONE', #851, 1000.000000000000000 ) ;
#2969 = EDGE_LOOP ( 'NONE', ( #1857, #2685, #758, #53, #3537, #2165, #2603, #2254, #2642, #2753 ) ) ;
#2970 = CARTESIAN_POINT ( 'NONE',  ( -2.121320343559644600, 4.250000000000000000, -4.949747468305832700 ) ) ;
#2971 = CARTESIAN_POINT ( 'NONE',  ( -0.5000000000000001100, 3.902081528017137000, -1.131370849898468700 ) ) ;
#2972 = CARTESIAN_POINT ( 'NONE',  ( 0.0000000000000000000, 0.0000000000000000000, 0.0000000000000000000 ) ) ;
#2973 = DIRECTION ( 'NONE',  ( -0.0000000000000000000, -1.000000000000000000, -0.0000000000000000000 ) ) ;
#2974 = CARTESIAN_POINT ( 'NONE',  ( -3.541347453047802400, 3.586691648197844800, -2.068345824098921900 ) ) ;
#2975 = CARTESIAN_POINT ( 'NONE',  ( -2.650000000000000400, -0.8999999999999993600, -0.7499999999999996700 ) ) ;
#2976 = DIRECTION ( 'NONE',  ( -3.552713678800500900E-015, 0.0000000000000000000, 1.000000000000000000 ) ) ;
#2977 = AXIS2_PLACEMENT_3D ( 'NONE', #3360, #2813, #572 ) ;
#2978 = ORIENTED_EDGE ( 'NONE', *, *, #1648, .F. ) ;
#2979 = DIRECTION ( 'NONE',  ( 1.000000000000000000, 0.0000000000000000000, 1.885568995626963800E-016 ) ) ;
#2980 = ORIENTED_EDGE ( 'NONE', *, *, #695, .F. ) ;
#2981 = ORIENTED_EDGE ( 'NONE', *, *, #3636, .F. ) ;
#2982 = EDGE_CURVE ( 'NONE', #3157, #728, #1756, .T. ) ;
#2983 = CARTESIAN_POINT ( 'NONE',  ( -3.491060010942235600, 3.750000000000000000, 2.149999999999999000 ) ) ;
#2984 = ORIENTED_EDGE ( 'NONE', *, *, #1781, .T. ) ;
#2985 = LINE ( 'NONE', #2805, #902 ) ;
#2986 = EDGE_CURVE ( 'NONE', #10, #3063, #1093, .T. ) ;
#2987 = DIRECTION ( 'NONE',  ( -0.0000000000000000000, 1.000000000000000000, -0.0000000000000000000 ) ) ;
#2988 = ORIENTED_EDGE ( 'NONE', *, *, #2384, .F. ) ;
#2989 = DIRECTION ( 'NONE',  ( -1.000000000000000000, -0.0000000000000000000, -0.0000000000000000000 ) ) ;
#2990 = ORIENTED_EDGE ( 'NONE', *, *, #3160, .F. ) ;
#2991 = CARTESIAN_POINT ( 'NONE',  ( -3.779995764119712800, 0.0000000000000000000, -1.587964742441415800 ) ) ;
#2992 = DIRECTION ( 'NONE',  ( 1.000000000000000000, 0.0000000000000000000, 0.0000000000000000000 ) ) ;
#2993 =( LENGTH_UNIT ( ) NAMED_UNIT ( * ) SI_UNIT ( .MILLI., .METRE. ) );
#2994 = AXIS2_PLACEMENT_3D ( 'NONE', #2159, #2726, #1334 ) ;
#2995 = VERTEX_POINT ( 'NONE', #1777 ) ;
#2996 = LINE ( 'NONE', #3622, #1663 ) ;
#2997 = PLANE ( 'NONE',  #3103 ) ;
#2998 = ORIENTED_EDGE ( 'NONE', *, *, #3541, .T. ) ;
#2999 = ORIENTED_EDGE ( 'NONE', *, *, #337, .T. ) ;
#3000 = CARTESIAN_POINT ( 'NONE',  ( -2.100000000000000100, -1.500000000000000000, -1.250000000000000000 ) ) ;
#3001 = EDGE_CURVE ( 'NONE', #466, #2234, #2470, .T. ) ;
#3002 = LINE ( 'NONE', #3412, #2252 ) ;
#3003 = CARTESIAN_POINT ( 'NONE',  ( -1.826156786830832200, 4.250000000000000000, 4.654583911577025100 ) ) ;
#3004 = ORIENTED_EDGE ( 'NONE', *, *, #1355, .T. ) ;
#3005 = VECTOR ( 'NONE', #419, 1000.000000000000000 ) ;
#3006 = ORIENTED_EDGE ( 'NONE', *, *, #3036, .F. ) ;
#3007 = LINE ( 'NONE', #1570, #345 ) ;
#3008 = VERTEX_POINT ( 'NONE', #384 ) ;
#3009 = ORIENTED_EDGE ( 'NONE', *, *, #3478, .T. ) ;
#3010 = VECTOR ( 'NONE', #312, 1000.000000000000000 ) ;
#3011 = FACE_OUTER_BOUND ( 'NONE', #1106, .T. ) ;
#3012 = PRODUCT_RELATED_PRODUCT_CATEGORY ( 'part', '', ( #2187 ) ) ;
#3013 = ORIENTED_EDGE ( 'NONE', *, *, #1717, .F. ) ;
#3014 = PLANE ( 'NONE',  #2188 ) ;
#3015 = CARTESIAN_POINT ( 'NONE',  ( 4.653657836759942700E-016, 3.949999999999999700, 3.799999999999999800 ) ) ;
#3016 = EDGE_LOOP ( 'NONE', ( #1989, #3048, #2143, #2908, #696, #3306, #2887, #561, #1493, #542, #1898, #1882 ) ) ;
#3017 = CIRCLE ( 'NONE', #2952, 0.3000000000000003800 ) ;
#3018 = VECTOR ( 'NONE', #522, 1000.000000000000000 ) ;
#3019 = CARTESIAN_POINT ( 'NONE',  ( 0.0000000000000000000, 0.0000000000000000000, 0.0000000000000000000 ) ) ;
#3020 = LINE ( 'NONE', #1519, #3064 ) ;
#3021 = EDGE_CURVE ( 'NONE', #672, #1271, #2923, .T. ) ;
#3022 = DIRECTION ( 'NONE',  ( -9.860761315262647600E-032, 0.7071067811865439100, 0.7071067811865512400 ) ) ;
#3023 = DIRECTION ( 'NONE',  ( 0.0000000000000000000, -1.000000000000000000, 0.0000000000000000000 ) ) ;
#3024 = DIRECTION ( 'NONE',  ( 0.0000000000000000000, 1.000000000000000000, 0.0000000000000000000 ) ) ;
#3025 = EDGE_CURVE ( 'NONE', #1889, #803, #121, .T. ) ;
#3026 = UNCERTAINTY_MEASURE_WITH_UNIT (LENGTH_MEASURE( 1.000000000000000100E-005 ), #2905, 'distance_accuracy_value', 'NONE');
#3027 = CARTESIAN_POINT ( 'NONE',  ( 0.0000000000000000000, 3.949999999999999700, -3.799999999999999800 ) ) ;
#3028 = VERTEX_POINT ( 'NONE', #3488 ) ;
#3029 = AXIS2_PLACEMENT_3D ( 'NONE', #2056, #1775, #93 ) ;
#3030 = CARTESIAN_POINT ( 'NONE',  ( 0.4999999999999998900, 2.425735931288071100, 8.944667923005411600E-016 ) ) ;
#3031 = CARTESIAN_POINT ( 'NONE',  ( 2.368807716974934000, 0.0000000000000000000, 4.560838738653231400 ) ) ;
#3032 = ADVANCED_FACE ( 'NONE', ( #1715 ), #983, .T. ) ;
#3033 = FILL_AREA_STYLE ('',( #2489 ) ) ;
#3034 = CARTESIAN_POINT ( 'NONE',  ( 2.500000000000000000, -1.500000000000000000, 0.0000000000000000000 ) ) ;
#3035 = ORIENTED_EDGE ( 'NONE', *, *, #898, .T. ) ;
#3036 = EDGE_CURVE ( 'NONE', #10, #1105, #382, .T. ) ;
#3037 = VECTOR ( 'NONE', #1628, 1000.000000000000000 ) ;
#3038 = ORIENTED_EDGE ( 'NONE', *, *, #1431, .T. ) ;
#3039 = VERTEX_POINT ( 'NONE', #113 ) ;
#3040 = FACE_OUTER_BOUND ( 'NONE', #1364, .T. ) ;
#3041 = CYLINDRICAL_SURFACE ( 'NONE', #2994, 0.3000000000000005400 ) ;
#3042 = EDGE_CURVE ( 'NONE', #573, #1586, #2383, .T. ) ;
#3043 = ORIENTED_EDGE ( 'NONE', *, *, #3572, .T. ) ;
#3044 = COLOUR_RGB ( '',0.7960784313725489700, 0.8235294117647058400, 0.9372549019607843100 ) ;
#3045 = DIRECTION ( 'NONE',  ( 0.7071067811865475700, 0.0000000000000000000, -0.7071067811865474600 ) ) ;
#3046 = EDGE_CURVE ( 'NONE', #1384, #2881, #1537, .T. ) ;
#3047 = VECTOR ( 'NONE', #3265, 1000.000000000000000 ) ;
#3048 = ORIENTED_EDGE ( 'NONE', *, *, #1616, .F. ) ;
#3049 = ADVANCED_BREP_SHAPE_REPRESENTATION ( '', ( #122, #3626 ), #1030 ) ;
#3050 = LINE ( 'NONE', #2225, #650 ) ;
#3051 = ORIENTED_EDGE ( 'NONE', *, *, #2986, .F. ) ;
#3052 = CARTESIAN_POINT ( 'NONE',  ( 3.541347453047801100, 3.586691648197847900, 2.068345824098923600 ) ) ;
#3053 = VERTEX_POINT ( 'NONE', #2936 ) ;
#3054 = ADVANCED_FACE ( 'NONE', ( #563 ), #1276, .T. ) ;
#3055 = ORIENTED_EDGE ( 'NONE', *, *, #3620, .T. ) ;
#3056 = DIRECTION ( 'NONE',  ( -0.7071067811865487900, 0.0000000000000000000, -0.7071067811865463500 ) ) ;
#3057 = EDGE_LOOP ( 'NONE', ( #3243, #3292, #165, #1489, #2981, #520, #1191, #2611, #768, #1483, #1000, #3182 ) ) ;
#3058 = CARTESIAN_POINT ( 'NONE',  ( 4.653657836759942700E-016, 4.799999999999999800, 3.799999999999999800 ) ) ;
#3059 = CARTESIAN_POINT ( 'NONE',  ( 3.491060010942230300, 3.750000000000000000, -2.149999999999999900 ) ) ;
#3060 = ADVANCED_FACE ( 'NONE', ( #785 ), #2835, .F. ) ;
#3061 = CARTESIAN_POINT ( 'NONE',  ( 2.500000000000000400, 0.5000000000000001100, -1.349999999999999400 ) ) ;
#3062 = ORIENTED_EDGE ( 'NONE', *, *, #3156, .F. ) ;
#3063 = VERTEX_POINT ( 'NONE', #2362 ) ;
#3064 = VECTOR ( 'NONE', #2958, 1000.000000000000000 ) ;
#3065 = AXIS2_PLACEMENT_3D ( 'NONE', #3226, #994, #1274 ) ;
#3066 = PLANE ( 'NONE',  #408 ) ;
#3067 = CARTESIAN_POINT ( 'NONE',  ( -2.650000000000000400, -1.500000000000000000, -0.9500000000000000700 ) ) ;
#3068 = EDGE_CURVE ( 'NONE', #3172, #680, #213, .T. ) ;
#3069 = VERTEX_POINT ( 'NONE', #132 ) ;
#3070 = CARTESIAN_POINT ( 'NONE',  ( -2.650000000000000400, 1.500000000000000000, -0.9500000000000000700 ) ) ;
#3071 = CARTESIAN_POINT ( 'NONE',  ( 3.633180424916988600, 3.250000000000000400, -1.899999999999999000 ) ) ;
#3072 = VERTEX_POINT ( 'NONE', #690 ) ;
#3073 = DIRECTION ( 'NONE',  ( 1.000000000000000000, 0.0000000000000000000, 1.885568995626963800E-016 ) ) ;
#3074 = DIRECTION ( 'NONE',  ( -1.084202172485504600E-016, 0.7071067811865511300, -0.7071067811865439100 ) ) ;
#3075 = ADVANCED_FACE ( 'NONE', ( #1793 ), #39, .T. ) ;
#3076 = CARTESIAN_POINT ( 'NONE',  ( -7.071067811865477300, 3.750000000000000000, -1.297654475193588100E-015 ) ) ;
#3077 =( GEOMETRIC_REPRESENTATION_CONTEXT ( 3 ) GLOBAL_UNCERTAINTY_ASSIGNED_CONTEXT ( ( #1678 ) ) GLOBAL_UNIT_ASSIGNED_CONTEXT ( ( #2108, #133, #2668 ) ) REPRESENTATION_CONTEXT ( 'NONE', 'WORKASPACE' ) );
#3078 = ADVANCED_FACE ( 'NONE', ( #304 ), #2417, .F. ) ;
#3079 = ORIENTED_EDGE ( 'NONE', *, *, #2456, .T. ) ;
#3080 = CARTESIAN_POINT ( 'NONE',  ( 0.4999999999999994400, 4.043502884254445800, -0.9899494936611577000 ) ) ;
#3081 = AXIS2_PLACEMENT_3D ( 'NONE', #1957, #1945, #248 ) ;
#3082 = VECTOR ( 'NONE', #2803, 1000.000000000000000 ) ;
#3083 = DIRECTION ( 'NONE',  ( 0.0000000000000000000, 1.000000000000000000, -0.0000000000000000000 ) ) ;
#3084 = DIRECTION ( 'NONE',  ( 0.0000000000000000000, 0.0000000000000000000, -1.000000000000000000 ) ) ;
#3085 = CARTESIAN_POINT ( 'NONE',  ( -5.321067811865472800, 3.750000000000000000, -2.149999999999999900 ) ) ;
#3086 = VERTEX_POINT ( 'NONE', #3255 ) ;
#3087 = VERTEX_POINT ( 'NONE', #724 ) ;
#3088 = VECTOR ( 'NONE', #3149, 1000.000000000000000 ) ;
#3089 = ORIENTED_EDGE ( 'NONE', *, *, #3271, .F. ) ;
#3090 = LINE ( 'NONE', #610, #3511 ) ;
#3091 = AXIS2_PLACEMENT_3D ( 'NONE', #2553, #2238, #856 ) ;
#3092 = LINE ( 'NONE', #3403, #1584 ) ;
#3093 = EDGE_CURVE ( 'NONE', #1308, #3430, #2560, .T. ) ;
#3094 = ORIENTED_EDGE ( 'NONE', *, *, #2912, .F. ) ;
#3095 = CYLINDRICAL_SURFACE ( 'NONE', #1996, 4.900000000000000400 ) ;
#3096 = ORIENTED_EDGE ( 'NONE', *, *, #3313, .F. ) ;
#3097 = LINE ( 'NONE', #2933, #3385 ) ;
#3098 = VECTOR ( 'NONE', #269, 1000.000000000000000 ) ;
#3099 = EDGE_CURVE ( 'NONE', #1316, #3564, #3205, .T. ) ;
#3100 = DIRECTION ( 'NONE',  ( 0.0000000000000000000, 0.0000000000000000000, -1.000000000000000000 ) ) ;
#3101 = ADVANCED_FACE ( 'NONE', ( #3040 ), #3343, .T. ) ;
#3102 = ORIENTED_EDGE ( 'NONE', *, *, #2669, .F. ) ;
#3103 = AXIS2_PLACEMENT_3D ( 'NONE', #2147, #448, #2428 ) ;
#3104 = DIRECTION ( 'NONE',  ( 0.0000000000000000000, -0.7071067811865512400, 0.7071067811865439100 ) ) ;
#3105 = EDGE_LOOP ( 'NONE', ( #1792, #2884, #142, #3261 ) ) ;
#3106 = LINE ( 'NONE', #2291, #14 ) ;
#3107 = VECTOR ( 'NONE', #1830, 1000.000000000000000 ) ;
#3108 = CARTESIAN_POINT ( 'NONE',  ( -2.500000000000000000, 1.500000000000000000, 0.0000000000000000000 ) ) ;
#3109 = VECTOR ( 'NONE', #2728, 1000.000000000000000 ) ;
#3110 = FACE_OUTER_BOUND ( 'NONE', #642, .T. ) ;
#3111 = DIRECTION ( 'NONE',  ( -0.7071067811865476800, 0.0000000000000000000, 0.7071067811865474600 ) ) ;
#3112 = DIRECTION ( 'NONE',  ( 0.0000000000000000000, 1.000000000000000000, 0.0000000000000000000 ) ) ;
#3113 = DIRECTION ( 'NONE',  ( -0.0000000000000000000, -1.000000000000000000, -0.0000000000000000000 ) ) ;
#3114 = AXIS2_PLACEMENT_3D ( 'NONE', #2811, #3083, #836 ) ;
#3115 = DIRECTION ( 'NONE',  ( 0.7071067811865474600, 0.0000000000000000000, 0.7071067811865474600 ) ) ;
#3116 = CARTESIAN_POINT ( 'NONE',  ( 0.0000000000000000000, 0.0000000000000000000, 3.799999999999999800 ) ) ;
#3117 = ORIENTED_EDGE ( 'NONE', *, *, #3138, .T. ) ;
#3118 = ADVANCED_FACE ( 'NONE', ( #960 ), #2070, .T. ) ;
#3119 = EDGE_CURVE ( 'NONE', #799, #2234, #2962, .T. ) ;
#3120 = EDGE_CURVE ( 'NONE', #2249, #2881, #3293, .T. ) ;
#3121 = CARTESIAN_POINT ( 'NONE',  ( -2.100000000000000100, 1.500000000000000000, -1.250000000000000000 ) ) ;
#3122 = DIRECTION ( 'NONE',  ( 0.0000000000000000000, 0.0000000000000000000, 1.000000000000000000 ) ) ;
#3123 = DIRECTION ( 'NONE',  ( -0.0000000000000000000, -1.000000000000000000, -0.0000000000000000000 ) ) ;
#3124 = PRESENTATION_LAYER_ASSIGNMENT (  '', '', ( #1785 ) ) ;
#3125 = CARTESIAN_POINT ( 'NONE',  ( -2.368807716974935800, 0.2500000000000000000, -4.560838738653231400 ) ) ;
#3126 = ORIENTED_EDGE ( 'NONE', *, *, #2095, .T. ) ;
#3127 = VECTOR ( 'NONE', #2779, 1000.000000000000000 ) ;
#3128 = ORIENTED_EDGE ( 'NONE', *, *, #3310, .T. ) ;
#3129 = CARTESIAN_POINT ( 'NONE',  ( -2.100000000000000100, 1.500000000000000000, -1.250000000000000000 ) ) ;
#3130 = CIRCLE ( 'NONE', #877, 3.799999999999999800 ) ;
#3131 = AXIS2_PLACEMENT_3D ( 'NONE', #2665, #665, #1538 ) ;
#3132 = CARTESIAN_POINT ( 'NONE',  ( 2.650000000000000400, -0.5000000000000000000, -1.150000000000004600 ) ) ;
#3133 = LINE ( 'NONE', #3534, #214 ) ;
#3134 = DIRECTION ( 'NONE',  ( 0.0000000000000000000, 0.0000000000000000000, -1.000000000000000000 ) ) ;
#3135 = EDGE_LOOP ( 'NONE', ( #3553, #2864, #3348, #2960 ) ) ;
#3136 = VECTOR ( 'NONE', #3225, 1000.000000000000000 ) ;
#3137 = PLANE ( 'NONE',  #973 ) ;
#3138 = EDGE_CURVE ( 'NONE', #707, #107, #2740, .T. ) ;
#3139 = LINE ( 'NONE', #150, #1150 ) ;
#3140 = CARTESIAN_POINT ( 'NONE',  ( -2.350000000000000500, 1.500000000000000000, -1.250000000000000000 ) ) ;
#3141 = AXIS2_PLACEMENT_3D ( 'NONE', #638, #3181, #2929 ) ;
#3142 = EDGE_CURVE ( 'NONE', #1217, #2617, #1626, .T. ) ;
#3143 = DIRECTION ( 'NONE',  ( 0.7071067811865365800, -0.0000000000000000000, 0.7071067811865584500 ) ) ;
#3144 = ORIENTED_EDGE ( 'NONE', *, *, #1807, .T. ) ;
#3145 = CARTESIAN_POINT ( 'NONE',  ( -2.500000000000000400, -1.500000000000000000, -0.9500000000000000700 ) ) ;
#3146 = CARTESIAN_POINT ( 'NONE',  ( -2.500000000000000000, -1.500000000000000000, -0.1499999999999998600 ) ) ;
#3147 = AXIS2_PLACEMENT_3D ( 'NONE', #1032, #472, #1950 ) ;
#3148 = CYLINDRICAL_SURFACE ( 'NONE', #746, 4.999999999999999100 ) ;
#3149 = DIRECTION ( 'NONE',  ( -9.035018104045869500E-017, -1.000000000000000000, 0.0000000000000000000 ) ) ;
#3150 = ORIENTED_EDGE ( 'NONE', *, *, #529, .F. ) ;
#3151 = CIRCLE ( 'NONE', #1433, 0.1499999999999999700 ) ;
#3152 = PLANE ( 'NONE',  #295 ) ;
#3153 = AXIS2_PLACEMENT_3D ( 'NONE', #1114, #1558, #1604 ) ;
#3154 = EDGE_LOOP ( 'NONE', ( #2084, #1091, #3460, #2302 ) ) ;
#3155 = CARTESIAN_POINT ( 'NONE',  ( 2.500000000000000400, 1.500000000000000000, -1.149999999999999900 ) ) ;
#3156 = EDGE_CURVE ( 'NONE', #2157, #1384, #1223, .T. ) ;
#3157 = VERTEX_POINT ( 'NONE', #2814 ) ;
#3158 = DIRECTION ( 'NONE',  ( -0.7071067811865475700, -0.0000000000000000000, -0.7071067811865474600 ) ) ;
#3159 = CARTESIAN_POINT ( 'NONE',  ( -2.650000000000000400, -1.500000000000000000, -1.100000000000000100 ) ) ;
#3160 = EDGE_CURVE ( 'NONE', #3512, #2406, #267, .T. ) ;
#3161 = PLANE ( 'NONE',  #1374 ) ;
#3162 = VERTEX_POINT ( 'NONE', #1288 ) ;
#3163 = LINE ( 'NONE', #3575, #1621 ) ;
#3164 = CARTESIAN_POINT ( 'NONE',  ( -2.649999999999999900, -0.8999999999999995800, -0.9500000000000000700 ) ) ;
#3165 = VERTEX_POINT ( 'NONE', #185 ) ;
#3166 = VERTEX_POINT ( 'NONE', #2727 ) ;
#3167 = CARTESIAN_POINT ( 'NONE',  ( -2.100000000000000100, 1.500000000000000000, -1.250000000000000000 ) ) ;
#3168 = LINE ( 'NONE', #630, #2300 ) ;
#3169 = CLOSED_SHELL ( 'NONE', ( #8, #862, #1385, #1357, #840, #237, #1627, #1902, #1658, #2496, #3322, #2230, #2189, #944, #875, #508, #2233, #266, #2919, #1635, #275, #1724, #283, #2006, #3604, #242, #3060, #2778, #2767, #223, #813, #1368, #3054, #774, #1647, #3341, #1987 ) ) ;
#3170 = CYLINDRICAL_SURFACE ( 'NONE', #2754, 0.2999999999999999300 ) ;
#3171 = ORIENTED_EDGE ( 'NONE', *, *, #2176, .T. ) ;
#3172 = VERTEX_POINT ( 'NONE', #463 ) ;
#3173 = LINE ( 'NONE', #1389, #2794 ) ;
#3174 = ORIENTED_EDGE ( 'NONE', *, *, #756, .T. ) ;
#3175 = VECTOR ( 'NONE', #842, 999.9999999999998900 ) ;
#3176 = CIRCLE ( 'NONE', #2509, 5.000000000000000900 ) ;
#3177 = CARTESIAN_POINT ( 'NONE',  ( -5.321067811865472800, 3.250000000000000400, -1.899999999999999900 ) ) ;
#3178 = SURFACE_SIDE_STYLE ('',( #391 ) ) ;
#3179 = ORIENTED_EDGE ( 'NONE', *, *, #1551, .F. ) ;
#3180 = EDGE_CURVE ( 'NONE', #963, #173, #2613, .T. ) ;
#3181 = DIRECTION ( 'NONE',  ( -0.0000000000000000000, -1.000000000000000000, -0.0000000000000000000 ) ) ;
#3182 = ORIENTED_EDGE ( 'NONE', *, *, #1975, .T. ) ;
#3183 = CYLINDRICAL_SURFACE ( 'NONE', #3215, 0.1499999999999999700 ) ;
#3184 = CIRCLE ( 'NONE', #3192, 0.2999999999999999300 ) ;
#3185 = PLANE ( 'NONE',  #2651 ) ;
#3186 = DIRECTION ( 'NONE',  ( 1.000000000000000000, 0.0000000000000000000, 0.0000000000000000000 ) ) ;
#3187 = VECTOR ( 'NONE', #338, 1000.000000000000000 ) ;
#3188 = SURFACE_STYLE_USAGE ( .BOTH. , #3178 ) ;
#3189 = AXIS2_PLACEMENT_3D ( 'NONE', #2491, #1936, #3308 ) ;
#3190 = VERTEX_POINT ( 'NONE', #440 ) ;
#3191 = DIRECTION ( 'NONE',  ( 1.000000000000000000, -0.0000000000000000000, -0.0000000000000000000 ) ) ;
#3192 = AXIS2_PLACEMENT_3D ( 'NONE', #1236, #1805, #1524 ) ;
#3193 = PLANE ( 'NONE',  #1231 ) ;
#3194 = EDGE_CURVE ( 'NONE', #1889, #1499, #3130, .T. ) ;
#3195 = CARTESIAN_POINT ( 'NONE',  ( 3.799999999999999800, 4.799999999999998900, 0.0000000000000000000 ) ) ;
#3196 =( NAMED_UNIT ( * ) SI_UNIT ( $, .STERADIAN. ) SOLID_ANGLE_UNIT ( ) );
#3197 = DIRECTION ( 'NONE',  ( 1.000000000000000000, 6.972611193684161900E-032, 6.972611193684234100E-032 ) ) ;
#3198 = EDGE_CURVE ( 'NONE', #2585, #1740, #1943, .T. ) ;
#3199 = ORIENTED_EDGE ( 'NONE', *, *, #671, .T. ) ;
#3200 = DIRECTION ( 'NONE',  ( -0.4082482904638632400, -0.8164965809277258100, 0.4082482904638632400 ) ) ;
#3201 = AXIS2_PLACEMENT_3D ( 'NONE', #294, #903, #560 ) ;
#3202 = LINE ( 'NONE', #3595, #1531 ) ;
#3203 = ORIENTED_EDGE ( 'NONE', *, *, #3582, .T. ) ;
#3204 = EDGE_LOOP ( 'NONE', ( #476, #3210, #1682, #1467 ) ) ;
#3205 = CIRCLE ( 'NONE', #1699, 5.000000000000000900 ) ;
#3206 = DIRECTION ( 'NONE',  ( 0.0000000000000000000, 0.0000000000000000000, -1.000000000000000000 ) ) ;
#3207 = DIRECTION ( 'NONE',  ( -0.7071067811865458000, 0.0000000000000000000, -0.7071067811865492400 ) ) ;
#3208 = VECTOR ( 'NONE', #217, 999.9999999999998900 ) ;
#3209 = SURFACE_SIDE_STYLE ('',( #1137 ) ) ;
#3210 = ORIENTED_EDGE ( 'NONE', *, *, #361, .F. ) ;
#3211 = DIRECTION ( 'NONE',  ( 0.0000000000000000000, -0.0000000000000000000, 1.000000000000000000 ) ) ;
#3212 = VECTOR ( 'NONE', #2576, 1000.000000000000000 ) ;
#3213 = AXIS2_PLACEMENT_3D ( 'NONE', #2279, #866, #2853 ) ;
#3214 = LINE ( 'NONE', #48, #2843 ) ;
#3215 = AXIS2_PLACEMENT_3D ( 'NONE', #1336, #3305, #1651 ) ;
#3216 = ORIENTED_EDGE ( 'NONE', *, *, #106, .F. ) ;
#3217 = DIRECTION ( 'NONE',  ( 1.000000000000000000, 0.0000000000000000000, 8.518296759352072400E-017 ) ) ;
#3218 = CARTESIAN_POINT ( 'NONE',  ( -5.321067811865471100, 0.0000000000000000000, 1.219191464120990200E-015 ) ) ;
#3219 = APPLICATION_CONTEXT ( 'automotive_design' ) ;
#3220 = EDGE_CURVE ( 'NONE', #2249, #24, #2746, .T. ) ;
#3221 = EDGE_CURVE ( 'NONE', #3248, #1625, #1049, .T. ) ;
#3222 = DIRECTION ( 'NONE',  ( 1.000000000000000000, 0.0000000000000000000, 0.0000000000000000000 ) ) ;
#3223 = VECTOR ( 'NONE', #443, 1000.000000000000000 ) ;
#3224 = DIRECTION ( 'NONE',  ( 0.0000000000000000000, -1.000000000000000000, 0.0000000000000000000 ) ) ;
#3225 = DIRECTION ( 'NONE',  ( -0.0000000000000000000, -1.000000000000000000, -0.0000000000000000000 ) ) ;
#3226 = CARTESIAN_POINT ( 'NONE',  ( -5.321067811865472800, 3.250000000000000000, 1.899999999999999900 ) ) ;
#3227 = VERTEX_POINT ( 'NONE', #1725 ) ;
#3228 = CARTESIAN_POINT ( 'NONE',  ( -3.561879502661793800, 2.500000000000003100, -3.367766952966373900 ) ) ;
#3229 = DIRECTION ( 'NONE',  ( 0.0000000000000000000, 0.0000000000000000000, -1.000000000000000000 ) ) ;
#3230 = DIRECTION ( 'NONE',  ( 3.771137991253928600E-016, 0.0000000000000000000, -1.000000000000000000 ) ) ;
#3231 = ORIENTED_EDGE ( 'NONE', *, *, #2846, .T. ) ;
#3232 = AXIS2_PLACEMENT_3D ( 'NONE', #1281, #3491, #705 ) ;
#3233 = CARTESIAN_POINT ( 'NONE',  ( -2.100000000000000100, 1.500000000000000000, -1.250000000000000000 ) ) ;
#3234 = CARTESIAN_POINT ( 'NONE',  ( -3.633180424916990300, 3.250000000000000400, 1.899999999999999000 ) ) ;
#3235 = DIRECTION ( 'NONE',  ( -0.0000000000000000000, 1.000000000000000000, -1.204669080539449300E-016 ) ) ;
#3236 = EDGE_CURVE ( 'NONE', #3039, #2009, #5, .T. ) ;
#3237 = APPLICATION_CONTEXT ( 'automotive_design' ) ;
#3238 = CARTESIAN_POINT ( 'NONE',  ( 2.121320343559641100, 4.250000000000000000, -4.949747468305835300 ) ) ;
#3239 = ORIENTED_EDGE ( 'NONE', *, *, #756, .F. ) ;
#3240 = DIRECTION ( 'NONE',  ( 0.0000000000000000000, 0.0000000000000000000, -1.000000000000000000 ) ) ;
#3241 = LINE ( 'NONE', #787, #1884 ) ;
#3242 = ORIENTED_EDGE ( 'NONE', *, *, #2294, .T. ) ;
#3243 = ORIENTED_EDGE ( 'NONE', *, *, #950, .F. ) ;
#3244 = LINE ( 'NONE', #651, #123 ) ;
#3245 =( GEOMETRIC_REPRESENTATION_CONTEXT ( 3 ) GLOBAL_UNCERTAINTY_ASSIGNED_CONTEXT ( ( #236 ) ) GLOBAL_UNIT_ASSIGNED_CONTEXT ( ( #2659, #83, #1487 ) ) REPRESENTATION_CONTEXT ( 'NONE', 'WORKASPACE' ) );
#3246 = ORIENTED_EDGE ( 'NONE', *, *, #64, .F. ) ;
#3247 = CIRCLE ( 'NONE', #1561, 0.5000000000000002200 ) ;
#3248 = VERTEX_POINT ( 'NONE', #2288 ) ;
#3249 = LINE ( 'NONE', #1787, #3554 ) ;
#3250 = ORIENTED_EDGE ( 'NONE', *, *, #849, .T. ) ;
#3251 = VECTOR ( 'NONE', #192, 1000.000000000000000 ) ;
#3252 = ORIENTED_EDGE ( 'NONE', *, *, #2546, .T. ) ;
#3253 = CARTESIAN_POINT ( 'NONE',  ( -1.826156786830838200, 3.750000000000000000, -4.654583911577026000 ) ) ;
#3254 = LINE ( 'NONE', #285, #482 ) ;
#3255 = CARTESIAN_POINT ( 'NONE',  ( 5.321067811865472000, 0.0000000000000000000, 1.608578643762694500 ) ) ;
#3256 = APPLICATION_PROTOCOL_DEFINITION ( 'draft international standard', 'automotive_design', 1998, #984 ) ;
#3257 = VECTOR ( 'NONE', #1448, 1000.000000000000000 ) ;
#3258 = DIRECTION ( 'NONE',  ( -1.000000000000000000, -0.0000000000000000000, -0.0000000000000000000 ) ) ;
#3259 = AXIS2_PLACEMENT_3D ( 'NONE', #2909, #1196, #1481 ) ;
#3260 = ORIENTED_EDGE ( 'NONE', *, *, #2051, .T. ) ;
#3261 = ORIENTED_EDGE ( 'NONE', *, *, #2275, .F. ) ;
#3262 = EDGE_LOOP ( 'NONE', ( #36, #160, #1267, #131 ) ) ;
#3263 = AXIS2_PLACEMENT_3D ( 'NONE', #2818, #288, #1429 ) ;
#3264 = EDGE_CURVE ( 'NONE', #2772, #3609, #3254, .T. ) ;
#3265 = DIRECTION ( 'NONE',  ( 1.000000000000000000, 0.0000000000000000000, 0.0000000000000000000 ) ) ;
#3266 = LINE ( 'NONE', #3366, #278 ) ;
#3267 = DIRECTION ( 'NONE',  ( -0.0000000000000000000, -1.000000000000000000, -0.0000000000000000000 ) ) ;
#3268 = CIRCLE ( 'NONE', #1872, 0.1499999999999999700 ) ;
#3269 = CARTESIAN_POINT ( 'NONE',  ( -8.673617379884035500E-016, 4.250000000000000000, 4.235164736271501700E-019 ) ) ;
#3270 = CARTESIAN_POINT ( 'NONE',  ( 2.651000000000000200, -0.8999999999999995800, -0.7499999999999997800 ) ) ;
#3271 = EDGE_CURVE ( 'NONE', #625, #2946, #611, .T. ) ;
#3272 = VECTOR ( 'NONE', #1123, 1000.000000000000100 ) ;
#3273 = AXIS2_PLACEMENT_3D ( 'NONE', #720, #2701, #951 ) ;
#3274 = ORIENTED_EDGE ( 'NONE', *, *, #1807, .F. ) ;
#3275 = DIRECTION ( 'NONE',  ( -1.022169000715058600E-031, 1.000000000000000000, 5.421010862427661200E-016 ) ) ;
#3276 = ORIENTED_EDGE ( 'NONE', *, *, #21, .T. ) ;
#3277 = DIRECTION ( 'NONE',  ( -0.0000000000000000000, 1.000000000000000000, 0.0000000000000000000 ) ) ;
#3278 = DIRECTION ( 'NONE',  ( 0.0000000000000000000, 1.000000000000000000, 0.0000000000000000000 ) ) ;
#3279 = CARTESIAN_POINT ( 'NONE',  ( -1.414213562373093100, 4.250000000000000000, -1.414213562373088000 ) ) ;
#3280 = CARTESIAN_POINT ( 'NONE',  ( -2.649999999999999900, -1.500000000000000000, -0.1499999999999998600 ) ) ;
#3281 = AXIS2_PLACEMENT_3D ( 'NONE', #250, #1014, #2245 ) ;
#3282 = ORIENTED_EDGE ( 'NONE', *, *, #3470, .T. ) ;
#3283 = DIRECTION ( 'NONE',  ( 0.0000000000000000000, 0.0000000000000000000, -1.000000000000000000 ) ) ;
#3284 = CIRCLE ( 'NONE', #3213, 0.2999999999999999300 ) ;
#3285 = VERTEX_POINT ( 'NONE', #1437 ) ;
#3286 = EDGE_CURVE ( 'NONE', #625, #119, #1275, .T. ) ;
#3287 = CARTESIAN_POINT ( 'NONE',  ( -2.350000000000000100, 1.500000000000000000, 0.1499999999999999900 ) ) ;
#3288 = CARTESIAN_POINT ( 'NONE',  ( 0.0000000000000000000, 3.949999999999999700, 0.0000000000000000000 ) ) ;
#3289 = EDGE_CURVE ( 'NONE', #2819, #2063, #1990, .T. ) ;
#3290 = DIRECTION ( 'NONE',  ( -1.000000000000000000, 0.0000000000000000000, -0.0000000000000000000 ) ) ;
#3291 = ORIENTED_EDGE ( 'NONE', *, *, #3221, .T. ) ;
#3292 = ORIENTED_EDGE ( 'NONE', *, *, #2025, .T. ) ;
#3293 = LINE ( 'NONE', #1841, #1041 ) ;
#3294 = CARTESIAN_POINT ( 'NONE',  ( 1.826156786830833000, 3.750000000000000000, 4.654583911577026000 ) ) ;
#3295 = DIRECTION ( 'NONE',  ( 0.0000000000000000000, 0.0000000000000000000, 1.000000000000000000 ) ) ;
#3296 = CIRCLE ( 'NONE', #931, 5.000000000000000900 ) ;
#3297 = ORIENTED_EDGE ( 'NONE', *, *, #913, .T. ) ;
#3298 = LINE ( 'NONE', #330, #2516 ) ;
#3299 = LINE ( 'NONE', #3108, #2568 ) ;
#3300 = EDGE_LOOP ( 'NONE', ( #1714, #1296, #3522, #1839 ) ) ;
#3301 = AXIS2_PLACEMENT_3D ( 'NONE', #3228, #725, #2955 ) ;
#3302 = ADVANCED_FACE ( 'NONE', ( #3469 ), #2873, .T. ) ;
#3303 = CARTESIAN_POINT ( 'NONE',  ( 4.776122516674676300E-016, 0.1000000000000008100, -3.899999999999999000 ) ) ;
#3304 = PLANE ( 'NONE',  #3610 ) ;
#3305 = DIRECTION ( 'NONE',  ( -0.0000000000000000000, -1.000000000000000000, -0.0000000000000000000 ) ) ;
#3306 = ORIENTED_EDGE ( 'NONE', *, *, #2542, .F. ) ;
#3307 = AXIS2_PLACEMENT_3D ( 'NONE', #156, #1806, #3523 ) ;
#3308 = DIRECTION ( 'NONE',  ( 0.0000000000000000000, 0.0000000000000000000, -1.000000000000000000 ) ) ;
#3309 = FACE_OUTER_BOUND ( 'NONE', #1077, .T. ) ;
#3310 = EDGE_CURVE ( 'NONE', #1497, #2382, #2433, .T. ) ;
#3311 = ORIENTED_EDGE ( 'NONE', *, *, #1510, .T. ) ;
#3312 = LINE ( 'NONE', #591, #1607 ) ;
#3313 = EDGE_CURVE ( 'NONE', #3086, #2927, #1762, .T. ) ;
#3314 = CARTESIAN_POINT ( 'NONE',  ( -7.071067811865477300, 0.0000000000000000000, -1.297654475193588100E-015 ) ) ;
#3315 = CARTESIAN_POINT ( 'NONE',  ( 0.0000000000000000000, 0.1000000000000008100, 0.0000000000000000000 ) ) ;
#3316 = PLANE ( 'NONE',  #2781 ) ;
#3317 = ADVANCED_FACE ( 'NONE', ( #1146 ), #704, .F. ) ;
#3318 = VERTEX_POINT ( 'NONE', #2010 ) ;
#3319 = AXIS2_PLACEMENT_3D ( 'NONE', #2544, #2842, #3115 ) ;
#3320 = PRODUCT_DEFINITION_SHAPE ( 'NONE', 'NONE',  #1104 ) ;
#3321 = ORIENTED_EDGE ( 'NONE', *, *, #3327, .T. ) ;
#3322 = ADVANCED_FACE ( 'NONE', ( #752 ), #3369, .F. ) ;
#3323 = AXIS2_PLACEMENT_3D ( 'NONE', #367, #3467, #103 ) ;
#3324 = CARTESIAN_POINT ( 'NONE',  ( -1.414213562373092000, 4.250000000000000000, 1.414213562373084900 ) ) ;
#3325 = CARTESIAN_POINT ( 'NONE',  ( -8.673617379884035500E-016, 0.2500000000000002200, 4.235164736271501700E-019 ) ) ;
#3326 = ORIENTED_EDGE ( 'NONE', *, *, #547, .F. ) ;
#3327 = EDGE_CURVE ( 'NONE', #1217, #1230, #1850, .T. ) ;
#3328 = VECTOR ( 'NONE', #450, 1000.000000000000000 ) ;
#3329 = ORIENTED_EDGE ( 'NONE', *, *, #956, .T. ) ;
#3330 = VERTEX_POINT ( 'NONE', #3632 ) ;
#3331 = ADVANCED_FACE ( 'NONE', ( #648 ), #2865, .T. ) ;
#3332 = VECTOR ( 'NONE', #2276, 1000.000000000000000 ) ;
#3333 = EDGE_CURVE ( 'NONE', #1271, #3434, #439, .T. ) ;
#3334 = ORIENTED_EDGE ( 'NONE', *, *, #2102, .F. ) ;
#3335 = DIRECTION ( 'NONE',  ( -0.7071067811865484600, 0.0000000000000000000, -0.7071067811865466800 ) ) ;
#3336 = VECTOR ( 'NONE', #652, 1000.000000000000000 ) ;
#3337 = DIRECTION ( 'NONE',  ( 0.0000000000000000000, 0.0000000000000000000, -1.000000000000000000 ) ) ;
#3338 = VERTEX_POINT ( 'NONE', #13 ) ;
#3339 = FACE_OUTER_BOUND ( 'NONE', #3515, .T. ) ;
#3340 = ORIENTED_EDGE ( 'NONE', *, *, #1168, .T. ) ;
#3341 = ADVANCED_FACE ( 'NONE', ( #2841 ), #1707, .F. ) ;
#3342 = DIRECTION ( 'NONE',  ( 0.0000000000000000000, 0.0000000000000000000, -1.000000000000000000 ) ) ;
#3343 = PLANE ( 'NONE',  #1438 ) ;
#3344 = CIRCLE ( 'NONE', #759, 0.1499999999999999900 ) ;
#3345 = PLANE ( 'NONE',  #2237 ) ;
#3346 = EDGE_LOOP ( 'NONE', ( #2017, #1730, #1047, #2315 ) ) ;
#3347 = ORIENTED_EDGE ( 'NONE', *, *, #2897, .T. ) ;
#3348 = ORIENTED_EDGE ( 'NONE', *, *, #3432, .F. ) ;
#3349 = CARTESIAN_POINT ( 'NONE',  ( 3.779995764119711500, 3.750000000000000000, 1.587964742441414900 ) ) ;
#3350 = DIRECTION ( 'NONE',  ( 1.000000000000000000, 0.0000000000000000000, 0.0000000000000000000 ) ) ;
#3351 = CIRCLE ( 'NONE', #245, 2.450000000000000200 ) ;
#3352 = LINE ( 'NONE', #1127, #2582 ) ;
#3353 = CARTESIAN_POINT ( 'NONE',  ( 1.587964742441414300, 0.0000000000000000000, 3.779995764119712400 ) ) ;
#3354 = VECTOR ( 'NONE', #23, 1000.000000000000000 ) ;
#3355 = ADVANCED_FACE ( 'NONE', ( #389 ), #2359, .T. ) ;
#3356 = EDGE_CURVE ( 'NONE', #144, #2693, #3344, .T. ) ;
#3357 = ORIENTED_EDGE ( 'NONE', *, *, #1873, .F. ) ;
#3358 = PLANE ( 'NONE',  #3081 ) ;
#3359 = ORIENTED_EDGE ( 'NONE', *, *, #1155, .F. ) ;
#3360 = CARTESIAN_POINT ( 'NONE',  ( 0.0000000000000000000, 0.0000000000000000000, 0.0000000000000000000 ) ) ;
#3361 = DIRECTION ( 'NONE',  ( 0.0000000000000000000, 1.000000000000000000, -0.0000000000000000000 ) ) ;
#3362 = CARTESIAN_POINT ( 'NONE',  ( -8.673617379884035500E-016, 4.250000000000000000, -5.000000000000000900 ) ) ;
#3363 = ORIENTED_EDGE ( 'NONE', *, *, #1956, .T. ) ;
#3364 = AXIS2_PLACEMENT_3D ( 'NONE', #2935, #3186, #3206 ) ;
#3365 = LINE ( 'NONE', #2477, #3546 ) ;
#3366 = CARTESIAN_POINT ( 'NONE',  ( -3.652565503379888100E-016, 3.750000000000000000, 4.099999999999999600 ) ) ;
#3367 = ADVANCED_FACE ( 'NONE', ( #3517 ), #1451, .T. ) ;
#3368 = DIRECTION ( 'NONE',  ( 0.0000000000000000000, -0.0000000000000000000, 1.000000000000000000 ) ) ;
#3369 = PLANE ( 'NONE',  #2349 ) ;
#3370 = EDGE_LOOP ( 'NONE', ( #2388, #609 ) ) ;
#3371 = VERTEX_POINT ( 'NONE', #2606 ) ;
#3372 = DIRECTION ( 'NONE',  ( -0.0000000000000000000, 1.000000000000000000, 0.0000000000000000000 ) ) ;
#3373 = DIRECTION ( 'NONE',  ( 0.7071067811865475700, 0.0000000000000000000, 0.7071067811865474600 ) ) ;
#3374 = LINE ( 'NONE', #1914, #3127 ) ;
#3375 = CARTESIAN_POINT ( 'NONE',  ( 4.714890176717308500E-016, 0.0000000000000000000, -3.799999999999999800 ) ) ;
#3376 = ORIENTED_EDGE ( 'NONE', *, *, #2765, .F. ) ;
#3377 = AXIS2_PLACEMENT_3D ( 'NONE', #2784, #1918, #1366 ) ;
#3378 = EDGE_LOOP ( 'NONE', ( #1569, #2562, #383, #3547 ) ) ;
#3379 = VECTOR ( 'NONE', #2689, 1000.000000000000000 ) ;
#3380 = EDGE_CURVE ( 'NONE', #2693, #2961, #3298, .T. ) ;
#3381 = CARTESIAN_POINT ( 'NONE',  ( -2.350000000000000100, -1.500000000000000000, 0.1499999999999999900 ) ) ;
#3382 = EDGE_LOOP ( 'NONE', ( #411, #1264, #90, #493 ) ) ;
#3383 = FACE_OUTER_BOUND ( 'NONE', #1307, .T. ) ;
#3384 = ORIENTED_EDGE ( 'NONE', *, *, #1925, .F. ) ;
#3385 = VECTOR ( 'NONE', #1742, 1000.000000000000000 ) ;
#3386 = CIRCLE ( 'NONE', #889, 0.2999999999999999300 ) ;
#3387 = EDGE_CURVE ( 'NONE', #3618, #351, #2799, .T. ) ;
#3388 = VERTEX_POINT ( 'NONE', #2595 ) ;
#3389 = CARTESIAN_POINT ( 'NONE',  ( -2.650000000000000400, 0.9000000000000003600, -0.9500000000000000700 ) ) ;
#3390 = DIRECTION ( 'NONE',  ( 0.0000000000000000000, -1.000000000000000000, 0.0000000000000000000 ) ) ;
#3391 = DIRECTION ( 'NONE',  ( 0.0000000000000000000, 0.0000000000000000000, 1.000000000000000000 ) ) ;
#3392 = DIRECTION ( 'NONE',  ( 0.0000000000000000000, 0.0000000000000000000, 1.000000000000000000 ) ) ;
#3393 = ORIENTED_EDGE ( 'NONE', *, *, #2007, .T. ) ;
#3394 = ADVANCED_BREP_SHAPE_REPRESENTATION ( '', ( #777, #3626 ), #3245 ) ;
#3395 = ADVANCED_FACE ( 'NONE', ( #2699 ), #3185, .T. ) ;
#3396 = CYLINDRICAL_SURFACE ( 'NONE', #2766, 0.3000000000000000400 ) ;
#3397 = AXIS2_PLACEMENT_3D ( 'NONE', #986, #737, #1833 ) ;
#3398 = CARTESIAN_POINT ( 'NONE',  ( -0.5000000000000001100, 2.425735931288071100, -0.1499999999999995800 ) ) ;
#3399 = ORIENTED_EDGE ( 'NONE', *, *, #1879, .F. ) ;
#3400 = SURFACE_STYLE_FILL_AREA ( #3033 ) ;
#3401 = EDGE_CURVE ( 'NONE', #3434, #2617, #3097, .T. ) ;
#3402 = CARTESIAN_POINT ( 'NONE',  ( 0.0000000000000000000, 0.9500000000000002900, -2.450000000000000200 ) ) ;
#3403 = CARTESIAN_POINT ( 'NONE',  ( 2.500000000000000400, 1.500000000000000000, -1.149999999999999900 ) ) ;
#3404 = CARTESIAN_POINT ( 'NONE',  ( 5.321067811865472800, 3.250000000000000400, -1.750000000000001600 ) ) ;
#3405 = DIRECTION ( 'NONE',  ( -0.0000000000000000000, -1.084202172485504000E-015, 1.000000000000000000 ) ) ;
#3406 = VERTEX_POINT ( 'NONE', #3436 ) ;
#3407 = EDGE_CURVE ( 'NONE', #573, #3634, #3431, .T. ) ;
#3408 = EDGE_CURVE ( 'NONE', #967, #1175, #1096, .T. ) ;
#3409 = ORIENTED_EDGE ( 'NONE', *, *, #1873, .T. ) ;
#3410 = CARTESIAN_POINT ( 'NONE',  ( 2.500000000000000400, -0.5000000000000000000, -1.150000000000004600 ) ) ;
#3411 = CARTESIAN_POINT ( 'NONE',  ( -2.350000000000000500, -1.500000000000000000, -0.9500000000000000700 ) ) ;
#3412 = CARTESIAN_POINT ( 'NONE',  ( 2.650000000000000400, 0.5000000000000001100, -1.149999999999999200 ) ) ;
#3413 = CARTESIAN_POINT ( 'NONE',  ( -2.368807716974935800, 0.0000000000000000000, -4.560838738653231400 ) ) ;
#3414 = CARTESIAN_POINT ( 'NONE',  ( -2.350000000000000100, -1.500000000000000000, -0.1499999999999999700 ) ) ;
#3415 = EDGE_LOOP ( 'NONE', ( #1630, #253, #1803, #1766, #1263, #1319, #416, #2270, #3038, #959, #1016, #120 ) ) ;
#3416 = LINE ( 'NONE', #1600, #879 ) ;
#3417 = ORIENTED_EDGE ( 'NONE', *, *, #2546, .F. ) ;
#3418 = ORIENTED_EDGE ( 'NONE', *, *, #2335, .T. ) ;
#3419 = CARTESIAN_POINT ( 'NONE',  ( -7.071067811865477300, 3.750000000000000000, -1.297654475193588100E-015 ) ) ;
#3420 = AXIS2_PLACEMENT_3D ( 'NONE', #1885, #3275, #3550 ) ;
#3421 = FACE_OUTER_BOUND ( 'NONE', #3057, .T. ) ;
#3422 = CARTESIAN_POINT ( 'NONE',  ( 2.350000000000000100, 1.500000000000000000, -0.1499999999999999900 ) ) ;
#3423 = EDGE_LOOP ( 'NONE', ( #1133, #2826, #1596, #1142, #1863, #2380, #2988, #1203, #601, #1979 ) ) ;
#3424 = ORIENTED_EDGE ( 'NONE', *, *, #2293, .F. ) ;
#3425 = LINE ( 'NONE', #2825, #2695 ) ;
#3426 = CARTESIAN_POINT ( 'NONE',  ( 1.250000000000000200, 4.250000000000000000, -5.821067811865476400 ) ) ;
#3427 = DIRECTION ( 'NONE',  ( -1.000000000000000000, 0.0000000000000000000, 0.0000000000000000000 ) ) ;
#3428 = EDGE_LOOP ( 'NONE', ( #2734, #3035, #612, #2173 ) ) ;
#3429 = FACE_OUTER_BOUND ( 'NONE', #1858, .T. ) ;
#3430 = VERTEX_POINT ( 'NONE', #1482 ) ;
#3431 = LINE ( 'NONE', #2047, #2653 ) ;
#3432 = EDGE_CURVE ( 'NONE', #3406, #1995, #1893, .T. ) ;
#3433 = DIRECTION ( 'NONE',  ( 3.942553354492742500E-016, 0.0000000000000000000, 1.000000000000000000 ) ) ;
#3434 = VERTEX_POINT ( 'NONE', #920 ) ;
#3435 = DIRECTION ( 'NONE',  ( 0.0000000000000000000, 0.7071067811865511300, -0.7071067811865439100 ) ) ;
#3436 = CARTESIAN_POINT ( 'NONE',  ( -0.5000000000000001100, 4.043502884254446700, -0.9899494936611585900 ) ) ;
#3437 = ORIENTED_EDGE ( 'NONE', *, *, #300, .F. ) ;
#3438 = EDGE_LOOP ( 'NONE', ( #139, #2366, #2980, #2137 ) ) ;
#3439 = CARTESIAN_POINT ( 'NONE',  ( -3.779995764119712800, 0.2500000000000002200, -1.587964742441415800 ) ) ;
#3440 = DIRECTION ( 'NONE',  ( 0.0000000000000000000, 0.0000000000000000000, 1.000000000000000000 ) ) ;
#3441 = DIRECTION ( 'NONE',  ( 1.000000000000000000, 0.0000000000000000000, 1.885568995626964000E-016 ) ) ;
#3442 = FACE_OUTER_BOUND ( 'NONE', #1328, .T. ) ;
#3443 = LINE ( 'NONE', #2823, #2939 ) ;
#3444 = AXIS2_PLACEMENT_3D ( 'NONE', #822, #1100, #3084 ) ;
#3445 = CARTESIAN_POINT ( 'NONE',  ( 5.321067811865472800, 0.0000000000000000000, 0.0000000000000000000 ) ) ;
#3446 = ORIENTED_EDGE ( 'NONE', *, *, #3636, .T. ) ;
#3447 = EDGE_CURVE ( 'NONE', #2073, #1901, #347, .T. ) ;
#3448 = EDGE_LOOP ( 'NONE', ( #1466, #1235, #820, #1370 ) ) ;
#3449 = CARTESIAN_POINT ( 'NONE',  ( 4.560838738653232300, 0.2500000000000000000, 2.368807716974935800 ) ) ;
#3450 = EDGE_CURVE ( 'NONE', #1662, #2224, #1798, .T. ) ;
#3451 = SHAPE_REPRESENTATION ( 'DR1050', ( #1609, #1160, #162, #3551, #3301 ), #1341 ) ;
#3452 = DIRECTION ( 'NONE',  ( -1.000000000000000000, 0.0000000000000000000, -1.885568995626964000E-016 ) ) ;
#3453 = ORIENTED_EDGE ( 'NONE', *, *, #955, .F. ) ;
#3454 = CARTESIAN_POINT ( 'NONE',  ( 3.000384657911015900E-016, 0.9500000000000002900, 2.450000000000000200 ) ) ;
#3455 = FACE_OUTER_BOUND ( 'NONE', #1640, .T. ) ;
#3456 = CARTESIAN_POINT ( 'NONE',  ( 3.464823227814082700, 3.750000000000000000, 3.464823227814082700 ) ) ;
#3457 =( NAMED_UNIT ( * ) PLANE_ANGLE_UNIT ( ) SI_UNIT ( $, .RADIAN. ) );
#3458 = DIRECTION ( 'NONE',  ( 0.0000000000000000000, 0.0000000000000000000, -1.000000000000000000 ) ) ;
#3459 = EDGE_LOOP ( 'NONE', ( #1221, #3500, #3043, #3384 ) ) ;
#3460 = ORIENTED_EDGE ( 'NONE', *, *, #682, .T. ) ;
#3461 = CARTESIAN_POINT ( 'NONE',  ( 2.500000000000000400, 0.5000000000000001100, -1.149999999999999200 ) ) ;
#3462 = FACE_OUTER_BOUND ( 'NONE', #2539, .T. ) ;
#3463 = VERTEX_POINT ( 'NONE', #68 ) ;
#3464 = VECTOR ( 'NONE', #453, 1000.000000000000100 ) ;
#3465 = ORIENTED_EDGE ( 'NONE', *, *, #2820, .T. ) ;
#3466 = FACE_OUTER_BOUND ( 'NONE', #272, .T. ) ;
#3467 = DIRECTION ( 'NONE',  ( 1.000000000000000000, -7.589415207398578400E-016, 7.589415207398501500E-016 ) ) ;
#3468 = VERTEX_POINT ( 'NONE', #3146 ) ;
#3469 = FACE_OUTER_BOUND ( 'NONE', #1835, .T. ) ;
#3470 = EDGE_CURVE ( 'NONE', #2833, #2397, #1677, .T. ) ;
#3471 = LINE ( 'NONE', #3070, #1545 ) ;
#3472 = ORIENTED_EDGE ( 'NONE', *, *, #2716, .F. ) ;
#3473 = DIRECTION ( 'NONE',  ( -0.0000000000000000000, 1.000000000000000000, 0.0000000000000000000 ) ) ;
#3474 = CARTESIAN_POINT ( 'NONE',  ( -0.5000000000000018900, 2.912132034355964500, 0.1414213562373119200 ) ) ;
#3475 = DIRECTION ( 'NONE',  ( -0.0000000000000000000, -1.000000000000000000, -0.0000000000000000000 ) ) ;
#3476 = ORIENTED_EDGE ( 'NONE', *, *, #1436, .F. ) ;
#3477 = EDGE_CURVE ( 'NONE', #3166, #2039, #1228, .T. ) ;
#3478 = EDGE_CURVE ( 'NONE', #3564, #2330, #1186, .T. ) ;
#3479 = CARTESIAN_POINT ( 'NONE',  ( -2.500000000000000400, -0.8999999999999993600, -0.9500000000000000700 ) ) ;
#3480 = ORIENTED_EDGE ( 'NONE', *, *, #1528, .T. ) ;
#3481 = PLANE ( 'NONE',  #2710 ) ;
#3482 = LINE ( 'NONE', #852, #3354 ) ;
#3483 = VECTOR ( 'NONE', #557, 1000.000000000000000 ) ;
#3484 = CARTESIAN_POINT ( 'NONE',  ( 1.414213562373094000, 4.250000000000000000, -1.414213562373094000 ) ) ;
#3485 = PRODUCT_DEFINITION_FORMATION_WITH_SPECIFIED_SOURCE ( 'ANY', '', #2731, .NOT_KNOWN. ) ;
#3486 = CARTESIAN_POINT ( 'NONE',  ( 2.500000000000000400, -0.4999999999999998900, -1.349999999999999400 ) ) ;
#3487 = LINE ( 'NONE', #2403, #3223 ) ;
#3488 = CARTESIAN_POINT ( 'NONE',  ( -2.350000000000000500, -0.8999999999999993600, -1.100000000000000100 ) ) ;
#3489 = FILL_AREA_STYLE_COLOUR ( '', #3044 ) ;
#3490 = ORIENTED_EDGE ( 'NONE', *, *, #16, .T. ) ;
#3491 = DIRECTION ( 'NONE',  ( -0.0000000000000000000, -1.000000000000000000, -0.0000000000000000000 ) ) ;
#3492 = EDGE_CURVE ( 'NONE', #1574, #2157, #567, .T. ) ;
#3493 = ORIENTED_EDGE ( 'NONE', *, *, #2195, .T. ) ;
#3494 = CARTESIAN_POINT ( 'NONE',  ( 2.500000000000000400, 0.5000000000000001100, -1.349999999999999400 ) ) ;
#3495 = AXIS2_PLACEMENT_3D ( 'NONE', #2867, #586, #2281 ) ;
#3496 = EDGE_CURVE ( 'NONE', #3190, #3028, #1500, .T. ) ;
#3497 =( NAMED_UNIT ( * ) PLANE_ANGLE_UNIT ( ) SI_UNIT ( $, .RADIAN. ) );
#3498 = DIRECTION ( 'NONE',  ( 0.0000000000000000000, -1.000000000000000000, -1.141265444721584000E-016 ) ) ;
#3499 = UNCERTAINTY_MEASURE_WITH_UNIT (LENGTH_MEASURE( 1.000000000000000100E-005 ), #2993, 'distance_accuracy_value', 'NONE');
#3500 = ORIENTED_EDGE ( 'NONE', *, *, #1709, .T. ) ;
#3501 = AXIS2_PLACEMENT_3D ( 'NONE', #1523, #111, #104 ) ;
#3502 = VECTOR ( 'NONE', #1840, 1000.000000000000000 ) ;
#3503 = ORIENTED_EDGE ( 'NONE', *, *, #410, .F. ) ;
#3504 = ORIENTED_EDGE ( 'NONE', *, *, #109, .F. ) ;
#3505 = EDGE_LOOP ( 'NONE', ( #2777, #263, #514, #1251 ) ) ;
#3506 = LINE ( 'NONE', #1854, #1716 ) ;
#3507 = CARTESIAN_POINT ( 'NONE',  ( -5.321067811865472800, 3.250000000000000400, -1.899999999999999900 ) ) ;
#3508 =( NAMED_UNIT ( * ) PLANE_ANGLE_UNIT ( ) SI_UNIT ( $, .RADIAN. ) );
#3509 = DIRECTION ( 'NONE',  ( -0.0000000000000000000, -5.421010862427661200E-016, 1.000000000000000000 ) ) ;
#3510 = ORIENTED_EDGE ( 'NONE', *, *, #1436, .T. ) ;
#3511 = VECTOR ( 'NONE', #1459, 1000.000000000000000 ) ;
#3512 = VERTEX_POINT ( 'NONE', #3375 ) ;
#3513 = LINE ( 'NONE', #164, #3047 ) ;
#3514 = AXIS2_PLACEMENT_3D ( 'NONE', #2752, #2196, #498 ) ;
#3515 = EDGE_LOOP ( 'NONE', ( #2338, #1746, #2565, #1338 ) ) ;
#3516 = FACE_OUTER_BOUND ( 'NONE', #2298, .T. ) ;
#3517 = FACE_OUTER_BOUND ( 'NONE', #3135, .T. ) ;
#3518 = UNCERTAINTY_MEASURE_WITH_UNIT (LENGTH_MEASURE( 1.000000000000000100E-005 ), #2436, 'distance_accuracy_value', 'NONE');
#3519 = DIRECTION ( 'NONE',  ( 0.7071067811865474600, 0.0000000000000000000, 0.7071067811865475700 ) ) ;
#3520 = EDGE_CURVE ( 'NONE', #366, #2023, #86, .T. ) ;
#3521 = CARTESIAN_POINT ( 'NONE',  ( -3.541347453047803300, 3.586691648197847000, 2.068345824098923200 ) ) ;
#3522 = ORIENTED_EDGE ( 'NONE', *, *, #2735, .F. ) ;
#3523 = DIRECTION ( 'NONE',  ( 0.0000000000000000000, 0.7071067811865439100, 0.7071067811865513500 ) ) ;
#3524 = CARTESIAN_POINT ( 'NONE',  ( -2.350000000000000500, 0.9000000000000003600, -0.9500000000000000700 ) ) ;
#3525 = PRODUCT_CONTEXT ( 'NONE', #997, 'mechanical' ) ;
#3526 = DIRECTION ( 'NONE',  ( -1.000000000000000000, -0.0000000000000000000, -0.0000000000000000000 ) ) ;
#3527 = EDGE_CURVE ( 'NONE', #1541, #3285, #2255, .T. ) ;
#3528 = EDGE_LOOP ( 'NONE', ( #2733, #3504, #839, #1749 ) ) ;
#3529 = ORIENTED_EDGE ( 'NONE', *, *, #3588, .F. ) ;
#3530 = VECTOR ( 'NONE', #3526, 1000.000000000000000 ) ;
#3531 = VECTOR ( 'NONE', #1260, 1000.000000000000000 ) ;
#3532 = CARTESIAN_POINT ( 'NONE',  ( 3.535533905932736900, 4.250000000000000000, 3.535533905932739100 ) ) ;
#3533 = CARTESIAN_POINT ( 'NONE',  ( 0.4999999999999977200, 2.912132034355963600, 0.1414213562373126700 ) ) ;
#3534 = CARTESIAN_POINT ( 'NONE',  ( 1.414213562373094300, 3.750000000000000000, 1.414213562373090700 ) ) ;
#3535 = ORIENTED_EDGE ( 'NONE', *, *, #1692, .F. ) ;
#3536 = DIRECTION ( 'NONE',  ( 0.0000000000000000000, 0.0000000000000000000, 1.000000000000000000 ) ) ;
#3537 = ORIENTED_EDGE ( 'NONE', *, *, #2452, .T. ) ;
#3538 = DIRECTION ( 'NONE',  ( 0.7071067811865477900, 0.0000000000000000000, -0.7071067811865473500 ) ) ;
#3539 = CARTESIAN_POINT ( 'NONE',  ( -2.650000000000000400, 1.500000000000000000, -0.9500000000000000700 ) ) ;
#3540 = CARTESIAN_POINT ( 'NONE',  ( 0.0000000000000000000, 0.0000000000000000000, 0.0000000000000000000 ) ) ;
#3541 = EDGE_CURVE ( 'NONE', #3162, #751, #1453, .T. ) ;
#3542 = DIRECTION ( 'NONE',  ( -1.000000000000000000, -6.972611193684161900E-032, -6.972611193684234100E-032 ) ) ;
#3543 = PRODUCT_CONTEXT ( 'NONE', #692, 'mechanical' ) ;
#3544 = CARTESIAN_POINT ( 'NONE',  ( -2.350000000000000500, -1.500000000000000000, -1.100000000000000100 ) ) ;
#3545 = ORIENTED_EDGE ( 'NONE', *, *, #2938, .T. ) ;
#3546 = VECTOR ( 'NONE', #2227, 1000.000000000000000 ) ;
#3547 = ORIENTED_EDGE ( 'NONE', *, *, #1738, .T. ) ;
#3548 = ORIENTED_EDGE ( 'NONE', *, *, #594, .T. ) ;
#3549 = CIRCLE ( 'NONE', #3131, 4.999999999999999100 ) ;
#3550 = DIRECTION ( 'NONE',  ( 0.0000000000000000000, -5.421010862427661200E-016, 1.000000000000000000 ) ) ;
#3551 = AXIS2_PLACEMENT_3D ( 'NONE', #976, #1552, #1829 ) ;
#3552 = EDGE_LOOP ( 'NONE', ( #2990, #3359, #2998, #3004 ) ) ;
#3553 = ORIENTED_EDGE ( 'NONE', *, *, #203, .F. ) ;
#3554 = VECTOR ( 'NONE', #2947, 1000.000000000000000 ) ;
#3555 = ORIENTED_EDGE ( 'NONE', *, *, #849, .F. ) ;
#3556 = LINE ( 'NONE', #917, #565 ) ;
#3557 = VERTEX_POINT ( 'NONE', #3413 ) ;
#3558 = DIRECTION ( 'NONE',  ( 1.000000000000000000, -0.0000000000000000000, -0.0000000000000000000 ) ) ;
#3559 = VECTOR ( 'NONE', #1125, 1000.000000000000000 ) ;
#3560 = CARTESIAN_POINT ( 'NONE',  ( 1.250000000000000200, 0.0000000000000000000, -5.821067811865476400 ) ) ;
#3561 = CIRCLE ( 'NONE', #117, 4.099999999999999600 ) ;
#3562 = CARTESIAN_POINT ( 'NONE',  ( -2.649999999999999900, 0.9000000000000003600, -0.7500000000000000000 ) ) ;
#3563 = AXIS2_PLACEMENT_3D ( 'NONE', #2175, #3267, #2745 ) ;
#3564 = VERTEX_POINT ( 'NONE', #1469 ) ;
#3565 = PLANE ( 'NONE',  #3420 ) ;
#3566 = ORIENTED_EDGE ( 'NONE', *, *, #1022, .F. ) ;
#3567 = AXIS2_PLACEMENT_3D ( 'NONE', #1413, #584, #3100 ) ;
#3568 = EDGE_CURVE ( 'NONE', #1415, #2249, #1401, .T. ) ;
#3569 = VECTOR ( 'NONE', #3405, 1000.000000000000000 ) ;
#3570 = LINE ( 'NONE', #948, #2757 ) ;
#3571 = DIRECTION ( 'NONE',  ( -1.084202172485504600E-016, 0.7071067811865511300, -0.7071067811865439100 ) ) ;
#3572 = EDGE_CURVE ( 'NONE', #2626, #3602, #3090, .T. ) ;
#3573 = VECTOR ( 'NONE', #1843, 1000.000000000000000 ) ;
#3574 = VECTOR ( 'NONE', #2091, 1000.000000000000000 ) ;
#3575 = CARTESIAN_POINT ( 'NONE',  ( -2.100000000000000100, -1.500000000000000000, -1.250000000000000000 ) ) ;
#3576 = AXIS2_PLACEMENT_3D ( 'NONE', #158, #535, #1102 ) ;
#3577 = ORIENTED_EDGE ( 'NONE', *, *, #2849, .T. ) ;
#3578 = EDGE_LOOP ( 'NONE', ( #1283, #3472, #393, #2409 ) ) ;
#3579 = DIRECTION ( 'NONE',  ( 0.0000000000000000000, -1.000000000000000000, 0.0000000000000000000 ) ) ;
#3580 = DIRECTION ( 'NONE',  ( -8.518296759352072400E-017, 0.0000000000000000000, 1.000000000000000000 ) ) ;
#3581 = ORIENTED_EDGE ( 'NONE', *, *, #1407, .T. ) ;
#3582 = EDGE_CURVE ( 'NONE', #2061, #331, #2469, .T. ) ;
#3583 = ADVANCED_FACE ( 'NONE', ( #2303 ), #2268, .F. ) ;
#3584 = VERTEX_POINT ( 'NONE', #3125 ) ;
#3585 = EDGE_CURVE ( 'NONE', #1938, #2382, #2208, .T. ) ;
#3586 = CARTESIAN_POINT ( 'NONE',  ( 0.4999999999999998900, 3.902081528017137000, -1.131370849898468700 ) ) ;
#3587 = PLANE ( 'NONE',  #2263 ) ;
#3588 = EDGE_CURVE ( 'NONE', #1222, #1217, #1670, .T. ) ;
#3589 = VECTOR ( 'NONE', #3579, 1000.000000000000000 ) ;
#3590 = DIRECTION ( 'NONE',  ( 0.0000000000000000000, 0.0000000000000000000, 1.000000000000000000 ) ) ;
#3591 = ADVANCED_FACE ( 'NONE', ( #260 ), #880, .T. ) ;
#3592 = PLANE ( 'NONE',  #2636 ) ;
#3593 = ORIENTED_EDGE ( 'NONE', *, *, #390, .F. ) ;
#3594 = VERTEX_POINT ( 'NONE', #1432 ) ;
#3595 = CARTESIAN_POINT ( 'NONE',  ( -2.500000000000000000, 1.500000000000000000, 0.0000000000000000000 ) ) ;
#3596 = CYLINDRICAL_SURFACE ( 'NONE', #1347, 0.5000000000000000000 ) ;
#3597 = EDGE_LOOP ( 'NONE', ( #2646, #2507, #1912, #1926 ) ) ;
#3598 = ORIENTED_EDGE ( 'NONE', *, *, #410, .T. ) ;
#3599 = VECTOR ( 'NONE', #1234, 1000.000000000000100 ) ;
#3600 = ORIENTED_EDGE ( 'NONE', *, *, #2294, .F. ) ;
#3601 = VECTOR ( 'NONE', #2615, 1000.000000000000000 ) ;
#3602 = VERTEX_POINT ( 'NONE', #3404 ) ;
#3603 = ITEM_DEFINED_TRANSFORMATION ( 'NONE', 'NONE', #3551,  #3626 ) ;
#3604 = ADVANCED_FACE ( 'NONE', ( #1631 ), #1443, .F. ) ;
#3605 = DIRECTION ( 'NONE',  ( 0.0000000000000000000, 0.0000000000000000000, -1.000000000000000000 ) ) ;
#3606 = PLANE ( 'NONE',  #2451 ) ;
#3607 = CARTESIAN_POINT ( 'NONE',  ( -2.040369922269604200E-015, 2.912132034355964000, 0.1414213562373123100 ) ) ;
#3608 = CARTESIAN_POINT ( 'NONE',  ( 2.500000000000000400, -1.300000000000000000, -1.150000000000004600 ) ) ;
#3609 = VERTEX_POINT ( 'NONE', #2590 ) ;
#3610 = AXIS2_PLACEMENT_3D ( 'NONE', #1572, #1031, #3580 ) ;
#3611 = ADVANCED_FACE ( 'NONE', ( #641 ), #319, .F. ) ;
#3612 = DIRECTION ( 'NONE',  ( -0.0000000000000000000, -1.000000000000000000, -0.0000000000000000000 ) ) ;
#3613 = DIRECTION ( 'NONE',  ( -3.771137991253928100E-016, 0.0000000000000000000, 1.000000000000000000 ) ) ;
#3614 = ORIENTED_EDGE ( 'NONE', *, *, #462, .T. ) ;
#3615 = EDGE_LOOP ( 'NONE', ( #73, #3555, #1917, #2672, #1268, #3291, #1768, #422, #277 ) ) ;
#3616 = PRODUCT_DEFINITION_SHAPE ( 'NONE', 'NONE',  #3645 ) ;
#3617 = ADVANCED_FACE ( 'NONE', ( #923 ), #3170, .T. ) ;
#3618 = VERTEX_POINT ( 'NONE', #97 ) ;
#3619 = FACE_OUTER_BOUND ( 'NONE', #2878, .T. ) ;
#3620 = EDGE_CURVE ( 'NONE', #364, #1222, #887, .T. ) ;
#3621 = DIRECTION ( 'NONE',  ( -0.7071067811865474600, 0.0000000000000000000, 0.7071067811865475700 ) ) ;
#3622 = CARTESIAN_POINT ( 'NONE',  ( 1.615291830413950700E-015, 0.0000000000000000000, -7.071067811865475500 ) ) ;
#3623 = DIRECTION ( 'NONE',  ( 0.0000000000000000000, -1.000000000000000000, 0.0000000000000000000 ) ) ;
#3624 = ORIENTED_EDGE ( 'NONE', *, *, #224, .T. ) ;
#3625 = PLANE ( 'NONE',  #524 ) ;
#3626 = AXIS2_PLACEMENT_3D ( 'NONE', #2058, #1526, #1788 ) ;
#3627 = ADVANCED_FACE ( 'NONE', ( #2164 ), #2038, .F. ) ;
#3628 = ORIENTED_EDGE ( 'NONE', *, *, #228, .T. ) ;
#3629 = CARTESIAN_POINT ( 'NONE',  ( -2.649999999999999900, -0.8999999999999995800, -1.249999999999999800 ) ) ;
#3630 = DIRECTION ( 'NONE',  ( 0.0000000000000000000, 0.0000000000000000000, -1.000000000000000000 ) ) ;
#3631 = ADVANCED_FACE ( 'NONE', ( #2922 ), #307, .T. ) ;
#3632 = CARTESIAN_POINT ( 'NONE',  ( -1.826156786830832200, 3.750000000000000000, 4.654583911577025100 ) ) ;
#3633 = CARTESIAN_POINT ( 'NONE',  ( 0.4999999999999994400, 3.371751442127223400, -0.5303300858899056000 ) ) ;
#3634 = VERTEX_POINT ( 'NONE', #3164 ) ;
#3635 = LINE ( 'NONE', #841, #2519 ) ;
#3636 = EDGE_CURVE ( 'NONE', #2073, #340, #3247, .T. ) ;
#3637 = EDGE_LOOP ( 'NONE', ( #1001, #972, #115, #566, #327, #1163 ) ) ;
#3638 = ORIENTED_EDGE ( 'NONE', *, *, #1306, .F. ) ;
#3639 = FACE_BOUND ( 'NONE', #1400, .T. ) ;
#3640 = EDGE_CURVE ( 'NONE', #2921, #340, #1754, .T. ) ;
#3641 = ORIENTED_EDGE ( 'NONE', *, *, #950, .T. ) ;
#3642 = VECTOR ( 'NONE', #2076, 1000.000000000000000 ) ;
#3643 = LINE ( 'NONE', #2900, #305 ) ;
#3644 = NEXT_ASSEMBLY_USAGE_OCCURRENCE ( 'NAUO1', ' ', ' ', #1104, #1533, $ ) ;
#3645 = NEXT_ASSEMBLY_USAGE_OCCURRENCE ( 'NAUO2', ' ', ' ', #1104, #396, $ ) ;
#3646 = NEXT_ASSEMBLY_USAGE_OCCURRENCE ( 'NAUO3', ' ', ' ', #1104, #211, $ ) ;
#3647 = NEXT_ASSEMBLY_USAGE_OCCURRENCE ( 'NAUO4', ' ', ' ', #1104, #211, $ ) ;
ENDSEC;
END-ISO-10303-21;
