ISO-10303-21;
HEADER;
FILE_DESCRIPTION (( 'STEP AP214' ),
    '1' );
FILE_NAME ('RBE01VYM6AFHTR.STEP',
    '2025-03-14T14:08:55',
    ( '' ),
    ( '' ),
    'SwSTEP 2.0',
    'SolidWorks 2023',
    '' );
FILE_SCHEMA (( 'AUTOMOTIVE_DESIGN' ));
ENDSEC;

DATA;
#1 = SURFACE_STYLE_FILL_AREA ( #933 ) ;
#2 = ORIENTED_EDGE ( 'NONE', *, *, #248, .T. ) ;
#3 =( NAMED_UNIT ( * ) PLANE_ANGLE_UNIT ( ) SI_UNIT ( $, .RADIAN. ) );
#4 = MECHANICAL_DESIGN_GEOMETRIC_PRESENTATION_REPRESENTATION (  '', ( #2178 ), #1582 ) ;
#5 =( LENGTH_UNIT ( ) NAMED_UNIT ( * ) SI_UNIT ( .MILLI., .METRE. ) );
#6 = EDGE_CURVE ( 'NONE', #580, #2175, #764, .T. ) ;
#7 = PRODUCT_DEFINITION_FORMATION_WITH_SPECIFIED_SOURCE ( 'ANY', '', #2059, .NOT_KNOWN. ) ;
#8 = PRESENTATION_STYLE_ASSIGNMENT (( #1655 ) ) ;
#9 = ORIENTED_EDGE ( 'NONE', *, *, #1937, .F. ) ;
#10 = DIRECTION ( 'NONE',  ( -1.000000000000000000, -0.000000000000000000, -0.000000000000000000 ) ) ;
#11 = SURFACE_STYLE_USAGE ( .BOTH. , #1979 ) ;
#12 = VECTOR ( 'NONE', #1573, 1000.000000000000000 ) ;
#13 = ADVANCED_BREP_SHAPE_REPRESENTATION ( '', ( #943, #1958 ), #1959 ) ;
#14 = FILL_AREA_STYLE ('',( #2192 ) ) ;
#15 = FILL_AREA_STYLE ('',( #1808 ) ) ;
#16 = MECHANICAL_DESIGN_GEOMETRIC_PRESENTATION_REPRESENTATION (  '', ( #262 ), #692 ) ;
#17 = STYLED_ITEM ( 'NONE', ( #405 ), #2261 ) ;
#18 = FACE_OUTER_BOUND ( 'NONE', #1425, .T. ) ;
#19 = EDGE_CURVE ( 'NONE', #1850, #1041, #775, .T. ) ;
#20 = DIRECTION ( 'NONE',  ( 5.832372732111865150E-17, -1.000000000000000000, -0.000000000000000000 ) ) ;
#21 = ORIENTED_EDGE ( 'NONE', *, *, #1393, .F. ) ;
#22 = SHAPE_REPRESENTATION ( '3D_Model_TUMD2M_Rev0-prt2', ( #1958 ), #97 ) ;
#23 = ORIENTED_EDGE ( 'NONE', *, *, #1338, .F. ) ;
#24 = DIRECTION ( 'NONE',  ( 0.000000000000000000, 1.387778780779999995E-17, 1.000000000000000000 ) ) ;
#25 = FILL_AREA_STYLE_COLOUR ( '', #1428 ) ;
#26 = EDGE_LOOP ( 'NONE', ( #1790, #1862, #2337, #1243 ) ) ;
#27 = COLOUR_RGB ( '',0.7529411764705882248, 0.7529411764705882248, 0.7529411764705882248 ) ;
#28 = FILL_AREA_STYLE ('',( #1543 ) ) ;
#29 = MECHANICAL_DESIGN_GEOMETRIC_PRESENTATION_REPRESENTATION (  '', ( #1414 ), #1267 ) ;
#30 = DIRECTION ( 'NONE',  ( 0.000000000000000000, -1.000000000000000000, 0.000000000000000000 ) ) ;
#31 =( NAMED_UNIT ( * ) SI_UNIT ( $, .STERADIAN. ) SOLID_ANGLE_UNIT ( ) );
#32 = COLOUR_RGB ( '',0.2862745098039215508, 0.2862745098039215508, 0.2862745098039215508 ) ;
#33 = DIRECTION ( 'NONE',  ( -1.000000000000000000, -0.000000000000000000, 0.000000000000000000 ) ) ;
#34 = VERTEX_POINT ( 'NONE', #1120 ) ;
#35 = PRODUCT_RELATED_PRODUCT_CATEGORY ( 'part', '', ( #931 ) ) ;
#36 =( LENGTH_UNIT ( ) NAMED_UNIT ( * ) SI_UNIT ( .MILLI., .METRE. ) );
#37 = CONTEXT_DEPENDENT_SHAPE_REPRESENTATION ( #577, #1368 ) ;
#38 =( REPRESENTATION_RELATIONSHIP ('NONE','NONE', #2282, #739 ) REPRESENTATION_RELATIONSHIP_WITH_TRANSFORMATION ( #439 )SHAPE_REPRESENTATION_RELATIONSHIP( ) );
#39 = UNCERTAINTY_MEASURE_WITH_UNIT (LENGTH_MEASURE( 1.000000000000000082E-05 ), #1270, 'distance_accuracy_value', 'NONE');
#40 = ORIENTED_EDGE ( 'NONE', *, *, #518, .T. ) ;
#41 = FILL_AREA_STYLE ('',( #1538 ) ) ;
#42 = SURFACE_STYLE_FILL_AREA ( #771 ) ;
#43 =( NAMED_UNIT ( * ) PLANE_ANGLE_UNIT ( ) SI_UNIT ( $, .RADIAN. ) );
#44 = VECTOR ( 'NONE', #1502, 1000.000000000000000 ) ;
#45 = SURFACE_SIDE_STYLE ('',( #1530 ) ) ;
#46 = SURFACE_STYLE_FILL_AREA ( #28 ) ;
#47 = DIRECTION ( 'NONE',  ( -0.000000000000000000, -1.000000000000000000, 1.387778780779999995E-17 ) ) ;
#48 = FILL_AREA_STYLE_COLOUR ( '', #1402 ) ;
#49 =( LENGTH_UNIT ( ) NAMED_UNIT ( * ) SI_UNIT ( .MILLI., .METRE. ) );
#50 = VERTEX_POINT ( 'NONE', #741 ) ;
#51 = ORIENTED_EDGE ( 'NONE', *, *, #313, .T. ) ;
#52 = SURFACE_SIDE_STYLE ('',( #404 ) ) ;
#53 = STYLED_ITEM ( 'NONE', ( #579 ), #1366 ) ;
#54 = EDGE_CURVE ( 'NONE', #1365, #1398, #1460, .T. ) ;
#55 = DIRECTION ( 'NONE',  ( 0.000000000000000000, 1.000000000000000000, -1.387778780779999995E-17 ) ) ;
#56 = FACE_OUTER_BOUND ( 'NONE', #882, .T. ) ;
#57 = PRODUCT_DEFINITION_SHAPE ( 'NONE', 'NONE',  #1294 ) ;
#58 = VECTOR ( 'NONE', #1453, 1000.000000000000000 ) ;
#59 = CARTESIAN_POINT ( 'NONE',  ( -0.4000000000000000222, 0.8799999878919999574, 0.1700000000000000122 ) ) ;
#60 = AXIS2_PLACEMENT_3D ( 'NONE', #1461, #388, #1105 ) ;
#61 = CARTESIAN_POINT ( 'NONE',  ( -0.4800000000000000377, 0.7999999878919997753, 0.1869999999999999996 ) ) ;
#62 = ORIENTED_EDGE ( 'NONE', *, *, #2158, .T. ) ;
#63 = UNCERTAINTY_MEASURE_WITH_UNIT (LENGTH_MEASURE( 1.000000000000000082E-05 ), #1135, 'distance_accuracy_value', 'NONE');
#64 = VERTEX_POINT ( 'NONE', #380 ) ;
#65 = SURFACE_SIDE_STYLE ('',( #785 ) ) ;
#66 = PLANE ( 'NONE',  #1881 ) ;
#67 = LINE ( 'NONE', #1843, #782 ) ;
#68 = DIRECTION ( 'NONE',  ( -7.806255641899999934E-18, 1.000000000000000000, 0.000000000000000000 ) ) ;
#69 = ADVANCED_FACE ( 'NONE', ( #1491 ), #190, .T. ) ;
#70 = AXIS2_PLACEMENT_3D ( 'NONE', #1074, #1045, #1219 ) ;
#71 = EDGE_CURVE ( 'NONE', #2056, #1559, #1207, .T. ) ;
#72 = CARTESIAN_POINT ( 'NONE',  ( -0.6842520405652317006, 0.9842520405651160598, 0.01999999999996959418 ) ) ;
#73 = AXIS2_PLACEMENT_3D ( 'NONE', #583, #1993, #1316 ) ;
#74 = DIRECTION ( 'NONE',  ( -0.000000000000000000, -1.000000000000000000, 1.387778780779999995E-17 ) ) ;
#75 = VECTOR ( 'NONE', #1667, 1000.000000000000000 ) ;
#76 = MECHANICAL_DESIGN_GEOMETRIC_PRESENTATION_REPRESENTATION (  '', ( #389 ), #1415 ) ;
#77 = ORIENTED_EDGE ( 'NONE', *, *, #2363, .F. ) ;
#78 = DIRECTION ( 'NONE',  ( -7.806255641899999934E-18, 1.000000000000000000, 0.000000000000000000 ) ) ;
#79 = SURFACE_STYLE_FILL_AREA ( #1760 ) ;
#80 = DIRECTION ( 'NONE',  ( -1.000000000000000000, -0.000000000000000000, 0.000000000000000000 ) ) ;
#81 = CARTESIAN_POINT ( 'NONE',  ( -0.4800000000000000377, 0.8799999878919999574, 0.1700000000000000122 ) ) ;
#82 = DIRECTION ( 'NONE',  ( 1.109442399059999992E-14, 1.000000000000000000, 1.387778780779999995E-17 ) ) ;
#83 = VECTOR ( 'NONE', #1672, 1000.000000000000000 ) ;
#84 = DIRECTION ( 'NONE',  ( 0.000000000000000000, 1.000000000000000000, -1.387778780779999995E-17 ) ) ;
#85 =( LENGTH_UNIT ( ) NAMED_UNIT ( * ) SI_UNIT ( .MILLI., .METRE. ) );
#86 = ADVANCED_FACE ( 'NONE', ( #816 ), #2281, .F. ) ;
#87 = LINE ( 'NONE', #1363, #2039 ) ;
#88 = CARTESIAN_POINT ( 'NONE',  ( -0.6999999999999175770, -0.9999999999998898659, 0.1999999999999658162 ) ) ;
#89 = ORIENTED_EDGE ( 'NONE', *, *, #202, .F. ) ;
#90 = PRESENTATION_LAYER_ASSIGNMENT (  '', '', ( #670 ) ) ;
#91 = LINE ( 'NONE', #1892, #928 ) ;
#92 = PLANE ( 'NONE',  #336 ) ;
#93 = DIRECTION ( 'NONE',  ( 1.000000000000000000, 0.000000000000000000, 0.000000000000000000 ) ) ;
#94 = AXIS2_PLACEMENT_3D ( 'NONE', #2081, #1728, #861 ) ;
#95 = DIRECTION ( 'NONE',  ( 0.000000000000000000, 1.000000000000000000, -1.387778780779999995E-17 ) ) ;
#96 = VECTOR ( 'NONE', #1153, 1000.000000000000000 ) ;
#97 =( GEOMETRIC_REPRESENTATION_CONTEXT ( 3 ) GLOBAL_UNCERTAINTY_ASSIGNED_CONTEXT ( ( #125 ) ) GLOBAL_UNIT_ASSIGNED_CONTEXT ( ( #1771, #1738, #2319 ) ) REPRESENTATION_CONTEXT ( 'NONE', 'WORKASPACE' ) );
#98 = UNCERTAINTY_MEASURE_WITH_UNIT (LENGTH_MEASURE( 1.000000000000000082E-05 ), #2266, 'distance_accuracy_value', 'NONE');
#99 =( NAMED_UNIT ( * ) SI_UNIT ( $, .STERADIAN. ) SOLID_ANGLE_UNIT ( ) );
#100 = CARTESIAN_POINT ( 'NONE',  ( 0.6999999999999999556, 1.199999999999999956, 0.2000000000000000111 ) ) ;
#101 = FILL_AREA_STYLE_COLOUR ( '', #316 ) ;
#102 = AXIS2_PLACEMENT_3D ( 'NONE', #1983, #180, #1996 ) ;
#103 = ADVANCED_FACE ( 'NONE', ( #257 ), #1003, .F. ) ;
#104 = ORIENTED_EDGE ( 'NONE', *, *, #1280, .F. ) ;
#105 = CARTESIAN_POINT ( 'NONE',  ( 0.4000000000000000222, 0.8799999878919999574, 0.1700000000000000122 ) ) ;
#106 = DIRECTION ( 'NONE',  ( -7.806255641899999934E-18, 1.000000000000000000, -1.387778780779999995E-17 ) ) ;
#107 =( NAMED_UNIT ( * ) PLANE_ANGLE_UNIT ( ) SI_UNIT ( $, .RADIAN. ) );
#108 = FILL_AREA_STYLE ('',( #2155 ) ) ;
#109 = SURFACE_STYLE_FILL_AREA ( #1187 ) ;
#110 = ORIENTED_EDGE ( 'NONE', *, *, #1353, .T. ) ;
#111 = CARTESIAN_POINT ( 'NONE',  ( 0.6999999999998893774, -0.9999999999999453770, 0.1999999999999707012 ) ) ;
#112 = MECHANICAL_DESIGN_GEOMETRIC_PRESENTATION_REPRESENTATION (  '', ( #851 ), #2365 ) ;
#113 = UNCERTAINTY_MEASURE_WITH_UNIT (LENGTH_MEASURE( 1.000000000000000082E-05 ), #5, 'distance_accuracy_value', 'NONE');
#114 = VECTOR ( 'NONE', #848, 1000.000000000000000 ) ;
#115 = ORIENTED_EDGE ( 'NONE', *, *, #1043, .T. ) ;
#116 = CARTESIAN_POINT ( 'NONE',  ( -0.4000000000000000222, -0.8500000121080000248, 0.1700000000000000122 ) ) ;
#117 = LINE ( 'NONE', #1206, #258 ) ;
#118 =( NAMED_UNIT ( * ) SI_UNIT ( $, .STERADIAN. ) SOLID_ANGLE_UNIT ( ) );
#119 = VECTOR ( 'NONE', #1110, 1000.000000000000000 ) ;
#120 = ADVANCED_FACE ( 'NONE', ( #1531 ), #631, .F. ) ;
#121 =( LENGTH_UNIT ( ) NAMED_UNIT ( * ) SI_UNIT ( .MILLI., .METRE. ) );
#122 = CARTESIAN_POINT ( 'NONE',  ( -0.7000000000000000666, 1.199999999999999956, 0.2000000000000000111 ) ) ;
#123 = LINE ( 'NONE', #475, #2194 ) ;
#124 = EDGE_LOOP ( 'NONE', ( #1537, #824, #369, #1603, #734, #1620, #2340, #491 ) ) ;
#125 = UNCERTAINTY_MEASURE_WITH_UNIT (LENGTH_MEASURE( 1.000000000000000082E-05 ), #1771, 'distance_accuracy_value', 'NONE');
#126 = CARTESIAN_POINT ( 'NONE',  ( 0.5942038115751475669, -0.9294692077168409394, 0.7999999999999999334 ) ) ;
#127 = SURFACE_SIDE_STYLE ('',( #699 ) ) ;
#128 = ORIENTED_EDGE ( 'NONE', *, *, #19, .F. ) ;
#129 = DIRECTION ( 'NONE',  ( 0.000000000000000000, -1.000000000000000000, 1.387778780779999995E-17 ) ) ;
#130 = FILL_AREA_STYLE ('',( #834 ) ) ;
#131 = PRESENTATION_LAYER_ASSIGNMENT (  '', '', ( #2178 ) ) ;
#132 =( LENGTH_UNIT ( ) NAMED_UNIT ( * ) SI_UNIT ( .MILLI., .METRE. ) );
#133 = CARTESIAN_POINT ( 'NONE',  ( -0.6842520405654634041, 1.199999999999999956, 0.01999999999995946340 ) ) ;
#134 = EDGE_CURVE ( 'NONE', #1139, #1496, #1587, .T. ) ;
#135 = ORIENTED_EDGE ( 'NONE', *, *, #1834, .T. ) ;
#136 = CARTESIAN_POINT ( 'NONE',  ( 0.5020000000000001128, 0.7999999878919999974, 0.1700000000000000122 ) ) ;
#137 = APPLICATION_CONTEXT ( 'automotive_design' ) ;
#138 =( LENGTH_UNIT ( ) NAMED_UNIT ( * ) SI_UNIT ( .MILLI., .METRE. ) );
#139 = VECTOR ( 'NONE', #1217, 1000.000000000000000 ) ;
#140 = COLOUR_RGB ( '',1.000000000000000000, 1.000000000000000000, 1.000000000000000000 ) ;
#141 = ORIENTED_EDGE ( 'NONE', *, *, #1054, .T. ) ;
#142 = FILL_AREA_STYLE ('',( #1572 ) ) ;
#143 = MECHANICAL_DESIGN_GEOMETRIC_PRESENTATION_REPRESENTATION (  '', ( #1705 ), #2159 ) ;
#144 = UNCERTAINTY_MEASURE_WITH_UNIT (LENGTH_MEASURE( 1.000000000000000082E-05 ), #2144, 'distance_accuracy_value', 'NONE');
#146 = DIRECTION ( 'NONE',  ( 1.000000000000000000, 7.746958360017644552E-18, -6.777710333090797879E-19 ) ) ;
#145 = MECHANICAL_DESIGN_GEOMETRIC_PRESENTATION_REPRESENTATION (  '', ( #17 ), #1005 ) ;
#147 =( NAMED_UNIT ( * ) PLANE_ANGLE_UNIT ( ) SI_UNIT ( $, .RADIAN. ) );
#148 = ORIENTED_EDGE ( 'NONE', *, *, #1501, .T. ) ;
#149 = LINE ( 'NONE', #1048, #1588 ) ;
#150 = SURFACE_SIDE_STYLE ('',( #1606 ) ) ;
#151 = EDGE_CURVE ( 'NONE', #1776, #201, #863, .T. ) ;
#152 =( NAMED_UNIT ( * ) SI_UNIT ( $, .STERADIAN. ) SOLID_ANGLE_UNIT ( ) );
#153 = ORIENTED_EDGE ( 'NONE', *, *, #427, .T. ) ;
#154 = SURFACE_SIDE_STYLE ('',( #681 ) ) ;
#155 = VECTOR ( 'NONE', #95, 1000.000000000000000 ) ;
#156 = COLOUR_RGB ( '',0.2862745098039215508, 0.2862745098039215508, 0.2862745098039215508 ) ;
#157 = STYLED_ITEM ( 'NONE', ( #1960 ), #804 ) ;
#158 = ORIENTED_EDGE ( 'NONE', *, *, #2139, .F. ) ;
#159 = VECTOR ( 'NONE', #261, 1000.000000000000000 ) ;
#160 = EDGE_CURVE ( 'NONE', #1354, #940, #328, .T. ) ;
#161 =( GEOMETRIC_REPRESENTATION_CONTEXT ( 3 ) GLOBAL_UNCERTAINTY_ASSIGNED_CONTEXT ( ( #2115 ) ) GLOBAL_UNIT_ASSIGNED_CONTEXT ( ( #1001, #1145, #2060 ) ) REPRESENTATION_CONTEXT ( 'NONE', 'WORKASPACE' ) );
#162 = EDGE_LOOP ( 'NONE', ( #997, #1981, #344, #693 ) ) ;
#163 = FACE_OUTER_BOUND ( 'NONE', #506, .T. ) ;
#164 =( NAMED_UNIT ( * ) SI_UNIT ( $, .STERADIAN. ) SOLID_ANGLE_UNIT ( ) );
#165 = PLANE ( 'NONE',  #1113 ) ;
#166 = CARTESIAN_POINT ( 'NONE',  ( 0.5000000000000000000, -0.2500000121080000470, -0.01700000000000000469 ) ) ;
#167 = VECTOR ( 'NONE', #80, 1000.000000000000000 ) ;
#168 = VERTEX_POINT ( 'NONE', #895 ) ;
#169 = PRESENTATION_STYLE_ASSIGNMENT (( #322 ) ) ;
#170 = PLANE ( 'NONE',  #511 ) ;
#171 =( GEOMETRIC_REPRESENTATION_CONTEXT ( 3 ) GLOBAL_UNCERTAINTY_ASSIGNED_CONTEXT ( ( #265 ) ) GLOBAL_UNIT_ASSIGNED_CONTEXT ( ( #132, #2132, #232 ) ) REPRESENTATION_CONTEXT ( 'NONE', 'WORKASPACE' ) );
#172 = VERTEX_POINT ( 'NONE', #1599 ) ;
#173 = EDGE_CURVE ( 'NONE', #64, #363, #671, .T. ) ;
#174 = DIRECTION ( 'NONE',  ( 5.832372732111865150E-17, -1.000000000000000000, -0.000000000000000000 ) ) ;
#175 = VECTOR ( 'NONE', #2245, 1000.000000000000000 ) ;
#176 = CARTESIAN_POINT ( 'NONE',  ( -0.4000000000000000777, 1.181102448679999917, 0.02000000000000000042 ) ) ;
#177 = LINE ( 'NONE', #918, #607 ) ;
#178 = STYLED_ITEM ( 'NONE', ( #378 ), #2229 ) ;
#179 = VERTEX_POINT ( 'NONE', #501 ) ;
#180 = DIRECTION ( 'NONE',  ( 0.000000000000000000, -1.387778780779999995E-17, -1.000000000000000000 ) ) ;
#181 = SURFACE_STYLE_USAGE ( .BOTH. , #1085 ) ;
#182 = CARTESIAN_POINT ( 'NONE',  ( -0.7000000000000340394, -0.9999999999982795984, 0.2000000000001475320 ) ) ;
#183 = ORIENTED_EDGE ( 'NONE', *, *, #1563, .F. ) ;
#184 = DIRECTION ( 'NONE',  ( 0.000000000000000000, 1.000000000000000000, -1.387778780779999995E-17 ) ) ;
#185 = CARTESIAN_POINT ( 'NONE',  ( 0.000000000000000000, 0.000000000000000000, 0.000000000000000000 ) ) ;
#186 = UNCERTAINTY_MEASURE_WITH_UNIT (LENGTH_MEASURE( 1.000000000000000082E-05 ), #488, 'distance_accuracy_value', 'NONE');
#187 = SURFACE_STYLE_USAGE ( .BOTH. , #1476 ) ;
#188 = DIRECTION ( 'NONE',  ( 0.9848077530121899237, 5.277808515261019806E-18, -0.1736481776670334987 ) ) ;
#189 = EDGE_CURVE ( 'NONE', #1252, #557, #2143, .T. ) ;
#190 = PLANE ( 'NONE',  #2019 ) ;
#191 = COLOUR_RGB ( '',0.7529411764705882248, 0.7529411764705882248, 0.7529411764705882248 ) ;
#192 = SURFACE_STYLE_FILL_AREA ( #15 ) ;
#193 = DIRECTION ( 'NONE',  ( 0.000000000000000000, -0.08715574274767756702, 0.9961946980917437688 ) ) ;
#194 = COLOUR_RGB ( '',0.2862745098039215508, 0.2862745098039215508, 0.2862745098039215508 ) ;
#195 = SURFACE_STYLE_FILL_AREA ( #1824 ) ;
#196 = ORIENTED_EDGE ( 'NONE', *, *, #1939, .T. ) ;
#197 = VECTOR ( 'NONE', #2299, 1000.000000000000114 ) ;
#198 = LINE ( 'NONE', #1324, #1902 ) ;
#199 =( LENGTH_UNIT ( ) NAMED_UNIT ( * ) SI_UNIT ( .MILLI., .METRE. ) );
#200 = CARTESIAN_POINT ( 'NONE',  ( 0.5942038115751475669, 0.6359777788355784889, 0.7999999999999999334 ) ) ;
#201 = VERTEX_POINT ( 'NONE', #1231 ) ;
#202 = EDGE_CURVE ( 'NONE', #2345, #1814, #1943, .T. ) ;
#203 = SURFACE_STYLE_FILL_AREA ( #1292 ) ;
#204 = AXIS2_PLACEMENT_3D ( 'NONE', #1828, #2370, #748 ) ;
#205 = CARTESIAN_POINT ( 'NONE',  ( -0.4000000000000000777, -0.3747375473289999981, 0.1700000000000000122 ) ) ;
#206 = LINE ( 'NONE', #757, #251 ) ;
#207 = ORIENTED_EDGE ( 'NONE', *, *, #1328, .F. ) ;
#208 =( LENGTH_UNIT ( ) NAMED_UNIT ( * ) SI_UNIT ( .MILLI., .METRE. ) );
#209 = AXIS2_PLACEMENT_3D ( 'NONE', #383, #1803, #537 ) ;
#210 = CARTESIAN_POINT ( 'NONE',  ( 0.4000000000000000222, -1.250000012109999892, 0.1700000000000000122 ) ) ;
#211 = DIRECTION ( 'NONE',  ( 0.000000000000000000, -1.000000000000000000, 1.387778780779999995E-17 ) ) ;
#212 = SURFACE_STYLE_USAGE ( .BOTH. , #2049 ) ;
#213 = DIRECTION ( 'NONE',  ( -1.000000000000000000, -7.746958360017644552E-18, -6.777710333090797879E-19 ) ) ;
#215 = EDGE_LOOP ( 'NONE', ( #2058, #2264, #900, #2298 ) ) ;
#214 = AXIS2_PLACEMENT_3D ( 'NONE', #1785, #705, #1253 ) ;
#216 = PRESENTATION_LAYER_ASSIGNMENT (  '', '', ( #1515 ) ) ;
#217 = PRODUCT_DEFINITION ( 'UNKNOWN', '', #7, #345 ) ;
#218 = AXIS2_PLACEMENT_3D ( 'NONE', #1893, #1144, #1715 ) ;
#219 = EDGE_CURVE ( 'NONE', #2154, #723, #2104, .T. ) ;
#220 = ORIENTED_EDGE ( 'NONE', *, *, #1168, .T. ) ;
#221 = CARTESIAN_POINT ( 'NONE',  ( -0.4000000000000000222, 1.249999987890000108, 3.639403072887838033E-14 ) ) ;
#222 = VERTEX_POINT ( 'NONE', #318 ) ;
#223 = PRESENTATION_STYLE_ASSIGNMENT (( #1867 ) ) ;
#224 = PLANE ( 'NONE',  #2228 ) ;
#225 = FILL_AREA_STYLE ('',( #814 ) ) ;
#226 = CARTESIAN_POINT ( 'NONE',  ( 0.6294692077169998790, -0.9294692077163627664, 0.5999999999998876232 ) ) ;
#227 = ORIENTED_EDGE ( 'NONE', *, *, #189, .F. ) ;
#228 = PRESENTATION_LAYER_ASSIGNMENT (  '', '', ( #698 ) ) ;
#229 = PLANE ( 'NONE',  #1372 ) ;
#230 = LINE ( 'NONE', #1015, #912 ) ;
#231 = VECTOR ( 'NONE', #471, 1000.000000000000000 ) ;
#232 =( NAMED_UNIT ( * ) SI_UNIT ( $, .STERADIAN. ) SOLID_ANGLE_UNIT ( ) );
#233 = CIRCLE ( 'NONE', #1164, 0.07999999999999998779 ) ;
#234 = ORIENTED_EDGE ( 'NONE', *, *, #1353, .F. ) ;
#235 =( LENGTH_UNIT ( ) NAMED_UNIT ( * ) SI_UNIT ( .MILLI., .METRE. ) );
#236 = ADVANCED_FACE ( 'NONE', ( #712 ), #2334, .T. ) ;
#237 = UNCERTAINTY_MEASURE_WITH_UNIT (LENGTH_MEASURE( 1.000000000000000082E-05 ), #1369, 'distance_accuracy_value', 'NONE');
#238 = ORIENTED_EDGE ( 'NONE', *, *, #2199, .F. ) ;
#239 = COLOUR_RGB ( '',0.2862745098039215508, 0.2862745098039215508, 0.2862745098039215508 ) ;
#240 =( NAMED_UNIT ( * ) PLANE_ANGLE_UNIT ( ) SI_UNIT ( $, .RADIAN. ) );
#241 = VECTOR ( 'NONE', #2226, 1000.000000000000000 ) ;
#242 = LINE ( 'NONE', #226, #1275 ) ;
#243 = DIRECTION ( 'NONE',  ( 1.000000000000000000, 0.000000000000000000, -0.000000000000000000 ) ) ;
#244 =( NAMED_UNIT ( * ) PLANE_ANGLE_UNIT ( ) SI_UNIT ( $, .RADIAN. ) );
#245 = SURFACE_SIDE_STYLE ('',( #399 ) ) ;
#246 =( NAMED_UNIT ( * ) SI_UNIT ( $, .STERADIAN. ) SOLID_ANGLE_UNIT ( ) );
#247 = ORIENTED_EDGE ( 'NONE', *, *, #1195, .F. ) ;
#248 = EDGE_CURVE ( 'NONE', #1365, #1091, #198, .T. ) ;
#249 = ORIENTED_EDGE ( 'NONE', *, *, #255, .T. ) ;
#250 = DIRECTION ( 'NONE',  ( 1.000000000000000000, 7.806255641899999934E-18, -1.083335593720000074E-34 ) ) ;
#251 = VECTOR ( 'NONE', #33, 1000.000000000000000 ) ;
#252 = SURFACE_SIDE_STYLE ('',( #1024 ) ) ;
#253 = SURFACE_SIDE_STYLE ('',( #614 ) ) ;
#254 = STYLED_ITEM ( 'NONE', ( #763 ), #1547 ) ;
#255 = EDGE_CURVE ( 'NONE', #1838, #1419, #737, .T. ) ;
#256 = PLANE ( 'NONE',  #1493 ) ;
#257 = FACE_OUTER_BOUND ( 'NONE', #2149, .T. ) ;
#258 = VECTOR ( 'NONE', #1561, 1000.000000000000000 ) ;
#259 = DIRECTION ( 'NONE',  ( 7.806255641899999934E-18, -1.000000000000000000, 0.000000000000000000 ) ) ;
#260 = MECHANICAL_DESIGN_GEOMETRIC_PRESENTATION_REPRESENTATION (  '', ( #2007 ), #1371 ) ;
#261 = DIRECTION ( 'NONE',  ( 1.000000000000000000, 0.000000000000000000, -0.000000000000000000 ) ) ;
#262 = STYLED_ITEM ( 'NONE', ( #1046 ), #2082 ) ;
#263 =( NAMED_UNIT ( * ) PLANE_ANGLE_UNIT ( ) SI_UNIT ( $, .RADIAN. ) );
#264 = SURFACE_SIDE_STYLE ('',( #1497 ) ) ;
#265 = UNCERTAINTY_MEASURE_WITH_UNIT (LENGTH_MEASURE( 1.000000000000000082E-05 ), #132, 'distance_accuracy_value', 'NONE');
#266 = VERTEX_POINT ( 'NONE', #1272 ) ;
#267 = SURFACE_STYLE_USAGE ( .BOTH. , #1940 ) ;
#268 = CARTESIAN_POINT ( 'NONE',  ( 0.6842520405648643278, -0.9842520405650000415, 0.02000000000001186939 ) ) ;
#269 = CARTESIAN_POINT ( 'NONE',  ( -0.5020000000000001128, 0.7999999878919999974, 0.1849999999999999978 ) ) ;
#270 = CLOSED_SHELL ( 'NONE', ( #120, #2107, #1590, #2310, #1722, #585, #412, #236, #1261, #528, #86, #1815 ) ) ;
#271 = CARTESIAN_POINT ( 'NONE',  ( 0.5999999999999999778, -0.4000000121080000137, 0.1700000000000000122 ) ) ;
#272 = CARTESIAN_POINT ( 'NONE',  ( -0.4999999999999998890, -0.2500000121079999915, 0.1700000000000000122 ) ) ;
#273 = DIRECTION ( 'NONE',  ( 7.806255641899999934E-18, -1.000000000000000000, 0.000000000000000000 ) ) ;
#274 = VECTOR ( 'NONE', #401, 1000.000000000000000 ) ;
#275 = ORIENTED_EDGE ( 'NONE', *, *, #1621, .T. ) ;
#276 = CARTESIAN_POINT ( 'NONE',  ( -0.4000000000000000222, -0.8100000121079999893, 0.1869999999999999996 ) ) ;
#277 =( NAMED_UNIT ( * ) PLANE_ANGLE_UNIT ( ) SI_UNIT ( $, .RADIAN. ) );
#278 =( NAMED_UNIT ( * ) PLANE_ANGLE_UNIT ( ) SI_UNIT ( $, .RADIAN. ) );
#279 = MANIFOLD_SOLID_BREP ( 'Wrap1', #2087 ) ;
#280 = AXIS2_PLACEMENT_3D ( 'NONE', #576, #2075, #827 ) ;
#281 = CARTESIAN_POINT ( 'NONE',  ( 0.4000000000000000222, -0.8352624793100000833, 0.005000000000000000104 ) ) ;
#282 = FILL_AREA_STYLE ('',( #1896 ) ) ;
#283 = ADVANCED_FACE ( 'NONE', ( #2026 ), #165, .F. ) ;
#284 = CARTESIAN_POINT ( 'NONE',  ( 0.4000000000000000222, -0.9973753400931949509, 0.1700000000000704559 ) ) ;
#285 = CARTESIAN_POINT ( 'NONE',  ( 0.4000000000000000222, -0.8100000121079999893, 0.1700000000000000122 ) ) ;
#286 = CARTESIAN_POINT ( 'NONE',  ( 0.5942038115751475669, 0.5859777788355784445, 0.7999999999999999334 ) ) ;
#287 = DIRECTION ( 'NONE',  ( -7.806255641899999934E-18, 1.000000000000000000, -1.387778780779999995E-17 ) ) ;
#288 = EDGE_LOOP ( 'NONE', ( #393, #457, #512, #1926 ) ) ;
#289 = AXIS2_PLACEMENT_3D ( 'NONE', #1112, #2141, #1634 ) ;
#290 = CARTESIAN_POINT ( 'NONE',  ( 0.4800000000000000377, 1.249999987890000108, 0.1700000000000000122 ) ) ;
#291 =( NAMED_UNIT ( * ) PLANE_ANGLE_UNIT ( ) SI_UNIT ( $, .RADIAN. ) );
#292 = SURFACE_STYLE_USAGE ( .BOTH. , #2280 ) ;
#293 = VECTOR ( 'NONE', #1193, 1000.000000000000000 ) ;
#294 = DIRECTION ( 'NONE',  ( -0.000000000000000000, 1.387778780779999995E-17, 1.000000000000000000 ) ) ;
#295 = SURFACE_STYLE_USAGE ( .BOTH. , #1754 ) ;
#297 = VERTEX_POINT ( 'NONE', #210 ) ;
#296 = PRESENTATION_LAYER_ASSIGNMENT (  '', '', ( #836 ) ) ;
#298 = PRESENTATION_LAYER_ASSIGNMENT (  '', '', ( #1586 ) ) ;
#299 =( NAMED_UNIT ( * ) SI_UNIT ( $, .STERADIAN. ) SOLID_ANGLE_UNIT ( ) );
#300 = SURFACE_STYLE_FILL_AREA ( #1225 ) ;
#301 = EDGE_CURVE ( 'NONE', #704, #525, #1129, .T. ) ;
#302 = AXIS2_PLACEMENT_3D ( 'NONE', #1208, #1067, #2134 ) ;
#303 = ORIENTED_EDGE ( 'NONE', *, *, #554, .F. ) ;
#304 = FACE_OUTER_BOUND ( 'NONE', #1949, .T. ) ;
#305 = DIRECTION ( 'NONE',  ( 0.08682659386425292669, 0.08682659386605821872, -0.9924325091388082054 ) ) ;
#306 = PRESENTATION_STYLE_ASSIGNMENT (( #1577 ) ) ;
#307 = ORIENTED_EDGE ( 'NONE', *, *, #2327, .F. ) ;
#308 =( NAMED_UNIT ( * ) PLANE_ANGLE_UNIT ( ) SI_UNIT ( $, .RADIAN. ) );
#309 = COLOUR_RGB ( '',1.000000000000000000, 1.000000000000000000, 1.000000000000000000 ) ;
#310 = UNCERTAINTY_MEASURE_WITH_UNIT (LENGTH_MEASURE( 1.000000000000000082E-05 ), #235, 'distance_accuracy_value', 'NONE');
#311 = VECTOR ( 'NONE', #944, 1000.000000000000000 ) ;
#312 = ORIENTED_EDGE ( 'NONE', *, *, #1764, .F. ) ;
#313 = EDGE_CURVE ( 'NONE', #612, #639, #1840, .T. ) ;
#314 = DIRECTION ( 'NONE',  ( 0.000000000000000000, -0.08715574274767756702, 0.9961946980917437688 ) ) ;
#315 = PRESENTATION_STYLE_ASSIGNMENT (( #267 ) ) ;
#316 = COLOUR_RGB ( '',0.2862745098039215508, 0.2862745098039215508, 0.2862745098039215508 ) ;
#317 = PRESENTATION_STYLE_ASSIGNMENT (( #1751 ) ) ;
#318 = CARTESIAN_POINT ( 'NONE',  ( 0.5942038115751475669, 0.8412046507292045838, 0.7999999999999999334 ) ) ;
#319 = SURFACE_SIDE_STYLE ('',( #1601 ) ) ;
#320 = EDGE_LOOP ( 'NONE', ( #40, #2033, #1946, #2198 ) ) ;
#321 =( GEOMETRIC_REPRESENTATION_CONTEXT ( 3 ) GLOBAL_UNCERTAINTY_ASSIGNED_CONTEXT ( ( #63 ) ) GLOBAL_UNIT_ASSIGNED_CONTEXT ( ( #1135, #2259, #765 ) ) REPRESENTATION_CONTEXT ( 'NONE', 'WORKASPACE' ) );
#322 = SURFACE_STYLE_USAGE ( .BOTH. , #150 ) ;
#323 = CARTESIAN_POINT ( 'NONE',  ( 0.5000000000000000000, -0.2500000121079999915, 0.1700000000000000122 ) ) ;
#324 = ORIENTED_EDGE ( 'NONE', *, *, #1922, .T. ) ;
#325 = DIRECTION ( 'NONE',  ( -0.000000000000000000, 1.000000000000000000, -0.000000000000000000 ) ) ;
#326 = EDGE_CURVE ( 'NONE', #382, #50, #1487, .T. ) ;
#327 =( NAMED_UNIT ( * ) SI_UNIT ( $, .STERADIAN. ) SOLID_ANGLE_UNIT ( ) );
#328 = LINE ( 'NONE', #122, #351 ) ;
#329 = EDGE_CURVE ( 'NONE', #1019, #1703, #727, .T. ) ;
#330 = VERTEX_POINT ( 'NONE', #998 ) ;
#331 = AXIS2_PLACEMENT_3D ( 'NONE', #592, #2022, #1331 ) ;
#332 = FILL_AREA_STYLE ('',( #1604 ) ) ;
#333 =( GEOMETRIC_REPRESENTATION_CONTEXT ( 3 ) GLOBAL_UNCERTAINTY_ASSIGNED_CONTEXT ( ( #1227 ) ) GLOBAL_UNIT_ASSIGNED_CONTEXT ( ( #1356, #291, #1727 ) ) REPRESENTATION_CONTEXT ( 'NONE', 'WORKASPACE' ) );
#334 = PRESENTATION_STYLE_ASSIGNMENT (( #494 ) ) ;
#335 =( LENGTH_UNIT ( ) NAMED_UNIT ( * ) SI_UNIT ( .MILLI., .METRE. ) );
#336 = AXIS2_PLACEMENT_3D ( 'NONE', #2278, #473, #1030 ) ;
#337 = CIRCLE ( 'NONE', #1182, 0.07999999999999998779 ) ;
#338 = ORIENTED_EDGE ( 'NONE', *, *, #1761, .T. ) ;
#339 = APPLICATION_PROTOCOL_DEFINITION ( 'draft international standard', 'automotive_design', 1998, #1119 ) ;
#340 =( NAMED_UNIT ( * ) PLANE_ANGLE_UNIT ( ) SI_UNIT ( $, .RADIAN. ) );
#341 = APPLICATION_CONTEXT ( 'automotive_design' ) ;
#342 = PRODUCT_RELATED_PRODUCT_CATEGORY ( 'part', '', ( #2059 ) ) ;
#343 = PLANE ( 'NONE',  #2277 ) ;
#344 = ORIENTED_EDGE ( 'NONE', *, *, #6, .T. ) ;
#345 = PRODUCT_DEFINITION_CONTEXT ( 'detailed design', #341, 'design' ) ;
#346 = EDGE_CURVE ( 'NONE', #416, #1703, #1704, .T. ) ;
#347 = SURFACE_STYLE_USAGE ( .BOTH. , #1077 ) ;
#348 =( NAMED_UNIT ( * ) PLANE_ANGLE_UNIT ( ) SI_UNIT ( $, .RADIAN. ) );
#349 = ORIENTED_EDGE ( 'NONE', *, *, #2244, .F. ) ;
#350 = LINE ( 'NONE', #709, #1865 ) ;
#351 = VECTOR ( 'NONE', #2308, 1000.000000000000000 ) ;
#352 = APPLICATION_PROTOCOL_DEFINITION ( 'draft international standard', 'automotive_design', 1998, #1391 ) ;
#353 = VECTOR ( 'NONE', #1625, 1000.000000000000000 ) ;
#354 = DIRECTION ( 'NONE',  ( -7.806255641899999934E-18, 1.000000000000000000, 1.387778780779999995E-17 ) ) ;
#355 = AXIS2_PLACEMENT_3D ( 'NONE', #1178, #2262, #1333 ) ;
#356 = DIRECTION ( 'NONE',  ( -7.806255641899999934E-18, 1.000000000000000000, 0.000000000000000000 ) ) ;
#357 = ORIENTED_EDGE ( 'NONE', *, *, #2210, .T. ) ;
#358 = DIRECTION ( 'NONE',  ( 1.000000000000000000, 0.000000000000000000, -0.000000000000000000 ) ) ;
#359 = EDGE_CURVE ( 'NONE', #1080, #623, #1527, .T. ) ;
#360 = STYLED_ITEM ( 'NONE', ( #1653 ), #932 ) ;
#361 = SURFACE_STYLE_FILL_AREA ( #1452 ) ;
#362 = VECTOR ( 'NONE', #213, 1000.000000000000000 ) ;
#363 = VERTEX_POINT ( 'NONE', #800 ) ;
#364 = LINE ( 'NONE', #1665, #1454 ) ;
#365 = DIRECTION ( 'NONE',  ( -0.000000000000000000, 1.387778780779999995E-17, 1.000000000000000000 ) ) ;
#366 = DIRECTION ( 'NONE',  ( -0.000000000000000000, 0.08715574274767756702, -0.9961946980917437688 ) ) ;
#367 = CARTESIAN_POINT ( 'NONE',  ( 0.5942038115751475669, -0.9294692077168409394, 0.7999999999999999334 ) ) ;
#368 = PRODUCT_DEFINITION ( 'UNKNOWN', '', #1798, #2270 ) ;
#369 = ORIENTED_EDGE ( 'NONE', *, *, #427, .F. ) ;
#370 = DIRECTION ( 'NONE',  ( 0.000000000000000000, 1.387778780779999995E-17, 1.000000000000000000 ) ) ;
#371 =( GEOMETRIC_REPRESENTATION_CONTEXT ( 3 ) GLOBAL_UNCERTAINTY_ASSIGNED_CONTEXT ( ( #1407 ) ) GLOBAL_UNIT_ASSIGNED_CONTEXT ( ( #1471, #1822, #1987 ) ) REPRESENTATION_CONTEXT ( 'NONE', 'WORKASPACE' ) );
#372 = EDGE_CURVE ( 'NONE', #1703, #1671, #91, .T. ) ;
#373 = APPLICATION_PROTOCOL_DEFINITION ( 'draft international standard', 'automotive_design', 1998, #1789 ) ;
#374 = PRESENTATION_LAYER_ASSIGNMENT (  '', '', ( #802 ) ) ;
#375 = ORIENTED_EDGE ( 'NONE', *, *, #916, .F. ) ;
#376 = SURFACE_STYLE_USAGE ( .BOTH. , #571 ) ;
#377 = PRESENTATION_LAYER_ASSIGNMENT (  '', '', ( #879 ) ) ;
#378 = PRESENTATION_STYLE_ASSIGNMENT (( #11 ) ) ;
#379 = AXIS2_PLACEMENT_3D ( 'NONE', #409, #1329, #2040 ) ;
#380 = CARTESIAN_POINT ( 'NONE',  ( 0.4000000000000000222, 0.8799999878919999574, 3.639865611605760491E-14 ) ) ;
#381 = CARTESIAN_POINT ( 'NONE',  ( -0.4000000000000000222, -0.8500000121080000248, 0.1849999999999999978 ) ) ;
#382 = VERTEX_POINT ( 'NONE', #1336 ) ;
#383 = CARTESIAN_POINT ( 'NONE',  ( 0.000000000000000000, 0.000000000000000000, 0.000000000000000000 ) ) ;
#384 = EDGE_CURVE ( 'NONE', #1019, #297, #653, .T. ) ;
#385 = DIRECTION ( 'NONE',  ( 0.1710878697461636899, 0.1710878697451543029, -0.9702875252479467028 ) ) ;
#386 = CARTESIAN_POINT ( 'NONE',  ( -0.5000000000000000000, 0.7999999878919999974, 0.1869999999999999996 ) ) ;
#387 = MECHANICAL_DESIGN_GEOMETRIC_PRESENTATION_REPRESENTATION (  '', ( #2333 ), #1823 ) ;
#388 = DIRECTION ( 'NONE',  ( 0.000000000000000000, -1.387778780779999995E-17, -1.000000000000000000 ) ) ;
#389 = STYLED_ITEM ( 'NONE', ( #1710 ), #742 ) ;
#390 = SURFACE_STYLE_USAGE ( .BOTH. , #245 ) ;
#391 = PRESENTATION_STYLE_ASSIGNMENT (( #2163 ) ) ;
#392 = CARTESIAN_POINT ( 'NONE',  ( 0.5942038115751475669, 0.8412046507292045838, 0.7999999999999999334 ) ) ;
#393 = ORIENTED_EDGE ( 'NONE', *, *, #2112, .T. ) ;
#394 = PRESENTATION_STYLE_ASSIGNMENT (( #212 ) ) ;
#395 = EDGE_LOOP ( 'NONE', ( #582, #1403, #1526, #2123 ) ) ;
#396 = ADVANCED_FACE ( 'NONE', ( #1551 ), #974, .T. ) ;
#397 = CARTESIAN_POINT ( 'NONE',  ( 0.4000000000000000222, 0.8799999878919999574, 0.1700000000000000122 ) ) ;
#398 = SURFACE_SIDE_STYLE ('',( #203 ) ) ;
#399 = SURFACE_STYLE_FILL_AREA ( #1858 ) ;
#400 = ORIENTED_EDGE ( 'NONE', *, *, #2172, .T. ) ;
#401 = DIRECTION ( 'NONE',  ( -7.806255641899999934E-18, 1.000000000000000000, -0.000000000000000000 ) ) ;
#402 =( GEOMETRIC_REPRESENTATION_CONTEXT ( 3 ) GLOBAL_UNCERTAINTY_ASSIGNED_CONTEXT ( ( #2263 ) ) GLOBAL_UNIT_ASSIGNED_CONTEXT ( ( #121, #2103, #327 ) ) REPRESENTATION_CONTEXT ( 'NONE', 'WORKASPACE' ) );
#403 = ORIENTED_EDGE ( 'NONE', *, *, #493, .T. ) ;
#404 = SURFACE_STYLE_FILL_AREA ( #41 ) ;
#405 = PRESENTATION_STYLE_ASSIGNMENT (( #1854 ) ) ;
#406 = CIRCLE ( 'NONE', #1628, 0.07999999999999998779 ) ;
#408 = ORIENTED_EDGE ( 'NONE', *, *, #1462, .F. ) ;
#407 = COLOUR_RGB ( '',0.2862745098039215508, 0.2862745098039215508, 0.2862745098039215508 ) ;
#409 = CARTESIAN_POINT ( 'NONE',  ( 0.5000000000000000000, 0.9049999878919999796, 0.005000000000000000104 ) ) ;
#410 = MECHANICAL_DESIGN_GEOMETRIC_PRESENTATION_REPRESENTATION (  '', ( #1143 ), #726 ) ;
#411 = PRESENTATION_STYLE_ASSIGNMENT (( #937 ) ) ;
#412 = ADVANCED_FACE ( 'NONE', ( #1159 ), #1367, .T. ) ;
#413 = CARTESIAN_POINT ( 'NONE',  ( 0.4000000000000000222, -0.8100000121079999893, 3.275157922639999998E-18 ) ) ;
#414 = APPLICATION_CONTEXT ( 'automotive_design' ) ;
#415 = LINE ( 'NONE', #392, #96 ) ;
#416 = VERTEX_POINT ( 'NONE', #2080 ) ;
#417 = ORIENTED_EDGE ( 'NONE', *, *, #2029, .F. ) ;
#418 =( NAMED_UNIT ( * ) PLANE_ANGLE_UNIT ( ) SI_UNIT ( $, .RADIAN. ) );
#419 = FILL_AREA_STYLE ('',( #1683 ) ) ;
#420 = SURFACE_SIDE_STYLE ('',( #46 ) ) ;
#421 = PRESENTATION_LAYER_ASSIGNMENT (  '', '', ( #617 ) ) ;
#422 = FILL_AREA_STYLE_COLOUR ( '', #1649 ) ;
#423 = PRESENTATION_LAYER_ASSIGNMENT (  '', '', ( #2204 ) ) ;
#424 = EDGE_CURVE ( 'NONE', #2289, #2045, #2317, .T. ) ;
#425 = LINE ( 'NONE', #2285, #1509 ) ;
#426 = ORIENTED_EDGE ( 'NONE', *, *, #54, .F. ) ;
#427 = EDGE_CURVE ( 'NONE', #2056, #1069, #869, .T. ) ;
#428 = ITEM_DEFINED_TRANSFORMATION ( 'NONE', 'NONE', #289,  #1958 ) ;
#429 = UNCERTAINTY_MEASURE_WITH_UNIT (LENGTH_MEASURE( 1.000000000000000082E-05 ), #661, 'distance_accuracy_value', 'NONE');
#430 = EDGE_LOOP ( 'NONE', ( #589, #2185, #1807, #2247, #697, #1995, #2038, #1978, #1444, #1057 ) ) ;
#431 = SURFACE_STYLE_USAGE ( .BOTH. , #1499 ) ;
#432 = DIRECTION ( 'NONE',  ( 0.1710878697451540253, -0.1710878697461636622, -0.9702875252479467028 ) ) ;
#433 = PRESENTATION_STYLE_ASSIGNMENT (( #2227 ) ) ;
#434 = FACE_OUTER_BOUND ( 'NONE', #395, .T. ) ;
#435 =( NAMED_UNIT ( * ) SI_UNIT ( $, .STERADIAN. ) SOLID_ANGLE_UNIT ( ) );
#436 = CARTESIAN_POINT ( 'NONE',  ( 0.5942038115751475669, -0.9294692077168409394, 0.7999999999999999334 ) ) ;
#437 = ORIENTED_EDGE ( 'NONE', *, *, #359, .F. ) ;
#438 = FACE_OUTER_BOUND ( 'NONE', #2359, .T. ) ;
#439 = ITEM_DEFINED_TRANSFORMATION ( 'NONE', 'NONE', #204,  #1958 ) ;
#440 = VECTOR ( 'NONE', #1929, 1000.000000000000000 ) ;
#441 = ORIENTED_EDGE ( 'NONE', *, *, #1786, .F. ) ;
#442 = EDGE_CURVE ( 'NONE', #2067, #1282, #817, .T. ) ;
#443 = DIRECTION ( 'NONE',  ( -1.000000000000000000, 0.000000000000000000, 0.000000000000000000 ) ) ;
#444 = VECTOR ( 'NONE', #1357, 1000.000000000000000 ) ;
#445 = CARTESIAN_POINT ( 'NONE',  ( 0.5000000000000000000, 0.7999999878919999974, 0.1700000000000000122 ) ) ;
#446 = DIRECTION ( 'NONE',  ( 0.08715574274767756702, 0.000000000000000000, -0.9961946980917437688 ) ) ;
#447 = MECHANICAL_DESIGN_GEOMETRIC_PRESENTATION_REPRESENTATION (  '', ( #1885 ), #333 ) ;
#448 = CARTESIAN_POINT ( 'NONE',  ( 0.8211024486779999743, -0.2500000121079999360, 0.02000000000000002123 ) ) ;
#449 = CARTESIAN_POINT ( 'NONE',  ( 0.4000000000000000222, 1.181102448679999917, 0.02000000000000000042 ) ) ;
#450 = PRESENTATION_LAYER_ASSIGNMENT (  '', '', ( #838 ) ) ;
#451 = FILL_AREA_STYLE_COLOUR ( '', #524 ) ;
#452 = UNCERTAINTY_MEASURE_WITH_UNIT (LENGTH_MEASURE( 1.000000000000000082E-05 ), #992, 'distance_accuracy_value', 'NONE');
#453 = FACE_OUTER_BOUND ( 'NONE', #1311, .T. ) ;
#454 = LINE ( 'NONE', #841, #197 ) ;
#455 = DIRECTION ( 'NONE',  ( -1.000000000000000000, -7.806255641899999934E-18, 1.083335593717297802E-34 ) ) ;
#456 =( NAMED_UNIT ( * ) SI_UNIT ( $, .STERADIAN. ) SOLID_ANGLE_UNIT ( ) );
#457 = ORIENTED_EDGE ( 'NONE', *, *, #1576, .F. ) ;
#458 =( NAMED_UNIT ( * ) SI_UNIT ( $, .STERADIAN. ) SOLID_ANGLE_UNIT ( ) );
#459 = SHAPE_REPRESENTATION_RELATIONSHIP ( 'NONE' , 'NONE' ,  #1787, #13 ) ;
#460 = EDGE_CURVE ( 'NONE', #266, #1992, #1229, .T. ) ;
#461 = DIRECTION ( 'NONE',  ( 1.000000000000000000, 0.000000000000000000, 0.000000000000000000 ) ) ;
#462 =( NAMED_UNIT ( * ) SI_UNIT ( $, .STERADIAN. ) SOLID_ANGLE_UNIT ( ) );
#463 = STYLED_ITEM ( 'NONE', ( #1773 ), #120 ) ;
#464 = PRODUCT_DEFINITION_CONTEXT ( 'detailed design', #754, 'design' ) ;
#465 = CARTESIAN_POINT ( 'NONE',  ( 0.8400000000000000799, 1.007053079230000092, 0.1600000000000000033 ) ) ;
#466 = LINE ( 'NONE', #2218, #1925 ) ;
#467 = MECHANICAL_DESIGN_GEOMETRIC_PRESENTATION_REPRESENTATION (  '', ( #572 ), #1194 ) ;
#468 = FACE_OUTER_BOUND ( 'NONE', #2329, .T. ) ;
#469 = COLOUR_RGB ( '',0.7529411764705882248, 0.7529411764705882248, 0.7529411764705882248 ) ;
#470 = ORIENTED_EDGE ( 'NONE', *, *, #1922, .F. ) ;
#471 = DIRECTION ( 'NONE',  ( 1.000000000000000000, -0.000000000000000000, -0.000000000000000000 ) ) ;
#472 = PRODUCT_DEFINITION_SHAPE ( 'NONE', 'NONE',  #368 ) ;
#473 = DIRECTION ( 'NONE',  ( 0.000000000000000000, 0.000000000000000000, 1.000000000000000000 ) ) ;
#474 = LINE ( 'NONE', #484, #293 ) ;
#475 = CARTESIAN_POINT ( 'NONE',  ( 0.4000000000000000222, 1.181102448679999917, 0.02000000000000000042 ) ) ;
#476 = VECTOR ( 'NONE', #461, 1000.000000000000000 ) ;
#477 = EDGE_CURVE ( 'NONE', #2154, #1972, #2290, .T. ) ;
#478 = DIRECTION ( 'NONE',  ( 0.000000000000000000, -1.000000000000000000, 1.387778780779999995E-17 ) ) ;
#479 = UNCERTAINTY_MEASURE_WITH_UNIT (LENGTH_MEASURE( 1.000000000000000082E-05 ), #1544, 'distance_accuracy_value', 'NONE');
#480 = ORIENTED_EDGE ( 'NONE', *, *, #988, .T. ) ;
#481 = PRODUCT_DEFINITION_FORMATION_WITH_SPECIFIED_SOURCE ( 'ANY', '', #1116, .NOT_KNOWN. ) ;
#482 = FACE_OUTER_BOUND ( 'NONE', #665, .T. ) ;
#483 = STYLED_ITEM ( 'NONE', ( #1905 ), #1261 ) ;
#484 = CARTESIAN_POINT ( 'NONE',  ( -0.4999999999999998890, 1.181102448679999917, 0.02000000000000000042 ) ) ;
#485 = FACE_OUTER_BOUND ( 'NONE', #1680, .T. ) ;
#486 = PRESENTATION_LAYER_ASSIGNMENT (  '', '', ( #1804 ) ) ;
#487 = SURFACE_STYLE_USAGE ( .BOTH. , #2295 ) ;
#488 =( LENGTH_UNIT ( ) NAMED_UNIT ( * ) SI_UNIT ( .MILLI., .METRE. ) );
#489 = COLOUR_RGB ( '',0.2862745098039215508, 0.2862745098039215508, 0.2862745098039215508 ) ;
#491 = ORIENTED_EDGE ( 'NONE', *, *, #1621, .F. ) ;
#490 = MECHANICAL_DESIGN_GEOMETRIC_PRESENTATION_REPRESENTATION (  '', ( #1845 ), #953 ) ;
#492 = CARTESIAN_POINT ( 'NONE',  ( 0.000000000000000000, 0.000000000000000000, 0.7999999999999999334 ) ) ;
#493 = EDGE_CURVE ( 'NONE', #222, #1365, #1215, .T. ) ;
#494 = SURFACE_STYLE_USAGE ( .BOTH. , #127 ) ;
#495 =( NAMED_UNIT ( * ) SI_UNIT ( $, .STERADIAN. ) SOLID_ANGLE_UNIT ( ) );
#496 = VECTOR ( 'NONE', #2173, 1000.000000000000000 ) ;
#497 = AXIS2_PLACEMENT_3D ( 'NONE', #2189, #188, #562 ) ;
#498 = ORIENTED_EDGE ( 'NONE', *, *, #1777, .T. ) ;
#499 = PLANE ( 'NONE',  #688 ) ;
#500 = SURFACE_SIDE_STYLE ('',( #1564 ) ) ;
#501 = CARTESIAN_POINT ( 'NONE',  ( -0.4800000000000004263, 0.7999999878919997753, 0.1700000000000000122 ) ) ;
#502 = EDGE_LOOP ( 'NONE', ( #830, #1658, #1510, #1238 ) ) ;
#503 = LINE ( 'NONE', #136, #1553 ) ;
#504 = DIRECTION ( 'NONE',  ( 0.000000000000000000, 1.387778780779999995E-17, 1.000000000000000000 ) ) ;
#505 = EDGE_CURVE ( 'NONE', #917, #330, #1042, .T. ) ;
#506 = EDGE_LOOP ( 'NONE', ( #1629, #1434, #1009, #1154 ) ) ;
#507 = VECTOR ( 'NONE', #2065, 1000.000000000000000 ) ;
#508 = UNCERTAINTY_MEASURE_WITH_UNIT (LENGTH_MEASURE( 1.000000000000000082E-05 ), #713, 'distance_accuracy_value', 'NONE');
#509 =( NAMED_UNIT ( * ) PLANE_ANGLE_UNIT ( ) SI_UNIT ( $, .RADIAN. ) );
#510 = PLANE ( 'NONE',  #2010 ) ;
#511 = AXIS2_PLACEMENT_3D ( 'NONE', #553, #1469, #193 ) ;
#512 = ORIENTED_EDGE ( 'NONE', *, *, #2000, .T. ) ;
#513 = DIRECTION ( 'NONE',  ( 0.000000000000000000, 0.000000000000000000, 1.000000000000000000 ) ) ;
#514 = DIRECTION ( 'NONE',  ( -7.806255641899999934E-18, 1.000000000000000000, -0.000000000000000000 ) ) ;
#515 = EDGE_LOOP ( 'NONE', ( #1340, #1550, #1583, #110 ) ) ;
#516 = DIRECTION ( 'NONE',  ( 0.000000000000000000, -1.387778780779999995E-17, -1.000000000000000000 ) ) ;
#517 = DIRECTION ( 'NONE',  ( 0.000000000000000000, 0.000000000000000000, 1.000000000000000000 ) ) ;
#518 = EDGE_CURVE ( 'NONE', #1076, #746, #893, .T. ) ;
#519 = CARTESIAN_POINT ( 'NONE',  ( -0.5942038115751201444, 0.9294692077175954470, 0.7999999999999999334 ) ) ;
#520 = ORIENTED_EDGE ( 'NONE', *, *, #1860, .T. ) ;
#521 = CIRCLE ( 'NONE', #1289, 0.07999999999999998779 ) ;
#522 =( GEOMETRIC_REPRESENTATION_CONTEXT ( 3 ) GLOBAL_UNCERTAINTY_ASSIGNED_CONTEXT ( ( #867 ) ) GLOBAL_UNIT_ASSIGNED_CONTEXT ( ( #1642, #2012, #31 ) ) REPRESENTATION_CONTEXT ( 'NONE', 'WORKASPACE' ) );
#523 = ORIENTED_EDGE ( 'NONE', *, *, #346, .T. ) ;
#524 = COLOUR_RGB ( '',0.2862745098039215508, 0.2862745098039215508, 0.2862745098039215508 ) ;
#525 = VERTEX_POINT ( 'NONE', #1963 ) ;
#527 = FILL_AREA_STYLE ('',( #1358 ) ) ;
#526 = MECHANICAL_DESIGN_GEOMETRIC_PRESENTATION_REPRESENTATION (  '', ( #964 ), #550 ) ;
#528 = ADVANCED_FACE ( 'NONE', ( #304 ), #2341, .T. ) ;
#529 = LINE ( 'NONE', #1994, #1931 ) ;
#530 = ORIENTED_EDGE ( 'NONE', *, *, #877, .T. ) ;
#531 =( NAMED_UNIT ( * ) PLANE_ANGLE_UNIT ( ) SI_UNIT ( $, .RADIAN. ) );
#532 = SURFACE_STYLE_USAGE ( .BOTH. , #1618 ) ;
#533 = DIRECTION ( 'NONE',  ( -0.9848077530121899237, -1.009751364100195111E-17, -0.1736481776670334987 ) ) ;
#534 = ORIENTED_EDGE ( 'NONE', *, *, #1349, .T. ) ;
#535 = CARTESIAN_POINT ( 'NONE',  ( 0.8211024486779999743, 0.7999999878919999974, 0.02000000000000000736 ) ) ;
#536 = VECTOR ( 'NONE', #684, 1000.000000000000000 ) ;
#537 = DIRECTION ( 'NONE',  ( 1.000000000000000000, 0.000000000000000000, 0.000000000000000000 ) ) ;
#538 = VECTOR ( 'NONE', #1584, 1000.000000000000000 ) ;
#539 = SURFACE_STYLE_FILL_AREA ( #2200 ) ;
#540 = VECTOR ( 'NONE', #2348, 1000.000000000000000 ) ;
#541 = CARTESIAN_POINT ( 'NONE',  ( -0.5942038115751201444, 0.8412046507292045838, 0.7999999999999999334 ) ) ;
#542 = VERTEX_POINT ( 'NONE', #105 ) ;
#543 = SURFACE_SIDE_STYLE ('',( #563 ) ) ;
#544 = EDGE_CURVE ( 'NONE', #330, #1496, #2118, .T. ) ;
#545 = PRESENTATION_LAYER_ASSIGNMENT (  '', '', ( #360 ) ) ;
#546 = CARTESIAN_POINT ( 'NONE',  ( 0.5999999999999999778, -0.2500000121079999915, 0.1700000000000000122 ) ) ;
#547 = FILL_AREA_STYLE_COLOUR ( '', #644 ) ;
#548 = ORIENTED_EDGE ( 'NONE', *, *, #301, .T. ) ;
#549 = FILL_AREA_STYLE ('',( #1475 ) ) ;
#550 =( GEOMETRIC_REPRESENTATION_CONTEXT ( 3 ) GLOBAL_UNCERTAINTY_ASSIGNED_CONTEXT ( ( #1952 ) ) GLOBAL_UNIT_ASSIGNED_CONTEXT ( ( #1500, #240, #2028 ) ) REPRESENTATION_CONTEXT ( 'NONE', 'WORKASPACE' ) );
#551 = EDGE_LOOP ( 'NONE', ( #357, #626, #403, #1387 ) ) ;
#552 = MECHANICAL_DESIGN_GEOMETRIC_PRESENTATION_REPRESENTATION (  '', ( #483 ), #402 ) ;
#553 = CARTESIAN_POINT ( 'NONE',  ( 0.8400000000000000799, -1.001574795940000095, 0.2180000000000000271 ) ) ;
#554 = EDGE_CURVE ( 'NONE', #1596, #746, #1770, .T. ) ;
#555 = VECTOR ( 'NONE', #1682, 1000.000000000000000 ) ;
#556 = CARTESIAN_POINT ( 'NONE',  ( -0.4800000000000000377, 0.7999999878919997753, 0.1849999999999999978 ) ) ;
#557 = VERTEX_POINT ( 'NONE', #1204 ) ;
#558 = PLANE ( 'NONE',  #1532 ) ;
#559 = SHAPE_DEFINITION_REPRESENTATION ( #57, #634 ) ;
#560 = CIRCLE ( 'NONE', #60, 0.07999999999999998779 ) ;
#561 = VERTEX_POINT ( 'NONE', #116 ) ;
#562 = DIRECTION ( 'NONE',  ( -0.1736481776670334987, 0.000000000000000000, -0.9848077530121899237 ) ) ;
#563 = SURFACE_STYLE_FILL_AREA ( #2357 ) ;
#564 = DIRECTION ( 'NONE',  ( 0.000000000000000000, -1.387778780779999995E-17, -1.000000000000000000 ) ) ;
#565 = SURFACE_STYLE_FILL_AREA ( #2197 ) ;
#566 = SURFACE_STYLE_FILL_AREA ( #1481 ) ;
#567 = ORIENTED_EDGE ( 'NONE', *, *, #1679, .F. ) ;
#568 = ADVANCED_FACE ( 'NONE', ( #482 ), #859, .T. ) ;
#569 = UNCERTAINTY_MEASURE_WITH_UNIT (LENGTH_MEASURE( 1.000000000000000082E-05 ), #2346, 'distance_accuracy_value', 'NONE');
#570 = EDGE_CURVE ( 'NONE', #168, #1041, #1299, .T. ) ;
#571 = SURFACE_SIDE_STYLE ('',( #539 ) ) ;
#572 = STYLED_ITEM ( 'NONE', ( #2017 ), #279 ) ;
#573 = ORIENTED_EDGE ( 'NONE', *, *, #301, .F. ) ;
#574 = PRESENTATION_LAYER_ASSIGNMENT (  '', '', ( #389 ) ) ;
#575 = DIRECTION ( 'NONE',  ( 0.08715574274767756702, 0.000000000000000000, 0.9961946980917437688 ) ) ;
#576 = CARTESIAN_POINT ( 'NONE',  ( 0.4800000000000000377, -0.8100000121079999893, 0.1700000000000000122 ) ) ;
#577 =( REPRESENTATION_RELATIONSHIP ('NONE','NONE', #2282, #22 ) REPRESENTATION_RELATIONSHIP_WITH_TRANSFORMATION ( #2250 )SHAPE_REPRESENTATION_RELATIONSHIP( ) );
#578 = COLOUR_RGB ( '',0.2862745098039215508, 0.2862745098039215508, 0.2862745098039215508 ) ;
#579 = PRESENTATION_STYLE_ASSIGNMENT (( #2032 ) ) ;
#580 = VERTEX_POINT ( 'NONE', #1646 ) ;
#581 = CARTESIAN_POINT ( 'NONE',  ( 0.6999999999998840483, 1.000000000000068168, 0.2000000000000042022 ) ) ;
#582 = ORIENTED_EDGE ( 'NONE', *, *, #1953, .F. ) ;
#583 = CARTESIAN_POINT ( 'NONE',  ( 0.5999999999999999778, -0.2500000121079999915, -0.01700000000000000469 ) ) ;
#584 = SURFACE_STYLE_USAGE ( .BOTH. , #253 ) ;
#585 = ADVANCED_FACE ( 'NONE', ( #163 ), #558, .T. ) ;
#586 = FILL_AREA_STYLE_COLOUR ( '', #2301 ) ;
#587 = SURFACE_STYLE_FILL_AREA ( #14 ) ;
#588 = SURFACE_SIDE_STYLE ('',( #1533 ) ) ;
#589 = ORIENTED_EDGE ( 'NONE', *, *, #1877, .F. ) ;
#590 = LINE ( 'NONE', #205, #1424 ) ;
#591 = DIRECTION ( 'NONE',  ( 0.000000000000000000, -1.387778780779999995E-17, -1.000000000000000000 ) ) ;
#592 = CARTESIAN_POINT ( 'NONE',  ( 0.000000000000000000, 0.000000000000000000, 0.7999999999999999334 ) ) ;
#593 = ORIENTED_EDGE ( 'NONE', *, *, #442, .T. ) ;
#594 =( LENGTH_UNIT ( ) NAMED_UNIT ( * ) SI_UNIT ( .MILLI., .METRE. ) );
#595 = VECTOR ( 'NONE', #305, 1000.000000000000114 ) ;
#596 = CONTEXT_DEPENDENT_SHAPE_REPRESENTATION ( #2128, #954 ) ;
#597 = COLOUR_RGB ( '',0.7529411764705882248, 0.7529411764705882248, 0.7529411764705882248 ) ;
#598 = ORIENTED_EDGE ( 'NONE', *, *, #518, .F. ) ;
#599 = CARTESIAN_POINT ( 'NONE',  ( -0.4000000000000000222, -1.250000012109999892, -0.01700000000000000469 ) ) ;
#600 = VECTOR ( 'NONE', #981, 1000.000000000000000 ) ;
#601 = SURFACE_STYLE_USAGE ( .BOTH. , #45 ) ;
#603 =( NAMED_UNIT ( * ) PLANE_ANGLE_UNIT ( ) SI_UNIT ( $, .RADIAN. ) );
#602 = STYLED_ITEM ( 'NONE', ( #819 ), #1815 ) ;
#604 = EDGE_CURVE ( 'NONE', #525, #1354, #350, .T. ) ;
#605 = FILL_AREA_STYLE ('',( #979 ) ) ;
#606 = VECTOR ( 'NONE', #1103, 1000.000000000000000 ) ;
#607 = VECTOR ( 'NONE', #1637, 1000.000000000000114 ) ;
#608 = FILL_AREA_STYLE_COLOUR ( '', #1512 ) ;
#609 = CARTESIAN_POINT ( 'NONE',  ( 0.5999999999999999778, -0.2500000121079999915, 0.1700000000000000122 ) ) ;
#610 = ORIENTED_EDGE ( 'NONE', *, *, #19, .T. ) ;
#611 = CONTEXT_DEPENDENT_SHAPE_REPRESENTATION ( #907, #2207 ) ;
#612 = VERTEX_POINT ( 'NONE', #956 ) ;
#613 = SURFACE_STYLE_USAGE ( .BOTH. , #65 ) ;
#614 = SURFACE_STYLE_FILL_AREA ( #225 ) ;
#615 = DIRECTION ( 'NONE',  ( 0.08682659386606056406, -0.08682659386425407855, -0.9924325091388078723 ) ) ;
#616 =( GEOMETRIC_REPRESENTATION_CONTEXT ( 3 ) GLOBAL_UNCERTAINTY_ASSIGNED_CONTEXT ( ( #452 ) ) GLOBAL_UNIT_ASSIGNED_CONTEXT ( ( #992, #603, #1917 ) ) REPRESENTATION_CONTEXT ( 'NONE', 'WORKASPACE' ) );
#617 = STYLED_ITEM ( 'NONE', ( #223 ), #396 ) ;
#618 = SURFACE_STYLE_FILL_AREA ( #1026 ) ;
#619 = PRESENTATION_LAYER_ASSIGNMENT (  '', '', ( #157 ) ) ;
#620 = EDGE_CURVE ( 'NONE', #1850, #1514, #1839, .T. ) ;
#621 = CARTESIAN_POINT ( 'NONE',  ( 0.4800000000000000377, -0.8352624793100000833, 0.1700000000000000122 ) ) ;
#622 =( GEOMETRIC_REPRESENTATION_CONTEXT ( 3 ) GLOBAL_UNCERTAINTY_ASSIGNED_CONTEXT ( ( #2314 ) ) GLOBAL_UNIT_ASSIGNED_CONTEXT ( ( #1307, #348, #152 ) ) REPRESENTATION_CONTEXT ( 'NONE', 'WORKASPACE' ) );
#623 = VERTEX_POINT ( 'NONE', #941 ) ;
#624 = CONTEXT_DEPENDENT_SHAPE_REPRESENTATION ( #38, #1290 ) ;
#625 = UNCERTAINTY_MEASURE_WITH_UNIT (LENGTH_MEASURE( 1.000000000000000082E-05 ), #1871, 'distance_accuracy_value', 'NONE');
#626 = ORIENTED_EDGE ( 'NONE', *, *, #1378, .T. ) ;
#627 =( LENGTH_UNIT ( ) NAMED_UNIT ( * ) SI_UNIT ( .MILLI., .METRE. ) );
#628 = FILL_AREA_STYLE_COLOUR ( '', #1218 ) ;
#629 =( NAMED_UNIT ( * ) SI_UNIT ( $, .STERADIAN. ) SOLID_ANGLE_UNIT ( ) );
#630 = CARTESIAN_POINT ( 'NONE',  ( 0.8400000000000000799, -0.9973753400907795497, 0.1700000000002817591 ) ) ;
#631 = PLANE ( 'NONE',  #70 ) ;
#632 = LINE ( 'NONE', #1697, #1185 ) ;
#633 = DIRECTION ( 'NONE',  ( 0.000000000000000000, -1.387778780779999995E-17, -1.000000000000000000 ) ) ;
#634 = SHAPE_REPRESENTATION ( '3D_Model_TUMD2M_Rev0-prt3', ( #1958 ), #1542 ) ;
#635 = CARTESIAN_POINT ( 'NONE',  ( -0.4000000000000000222, -0.8500000121080000248, 0.1700000000000000122 ) ) ;
#636 = DIRECTION ( 'NONE',  ( -1.083335593720000074E-34, -8.456794590547837088E-52, -1.000000000000000000 ) ) ;
#637 = CARTESIAN_POINT ( 'NONE',  ( -0.4000000000000000222, 1.286999987890000030, 0.1700000000000000122 ) ) ;
#638 = PRODUCT_RELATED_PRODUCT_CATEGORY ( 'part', '', ( #1138 ) ) ;
#639 = VERTEX_POINT ( 'NONE', #760 ) ;
#640 = PRESENTATION_LAYER_ASSIGNMENT (  '', '', ( #716 ) ) ;
#641 = AXIS2_PLACEMENT_3D ( 'NONE', #870, #106, #1737 ) ;
#642 = CARTESIAN_POINT ( 'NONE',  ( 0.5000000000000000000, -0.3747375473289999981, 0.1700000000000000122 ) ) ;
#643 = SURFACE_SIDE_STYLE ('',( #1022 ) ) ;
#644 = COLOUR_RGB ( '',0.7529411764705882248, 0.7529411764705882248, 0.7529411764705882248 ) ;
#645 = SURFACE_STYLE_USAGE ( .BOTH. , #420 ) ;
#646 = COLOUR_RGB ( '',0.2862745098039215508, 0.2862745098039215508, 0.2862745098039215508 ) ;
#647 = SURFACE_SIDE_STYLE ('',( #1897 ) ) ;
#648 = MECHANICAL_DESIGN_GEOMETRIC_PRESENTATION_REPRESENTATION (  '', ( #1515 ), #691 ) ;
#649 = LINE ( 'NONE', #61, #1220 ) ;
#650 =( LENGTH_UNIT ( ) NAMED_UNIT ( * ) SI_UNIT ( .MILLI., .METRE. ) );
#651 = PLANE ( 'NONE',  #1198 ) ;
#652 = ORIENTED_EDGE ( 'NONE', *, *, #729, .T. ) ;
#653 = LINE ( 'NONE', #1853, #1161 ) ;
#654 = CARTESIAN_POINT ( 'NONE',  ( -0.5942038115751200333, -0.8942038115751479443, 0.7999999999999999334 ) ) ;
#655 = DIRECTION ( 'NONE',  ( -0.000000000000000000, -1.387778780779999995E-17, -1.000000000000000000 ) ) ;
#656 = EDGE_CURVE ( 'NONE', #330, #1596, #364, .T. ) ;
#657 = DIRECTION ( 'NONE',  ( -1.000000000000000000, -7.806255641899999934E-18, 1.083335593720000074E-34 ) ) ;
#658 = SURFACE_SIDE_STYLE ('',( #1696 ) ) ;
#659 = DIRECTION ( 'NONE',  ( -1.000000000000000000, -7.806255641899999934E-18, 1.083335593720000074E-34 ) ) ;
#660 = FACE_OUTER_BOUND ( 'NONE', #987, .T. ) ;
#661 =( LENGTH_UNIT ( ) NAMED_UNIT ( * ) SI_UNIT ( .MILLI., .METRE. ) );
#662 = PRESENTATION_LAYER_ASSIGNMENT (  '', '', ( #572 ) ) ;
#663 =( NAMED_UNIT ( * ) PLANE_ANGLE_UNIT ( ) SI_UNIT ( $, .RADIAN. ) );
#664 = MECHANICAL_DESIGN_GEOMETRIC_PRESENTATION_REPRESENTATION (  '', ( #2204 ), #2057 ) ;
#665 = EDGE_LOOP ( 'NONE', ( #1274, #1755, #767, #275, #892, #2136, #249, #1455, #1793, #1666, #850, #1856, #1052, #811, #799, #51, #534, #135 ) ) ;
#666 =( NAMED_UNIT ( * ) PLANE_ANGLE_UNIT ( ) SI_UNIT ( $, .RADIAN. ) );
#667 = DIRECTION ( 'NONE',  ( -1.000000000000000000, -7.746958360017644552E-18, -6.777710333090797879E-19 ) ) ;
#668 = DIRECTION ( 'NONE',  ( 0.000000000000000000, 0.000000000000000000, 1.000000000000000000 ) ) ;
#669 = FILL_AREA_STYLE ('',( #1916 ) ) ;
#670 = STYLED_ITEM ( 'NONE', ( #1836 ), #943 ) ;
#671 = LINE ( 'NONE', #2121, #1412 ) ;
#672 = ADVANCED_FACE ( 'NONE', ( #1312 ), #2025, .F. ) ;
#673 = AXIS2_PLACEMENT_3D ( 'NONE', #465, #1196, #1908 ) ;
#674 = ORIENTED_EDGE ( 'NONE', *, *, #1179, .F. ) ;
#675 = DIRECTION ( 'NONE',  ( -1.000000000000000000, -0.000000000000000000, 0.000000000000000000 ) ) ;
#676 = PRESENTATION_STYLE_ASSIGNMENT (( #1223 ) ) ;
#677 = FACE_OUTER_BOUND ( 'NONE', #1146, .T. ) ;
#678 = DIRECTION ( 'NONE',  ( -0.000000000000000000, 1.000000000000000000, -1.387778780779999995E-17 ) ) ;
#679 = UNCERTAINTY_MEASURE_WITH_UNIT (LENGTH_MEASURE( 1.000000000000000082E-05 ), #199, 'distance_accuracy_value', 'NONE');
#680 = VERTEX_POINT ( 'NONE', #795 ) ;
#681 = SURFACE_STYLE_FILL_AREA ( #1749 ) ;
#682 = CARTESIAN_POINT ( 'NONE',  ( 0.000000000000000000, 0.000000000000000000, 0.000000000000000000 ) ) ;
#683 = LINE ( 'NONE', #1401, #1698 ) ;
#684 = DIRECTION ( 'NONE',  ( -0.000000000000000000, 1.000000000000000000, -0.000000000000000000 ) ) ;
#685 = FACE_OUTER_BOUND ( 'NONE', #1392, .T. ) ;
#686 =( GEOMETRIC_REPRESENTATION_CONTEXT ( 3 ) GLOBAL_UNCERTAINTY_ASSIGNED_CONTEXT ( ( #1040 ) ) GLOBAL_UNIT_ASSIGNED_CONTEXT ( ( #1224, #1767, #1265 ) ) REPRESENTATION_CONTEXT ( 'NONE', 'WORKASPACE' ) );
#687 = EDGE_CURVE ( 'NONE', #416, #1769, #1364, .T. ) ;
#689 = ORIENTED_EDGE ( 'NONE', *, *, #1043, .F. ) ;
#688 = AXIS2_PLACEMENT_3D ( 'NONE', #1812, #533, #733 ) ;
#690 = ADVANCED_FACE ( 'NONE', ( #2046 ), #1536, .T. ) ;
#691 =( GEOMETRIC_REPRESENTATION_CONTEXT ( 3 ) GLOBAL_UNCERTAINTY_ASSIGNED_CONTEXT ( ( #1128 ) ) GLOBAL_UNIT_ASSIGNED_CONTEXT ( ( #1906, #147, #839 ) ) REPRESENTATION_CONTEXT ( 'NONE', 'WORKASPACE' ) );
#692 =( GEOMETRIC_REPRESENTATION_CONTEXT ( 3 ) GLOBAL_UNCERTAINTY_ASSIGNED_CONTEXT ( ( #186 ) ) GLOBAL_UNIT_ASSIGNED_CONTEXT ( ( #488, #1956, #873 ) ) REPRESENTATION_CONTEXT ( 'NONE', 'WORKASPACE' ) );
#693 = ORIENTED_EDGE ( 'NONE', *, *, #701, .F. ) ;
#694 = DIRECTION ( 'NONE',  ( 0.000000000000000000, -1.000000000000000000, 0.000000000000000000 ) ) ;
#695 = PLANE ( 'NONE',  #1287 ) ;
#696 = CARTESIAN_POINT ( 'NONE',  ( 0.4000000000000000222, -0.8500000121080000248, 0.005000000000000000104 ) ) ;
#697 = ORIENTED_EDGE ( 'NONE', *, *, #1039, .F. ) ;
#698 = STYLED_ITEM ( 'NONE', ( #1478 ), #69 ) ;
#699 = SURFACE_STYLE_FILL_AREA ( #1617 ) ;
#700 = AXIS2_PLACEMENT_3D ( 'NONE', #1950, #516, #694 ) ;
#701 = EDGE_CURVE ( 'NONE', #1141, #2175, #2209, .T. ) ;
#702 = AXIS2_PLACEMENT_3D ( 'NONE', #724, #747, #184 ) ;
#703 = VERTEX_POINT ( 'NONE', #1863 ) ;
#704 = VERTEX_POINT ( 'NONE', #581 ) ;
#705 = DIRECTION ( 'NONE',  ( 0.000000000000000000, -1.387778780779999995E-17, -1.000000000000000000 ) ) ;
#706 = DIRECTION ( 'NONE',  ( 5.832372732111865150E-17, -1.000000000000000000, -0.000000000000000000 ) ) ;
#707 = ORIENTED_EDGE ( 'NONE', *, *, #1209, .T. ) ;
#708 = EDGE_CURVE ( 'NONE', #955, #2154, #2034, .T. ) ;
#709 = CARTESIAN_POINT ( 'NONE',  ( 0.8400000000000000799, -0.9999999999999997780, 0.2000000000000000389 ) ) ;
#710 = SHAPE_DEFINITION_REPRESENTATION ( #472, #22 ) ;
#711 = ORIENTED_EDGE ( 'NONE', *, *, #1761, .F. ) ;
#712 = FACE_OUTER_BOUND ( 'NONE', #1203, .T. ) ;
#713 =( LENGTH_UNIT ( ) NAMED_UNIT ( * ) SI_UNIT ( .MILLI., .METRE. ) );
#714 = VECTOR ( 'NONE', #655, 1000.000000000000000 ) ;
#715 = ORIENTED_EDGE ( 'NONE', *, *, #1280, .T. ) ;
#716 = STYLED_ITEM ( 'NONE', ( #8 ), #1405 ) ;
#717 = CARTESIAN_POINT ( 'NONE',  ( 0.000000000000000000, 0.000000000000000000, 0.7999999999999999334 ) ) ;
#718 =( GEOMETRIC_REPRESENTATION_CONTEXT ( 3 ) GLOBAL_UNCERTAINTY_ASSIGNED_CONTEXT ( ( #2124 ) ) GLOBAL_UNIT_ASSIGNED_CONTEXT ( ( #1370, #1915, #835 ) ) REPRESENTATION_CONTEXT ( 'NONE', 'WORKASPACE' ) );
#719 = AXIS2_PLACEMENT_3D ( 'NONE', #621, #1212, #1351 ) ;
#720 = DIRECTION ( 'NONE',  ( 0.000000000000000000, -1.387778780779999995E-17, -1.000000000000000000 ) ) ;
#721 = AXIS2_PLACEMENT_3D ( 'NONE', #2174, #951, #1279 ) ;
#722 = PRESENTATION_LAYER_ASSIGNMENT (  '', '', ( #1739 ) ) ;
#723 = VERTEX_POINT ( 'NONE', #221 ) ;
#724 = CARTESIAN_POINT ( 'NONE',  ( 0.8211024486779999743, 1.181102448679999917, 0.02000000000000000042 ) ) ;
#725 = PRODUCT_CONTEXT ( 'NONE', #2338, 'mechanical' ) ;
#726 =( GEOMETRIC_REPRESENTATION_CONTEXT ( 3 ) GLOBAL_UNCERTAINTY_ASSIGNED_CONTEXT ( ( #144 ) ) GLOBAL_UNIT_ASSIGNED_CONTEXT ( ( #2144, #1023, #1090 ) ) REPRESENTATION_CONTEXT ( 'NONE', 'WORKASPACE' ) );
#727 = LINE ( 'NONE', #1142, #2249 ) ;
#728 = FACE_OUTER_BOUND ( 'NONE', #1169, .T. ) ;
#729 = EDGE_CURVE ( 'NONE', #1591, #680, #1874, .T. ) ;
#730 = ORIENTED_EDGE ( 'NONE', *, *, #862, .F. ) ;
#731 = PLANE ( 'NONE',  #1774 ) ;
#732 = FACE_OUTER_BOUND ( 'NONE', #2117, .T. ) ;
#733 = DIRECTION ( 'NONE',  ( -0.1736481776670334987, 0.000000000000000000, 0.9848077530121899237 ) ) ;
#734 = ORIENTED_EDGE ( 'NONE', *, *, #1086, .T. ) ;
#735 = VECTOR ( 'NONE', #1259, 1000.000000000000000 ) ;
#736 = ORIENTED_EDGE ( 'NONE', *, *, #620, .T. ) ;
#737 = LINE ( 'NONE', #176, #311 ) ;
#738 = PRESENTATION_LAYER_ASSIGNMENT (  '', '', ( #2135 ) ) ;
#739 = SHAPE_REPRESENTATION ( '3D_Model_TUMD2M_Rev0-prt1', ( #1958 ), #718 ) ;
#740 = MECHANICAL_DESIGN_GEOMETRIC_PRESENTATION_REPRESENTATION (  '', ( #1488 ), #622 ) ;
#741 = CARTESIAN_POINT ( 'NONE',  ( 0.4800000000000000377, 0.7999999878919999974, 0.1700000000000000122 ) ) ;
#742 = ADVANCED_FACE ( 'NONE', ( #438 ), #1008, .T. ) ;
#743 = PRESENTATION_STYLE_ASSIGNMENT (( #1449 ) ) ;
#744 = VECTOR ( 'NONE', #1810, 1000.000000000000000 ) ;
#745 = LINE ( 'NONE', #889, #744 ) ;
#746 = VERTEX_POINT ( 'NONE', #88 ) ;
#747 = DIRECTION ( 'NONE',  ( 0.000000000000000000, -1.387778780779999995E-17, -1.000000000000000000 ) ) ;
#748 = DIRECTION ( 'NONE',  ( 1.000000000000000000, 0.000000000000000000, 0.000000000000000000 ) ) ;
#749 = LINE ( 'NONE', #2168, #1037 ) ;
#750 = ORIENTED_EDGE ( 'NONE', *, *, #2352, .F. ) ;
#751 =( LENGTH_UNIT ( ) NAMED_UNIT ( * ) SI_UNIT ( .MILLI., .METRE. ) );
#752 = EDGE_CURVE ( 'NONE', #580, #561, #2286, .T. ) ;
#753 = STYLED_ITEM ( 'NONE', ( #317 ), #1300 ) ;
#754 = APPLICATION_CONTEXT ( 'automotive_design' ) ;
#755 = SURFACE_STYLE_FILL_AREA ( #1308 ) ;
#756 = EDGE_CURVE ( 'NONE', #1671, #1769, #844, .T. ) ;
#757 = CARTESIAN_POINT ( 'NONE',  ( 0.5999999999999999778, 1.249999987890000108, 3.639000212271716165E-14 ) ) ;
#758 = PRODUCT_DEFINITION_SHAPE ( 'NONE', 'NONE',  #1472 ) ;
#759 = EDGE_LOOP ( 'NONE', ( #1486, #919, #312, #946, #207, #769, #1180, #995, #984 ) ) ;
#760 = CARTESIAN_POINT ( 'NONE',  ( 0.6842520405649661352, 0.9842520405652318560, 0.01999999999998269135 ) ) ;
#761 = CARTESIAN_POINT ( 'NONE',  ( 0.6999999999999999556, 1.199999999999999956, 0.2000000000000000111 ) ) ;
#762 = STYLED_ITEM ( 'NONE', ( #789 ), #2066 ) ;
#763 = PRESENTATION_STYLE_ASSIGNMENT (( #1325 ) ) ;
#764 = LINE ( 'NONE', #1305, #1078 ) ;
#765 =( NAMED_UNIT ( * ) SI_UNIT ( $, .STERADIAN. ) SOLID_ANGLE_UNIT ( ) );
#766 = CARTESIAN_POINT ( 'NONE',  ( -0.4000000000000000777, 0.8799999878919999574, 3.639357391837407911E-14 ) ) ;
#767 = ORIENTED_EDGE ( 'NONE', *, *, #701, .T. ) ;
#768 = CARTESIAN_POINT ( 'NONE',  ( -0.4000000000000000222, -0.8100000121079999893, 0.1700000000000000122 ) ) ;
#769 = ORIENTED_EDGE ( 'NONE', *, *, #877, .F. ) ;
#770 = PRESENTATION_STYLE_ASSIGNMENT (( #376 ) ) ;
#771 = FILL_AREA_STYLE ('',( #628 ) ) ;
#772 = CARTESIAN_POINT ( 'NONE',  ( -0.5000000000000000000, 0.7999999878919999974, 3.639819406522070194E-14 ) ) ;
#773 = COLOUR_RGB ( '',0.7529411764705882248, 0.7529411764705882248, 0.7529411764705882248 ) ;
#774 = FILL_AREA_STYLE ('',( #25 ) ) ;
#775 = LINE ( 'NONE', #1817, #1011 ) ;
#776 = COLOUR_RGB ( '',0.2862745098039215508, 0.2862745098039215508, 0.2862745098039215508 ) ;
#777 =( NAMED_UNIT ( * ) SI_UNIT ( $, .STERADIAN. ) SOLID_ANGLE_UNIT ( ) );
#778 = CARTESIAN_POINT ( 'NONE',  ( 0.4000000000000000222, -0.8500000121080000248, 0.1700000000000000122 ) ) ;
#779 = CARTESIAN_POINT ( 'NONE',  ( 0.4000000000000000222, -0.8352624793100000833, 0.1700000000000000122 ) ) ;
#780 = ORIENTED_EDGE ( 'NONE', *, *, #2179, .F. ) ;
#781 = FILL_AREA_STYLE_COLOUR ( '', #891 ) ;
#782 = VECTOR ( 'NONE', #1706, 1000.000000000000000 ) ;
#783 = EDGE_CURVE ( 'NONE', #1833, #34, #1757, .T. ) ;
#784 = VERTEX_POINT ( 'NONE', #323 ) ;
#785 = SURFACE_STYLE_FILL_AREA ( #2276 ) ;
#786 =( NAMED_UNIT ( * ) PLANE_ANGLE_UNIT ( ) SI_UNIT ( $, .RADIAN. ) );
#787 = FACE_OUTER_BOUND ( 'NONE', #320, .T. ) ;
#788 = SURFACE_STYLE_USAGE ( .BOTH. , #658 ) ;
#789 = PRESENTATION_STYLE_ASSIGNMENT (( #1505 ) ) ;
#790 = DIRECTION ( 'NONE',  ( -0.000000000000000000, 1.387778780779999995E-17, 1.000000000000000000 ) ) ;
#791 = SURFACE_STYLE_USAGE ( .BOTH. , #1151 ) ;
#792 = VECTOR ( 'NONE', #74, 1000.000000000000000 ) ;
#793 = DIRECTION ( 'NONE',  ( -0.000000000000000000, 0.08715574274767756702, 0.9961946980917437688 ) ) ;
#794 = EDGE_LOOP ( 'NONE', ( #1323, #868, #530, #480 ) ) ;
#795 = CARTESIAN_POINT ( 'NONE',  ( 0.5000000000000000000, -0.2500000121080000470, 0.1700000000000000122 ) ) ;
#796 = AXIS2_PLACEMENT_3D ( 'NONE', #1245, #899, #2302 ) ;
#797 = UNCERTAINTY_MEASURE_WITH_UNIT (LENGTH_MEASURE( 1.000000000000000082E-05 ), #85, 'distance_accuracy_value', 'NONE');
#798 = AXIS2_PLACEMENT_3D ( 'NONE', #2180, #2011, #575 ) ;
#799 = ORIENTED_EDGE ( 'NONE', *, *, #2093, .T. ) ;
#800 = CARTESIAN_POINT ( 'NONE',  ( 0.4000000000000000222, 1.249999987890000108, 3.639403072887838033E-14 ) ) ;
#801 = DIRECTION ( 'NONE',  ( 0.9961946980917438799, 8.986079386487690776E-18, 0.08715574274767758089 ) ) ;
#802 = STYLED_ITEM ( 'NONE', ( #1508 ), #1792 ) ;
#803 =( GEOMETRIC_REPRESENTATION_CONTEXT ( 3 ) GLOBAL_UNCERTAINTY_ASSIGNED_CONTEXT ( ( #797 ) ) GLOBAL_UNIT_ASSIGNED_CONTEXT ( ( #85, #2062, #1731 ) ) REPRESENTATION_CONTEXT ( 'NONE', 'WORKASPACE' ) );
#804 = ADVANCED_FACE ( 'NONE', ( #1595 ), #651, .F. ) ;
#805 = PRESENTATION_LAYER_ASSIGNMENT (  '', '', ( #178 ) ) ;
#806 = LINE ( 'NONE', #1848, #83 ) ;
#807 = DIRECTION ( 'NONE',  ( -1.539660619913125070E-31, -1.387778780779999995E-17, -1.000000000000000000 ) ) ;
#808 = LINE ( 'NONE', #1523, #1216 ) ;
#809 = ORIENTED_EDGE ( 'NONE', *, *, #372, .F. ) ;
#810 = DIRECTION ( 'NONE',  ( -0.000000000000000000, -1.000000000000000000, 1.387778780779999995E-17 ) ) ;
#811 = ORIENTED_EDGE ( 'NONE', *, *, #1985, .T. ) ;
#812 = PRESENTATION_STYLE_ASSIGNMENT (( #613 ) ) ;
#813 = CARTESIAN_POINT ( 'NONE',  ( 0.4800000000000000377, 0.8799999878919999574, 3.640208794120081137E-14 ) ) ;
#814 = FILL_AREA_STYLE_COLOUR ( '', #1302 ) ;
#815 = CARTESIAN_POINT ( 'NONE',  ( -0.4999999999999998890, -0.2500000121079999915, 0.005000000000000000104 ) ) ;
#816 = FACE_OUTER_BOUND ( 'NONE', #2324, .T. ) ;
#817 = CIRCLE ( 'NONE', #700, 0.07999999999999998779 ) ;
#818 = EDGE_CURVE ( 'NONE', #542, #172, #2086, .T. ) ;
#819 = PRESENTATION_STYLE_ASSIGNMENT (( #791 ) ) ;
#820 = VECTOR ( 'NONE', #2100, 1000.000000000000227 ) ;
#821 = DIRECTION ( 'NONE',  ( 1.083335593720000074E-34, 8.456794590547837088E-52, 1.000000000000000000 ) ) ;
#822 = MECHANICAL_DESIGN_GEOMETRIC_PRESENTATION_REPRESENTATION (  '', ( #2092 ), #1719 ) ;
#823 =( NAMED_UNIT ( * ) PLANE_ANGLE_UNIT ( ) SI_UNIT ( $, .RADIAN. ) );
#824 = ORIENTED_EDGE ( 'NONE', *, *, #1183, .F. ) ;
#825 = SURFACE_SIDE_STYLE ('',( #79 ) ) ;
#826 = FACE_OUTER_BOUND ( 'NONE', #288, .T. ) ;
#827 = DIRECTION ( 'NONE',  ( 0.000000000000000000, 1.000000000000000000, -1.387778780779999995E-17 ) ) ;
#828 = COLOUR_RGB ( '',0.7529411764705882248, 0.7529411764705882248, 0.7529411764705882248 ) ;
#829 =( NAMED_UNIT ( * ) PLANE_ANGLE_UNIT ( ) SI_UNIT ( $, .RADIAN. ) );
#830 = ORIENTED_EDGE ( 'NONE', *, *, #1576, .T. ) ;
#831 = DIRECTION ( 'NONE',  ( -1.000000000000000000, -7.806255641899999934E-18, 1.083335593720000074E-34 ) ) ;
#832 = COLOUR_RGB ( '',0.2862745098039215508, 0.2862745098039215508, 0.2862745098039215508 ) ;
#833 = APPLICATION_CONTEXT ( 'automotive_design' ) ;
#834 = FILL_AREA_STYLE_COLOUR ( '', #1251 ) ;
#835 =( NAMED_UNIT ( * ) SI_UNIT ( $, .STERADIAN. ) SOLID_ANGLE_UNIT ( ) );
#836 = STYLED_ITEM ( 'NONE', ( #411 ), #1534 ) ;
#837 = FILL_AREA_STYLE ('',( #1541 ) ) ;
#838 = STYLED_ITEM ( 'NONE', ( #1295 ), #1717 ) ;
#839 =( NAMED_UNIT ( * ) SI_UNIT ( $, .STERADIAN. ) SOLID_ANGLE_UNIT ( ) );
#840 = MECHANICAL_DESIGN_GEOMETRIC_PRESENTATION_REPRESENTATION (  '', ( #1470 ), #1254 ) ;
#841 = CARTESIAN_POINT ( 'NONE',  ( 0.6999999999995366595, 1.000000000000000000, 0.2000000000000405620 ) ) ;
#842 = PLANE ( 'NONE',  #214 ) ;
#843 = SURFACE_STYLE_FILL_AREA ( #1016 ) ;
#844 = LINE ( 'NONE', #1246, #2368 ) ;
#845 = UNCERTAINTY_MEASURE_WITH_UNIT (LENGTH_MEASURE( 1.000000000000000082E-05 ), #49, 'distance_accuracy_value', 'NONE');
#846 = ORIENTED_EDGE ( 'NONE', *, *, #1847, .T. ) ;
#847 = ADVANCED_FACE ( 'NONE', ( #468 ), #1911, .T. ) ;
#848 = DIRECTION ( 'NONE',  ( 1.000000000000000000, 7.806255641899999934E-18, -1.083335593717297802E-34 ) ) ;
#849 = LINE ( 'NONE', #1772, #595 ) ;
#850 = ORIENTED_EDGE ( 'NONE', *, *, #1152, .T. ) ;
#851 = STYLED_ITEM ( 'NONE', ( #871 ), #236 ) ;
#852 = PRODUCT_DEFINITION_CONTEXT ( 'detailed design', #137, 'design' ) ;
#853 = LINE ( 'NONE', #1921, #2213 ) ;
#854 = FILL_AREA_STYLE_COLOUR ( '', #999 ) ;
#855 = PRESENTATION_LAYER_ASSIGNMENT (  '', '', ( #976 ) ) ;
#856 = CARTESIAN_POINT ( 'NONE',  ( -0.5000000000000000000, 0.9049999878919999796, 0.1849999999999999978 ) ) ;
#857 =( GEOMETRIC_REPRESENTATION_CONTEXT ( 3 ) GLOBAL_UNCERTAINTY_ASSIGNED_CONTEXT ( ( #1156 ) ) GLOBAL_UNIT_ASSIGNED_CONTEXT ( ( #594, #823, #456 ) ) REPRESENTATION_CONTEXT ( 'NONE', 'WORKASPACE' ) );
#858 = EDGE_LOOP ( 'NONE', ( #1873, #1638, #520, #1228 ) ) ;
#859 = PLANE ( 'NONE',  #702 ) ;
#860 = DIRECTION ( 'NONE',  ( -0.000000000000000000, 1.000000000000000000, -1.387778780779999995E-17 ) ) ;
#861 = DIRECTION ( 'NONE',  ( 0.000000000000000000, -1.000000000000000000, 0.000000000000000000 ) ) ;
#862 = EDGE_CURVE ( 'NONE', #1343, #1578, #233, .T. ) ;
#863 = LINE ( 'NONE', #1752, #735 ) ;
#864 = ADVANCED_FACE ( 'NONE', ( #2369 ), #170, .F. ) ;
#865 = EDGE_LOOP ( 'NONE', ( #593, #2309, #750, #1288 ) ) ;
#866 = PLANE ( 'NONE',  #2191 ) ;
#867 = UNCERTAINTY_MEASURE_WITH_UNIT (LENGTH_MEASURE( 1.000000000000000082E-05 ), #1642, 'distance_accuracy_value', 'NONE');
#868 = ORIENTED_EDGE ( 'NONE', *, *, #544, .T. ) ;
#869 = LINE ( 'NONE', #2330, #1711 ) ;
#870 = CARTESIAN_POINT ( 'NONE',  ( 0.4800000000000000377, 1.249999987890000108, 0.1869999999999999996 ) ) ;
#871 = PRESENTATION_STYLE_ASSIGNMENT (( #1763 ) ) ;
#872 = PRODUCT_RELATED_PRODUCT_CATEGORY ( 'part', '', ( #2023 ) ) ;
#873 =( NAMED_UNIT ( * ) SI_UNIT ( $, .STERADIAN. ) SOLID_ANGLE_UNIT ( ) );
#874 = PRESENTATION_LAYER_ASSIGNMENT (  '', '', ( #1885 ) ) ;
#876 = ORIENTED_EDGE ( 'NONE', *, *, #2244, .T. ) ;
#875 = STYLED_ITEM ( 'NONE', ( #315 ), #1594 ) ;
#877 = EDGE_CURVE ( 'NONE', #1496, #2160, #2162, .T. ) ;
#878 = DIRECTION ( 'NONE',  ( 1.000000000000000000, 7.806255641899999934E-18, -1.083335593717297802E-34 ) ) ;
#879 = STYLED_ITEM ( 'NONE', ( #1235 ), #1907 ) ;
#880 = DIRECTION ( 'NONE',  ( 0.000000000000000000, 1.387778780779999995E-17, 1.000000000000000000 ) ) ;
#881 = MECHANICAL_DESIGN_GEOMETRIC_PRESENTATION_REPRESENTATION (  '', ( #762 ), #1297 ) ;
#882 = EDGE_LOOP ( 'NONE', ( #21, #141, #610, #1158 ) ) ;
#883 = SURFACE_STYLE_FILL_AREA ( #142 ) ;
#884 = CARTESIAN_POINT ( 'NONE',  ( 0.000000000000000000, 0.000000000000000000, 0.000000000000000000 ) ) ;
#885 = PRESENTATION_STYLE_ASSIGNMENT (( #1044 ) ) ;
#886 = ORIENTED_EDGE ( 'NONE', *, *, #2093, .F. ) ;
#887 = LINE ( 'NONE', #126, #2232 ) ;
#888 = EDGE_CURVE ( 'NONE', #1514, #784, #1107, .T. ) ;
#889 = CARTESIAN_POINT ( 'NONE',  ( 0.8211024486779999743, -0.8500000121079998028, 0.02000000000000002817 ) ) ;
#890 = COLOUR_RGB ( '',0.2862745098039215508, 0.2862745098039215508, 0.2862745098039215508 ) ;
#891 = COLOUR_RGB ( '',0.7529411764705882248, 0.7529411764705882248, 0.7529411764705882248 ) ;
#892 = ORIENTED_EDGE ( 'NONE', *, *, #202, .T. ) ;
#893 = LINE ( 'NONE', #1927, #1982 ) ;
#894 = PRODUCT_CONTEXT ( 'NONE', #414, 'mechanical' ) ;
#895 = CARTESIAN_POINT ( 'NONE',  ( -0.4800000000000000377, 0.7999999878919998864, 0.01999999999999999695 ) ) ;
#896 = DIRECTION ( 'NONE',  ( 1.000000000000000000, 7.806255641899999934E-18, -1.083335593720000074E-34 ) ) ;
#897 = ORIENTED_EDGE ( 'NONE', *, *, #783, .T. ) ;
#898 = PRESENTATION_LAYER_ASSIGNMENT (  '', '', ( #1201 ) ) ;
#899 = DIRECTION ( 'NONE',  ( 1.000000000000000000, 7.806255641899999934E-18, -1.083335593720000074E-34 ) ) ;
#900 = ORIENTED_EDGE ( 'NONE', *, *, #2029, .T. ) ;
#901 = DIRECTION ( 'NONE',  ( -7.806255641899999934E-18, 1.000000000000000000, -1.387778780779999995E-17 ) ) ;
#902 = EDGE_CURVE ( 'NONE', #1559, #1141, #745, .T. ) ;
#903 =( NAMED_UNIT ( * ) SI_UNIT ( $, .STERADIAN. ) SOLID_ANGLE_UNIT ( ) );
#904 = ORIENTED_EDGE ( 'NONE', *, *, #173, .F. ) ;
#905 = AXIS2_PLACEMENT_3D ( 'NONE', #856, #1872, #1007 ) ;
#906 = FACE_OUTER_BOUND ( 'NONE', #2047, .T. ) ;
#907 =( REPRESENTATION_RELATIONSHIP ('NONE','NONE', #2282, #634 ) REPRESENTATION_RELATIONSHIP_WITH_TRANSFORMATION ( #2236 )SHAPE_REPRESENTATION_RELATIONSHIP( ) );
#908 = COLOUR_RGB ( '',0.7529411764705882248, 0.7529411764705882248, 0.7529411764705882248 ) ;
#909 = FACE_OUTER_BOUND ( 'NONE', #2024, .T. ) ;
#910 = VECTOR ( 'NONE', #2272, 1000.000000000000000 ) ;
#911 = CYLINDRICAL_SURFACE ( 'NONE', #721, 0.07999999999999998779 ) ;
#912 = VECTOR ( 'NONE', #1006, 1000.000000000000000 ) ;
#913 = ORIENTED_EDGE ( 'NONE', *, *, #1462, .T. ) ;
#914 = SURFACE_SIDE_STYLE ('',( #2150 ) ) ;
#915 = PRESENTATION_LAYER_ASSIGNMENT (  '', '', ( #1705 ) ) ;
#916 = EDGE_CURVE ( 'NONE', #2211, #623, #1427, .T. ) ;
#917 = VERTEX_POINT ( 'NONE', #1607 ) ;
#918 = CARTESIAN_POINT ( 'NONE',  ( -0.6999999999996673328, 1.000000000000000000, 0.1999999999999413913 ) ) ;
#919 = ORIENTED_EDGE ( 'NONE', *, *, #493, .F. ) ;
#920 = SURFACE_SIDE_STYLE ('',( #192 ) ) ;
#921 = DIRECTION ( 'NONE',  ( 1.000000000000000000, 0.000000000000000000, -0.000000000000000000 ) ) ;
#922 = SURFACE_SIDE_STYLE ('',( #755 ) ) ;
#923 = DIRECTION ( 'NONE',  ( 0.000000000000000000, 0.1736481776670334987, 0.9848077530121899237 ) ) ;
#924 = ORIENTED_EDGE ( 'NONE', *, *, #1748, .F. ) ;
#925 =( NAMED_UNIT ( * ) SI_UNIT ( $, .STERADIAN. ) SOLID_ANGLE_UNIT ( ) );
#926 = MECHANICAL_DESIGN_GEOMETRIC_PRESENTATION_REPRESENTATION (  '', ( #1901 ), #2287 ) ;
#927 = DIRECTION ( 'NONE',  ( 1.000000000000000000, 0.000000000000000000, 0.000000000000000000 ) ) ;
#928 = VECTOR ( 'NONE', #2048, 1000.000000000000000 ) ;
#929 =( NAMED_UNIT ( * ) SI_UNIT ( $, .STERADIAN. ) SOLID_ANGLE_UNIT ( ) );
#930 = VECTOR ( 'NONE', #810, 1000.000000000000000 ) ;
#931 = PRODUCT ( '3D_Model_TUMD2M_Rev0-prt2', '3D_Model_TUMD2M_Rev0-prt2', '', ( #894 ) ) ;
#932 = ADVANCED_FACE ( 'NONE', ( #909 ), #2196, .T. ) ;
#933 = FILL_AREA_STYLE ('',( #1816 ) ) ;
#934 = EDGE_LOOP ( 'NONE', ( #1321, #89, #1712, #2303 ) ) ;
#935 = PLANE ( 'NONE',  #379 ) ;
#936 = UNCERTAINTY_MEASURE_WITH_UNIT (LENGTH_MEASURE( 1.000000000000000082E-05 ), #1409, 'distance_accuracy_value', 'NONE');
#937 = SURFACE_STYLE_USAGE ( .BOTH. , #398 ) ;
#938 = FILL_AREA_STYLE ('',( #1255 ) ) ;
#939 = SURFACE_SIDE_STYLE ('',( #195 ) ) ;
#940 = VERTEX_POINT ( 'NONE', #2031 ) ;
#941 = CARTESIAN_POINT ( 'NONE',  ( -0.5942038115751201444, 0.7509950367100258761, 0.7999999999999999334 ) ) ;
#942 = APPLICATION_PROTOCOL_DEFINITION ( 'draft international standard', 'automotive_design', 1998, #341 ) ;
#943 = MANIFOLD_SOLID_BREP ( 'Imported1', #2053 ) ;
#944 = DIRECTION ( 'NONE',  ( -0.000000000000000000, -1.000000000000000000, 1.387778780779999995E-17 ) ) ;
#945 = DIRECTION ( 'NONE',  ( 5.832372732111865150E-17, -1.000000000000000000, -0.000000000000000000 ) ) ;
#946 = ORIENTED_EDGE ( 'NONE', *, *, #1860, .F. ) ;
#947 = CARTESIAN_POINT ( 'NONE',  ( 0.4000000000000000222, 1.249999987890000108, 0.1700000000000000122 ) ) ;
#948 = EDGE_CURVE ( 'NONE', #2045, #1833, #1174, .T. ) ;
#949 = MECHANICAL_DESIGN_GEOMETRIC_PRESENTATION_REPRESENTATION (  '', ( #716 ), #1923 ) ;
#950 = LINE ( 'NONE', #413, #1723 ) ;
#951 = DIRECTION ( 'NONE',  ( -0.000000000000000000, 1.387778780779999995E-17, 1.000000000000000000 ) ) ;
#952 =( GEOMETRIC_REPRESENTATION_CONTEXT ( 3 ) GLOBAL_UNCERTAINTY_ASSIGNED_CONTEXT ( ( #1743 ) ) GLOBAL_UNIT_ASSIGNED_CONTEXT ( ( #2361, #2332, #164 ) ) REPRESENTATION_CONTEXT ( 'NONE', 'WORKASPACE' ) );
#953 =( GEOMETRIC_REPRESENTATION_CONTEXT ( 3 ) GLOBAL_UNCERTAINTY_ASSIGNED_CONTEXT ( ( #1018 ) ) GLOBAL_UNIT_ASSIGNED_CONTEXT ( ( #138, #1593, #1568 ) ) REPRESENTATION_CONTEXT ( 'NONE', 'WORKASPACE' ) );
#954 = PRODUCT_DEFINITION_SHAPE ( 'NONE', 'NONE',  #2371 ) ;
#955 = VERTEX_POINT ( 'NONE', #59 ) ;
#956 = CARTESIAN_POINT ( 'NONE',  ( 0.4000000000000000222, 0.9842520405650000415, 0.02000000000000000389 ) ) ;
#957 = VECTOR ( 'NONE', #2367, 1000.000000000000000 ) ;
#958 = ORIENTED_EDGE ( 'NONE', *, *, #1118, .F. ) ;
#959 = CARTESIAN_POINT ( 'NONE',  ( 0.8400000000000000799, 0.9842520405654634486, 0.01999999999995944258 ) ) ;
#960 = PRESENTATION_LAYER_ASSIGNMENT (  '', '', ( #1143 ) ) ;
#961 = LINE ( 'NONE', #975, #555 ) ;
#962 = SURFACE_SIDE_STYLE ('',( #1 ) ) ;
#963 = CARTESIAN_POINT ( 'NONE',  ( 0.5999999999999999778, 0.7999999878920001084, 3.639624712723064408E-14 ) ) ;
#964 = STYLED_ITEM ( 'NONE', ( #1693 ), #2294 ) ;
#965 = ORIENTED_EDGE ( 'NONE', *, *, #1118, .T. ) ;
#966 = DIRECTION ( 'NONE',  ( -1.000000000000000000, 1.109442399059999992E-14, 0.000000000000000000 ) ) ;
#967 = CARTESIAN_POINT ( 'NONE',  ( 0.4800000000000000377, -0.8500000121080000248, 0.1700000000000000122 ) ) ;
#968 = EDGE_CURVE ( 'NONE', #1769, #2252, #2061, .T. ) ;
#969 = CARTESIAN_POINT ( 'NONE',  ( 0.6842520405648643278, 1.199999999999999956, 0.02000000000001186939 ) ) ;
#970 = VERTEX_POINT ( 'NONE', #778 ) ;
#971 = CARTESIAN_POINT ( 'NONE',  ( 0.5000000000000000000, 0.9049999878919999796, 0.1700000000000000122 ) ) ;
#972 = VECTOR ( 'NONE', #146, 1000.000000000000000 ) ;
#973 = ORIENTED_EDGE ( 'NONE', *, *, #1651, .T. ) ;
#974 = PLANE ( 'NONE',  #1753 ) ;
#975 = CARTESIAN_POINT ( 'NONE',  ( 0.4800000000000000377, -0.8500000121080000248, 0.1700000000000000122 ) ) ;
#976 = STYLED_ITEM ( 'NONE', ( #1610 ), #528 ) ;
#977 = CARTESIAN_POINT ( 'NONE',  ( -0.4000000000000000777, -0.8500000121080000248, 0.02000000000000000389 ) ) ;
#978 = ORIENTED_EDGE ( 'NONE', *, *, #968, .F. ) ;
#979 = FILL_AREA_STYLE_COLOUR ( '', #1101 ) ;
#980 = FILL_AREA_STYLE ('',( #422 ) ) ;
#981 = DIRECTION ( 'NONE',  ( 7.806255641899999934E-18, -1.000000000000000000, -0.000000000000000000 ) ) ;
#982 = MECHANICAL_DESIGN_GEOMETRIC_PRESENTATION_REPRESENTATION (  '', ( #1948 ), #1241 ) ;
#983 = PLANE ( 'NONE',  #331 ) ;
#984 = ORIENTED_EDGE ( 'NONE', *, *, #1432, .F. ) ;
#985 = ADVANCED_BREP_SHAPE_REPRESENTATION ( '', ( #279, #1958 ), #1542 ) ;
#986 = VECTOR ( 'NONE', #1326, 1000.000000000000227 ) ;
#987 = EDGE_LOOP ( 'NONE', ( #876, #426, #2, #780 ) ) ;
#988 = EDGE_CURVE ( 'NONE', #2160, #917, #806, .T. ) ;
#989 =( NAMED_UNIT ( * ) SI_UNIT ( $, .STERADIAN. ) SOLID_ANGLE_UNIT ( ) );
#990 =( LENGTH_UNIT ( ) NAMED_UNIT ( * ) SI_UNIT ( .MILLI., .METRE. ) );
#991 = CARTESIAN_POINT ( 'NONE',  ( -0.7000000000000000666, 1.199999999999999956, 0.2000000000000000111 ) ) ;
#992 =( LENGTH_UNIT ( ) NAMED_UNIT ( * ) SI_UNIT ( .MILLI., .METRE. ) );
#993 = DIRECTION ( 'NONE',  ( 1.000000000000000000, -0.000000000000000000, -0.000000000000000000 ) ) ;
#994 = CARTESIAN_POINT ( 'NONE',  ( -0.4000000000000000777, 0.8799999878919999574, 0.01999999999999999695 ) ) ;
#995 = ORIENTED_EDGE ( 'NONE', *, *, #1102, .T. ) ;
#996 = UNCERTAINTY_MEASURE_WITH_UNIT (LENGTH_MEASURE( 1.000000000000000082E-05 ), #36, 'distance_accuracy_value', 'NONE');
#997 = ORIENTED_EDGE ( 'NONE', *, *, #2000, .F. ) ;
#998 = CARTESIAN_POINT ( 'NONE',  ( -0.5942038115751201444, 0.5859777788355784445, 0.7999999999999999334 ) ) ;
#999 = COLOUR_RGB ( '',0.2862745098039215508, 0.2862745098039215508, 0.2862745098039215508 ) ;
#1000 = EDGE_CURVE ( 'NONE', #1252, #2067, #590, .T. ) ;
#1001 =( LENGTH_UNIT ( ) NAMED_UNIT ( * ) SI_UNIT ( .MILLI., .METRE. ) );
#1003 = PLANE ( 'NONE',  #2246 ) ;
#1002 = MECHANICAL_DESIGN_GEOMETRIC_PRESENTATION_REPRESENTATION (  '', ( #178 ), #1038 ) ;
#1004 = CARTESIAN_POINT ( 'NONE',  ( -0.5000000000000000000, 0.7999999878919999974, 0.1700000000000000122 ) ) ;
#1005 =( GEOMETRIC_REPRESENTATION_CONTEXT ( 3 ) GLOBAL_UNCERTAINTY_ASSIGNED_CONTEXT ( ( #1829 ) ) GLOBAL_UNIT_ASSIGNED_CONTEXT ( ( #1160, #786, #629 ) ) REPRESENTATION_CONTEXT ( 'NONE', 'WORKASPACE' ) );
#1006 = DIRECTION ( 'NONE',  ( -0.000000000000000000, 1.387778780779999995E-17, 1.000000000000000000 ) ) ;
#1007 = DIRECTION ( 'NONE',  ( 7.806255641899999934E-18, -1.000000000000000000, 0.000000000000000000 ) ) ;
#1008 = PLANE ( 'NONE',  #1984 ) ;
#1009 = ORIENTED_EDGE ( 'NONE', *, *, #1226, .T. ) ;
#1010 = LINE ( 'NONE', #1053, #12 ) ;
#1011 = VECTOR ( 'NONE', #2216, 1000.000000000000000 ) ;
#1012 = LINE ( 'NONE', #630, #362 ) ;
#1013 = EDGE_CURVE ( 'NONE', #1191, #1019, #950, .T. ) ;
#1014 =( GEOMETRIC_REPRESENTATION_CONTEXT ( 3 ) GLOBAL_UNCERTAINTY_ASSIGNED_CONTEXT ( ( #936 ) ) GLOBAL_UNIT_ASSIGNED_CONTEXT ( ( #1409, #666, #2130 ) ) REPRESENTATION_CONTEXT ( 'NONE', 'WORKASPACE' ) );
#1015 = CARTESIAN_POINT ( 'NONE',  ( 0.4800000000000000377, 0.7999999878919999974, 0.1700000000000000122 ) ) ;
#1016 = FILL_AREA_STYLE ('',( #1899 ) ) ;
#1017 = SURFACE_STYLE_USAGE ( .BOTH. , #2248 ) ;
#1018 = UNCERTAINTY_MEASURE_WITH_UNIT (LENGTH_MEASURE( 1.000000000000000082E-05 ), #138, 'distance_accuracy_value', 'NONE');
#1019 = VERTEX_POINT ( 'NONE', #1150 ) ;
#1020 =( GEOMETRIC_REPRESENTATION_CONTEXT ( 3 ) GLOBAL_UNCERTAINTY_ASSIGNED_CONTEXT ( ( #1202 ) ) GLOBAL_UNIT_ASSIGNED_CONTEXT ( ( #2339, #1788, #1442 ) ) REPRESENTATION_CONTEXT ( 'NONE', 'WORKASPACE' ) );
#1021 = LINE ( 'NONE', #2306, #440 ) ;
#1022 = SURFACE_STYLE_FILL_AREA ( #1504 ) ;
#1023 =( NAMED_UNIT ( * ) PLANE_ANGLE_UNIT ( ) SI_UNIT ( $, .RADIAN. ) );
#1024 = SURFACE_STYLE_FILL_AREA ( #282 ) ;
#1025 = PRESENTATION_STYLE_ASSIGNMENT (( #1394 ) ) ;
#1026 = FILL_AREA_STYLE ('',( #48 ) ) ;
#1027 = ADVANCED_FACE ( 'NONE', ( #1686 ), #1479, .F. ) ;
#1028 = ORIENTED_EDGE ( 'NONE', *, *, #2015, .F. ) ;
#1029 = CARTESIAN_POINT ( 'NONE',  ( 0.5942038115751475669, 0.7009950367100258317, 0.7999999999999999334 ) ) ;
#1030 = DIRECTION ( 'NONE',  ( 1.000000000000000000, 0.000000000000000000, -0.000000000000000000 ) ) ;
#1031 = PRESENTATION_LAYER_ASSIGNMENT (  '', '', ( #1845 ) ) ;
#1032 = FILL_AREA_STYLE_COLOUR ( '', #832 ) ;
#1033 = DIRECTION ( 'NONE',  ( -0.000000000000000000, 1.000000000000000000, -1.387778780779999995E-17 ) ) ;
#1034 = FILL_AREA_STYLE ('',( #1589 ) ) ;
#1035 = EDGE_LOOP ( 'NONE', ( #128, #736, #707, #77 ) ) ;
#1036 = CARTESIAN_POINT ( 'NONE',  ( 0.5999999999999999778, 0.7999999878919999974, 0.1699999999999999845 ) ) ;
#1037 = VECTOR ( 'NONE', #1970, 1000.000000000000000 ) ;
#1038 =( GEOMETRIC_REPRESENTATION_CONTEXT ( 3 ) GLOBAL_UNCERTAINTY_ASSIGNED_CONTEXT ( ( #508 ) ) GLOBAL_UNIT_ASSIGNED_CONTEXT ( ( #713, #1648, #903 ) ) REPRESENTATION_CONTEXT ( 'NONE', 'WORKASPACE' ) );
#1039 = EDGE_CURVE ( 'NONE', #2079, #179, #853, .T. ) ;
#1040 = UNCERTAINTY_MEASURE_WITH_UNIT (LENGTH_MEASURE( 1.000000000000000082E-05 ), #1224, 'distance_accuracy_value', 'NONE');
#1041 = VERTEX_POINT ( 'NONE', #2109 ) ;
#1042 = LINE ( 'NONE', #1248, #1678 ) ;
#1043 = EDGE_CURVE ( 'NONE', #704, #639, #454, .T. ) ;
#1044 = SURFACE_STYLE_USAGE ( .BOTH. , #1954 ) ;
#1045 = DIRECTION ( 'NONE',  ( 0.000000000000000000, 1.387778780779999995E-17, 1.000000000000000000 ) ) ;
#1046 = PRESENTATION_STYLE_ASSIGNMENT (( #295 ) ) ;
#1047 = VERTEX_POINT ( 'NONE', #1189 ) ;
#1048 = CARTESIAN_POINT ( 'NONE',  ( 0.4000000000000000222, 1.249999987890000108, 0.1869999999999999996 ) ) ;
#1049 = VECTOR ( 'NONE', #129, 1000.000000000000000 ) ;
#1050 = CARTESIAN_POINT ( 'NONE',  ( -0.4000000000000000222, -0.8352624793100000833, 0.1700000000000000122 ) ) ;
#1051 = VECTOR ( 'NONE', #1851, 1000.000000000000000 ) ;
#1052 = ORIENTED_EDGE ( 'NONE', *, *, #2015, .T. ) ;
#1053 = CARTESIAN_POINT ( 'NONE',  ( 0.4800000000000000377, -0.8500000121080000248, 3.830269434952000212E-18 ) ) ;
#1054 = EDGE_CURVE ( 'NONE', #1282, #1850, #2283, .T. ) ;
#1055 = SURFACE_STYLE_FILL_AREA ( #669 ) ;
#1056 = SURFACE_SIDE_STYLE ('',( #2323 ) ) ;
#1057 = ORIENTED_EDGE ( 'NONE', *, *, #1734, .T. ) ;
#1058 =( NAMED_UNIT ( * ) PLANE_ANGLE_UNIT ( ) SI_UNIT ( $, .RADIAN. ) );
#1059 =( NAMED_UNIT ( * ) SI_UNIT ( $, .STERADIAN. ) SOLID_ANGLE_UNIT ( ) );
#1060 = CARTESIAN_POINT ( 'NONE',  ( -0.3999999999999999667, 0.9826772446220001234, 0.002000000000000000909 ) ) ;
#1061 = EDGE_LOOP ( 'NONE', ( #23, #904, #183, #1298, #1759, #2347, #2164, #2002, #730, #1701 ) ) ;
#1062 = DIRECTION ( 'NONE',  ( -1.000000000000000000, 1.109442399059999992E-14, 0.000000000000000000 ) ) ;
#1063 = AXIS2_PLACEMENT_3D ( 'NONE', #1942, #1423, #2142 ) ;
#1064 = UNCERTAINTY_MEASURE_WITH_UNIT (LENGTH_MEASURE( 1.000000000000000082E-05 ), #990, 'distance_accuracy_value', 'NONE');
#1065 = CARTESIAN_POINT ( 'NONE',  ( -0.5000000000000000000, 0.9049999878919999796, 0.1869999999999999996 ) ) ;
#1066 = ADVANCED_FACE ( 'NONE', ( #660 ), #2084, .F. ) ;
#1067 = DIRECTION ( 'NONE',  ( 0.000000000000000000, 0.000000000000000000, 1.000000000000000000 ) ) ;
#1069 = VERTEX_POINT ( 'NONE', #284 ) ;
#1068 = PRESENTATION_LAYER_ASSIGNMENT (  '', '', ( #875 ) ) ;
#1070 = AXIS2_PLACEMENT_3D ( 'NONE', #269, #82, #966 ) ;
#1071 = ORIENTED_EDGE ( 'NONE', *, *, #888, .F. ) ;
#1072 = CARTESIAN_POINT ( 'NONE',  ( -0.6294692077162511445, -0.9294692077170009226, 0.5999999999998679723 ) ) ;
#1073 = APPLICATION_PROTOCOL_DEFINITION ( 'draft international standard', 'automotive_design', 1998, #414 ) ;
#1074 = CARTESIAN_POINT ( 'NONE',  ( 0.5999999999999999778, -0.4000000121080000137, 3.641290047259999997E-14 ) ) ;
#1075 = DIRECTION ( 'NONE',  ( -1.083335593720000074E-34, -8.456794590547837088E-52, -1.000000000000000000 ) ) ;
#1076 = VERTEX_POINT ( 'NONE', #111 ) ;
#1077 = SURFACE_SIDE_STYLE ('',( #1244 ) ) ;
#1078 = VECTOR ( 'NONE', #366, 1000.000000000000114 ) ;
#1079 =( GEOMETRIC_REPRESENTATION_CONTEXT ( 3 ) GLOBAL_UNCERTAINTY_ASSIGNED_CONTEXT ( ( #2358 ) ) GLOBAL_UNIT_ASSIGNED_CONTEXT ( ( #627, #418, #1904 ) ) REPRESENTATION_CONTEXT ( 'NONE', 'WORKASPACE' ) );
#1080 = VERTEX_POINT ( 'NONE', #2095 ) ;
#1081 = APPLICATION_PROTOCOL_DEFINITION ( 'draft international standard', 'automotive_design', 1998, #833 ) ;
#1082 = PRESENTATION_LAYER_ASSIGNMENT (  '', '', ( #1488 ) ) ;
#1083 = ORIENTED_EDGE ( 'NONE', *, *, #756, .F. ) ;
#1084 = STYLED_ITEM ( 'NONE', ( #2037 ), #1098 ) ;
#1085 = SURFACE_SIDE_STYLE ('',( #361 ) ) ;
#1086 = EDGE_CURVE ( 'NONE', #1413, #525, #1210, .T. ) ;
#1087 = ORIENTED_EDGE ( 'NONE', *, *, #71, .F. ) ;
#1088 = FILL_AREA_STYLE_COLOUR ( '', #32 ) ;
#1089 =( LENGTH_UNIT ( ) NAMED_UNIT ( * ) SI_UNIT ( .MILLI., .METRE. ) );
#1090 =( NAMED_UNIT ( * ) SI_UNIT ( $, .STERADIAN. ) SOLID_ANGLE_UNIT ( ) );
#1091 = VERTEX_POINT ( 'NONE', #1540 ) ;
#1092 = DIRECTION ( 'NONE',  ( 1.000000000000000000, 0.000000000000000000, -0.000000000000000000 ) ) ;
#1093 = VECTOR ( 'NONE', #860, 1000.000000000000000 ) ;
#1094 = FILL_AREA_STYLE_COLOUR ( '', #1966 ) ;
#1095 = LINE ( 'NONE', #556, #1433 ) ;
#1096 = MECHANICAL_DESIGN_GEOMETRIC_PRESENTATION_REPRESENTATION (  '', ( #602 ), #1630 ) ;
#1097 = ORIENTED_EDGE ( 'NONE', *, *, #346, .F. ) ;
#1098 = ADVANCED_FACE ( 'NONE', ( #787 ), #256, .T. ) ;
#1099 = CARTESIAN_POINT ( 'NONE',  ( -0.4999999999999998890, -0.3747375473289999981, 0.1700000000000000122 ) ) ;
#1100 = APPLICATION_PROTOCOL_DEFINITION ( 'draft international standard', 'automotive_design', 1998, #2338 ) ;
#1101 = COLOUR_RGB ( '',0.2862745098039215508, 0.2862745098039215508, 0.2862745098039215508 ) ;
#1102 = EDGE_CURVE ( 'NONE', #1139, #1076, #242, .T. ) ;
#1103 = DIRECTION ( 'NONE',  ( -1.083335593720000074E-34, -8.456794590547837088E-52, -1.000000000000000000 ) ) ;
#1104 = ORIENTED_EDGE ( 'NONE', *, *, #219, .T. ) ;
#1105 = DIRECTION ( 'NONE',  ( 0.000000000000000000, -1.000000000000000000, 0.000000000000000000 ) ) ;
#1106 = PLANE ( 'NONE',  #1437 ) ;
#1107 = LINE ( 'NONE', #546, #1570 ) ;
#1108 = PLANE ( 'NONE',  #905 ) ;
#1109 = EDGE_LOOP ( 'NONE', ( #2004, #1736, #247, #965, #115, #1332, #711, #227 ) ) ;
#1110 = DIRECTION ( 'NONE',  ( -1.000000000000000000, -0.000000000000000000, -0.000000000000000000 ) ) ;
#1111 = PRESENTATION_LAYER_ASSIGNMENT (  '', '', ( #1414 ) ) ;
#1112 = CARTESIAN_POINT ( 'NONE',  ( 0.000000000000000000, 0.000000000000000000, 0.000000000000000000 ) ) ;
#1113 = AXIS2_PLACEMENT_3D ( 'NONE', #1465, #354, #2188 ) ;
#1114 = FILL_AREA_STYLE_COLOUR ( '', #156 ) ;
#1115 = STYLED_ITEM ( 'NONE', ( #1456 ), #585 ) ;
#1116 = PRODUCT ( '3D_Model_TUMD2M_Rev0-prt1', '3D_Model_TUMD2M_Rev0-prt1', '', ( #1431 ) ) ;
#1117 = DIRECTION ( 'NONE',  ( 5.832372732111865150E-17, -1.000000000000000000, -0.000000000000000000 ) ) ;
#1118 = EDGE_CURVE ( 'NONE', #940, #704, #2070, .T. ) ;
#1119 = APPLICATION_CONTEXT ( 'automotive_design' ) ;
#1120 = CARTESIAN_POINT ( 'NONE',  ( 0.5000000000000000000, 0.7999999878919999974, 3.639819406522070194E-14 ) ) ;
#1121 = SURFACE_STYLE_USAGE ( .BOTH. , #543 ) ;
#1122 = VECTOR ( 'NONE', #1463, 1000.000000000000000 ) ;
#1123 = DIRECTION ( 'NONE',  ( 1.000000000000000000, 7.806255641899999934E-18, -1.083335593717297802E-34 ) ) ;
#1124 = DIRECTION ( 'NONE',  ( -7.687661078131485073E-18, 0.9848077530121899237, -0.1736481776670334987 ) ) ;
#1125 = ORIENTED_EDGE ( 'NONE', *, *, #505, .F. ) ;
#1126 = SURFACE_STYLE_FILL_AREA ( #549 ) ;
#1127 = PRODUCT_CONTEXT ( 'NONE', #1391, 'mechanical' ) ;
#1128 = UNCERTAINTY_MEASURE_WITH_UNIT (LENGTH_MEASURE( 1.000000000000000082E-05 ), #1906, 'distance_accuracy_value', 'NONE');
#1129 = LINE ( 'NONE', #761, #353 ) ;
#1130 = CARTESIAN_POINT ( 'NONE',  ( 0.4000000000000000222, -0.8500000121080000248, 0.02000000000000000389 ) ) ;
#1131 = SURFACE_STYLE_USAGE ( .BOTH. , #1327 ) ;
#1132 = EDGE_CURVE ( 'NONE', #1692, #2079, #67, .T. ) ;
#1133 = DIRECTION ( 'NONE',  ( 1.083335593720000074E-34, 8.456794590547837088E-52, 1.000000000000000000 ) ) ;
#1134 = AXIS2_PLACEMENT_3D ( 'NONE', #1065, #657, #1379 ) ;
#1135 =( LENGTH_UNIT ( ) NAMED_UNIT ( * ) SI_UNIT ( .MILLI., .METRE. ) );
#1136 =( NAMED_UNIT ( * ) PLANE_ANGLE_UNIT ( ) SI_UNIT ( $, .RADIAN. ) );
#1137 = FACE_OUTER_BOUND ( 'NONE', #794, .T. ) ;
#1138 = PRODUCT ( 'RBE01VYM6AFHTR', 'RBE01VYM6AFHTR', '', ( #1249 ) ) ;
#1139 = VERTEX_POINT ( 'NONE', #1880 ) ;
#1140 =( NAMED_UNIT ( * ) SI_UNIT ( $, .STERADIAN. ) SOLID_ANGLE_UNIT ( ) );
#1141 = VERTEX_POINT ( 'NONE', #977 ) ;
#1142 = CARTESIAN_POINT ( 'NONE',  ( 0.4800000000000000377, -1.250000012109999892, 9.381384558099754231E-18 ) ) ;
#1143 = STYLED_ITEM ( 'NONE', ( #2336 ), #2127 ) ;
#1144 = DIRECTION ( 'NONE',  ( 7.776550482408003712E-18, -0.9961946980917438799, 0.08715574274767758089 ) ) ;
#1145 =( NAMED_UNIT ( * ) PLANE_ANGLE_UNIT ( ) SI_UNIT ( $, .RADIAN. ) );
#1146 = EDGE_LOOP ( 'NONE', ( #1448, #1826, #689, #548 ) ) ;
#1147 = CARTESIAN_POINT ( 'NONE',  ( -0.4999999999999998890, -0.2500000121079999915, 3.641129664847518043E-14 ) ) ;
#1148 = UNCERTAINTY_MEASURE_WITH_UNIT (LENGTH_MEASURE( 1.000000000000000082E-05 ), #1318, 'distance_accuracy_value', 'NONE');
#1149 =( NAMED_UNIT ( * ) PLANE_ANGLE_UNIT ( ) SI_UNIT ( $, .RADIAN. ) );
#1150 = CARTESIAN_POINT ( 'NONE',  ( 0.4000000000000000222, -1.250000012109999892, 9.968642664813642380E-18 ) ) ;
#1151 = SURFACE_SIDE_STYLE ('',( #618 ) ) ;
#1152 = EDGE_CURVE ( 'NONE', #1439, #1776, #1684, .T. ) ;
#1153 = DIRECTION ( 'NONE',  ( 1.000000000000000000, -0.000000000000000000, -0.000000000000000000 ) ) ;
#1154 = ORIENTED_EDGE ( 'NONE', *, *, #1801, .T. ) ;
#1155 = SHAPE_DEFINITION_REPRESENTATION ( #1868, #1787 ) ;
#1156 = UNCERTAINTY_MEASURE_WITH_UNIT (LENGTH_MEASURE( 1.000000000000000082E-05 ), #594, 'distance_accuracy_value', 'NONE');
#1157 = PRESENTATION_LAYER_ASSIGNMENT (  '', '', ( #851 ) ) ;
#1158 = ORIENTED_EDGE ( 'NONE', *, *, #570, .F. ) ;
#1159 = FACE_OUTER_BOUND ( 'NONE', #1975, .T. ) ;
#1160 =( LENGTH_UNIT ( ) NAMED_UNIT ( * ) SI_UNIT ( .MILLI., .METRE. ) );
#1161 = VECTOR ( 'NONE', #2068, 1000.000000000000000 ) ;
#1162 =( NAMED_UNIT ( * ) PLANE_ANGLE_UNIT ( ) SI_UNIT ( $, .RADIAN. ) );
#1163 = AXIS2_PLACEMENT_3D ( 'NONE', #1322, #2235, #273 ) ;
#1164 = AXIS2_PLACEMENT_3D ( 'NONE', #1974, #720, #1641 ) ;
#1165 = LINE ( 'NONE', #285, #600 ) ;
#1166 = ORIENTED_EDGE ( 'NONE', *, *, #151, .F. ) ;
#1167 = CARTESIAN_POINT ( 'NONE',  ( -0.4000000000000000777, 1.181102448679999917, 0.02000000000000000042 ) ) ;
#1168 = EDGE_CURVE ( 'NONE', #784, #382, #2241, .T. ) ;
#1169 = EDGE_LOOP ( 'NONE', ( #2234, #1335, #338, #886 ) ) ;
#1170 = PLANE ( 'NONE',  #1875 ) ;
#1171 =( NAMED_UNIT ( * ) PLANE_ANGLE_UNIT ( ) SI_UNIT ( $, .RADIAN. ) );
#1172 = CARTESIAN_POINT ( 'NONE',  ( -0.4000000000000000222, 1.009112875310000046, 0.1849999999999999978 ) ) ;
#1173 = UNCERTAINTY_MEASURE_WITH_UNIT (LENGTH_MEASURE( 1.000000000000000082E-05 ), #1186, 'distance_accuracy_value', 'NONE');
#1174 = LINE ( 'NONE', #2217, #159 ) ;
#1175 = MECHANICAL_DESIGN_GEOMETRIC_PRESENTATION_REPRESENTATION (  '', ( #53 ), #1466 ) ;
#1176 = CARTESIAN_POINT ( 'NONE',  ( -0.4999999999999998890, -0.2500000121079999360, 0.02000000000000002123 ) ) ;
#1177 = ORIENTED_EDGE ( 'NONE', *, *, #160, .F. ) ;
#1178 = CARTESIAN_POINT ( 'NONE',  ( -0.4800000000000000377, 0.8799999878919999574, 0.1700000000000000122 ) ) ;
#1179 = EDGE_CURVE ( 'NONE', #746, #1779, #1184, .T. ) ;
#1180 = ORIENTED_EDGE ( 'NONE', *, *, #134, .F. ) ;
#1181 = CARTESIAN_POINT ( 'NONE',  ( 0.4000000000000000222, -0.3747375473289999981, 0.1700000000000000122 ) ) ;
#1182 = AXIS2_PLACEMENT_3D ( 'NONE', #1306, #2202, #1660 ) ;
#1183 = EDGE_CURVE ( 'NONE', #1069, #580, #1012, .T. ) ;
#1184 = LINE ( 'NONE', #991, #241 ) ;
#1186 =( LENGTH_UNIT ( ) NAMED_UNIT ( * ) SI_UNIT ( .MILLI., .METRE. ) );
#1185 = VECTOR ( 'NONE', #993, 1000.000000000000000 ) ;
#1187 = FILL_AREA_STYLE ('',( #451 ) ) ;
#1188 = PRESENTATION_LAYER_ASSIGNMENT (  '', '', ( #17 ) ) ;
#1189 = CARTESIAN_POINT ( 'NONE',  ( 0.4800000000000000377, 0.7999999878919999974, 3.640118284922058162E-14 ) ) ;
#1190 = PRESENTATION_STYLE_ASSIGNMENT (( #2233 ) ) ;
#1191 = VERTEX_POINT ( 'NONE', #1695 ) ;
#1192 = FACE_OUTER_BOUND ( 'NONE', #2138, .T. ) ;
#1193 = DIRECTION ( 'NONE',  ( -0.000000000000000000, -1.000000000000000000, 1.387778780779999995E-17 ) ) ;
#1194 =( GEOMETRIC_REPRESENTATION_CONTEXT ( 3 ) GLOBAL_UNCERTAINTY_ASSIGNED_CONTEXT ( ( #1263 ) ) GLOBAL_UNIT_ASSIGNED_CONTEXT ( ( #1830, #2167, #1446 ) ) REPRESENTATION_CONTEXT ( 'NONE', 'WORKASPACE' ) );
#1195 = EDGE_CURVE ( 'NONE', #940, #1814, #1718, .T. ) ;
#1196 = DIRECTION ( 'NONE',  ( 7.687661078131485073E-18, -0.9848077530121899237, -0.1736481776670334987 ) ) ;
#1197 = CARTESIAN_POINT ( 'NONE',  ( 0.5000000000000000000, -0.2500000121079999915, 0.02000000000000002123 ) ) ;
#1198 = AXIS2_PLACEMENT_3D ( 'NONE', #1580, #2273, #1375 ) ;
#1199 = PLANE ( 'NONE',  #796 ) ;
#1200 = DIRECTION ( 'NONE',  ( -1.083335593720000074E-34, -8.456794590547837088E-52, -1.000000000000000000 ) ) ;
#1201 = STYLED_ITEM ( 'NONE', ( #1025 ), #1066 ) ;
#1202 = UNCERTAINTY_MEASURE_WITH_UNIT (LENGTH_MEASURE( 1.000000000000000082E-05 ), #2339, 'distance_accuracy_value', 'NONE');
#1203 = EDGE_LOOP ( 'NONE', ( #2064, #715, #1214, #158 ) ) ;
#1204 = CARTESIAN_POINT ( 'NONE',  ( 0.4000000000000000222, 0.9973753400941780534, 0.1699999999999844413 ) ) ;
#1205 = MECHANICAL_DESIGN_GEOMETRIC_PRESENTATION_REPRESENTATION (  '', ( #1084 ), #161 ) ;
#1206 = CARTESIAN_POINT ( 'NONE',  ( 0.4000000000000000222, -0.8500000121080000248, -0.01700000000000000469 ) ) ;
#1207 = LINE ( 'NONE', #449, #155 ) ;
#1208 = CARTESIAN_POINT ( 'NONE',  ( 0.000000000000000000, 0.000000000000000000, 0.7999999999999999334 ) ) ;
#1209 = EDGE_CURVE ( 'NONE', #1514, #1439, #1347, .T. ) ;
#1210 = LINE ( 'NONE', #268, #986 ) ;
#1211 = SURFACE_STYLE_FILL_AREA ( #332 ) ;
#1212 = DIRECTION ( 'NONE',  ( 0.000000000000000000, -1.387778780779999995E-17, -1.000000000000000000 ) ) ;
#1213 = SURFACE_STYLE_USAGE ( .BOTH. , #1384 ) ;
#1214 = ORIENTED_EDGE ( 'NONE', *, *, #948, .T. ) ;
#1215 = LINE ( 'NONE', #1377, #1313 ) ;
#1216 = VECTOR ( 'NONE', #821, 1000.000000000000000 ) ;
#1217 = DIRECTION ( 'NONE',  ( 0.000000000000000000, -1.000000000000000000, 1.387778780779999995E-17 ) ) ;
#1218 = COLOUR_RGB ( '',0.7529411764705882248, 0.7529411764705882248, 0.7529411764705882248 ) ;
#1219 = DIRECTION ( 'NONE',  ( 0.000000000000000000, -1.000000000000000000, 1.387778780779999995E-17 ) ) ;
#1220 = VECTOR ( 'NONE', #807, 1000.000000000000000 ) ;
#1221 = ORIENTED_EDGE ( 'NONE', *, *, #1378, .F. ) ;
#1222 = COLOUR_RGB ( '',0.2862745098039215508, 0.2862745098039215508, 0.2862745098039215508 ) ;
#1223 = SURFACE_STYLE_USAGE ( .BOTH. , #2284 ) ;
#1224 =( LENGTH_UNIT ( ) NAMED_UNIT ( * ) SI_UNIT ( .MILLI., .METRE. ) );
#1225 = FILL_AREA_STYLE ('',( #1732 ) ) ;
#1226 = EDGE_CURVE ( 'NONE', #34, #1047, #1895, .T. ) ;
#1227 = UNCERTAINTY_MEASURE_WITH_UNIT (LENGTH_MEASURE( 1.000000000000000082E-05 ), #1356, 'distance_accuracy_value', 'NONE');
#1228 = ORIENTED_EDGE ( 'NONE', *, *, #359, .T. ) ;
#1229 = LINE ( 'NONE', #1029, #538 ) ;
#1230 = FILL_AREA_STYLE_COLOUR ( '', #2351 ) ;
#1231 = CARTESIAN_POINT ( 'NONE',  ( 0.5000000000000000000, 0.7999999878919999974, 0.02000000000000000736 ) ) ;
#1232 = FILL_AREA_STYLE_COLOUR ( '', #1971 ) ;
#1233 = ORIENTED_EDGE ( 'NONE', *, *, #554, .T. ) ;
#1234 = MECHANICAL_DESIGN_GEOMETRIC_PRESENTATION_REPRESENTATION (  '', ( #463 ), #1674 ) ;
#1235 = PRESENTATION_STYLE_ASSIGNMENT (( #347 ) ) ;
#1236 = FILL_AREA_STYLE ('',( #1745 ) ) ;
#1237 =( GEOMETRIC_REPRESENTATION_CONTEXT ( 3 ) GLOBAL_UNCERTAINTY_ASSIGNED_CONTEXT ( ( #1525 ) ) GLOBAL_UNIT_ASSIGNED_CONTEXT ( ( #208, #1827, #1445 ) ) REPRESENTATION_CONTEXT ( 'NONE', 'WORKASPACE' ) );
#1238 = ORIENTED_EDGE ( 'NONE', *, *, #752, .T. ) ;
#1239 = ADVANCED_FACE ( 'NONE', ( #826 ), #2267, .F. ) ;
#1240 = DIRECTION ( 'NONE',  ( 1.109442399059999992E-14, 1.000000000000000000, -1.387778780779999995E-17 ) ) ;
#1241 =( GEOMETRIC_REPRESENTATION_CONTEXT ( 3 ) GLOBAL_UNCERTAINTY_ASSIGNED_CONTEXT ( ( #625 ) ) GLOBAL_UNIT_ASSIGNED_CONTEXT ( ( #1871, #1886, #435 ) ) REPRESENTATION_CONTEXT ( 'NONE', 'WORKASPACE' ) );
#1242 = SURFACE_STYLE_USAGE ( .BOTH. , #319 ) ;
#1243 = ORIENTED_EDGE ( 'NONE', *, *, #1608, .T. ) ;
#1244 = SURFACE_STYLE_FILL_AREA ( #2326 ) ;
#1245 = CARTESIAN_POINT ( 'NONE',  ( 0.4000000000000000222, -0.8100000121079999893, -0.01700000000000000469 ) ) ;
#1246 = CARTESIAN_POINT ( 'NONE',  ( -0.4000000000000000222, -0.8500000121080000248, 0.1869999999999999996 ) ) ;
#1247 = EDGE_LOOP ( 'NONE', ( #1271, #924, #978, #1256 ) ) ;
#1248 = CARTESIAN_POINT ( 'NONE',  ( -0.5942038115751201444, 0.9294692077175954470, 0.7999999999999999334 ) ) ;
#1249 = PRODUCT_CONTEXT ( 'NONE', #1789, 'mechanical' ) ;
#1250 = SURFACE_STYLE_FILL_AREA ( #1805 ) ;
#1252 = VERTEX_POINT ( 'NONE', #2091 ) ;
#1251 = COLOUR_RGB ( '',0.2862745098039215508, 0.2862745098039215508, 0.2862745098039215508 ) ;
#1253 = DIRECTION ( 'NONE',  ( 0.000000000000000000, 1.000000000000000000, -1.387778780779999995E-17 ) ) ;
#1254 =( GEOMETRIC_REPRESENTATION_CONTEXT ( 3 ) GLOBAL_UNCERTAINTY_ASSIGNED_CONTEXT ( ( #2003 ) ) GLOBAL_UNIT_ASSIGNED_CONTEXT ( ( #751, #3, #1262 ) ) REPRESENTATION_CONTEXT ( 'NONE', 'WORKASPACE' ) );
#1255 = FILL_AREA_STYLE_COLOUR ( '', #239 ) ;
#1256 = ORIENTED_EDGE ( 'NONE', *, *, #687, .F. ) ;
#1257 = SURFACE_SIDE_STYLE ('',( #1126 ) ) ;
#1258 = APPLICATION_PROTOCOL_DEFINITION ( 'draft international standard', 'automotive_design', 1998, #754 ) ;
#1259 = DIRECTION ( 'NONE',  ( 0.000000000000000000, 1.000000000000000000, -1.387778780779999995E-17 ) ) ;
#1260 = ORIENTED_EDGE ( 'NONE', *, *, #1209, .F. ) ;
#1261 = ADVANCED_FACE ( 'NONE', ( #2119 ), #1554, .T. ) ;
#1262 =( NAMED_UNIT ( * ) SI_UNIT ( $, .STERADIAN. ) SOLID_ANGLE_UNIT ( ) );
#1263 = UNCERTAINTY_MEASURE_WITH_UNIT (LENGTH_MEASURE( 1.000000000000000082E-05 ), #1830, 'distance_accuracy_value', 'NONE');
#1264 = VECTOR ( 'NONE', #1613, 1000.000000000000000 ) ;
#1265 =( NAMED_UNIT ( * ) SI_UNIT ( $, .STERADIAN. ) SOLID_ANGLE_UNIT ( ) );
#1266 = CARTESIAN_POINT ( 'NONE',  ( -0.4000000000000000222, -1.250000012109999892, 4.886444981287839575E-18 ) ) ;
#1267 =( GEOMETRIC_REPRESENTATION_CONTEXT ( 3 ) GLOBAL_UNCERTAINTY_ASSIGNED_CONTEXT ( ( #1795 ) ) GLOBAL_UNIT_ASSIGNED_CONTEXT ( ( #1089, #1285, #929 ) ) REPRESENTATION_CONTEXT ( 'NONE', 'WORKASPACE' ) );
#1268 = VECTOR ( 'NONE', #514, 1000.000000000000000 ) ;
#1269 = ORIENTED_EDGE ( 'NONE', *, *, #1801, .F. ) ;
#1270 =( LENGTH_UNIT ( ) NAMED_UNIT ( * ) SI_UNIT ( .MILLI., .METRE. ) );
#1271 = ORIENTED_EDGE ( 'NONE', *, *, #1501, .F. ) ;
#1272 = CARTESIAN_POINT ( 'NONE',  ( -0.5942038115751201444, 0.7009950367100258317, 0.7999999999999999334 ) ) ;
#1273 = LINE ( 'NONE', #1791, #1337 ) ;
#1274 = ORIENTED_EDGE ( 'NONE', *, *, #71, .T. ) ;
#1275 = VECTOR ( 'NONE', #432, 1000.000000000000227 ) ;
#1276 = CARTESIAN_POINT ( 'NONE',  ( -0.4000000000000000222, 0.8799999878919999574, 0.1849999999999999978 ) ) ;
#1277 = EDGE_CURVE ( 'NONE', #1354, #2345, #849, .T. ) ;
#1278 = PRESENTATION_STYLE_ASSIGNMENT (( #181 ) ) ;
#1279 = DIRECTION ( 'NONE',  ( 0.000000000000000000, -1.000000000000000000, 0.000000000000000000 ) ) ;
#1280 = EDGE_CURVE ( 'NONE', #1692, #2045, #683, .T. ) ;
#1281 = DIRECTION ( 'NONE',  ( 1.539660619913125070E-31, 1.387778780779999995E-17, -1.000000000000000000 ) ) ;
#1282 = VERTEX_POINT ( 'NONE', #1410 ) ;
#1283 = DIRECTION ( 'NONE',  ( 0.000000000000000000, 0.000000000000000000, 1.000000000000000000 ) ) ;
#1284 = ORIENTED_EDGE ( 'NONE', *, *, #1563, .T. ) ;
#1285 =( NAMED_UNIT ( * ) PLANE_ANGLE_UNIT ( ) SI_UNIT ( $, .RADIAN. ) );
#1286 = FACE_OUTER_BOUND ( 'NONE', #1109, .T. ) ;
#1287 = AXIS2_PLACEMENT_3D ( 'NONE', #1861, #1124, #923 ) ;
#1288 = ORIENTED_EDGE ( 'NONE', *, *, #1953, .T. ) ;
#1289 = AXIS2_PLACEMENT_3D ( 'NONE', #813, #1841, #1489 ) ;
#1290 = PRODUCT_DEFINITION_SHAPE ( 'NONE', 'NONE',  #2372 ) ;
#1291 = VECTOR ( 'NONE', #667, 1000.000000000000000 ) ;
#1292 = FILL_AREA_STYLE ('',( #2195 ) ) ;
#1293 = CARTESIAN_POINT ( 'NONE',  ( 0.4800000000000000377, -1.250000012109999892, -0.01700000000000000469 ) ) ;
#1294 = PRODUCT_DEFINITION ( 'UNKNOWN', '', #1918, #2325 ) ;
#1295 = PRESENTATION_STYLE_ASSIGNMENT (( #1654 ) ) ;
#1296 = CARTESIAN_POINT ( 'NONE',  ( 0.5942038115751475669, -0.9294692077168409394, 0.7999999999999999334 ) ) ;
#1297 =( GEOMETRIC_REPRESENTATION_CONTEXT ( 3 ) GLOBAL_UNCERTAINTY_ASSIGNED_CONTEXT ( ( #2321 ) ) GLOBAL_UNIT_ASSIGNED_CONTEXT ( ( #2243, #244, #777 ) ) REPRESENTATION_CONTEXT ( 'NONE', 'WORKASPACE' ) );
#1298 = ORIENTED_EDGE ( 'NONE', *, *, #1226, .F. ) ;
#1299 = LINE ( 'NONE', #535, #119 ) ;
#1300 = ADVANCED_FACE ( 'NONE', ( #485 ), #695, .F. ) ;
#1301 =( NAMED_UNIT ( * ) SI_UNIT ( $, .STERADIAN. ) SOLID_ANGLE_UNIT ( ) );
#1302 = COLOUR_RGB ( '',0.2862745098039215508, 0.2862745098039215508, 0.2862745098039215508 ) ;
#1303 = FILL_AREA_STYLE ('',( #2005 ) ) ;
#1304 = CARTESIAN_POINT ( 'NONE',  ( 0.8400000000000000799, 1.000000000000000000, 0.2000000000000000111 ) ) ;
#1305 = CARTESIAN_POINT ( 'NONE',  ( -0.3999999999999999667, -1.001574795940000095, 0.2180000000000000271 ) ) ;
#1306 = CARTESIAN_POINT ( 'NONE',  ( -0.4800000000000000377, 0.8799999878919999574, 0.1700000000000000122 ) ) ;
#1307 =( LENGTH_UNIT ( ) NAMED_UNIT ( * ) SI_UNIT ( .MILLI., .METRE. ) );
#1308 = FILL_AREA_STYLE ('',( #1094 ) ) ;
#1309 = PRESENTATION_LAYER_ASSIGNMENT (  '', '', ( #2331 ) ) ;
#1310 = SURFACE_SIDE_STYLE ('',( #566 ) ) ;
#1311 = EDGE_LOOP ( 'NONE', ( #470, #1352, #1609, #1071, #1464, #2222, #2008, #1498, #2170, #567 ) ) ;
#1312 = FACE_OUTER_BOUND ( 'NONE', #162, .T. ) ;
#1313 = VECTOR ( 'NONE', #325, 1000.000000000000000 ) ;
#1314 = MECHANICAL_DESIGN_GEOMETRIC_PRESENTATION_REPRESENTATION (  '', ( #1644 ), #857 ) ;
#1315 = EDGE_CURVE ( 'NONE', #1838, #1252, #1320, .T. ) ;
#1316 = DIRECTION ( 'NONE',  ( 0.000000000000000000, -1.387778780779999995E-17, -1.000000000000000000 ) ) ;
#1317 = PRODUCT_DEFINITION_SHAPE ( 'NONE', 'NONE',  #2126 ) ;
#1318 =( LENGTH_UNIT ( ) NAMED_UNIT ( * ) SI_UNIT ( .MILLI., .METRE. ) );
#1319 = PRESENTATION_STYLE_ASSIGNMENT (( #2231 ) ) ;
#1320 = LINE ( 'NONE', #1060, #1961 ) ;
#1321 = ORIENTED_EDGE ( 'NONE', *, *, #1195, .T. ) ;
#1322 = CARTESIAN_POINT ( 'NONE',  ( -0.4000000000000000222, -0.8352624793100000833, 0.1849999999999999978 ) ) ;
#1323 = ORIENTED_EDGE ( 'NONE', *, *, #505, .T. ) ;
#1324 = CARTESIAN_POINT ( 'NONE',  ( 0.6294692077163627220, 0.9294692077169999234, 0.5999999999998876232 ) ) ;
#1325 = SURFACE_STYLE_USAGE ( .BOTH. , #252 ) ;
#1326 = DIRECTION ( 'NONE',  ( 0.08682659386425291281, -0.08682659386605820484, 0.9924325091388082054 ) ) ;
#1327 = SURFACE_SIDE_STYLE ('',( #587 ) ) ;
#1328 = EDGE_CURVE ( 'NONE', #2160, #1992, #2043, .T. ) ;
#1329 = DIRECTION ( 'NONE',  ( 1.000000000000000000, 7.806255641899999934E-18, -1.083335593720000074E-34 ) ) ;
#1330 = VECTOR ( 'NONE', #1837, 1000.000000000000000 ) ;
#1331 = DIRECTION ( 'NONE',  ( 1.000000000000000000, 0.000000000000000000, -0.000000000000000000 ) ) ;
#1332 = ORIENTED_EDGE ( 'NONE', *, *, #313, .F. ) ;
#1333 = DIRECTION ( 'NONE',  ( 0.000000000000000000, -1.000000000000000000, 0.000000000000000000 ) ) ;
#1334 = STYLED_ITEM ( 'NONE', ( #391 ), #1722 ) ;
#1335 = ORIENTED_EDGE ( 'NONE', *, *, #1679, .T. ) ;
#1336 = CARTESIAN_POINT ( 'NONE',  ( 0.5000000000000000000, 0.7999999878919999974, 0.1700000000000000122 ) ) ;
#1337 = VECTOR ( 'NONE', #365, 1000.000000000000000 ) ;
#1338 = EDGE_CURVE ( 'NONE', #363, #723, #206, .T. ) ;
#1339 = LINE ( 'NONE', #1522, #175 ) ;
#1340 = ORIENTED_EDGE ( 'NONE', *, *, #988, .F. ) ;
#1341 = UNCERTAINTY_MEASURE_WITH_UNIT (LENGTH_MEASURE( 1.000000000000000082E-05 ), #1936, 'distance_accuracy_value', 'NONE');
#1342 = VECTOR ( 'NONE', #1467, 1000.000000000000000 ) ;
#1343 = VERTEX_POINT ( 'NONE', #766 ) ;
#1344 =( NAMED_UNIT ( * ) PLANE_ANGLE_UNIT ( ) SI_UNIT ( $, .RADIAN. ) );
#1345 = PLANE ( 'NONE',  #641 ) ;
#1346 = PRESENTATION_LAYER_ASSIGNMENT (  '', '', ( #2333 ) ) ;
#1347 = LINE ( 'NONE', #815, #444 ) ;
#1348 = UNCERTAINTY_MEASURE_WITH_UNIT (LENGTH_MEASURE( 1.000000000000000082E-05 ), #2152, 'distance_accuracy_value', 'NONE');
#1349 = EDGE_CURVE ( 'NONE', #639, #1413, #2205, .T. ) ;
#1350 = AXIS2_PLACEMENT_3D ( 'NONE', #2203, #790, #30 ) ;
#1351 = DIRECTION ( 'NONE',  ( 0.000000000000000000, 1.000000000000000000, -1.387778780779999995E-17 ) ) ;
#1352 = ORIENTED_EDGE ( 'NONE', *, *, #326, .F. ) ;
#1353 = EDGE_CURVE ( 'NONE', #266, #917, #2001, .T. ) ;
#1354 = VERTEX_POINT ( 'NONE', #182 ) ;
#1355 = DIRECTION ( 'NONE',  ( 0.000000000000000000, -1.387778780779999995E-17, -1.000000000000000000 ) ) ;
#1356 =( LENGTH_UNIT ( ) NAMED_UNIT ( * ) SI_UNIT ( .MILLI., .METRE. ) );
#1357 = DIRECTION ( 'NONE',  ( 0.000000000000000000, 1.387778780779999995E-17, -1.000000000000000000 ) ) ;
#1358 = FILL_AREA_STYLE_COLOUR ( '', #1980 ) ;
#1359 = PLANE ( 'NONE',  #302 ) ;
#1360 = UNCERTAINTY_MEASURE_WITH_UNIT (LENGTH_MEASURE( 1.000000000000000082E-05 ), #2133, 'distance_accuracy_value', 'NONE');
#1361 = SURFACE_STYLE_FILL_AREA ( #1909 ) ;
#1362 = COLOUR_RGB ( '',0.2862745098039215508, 0.2862745098039215508, 0.2862745098039215508 ) ;
#1363 = CARTESIAN_POINT ( 'NONE',  ( 0.4800000000000000377, -1.250000012109999892, 0.1700000000000000122 ) ) ;
#1364 = LINE ( 'NONE', #768, #274 ) ;
#1365 = VERTEX_POINT ( 'NONE', #1663 ) ;
#1366 = ADVANCED_FACE ( 'NONE', ( #1137 ), #983, .T. ) ;
#1367 = PLANE ( 'NONE',  #1380 ) ;
#1368 = PRODUCT_DEFINITION_SHAPE ( 'NONE', 'NONE',  #2373 ) ;
#1369 =( LENGTH_UNIT ( ) NAMED_UNIT ( * ) SI_UNIT ( .MILLI., .METRE. ) );
#1370 =( LENGTH_UNIT ( ) NAMED_UNIT ( * ) SI_UNIT ( .MILLI., .METRE. ) );
#1371 =( GEOMETRIC_REPRESENTATION_CONTEXT ( 3 ) GLOBAL_UNCERTAINTY_ASSIGNED_CONTEXT ( ( #1341 ) ) GLOBAL_UNIT_ASSIGNED_CONTEXT ( ( #1936, #1058, #1744 ) ) REPRESENTATION_CONTEXT ( 'NONE', 'WORKASPACE' ) );
#1372 = AXIS2_PLACEMENT_3D ( 'NONE', #1172, #1883, #259 ) ;
#1373 = CARTESIAN_POINT ( 'NONE',  ( -0.6999999999999175770, 1.000000000000803579, 0.2000000000001270484 ) ) ;
#1374 = PLANE ( 'NONE',  #719 ) ;
#1375 = DIRECTION ( 'NONE',  ( 0.000000000000000000, 1.387778780779999995E-17, -1.000000000000000000 ) ) ;
#1376 = ORIENTED_EDGE ( 'NONE', *, *, #968, .T. ) ;
#1377 = CARTESIAN_POINT ( 'NONE',  ( 0.5942038115751475669, -0.9294692077168409394, 0.7999999999999999334 ) ) ;
#1378 = EDGE_CURVE ( 'NONE', #2211, #222, #415, .T. ) ;
#1379 = DIRECTION ( 'NONE',  ( 7.806255641899999934E-18, -1.000000000000000000, 0.000000000000000000 ) ) ;
#1380 = AXIS2_PLACEMENT_3D ( 'NONE', #1878, #250, #78 ) ;
#1381 = DIRECTION ( 'NONE',  ( 7.806255641899999934E-18, -1.000000000000000000, 0.000000000000000000 ) ) ;
#1382 = FILL_AREA_STYLE_COLOUR ( '', #578 ) ;
#1383 = FACE_OUTER_BOUND ( 'NONE', #502, .T. ) ;
#1384 = SURFACE_SIDE_STYLE ('',( #300 ) ) ;
#1385 = VECTOR ( 'NONE', #706, 1000.000000000000000 ) ;
#1386 = UNCERTAINTY_MEASURE_WITH_UNIT (LENGTH_MEASURE( 1.000000000000000082E-05 ), #2098, 'distance_accuracy_value', 'NONE');
#1387 = ORIENTED_EDGE ( 'NONE', *, *, #54, .T. ) ;
#1388 = CARTESIAN_POINT ( 'NONE',  ( -0.5020000000000001128, 0.7999999878919999974, 0.1869999999999999996 ) ) ;
#1389 = DIRECTION ( 'NONE',  ( -1.083335593720000074E-34, -8.456794590547837088E-52, -1.000000000000000000 ) ) ;
#1390 = DIRECTION ( 'NONE',  ( 1.083335593720000074E-34, 8.456794590547837088E-52, 1.000000000000000000 ) ) ;
#1391 = APPLICATION_CONTEXT ( 'automotive_design' ) ;
#1392 = EDGE_LOOP ( 'NONE', ( #303, #2316, #1125, #234, #238, #375, #1988, #349, #674 ) ) ;
#1393 = EDGE_CURVE ( 'NONE', #1282, #168, #1095, .T. ) ;
#1394 = SURFACE_STYLE_USAGE ( .BOTH. , #647 ) ;
#1395 =( NAMED_UNIT ( * ) PLANE_ANGLE_UNIT ( ) SI_UNIT ( $, .RADIAN. ) );
#1396 = PLANE ( 'NONE',  #798 ) ;
#1397 =( GEOMETRIC_REPRESENTATION_CONTEXT ( 3 ) GLOBAL_UNCERTAINTY_ASSIGNED_CONTEXT ( ( #1735 ) ) GLOBAL_UNIT_ASSIGNED_CONTEXT ( ( #1598, #107, #2307 ) ) REPRESENTATION_CONTEXT ( 'NONE', 'WORKASPACE' ) );
#1398 = VERTEX_POINT ( 'NONE', #1813 ) ;
#1399 = DIRECTION ( 'NONE',  ( 5.832372732111865150E-17, -1.000000000000000000, -0.000000000000000000 ) ) ;
#1400 = MECHANICAL_DESIGN_GEOMETRIC_PRESENTATION_REPRESENTATION (  '', ( #1586 ), #522 ) ;
#1401 = CARTESIAN_POINT ( 'NONE',  ( -0.4999999999999998890, -0.2500000121079999915, -0.01700000000000000469 ) ) ;
#1402 = COLOUR_RGB ( '',0.7529411764705882248, 0.7529411764705882248, 0.7529411764705882248 ) ;
#1403 = ORIENTED_EDGE ( 'NONE', *, *, #255, .F. ) ;
#1404 = LINE ( 'NONE', #1756, #1441 ) ;
#1405 = ADVANCED_FACE ( 'NONE', ( #1688 ), #1108, .F. ) ;
#1406 = PRESENTATION_STYLE_ASSIGNMENT (( #1213 ) ) ;
#1407 = UNCERTAINTY_MEASURE_WITH_UNIT (LENGTH_MEASURE( 1.000000000000000082E-05 ), #1471, 'distance_accuracy_value', 'NONE');
#1408 = ORIENTED_EDGE ( 'NONE', *, *, #1608, .F. ) ;
#1409 =( LENGTH_UNIT ( ) NAMED_UNIT ( * ) SI_UNIT ( .MILLI., .METRE. ) );
#1410 = CARTESIAN_POINT ( 'NONE',  ( -0.4800000000000000377, 0.7999999878919998864, 0.1700000000000000122 ) ) ;
#1411 = CARTESIAN_POINT ( 'NONE',  ( 0.8400000000000000799, 0.9973753400943559111, 0.1699999999999688982 ) ) ;
#1412 = VECTOR ( 'NONE', #1033, 1000.000000000000000 ) ;
#1413 = VERTEX_POINT ( 'NONE', #1535 ) ;
#1414 = STYLED_ITEM ( 'NONE', ( #770 ), #283 ) ;
#1415 =( GEOMETRIC_REPRESENTATION_CONTEXT ( 3 ) GLOBAL_UNCERTAINTY_ASSIGNED_CONTEXT ( ( #310 ) ) GLOBAL_UNIT_ASSIGNED_CONTEXT ( ( #235, #1416, #1059 ) ) REPRESENTATION_CONTEXT ( 'NONE', 'WORKASPACE' ) );
#1416 =( NAMED_UNIT ( * ) PLANE_ANGLE_UNIT ( ) SI_UNIT ( $, .RADIAN. ) );
#1417 = EDGE_CURVE ( 'NONE', #680, #1692, #1709, .T. ) ;
#1418 = VECTOR ( 'NONE', #1200, 1000.000000000000000 ) ;
#1419 = VERTEX_POINT ( 'NONE', #994 ) ;
#1420 = SURFACE_STYLE_USAGE ( .BOTH. , #1597 ) ;
#1421 = EDGE_CURVE ( 'NONE', #1343, #955, #808, .T. ) ;
#1422 = APPLICATION_PROTOCOL_DEFINITION ( 'draft international standard', 'automotive_design', 1998, #137 ) ;
#1423 = DIRECTION ( 'NONE',  ( -7.806255641899999934E-18, 1.000000000000000000, 1.387778780779999995E-17 ) ) ;
#1424 = VECTOR ( 'NONE', #2041, 1000.000000000000000 ) ;
#1425 = EDGE_LOOP ( 'NONE', ( #1742, #1912, #1269, #1284 ) ) ;
#1426 = CARTESIAN_POINT ( 'NONE',  ( 0.5000000000000000000, -0.2500000121079999915, 3.641129664847518043E-14 ) ) ;
#1427 = LINE ( 'NONE', #1821, #1385 ) ;
#1428 = COLOUR_RGB ( '',0.2862745098039215508, 0.2862745098039215508, 0.2862745098039215508 ) ;
#1429 = ORIENTED_EDGE ( 'NONE', *, *, #2139, .T. ) ;
#1430 = FILL_AREA_STYLE ('',( #1088 ) ) ;
#1431 = PRODUCT_CONTEXT ( 'NONE', #833, 'mechanical' ) ;
#1432 = EDGE_CURVE ( 'NONE', #1091, #1076, #2055, .T. ) ;
#1433 = VECTOR ( 'NONE', #1281, 1000.000000000000000 ) ;
#1434 = ORIENTED_EDGE ( 'NONE', *, *, #2327, .T. ) ;
#1435 =( LENGTH_UNIT ( ) NAMED_UNIT ( * ) SI_UNIT ( .MILLI., .METRE. ) );
#1436 = CARTESIAN_POINT ( 'NONE',  ( -0.4000000000000000222, -0.9842520405642217751, 0.02000000000006807097 ) ) ;
#1437 = AXIS2_PLACEMENT_3D ( 'NONE', #2258, #633, #84 ) ;
#1439 = VERTEX_POINT ( 'NONE', #1176 ) ;
#1438 =( GEOMETRIC_REPRESENTATION_CONTEXT ( 3 ) GLOBAL_UNCERTAINTY_ASSIGNED_CONTEXT ( ( #1690 ) ) GLOBAL_UNIT_ASSIGNED_CONTEXT ( ( #2105, #1136, #1797 ) ) REPRESENTATION_CONTEXT ( 'NONE', 'WORKASPACE' ) );
#1440 = DIRECTION ( 'NONE',  ( 0.000000000000000000, 0.000000000000000000, 1.000000000000000000 ) ) ;
#1441 = VECTOR ( 'NONE', #1579, 1000.000000000000000 ) ;
#1442 =( NAMED_UNIT ( * ) SI_UNIT ( $, .STERADIAN. ) SOLID_ANGLE_UNIT ( ) );
#1443 = VECTOR ( 'NONE', #1390, 1000.000000000000000 ) ;
#1444 = ORIENTED_EDGE ( 'NONE', *, *, #1894, .F. ) ;
#1445 =( NAMED_UNIT ( * ) SI_UNIT ( $, .STERADIAN. ) SOLID_ANGLE_UNIT ( ) );
#1446 =( NAMED_UNIT ( * ) SI_UNIT ( $, .STERADIAN. ) SOLID_ANGLE_UNIT ( ) );
#1447 = ADVANCED_FACE ( 'NONE', ( #1383 ), #1374, .T. ) ;
#1448 = ORIENTED_EDGE ( 'NONE', *, *, #1086, .F. ) ;
#1449 = SURFACE_STYLE_USAGE ( .BOTH. , #920 ) ;
#1450 = UNCERTAINTY_MEASURE_WITH_UNIT (LENGTH_MEASURE( 1.000000000000000082E-05 ), #1713, 'distance_accuracy_value', 'NONE');
#1451 = VECTOR ( 'NONE', #1389, 1000.000000000000000 ) ;
#1452 = FILL_AREA_STYLE ('',( #2182 ) ) ;
#1453 = DIRECTION ( 'NONE',  ( -0.000000000000000000, -1.000000000000000000, 1.387778780779999995E-17 ) ) ;
#1454 = VECTOR ( 'NONE', #174, 1000.000000000000000 ) ;
#1455 = ORIENTED_EDGE ( 'NONE', *, *, #2352, .T. ) ;
#1456 = PRESENTATION_STYLE_ASSIGNMENT (( #1989 ) ) ;
#1457 = AXIS2_PLACEMENT_3D ( 'NONE', #1293, #1998, #564 ) ;
#1458 = ORIENTED_EDGE ( 'NONE', *, *, #1102, .F. ) ;
#1459 = LINE ( 'NONE', #1304, #1632 ) ;
#1460 = LINE ( 'NONE', #2176, #1342 ) ;
#1461 = CARTESIAN_POINT ( 'NONE',  ( 0.4800000000000000377, 0.8799999878919999574, 0.1700000000000000122 ) ) ;
#1462 = EDGE_CURVE ( 'NONE', #784, #1776, #425, .T. ) ;
#1463 = DIRECTION ( 'NONE',  ( -0.000000000000000000, 1.000000000000000000, -0.000000000000000000 ) ) ;
#1464 = ORIENTED_EDGE ( 'NONE', *, *, #620, .F. ) ;
#1465 = CARTESIAN_POINT ( 'NONE',  ( 0.5020000000000001128, 0.7999999878919999974, 0.1849999999999999978 ) ) ;
#1466 =( GEOMETRIC_REPRESENTATION_CONTEXT ( 3 ) GLOBAL_UNCERTAINTY_ASSIGNED_CONTEXT ( ( #845 ) ) GLOBAL_UNIT_ASSIGNED_CONTEXT ( ( #49, #1495, #1849 ) ) REPRESENTATION_CONTEXT ( 'NONE', 'WORKASPACE' ) );
#1467 = DIRECTION ( 'NONE',  ( -1.000000000000000000, 2.364864817171904623E-13, -0.000000000000000000 ) ) ;
#1468 = CARTESIAN_POINT ( 'NONE',  ( 0.5942038115751475669, 0.7009950367100257207, 0.7999999999999999334 ) ) ;
#1469 = DIRECTION ( 'NONE',  ( -7.776550482408003712E-18, 0.9961946980917438799, 0.08715574274767758089 ) ) ;
#1470 = STYLED_ITEM ( 'NONE', ( #743 ), #1969 ) ;
#1471 =( LENGTH_UNIT ( ) NAMED_UNIT ( * ) SI_UNIT ( .MILLI., .METRE. ) );
#1472 = PRODUCT_DEFINITION ( 'UNKNOWN', '', #1619, #852 ) ;
#1473 = COLOUR_RGB ( '',0.2862745098039215508, 0.2862745098039215508, 0.2862745098039215508 ) ;
#1474 = ORIENTED_EDGE ( 'NONE', *, *, #1421, .T. ) ;
#1475 = FILL_AREA_STYLE_COLOUR ( '', #469 ) ;
#1476 = SURFACE_SIDE_STYLE ('',( #1636 ) ) ;
#1477 = CARTESIAN_POINT ( 'NONE',  ( 0.4000000000000000222, 1.009112875310000046, 0.005000000000000000104 ) ) ;
#1478 = PRESENTATION_STYLE_ASSIGNMENT (( #1131 ) ) ;
#1479 = PLANE ( 'NONE',  #280 ) ;
#1480 = AXIS2_PLACEMENT_3D ( 'NONE', #81, #294, #2268 ) ;
#1481 = FILL_AREA_STYLE ('',( #1675 ) ) ;
#1482 = ORIENTED_EDGE ( 'NONE', *, *, #862, .T. ) ;
#1483 = PRESENTATION_STYLE_ASSIGNMENT (( #1017 ) ) ;
#1484 = VECTOR ( 'NONE', #2353, 1000.000000000000000 ) ;
#1485 = COLOUR_RGB ( '',0.2862745098039215508, 0.2862745098039215508, 0.2862745098039215508 ) ;
#1486 = ORIENTED_EDGE ( 'NONE', *, *, #248, .F. ) ;
#1487 = LINE ( 'NONE', #2212, #1484 ) ;
#1488 = STYLED_ITEM ( 'NONE', ( #1278 ), #864 ) ;
#1489 = DIRECTION ( 'NONE',  ( 0.000000000000000000, -1.000000000000000000, 1.387778780782833886E-17 ) ) ;
#1490 = SURFACE_STYLE_FILL_AREA ( #774 ) ;
#1491 = FACE_OUTER_BOUND ( 'NONE', #551, .T. ) ;
#1492 =( NAMED_UNIT ( * ) SI_UNIT ( $, .STERADIAN. ) SOLID_ANGLE_UNIT ( ) );
#1493 = AXIS2_PLACEMENT_3D ( 'NONE', #2050, #1855, #55 ) ;
#1494 =( NAMED_UNIT ( * ) PLANE_ANGLE_UNIT ( ) SI_UNIT ( $, .RADIAN. ) );
#1495 =( NAMED_UNIT ( * ) PLANE_ANGLE_UNIT ( ) SI_UNIT ( $, .RADIAN. ) );
#1496 = VERTEX_POINT ( 'NONE', #286 ) ;
#1497 = SURFACE_STYLE_FILL_AREA ( #1888 ) ;
#1498 = ORIENTED_EDGE ( 'NONE', *, *, #1000, .F. ) ;
#1499 = SURFACE_SIDE_STYLE ('',( #42 ) ) ;
#1500 =( LENGTH_UNIT ( ) NAMED_UNIT ( * ) SI_UNIT ( .MILLI., .METRE. ) );
#1501 = EDGE_CURVE ( 'NONE', #297, #416, #87, .T. ) ;
#1502 = DIRECTION ( 'NONE',  ( -0.000000000000000000, 1.000000000000000000, -1.387778780779999995E-17 ) ) ;
#1503 = COLOUR_RGB ( '',0.7529411764705882248, 0.7529411764705882248, 0.7529411764705882248 ) ;
#1504 = FILL_AREA_STYLE ('',( #1518 ) ) ;
#1505 = SURFACE_STYLE_USAGE ( .BOTH. , #588 ) ;
#1506 = MECHANICAL_DESIGN_GEOMETRIC_PRESENTATION_REPRESENTATION (  '', ( #2106 ), #1397 ) ;
#1507 = SURFACE_STYLE_FILL_AREA ( #980 ) ;
#1508 = PRESENTATION_STYLE_ASSIGNMENT (( #2085 ) ) ;
#1509 = VECTOR ( 'NONE', #636, 1000.000000000000000 ) ;
#1510 = ORIENTED_EDGE ( 'NONE', *, *, #1183, .T. ) ;
#1511 = FILL_AREA_STYLE ('',( #2077 ) ) ;
#1512 = COLOUR_RGB ( '',0.7921568627450980005, 0.8196078431372548767, 0.9333333333333333481 ) ;
#1513 =( GEOMETRIC_REPRESENTATION_CONTEXT ( 3 ) GLOBAL_UNCERTAINTY_ASSIGNED_CONTEXT ( ( #429 ) ) GLOBAL_UNIT_ASSIGNED_CONTEXT ( ( #661, #1395, #2300 ) ) REPRESENTATION_CONTEXT ( 'NONE', 'WORKASPACE' ) );
#1514 = VERTEX_POINT ( 'NONE', #272 ) ;
#1515 = STYLED_ITEM ( 'NONE', ( #306 ), #2107 ) ;
#1516 = CARTESIAN_POINT ( 'NONE',  ( 0.5999999999999999778, -0.3747375473289999981, 0.1700000000000000122 ) ) ;
#1517 = CARTESIAN_POINT ( 'NONE',  ( 0.8400000000000000799, 1.000000000000000000, 0.2000000000000000111 ) ) ;
#1518 = FILL_AREA_STYLE_COLOUR ( '', #1941 ) ;
#1519 = ADVANCED_FACE ( 'NONE', ( #1724 ), #1199, .T. ) ;
#1520 = ADVANCED_FACE ( 'NONE', ( #677 ), #1396, .F. ) ;
#1521 = SURFACE_SIDE_STYLE ('',( #1507 ) ) ;
#1522 = CARTESIAN_POINT ( 'NONE',  ( 0.5000000000000000000, 0.7999999878919999974, 0.1849999999999999978 ) ) ;
#1523 = CARTESIAN_POINT ( 'NONE',  ( -0.4000000000000000222, 0.8799999878919999574, 0.1869999999999999996 ) ) ;
#1524 = ORIENTED_EDGE ( 'NONE', *, *, #916, .T. ) ;
#1525 = UNCERTAINTY_MEASURE_WITH_UNIT (LENGTH_MEASURE( 1.000000000000000082E-05 ), #208, 'distance_accuracy_value', 'NONE');
#1526 = ORIENTED_EDGE ( 'NONE', *, *, #1315, .T. ) ;
#1527 = LINE ( 'NONE', #2253, #2020 ) ;
#1528 = FACE_OUTER_BOUND ( 'NONE', #1903, .T. ) ;
#1529 = DIRECTION ( 'NONE',  ( 1.000000000000000000, 7.806255641899999934E-18, -1.083335593720000074E-34 ) ) ;
#1530 = SURFACE_STYLE_FILL_AREA ( #2215 ) ;
#1531 = FACE_OUTER_BOUND ( 'NONE', #1061, .T. ) ;
#1532 = AXIS2_PLACEMENT_3D ( 'NONE', #1800, #901, #370 ) ;
#1533 = SURFACE_STYLE_FILL_AREA ( #605 ) ;
#1534 = ADVANCED_FACE ( 'NONE', ( #732 ), #1106, .T. ) ;
#1535 = CARTESIAN_POINT ( 'NONE',  ( 0.6842520405649661352, -0.9842520405642217751, 0.02000000000007105469 ) ) ;
#1536 = CYLINDRICAL_SURFACE ( 'NONE', #355, 0.07999999999999998779 ) ;
#1537 = ORIENTED_EDGE ( 'NONE', *, *, #6, .F. ) ;
#1538 = FILL_AREA_STYLE_COLOUR ( '', #773 ) ;
#1539 = SURFACE_STYLE_USAGE ( .BOTH. , #825 ) ;
#1540 = CARTESIAN_POINT ( 'NONE',  ( 0.6999999999999446665, 1.000000000000803579, 0.2000000000001319611 ) ) ;
#1541 = FILL_AREA_STYLE_COLOUR ( '', #27 ) ;
#1542 =( GEOMETRIC_REPRESENTATION_CONTEXT ( 3 ) GLOBAL_UNCERTAINTY_ASSIGNED_CONTEXT ( ( #1348 ) ) GLOBAL_UNIT_ASSIGNED_CONTEXT ( ( #2152, #1647, #1301 ) ) REPRESENTATION_CONTEXT ( 'NONE', 'WORKASPACE' ) );
#1543 = FILL_AREA_STYLE_COLOUR ( '', #1473 ) ;
#1544 =( LENGTH_UNIT ( ) NAMED_UNIT ( * ) SI_UNIT ( .MILLI., .METRE. ) );
#1545 = DIRECTION ( 'NONE',  ( 0.000000000000000000, 1.387778780779999995E-17, 1.000000000000000000 ) ) ;
#1546 =( NAMED_UNIT ( * ) SI_UNIT ( $, .STERADIAN. ) SOLID_ANGLE_UNIT ( ) );
#1547 = ADVANCED_FACE ( 'NONE', ( #453 ), #224, .F. ) ;
#1548 = STYLED_ITEM ( 'NONE', ( #334 ), #1520 ) ;
#1549 = UNCERTAINTY_MEASURE_WITH_UNIT (LENGTH_MEASURE( 1.000000000000000082E-05 ), #1558, 'distance_accuracy_value', 'NONE');
#1550 = ORIENTED_EDGE ( 'NONE', *, *, #1328, .T. ) ;
#1551 = FACE_OUTER_BOUND ( 'NONE', #1957, .T. ) ;
#1552 = CARTESIAN_POINT ( 'NONE',  ( -0.6842520405651157933, -0.9842520405634436198, 0.02000000000012602114 ) ) ;
#1553 = VECTOR ( 'NONE', #878, 1000.000000000000000 ) ;
#1554 = PLANE ( 'NONE',  #1134 ) ;
#1555 = PRESENTATION_LAYER_ASSIGNMENT (  '', '', ( #964 ) ) ;
#1556 = DIRECTION ( 'NONE',  ( 1.000000000000000000, -1.109442399059999992E-14, -0.000000000000000000 ) ) ;
#1557 = FACE_OUTER_BOUND ( 'NONE', #1664, .T. ) ;
#1558 =( LENGTH_UNIT ( ) NAMED_UNIT ( * ) SI_UNIT ( .MILLI., .METRE. ) );
#1559 = VERTEX_POINT ( 'NONE', #1130 ) ;
#1560 = CARTESIAN_POINT ( 'NONE',  ( 0.5942038115751475669, 0.5859777788355784445, 0.7999999999999999334 ) ) ;
#1561 = DIRECTION ( 'NONE',  ( 1.083335593720000074E-34, 8.456794590547837088E-52, 1.000000000000000000 ) ) ;
#1562 = COLOUR_RGB ( '',0.7529411764705882248, 0.7529411764705882248, 0.7529411764705882248 ) ;
#1563 = EDGE_CURVE ( 'NONE', #1047, #64, #521, .T. ) ;
#1564 = SURFACE_STYLE_FILL_AREA ( #1740 ) ;
#1565 = CARTESIAN_POINT ( 'NONE',  ( -0.4000000000000000222, 1.286999987890000030, 0.1869999999999999996 ) ) ;
#1566 = MECHANICAL_DESIGN_GEOMETRIC_PRESENTATION_REPRESENTATION (  '', ( #1115 ), #1237 ) ;
#1567 = EDGE_LOOP ( 'NONE', ( #2035, #62, #1891, #2238 ) ) ;
#1568 =( NAMED_UNIT ( * ) SI_UNIT ( $, .STERADIAN. ) SOLID_ANGLE_UNIT ( ) );
#1569 = SURFACE_STYLE_USAGE ( .BOTH. , #2328 ) ;
#1570 = VECTOR ( 'NONE', #921, 1000.000000000000000 ) ;
#1571 = ORIENTED_EDGE ( 'NONE', *, *, #604, .F. ) ;
#1572 = FILL_AREA_STYLE_COLOUR ( '', #1485 ) ;
#1573 = DIRECTION ( 'NONE',  ( 1.000000000000000000, 0.000000000000000000, 0.000000000000000000 ) ) ;
#1574 = LINE ( 'NONE', #2292, #714 ) ;
#1575 = CARTESIAN_POINT ( 'NONE',  ( 0.5942038115751475669, -0.9294692077168409394, 0.7999999999999999334 ) ) ;
#1576 = EDGE_CURVE ( 'NONE', #561, #970, #961, .T. ) ;
#1577 = SURFACE_STYLE_USAGE ( .BOTH. , #1741 ) ;
#1578 = VERTEX_POINT ( 'NONE', #1668 ) ;
#1579 = DIRECTION ( 'NONE',  ( 7.806255641899999934E-18, -1.000000000000000000, -0.000000000000000000 ) ) ;
#1580 = CARTESIAN_POINT ( 'NONE',  ( 0.5999999999999999778, -0.2500000121079999915, 0.005000000000000000104 ) ) ;
#1581 = VECTOR ( 'NONE', #20, 1000.000000000000000 ) ;
#1582 =( GEOMETRIC_REPRESENTATION_CONTEXT ( 3 ) GLOBAL_UNCERTAINTY_ASSIGNED_CONTEXT ( ( #1064 ) ) GLOBAL_UNIT_ASSIGNED_CONTEXT ( ( #990, #43, #2240 ) ) REPRESENTATION_CONTEXT ( 'NONE', 'WORKASPACE' ) );
#1583 = ORIENTED_EDGE ( 'NONE', *, *, #460, .F. ) ;
#1584 = DIRECTION ( 'NONE',  ( 1.000000000000000000, -0.000000000000000000, -0.000000000000000000 ) ) ;
#1585 = CARTESIAN_POINT ( 'NONE',  ( -0.4000000000000000777, -0.4000000121080000137, 3.641290047259999997E-14 ) ) ;
#1586 = STYLED_ITEM ( 'NONE', ( #1662 ), #1694 ) ;
#1587 = LINE ( 'NONE', #1575, #536 ) ;
#1588 = VECTOR ( 'NONE', #2146, 1000.000000000000000 ) ;
#1589 = FILL_AREA_STYLE_COLOUR ( '', #1890 ) ;
#1590 = ADVANCED_FACE ( 'NONE', ( #1528 ), #1345, .T. ) ;
#1591 = VERTEX_POINT ( 'NONE', #445 ) ;
#1592 = CARTESIAN_POINT ( 'NONE',  ( -0.5000000000000000000, 0.7999999878919999974, 0.1700000000000000122 ) ) ;
#1593 =( NAMED_UNIT ( * ) PLANE_ANGLE_UNIT ( ) SI_UNIT ( $, .RADIAN. ) );
#1594 = ADVANCED_FACE ( 'NONE', ( #1192 ), #92, .T. ) ;
#1595 = FACE_OUTER_BOUND ( 'NONE', #1783, .T. ) ;
#1596 = VERTEX_POINT ( 'NONE', #654 ) ;
#1597 = SURFACE_SIDE_STYLE ('',( #883 ) ) ;
#1598 =( LENGTH_UNIT ( ) NAMED_UNIT ( * ) SI_UNIT ( .MILLI., .METRE. ) );
#1599 = CARTESIAN_POINT ( 'NONE',  ( 0.4000000000000000222, 0.8799999878919999574, 0.02000000000000000042 ) ) ;
#1600 = APPLICATION_CONTEXT ( 'automotive_design' ) ;
#1601 = SURFACE_STYLE_FILL_AREA ( #1945 ) ;
#1602 = MECHANICAL_DESIGN_GEOMETRIC_PRESENTATION_REPRESENTATION (  '', ( #2331 ), #616 ) ;
#1603 = ORIENTED_EDGE ( 'NONE', *, *, #1834, .F. ) ;
#1604 = FILL_AREA_STYLE_COLOUR ( '', #646 ) ;
#1605 = PRESENTATION_LAYER_ASSIGNMENT (  '', '', ( #1644 ) ) ;
#1606 = SURFACE_STYLE_FILL_AREA ( #1236 ) ;
#1607 = CARTESIAN_POINT ( 'NONE',  ( -0.5942038115751201444, 0.6359777788355784889, 0.7999999999999999334 ) ) ;
#1608 = EDGE_CURVE ( 'NONE', #1191, #2252, #117, .T. ) ;
#1609 = ORIENTED_EDGE ( 'NONE', *, *, #1168, .F. ) ;
#1610 = PRESENTATION_STYLE_ASSIGNMENT (( #1780 ) ) ;
#1611 = VECTOR ( 'NONE', #675, 1000.000000000000000 ) ;
#1612 = PRESENTATION_LAYER_ASSIGNMENT (  '', '', ( #1084 ) ) ;
#1613 = DIRECTION ( 'NONE',  ( -8.951884641450547196E-18, 1.000000000000000000, -7.831884233189294264E-19 ) ) ;
#1614 = LINE ( 'NONE', #166, #2044 ) ;
#1615 = ORIENTED_EDGE ( 'NONE', *, *, #1338, .T. ) ;
#1616 = LINE ( 'NONE', #1276, #1809 ) ;
#1617 = FILL_AREA_STYLE ('',( #2111 ) ) ;
#1618 = SURFACE_SIDE_STYLE ('',( #1631 ) ) ;
#1619 = PRODUCT_DEFINITION_FORMATION_WITH_SPECIFIED_SOURCE ( 'ANY', '', #1138, .NOT_KNOWN. ) ;
#1620 = ORIENTED_EDGE ( 'NONE', *, *, #604, .T. ) ;
#1621 = EDGE_CURVE ( 'NONE', #2175, #2345, #1914, .T. ) ;
#1622 =( NAMED_UNIT ( * ) PLANE_ANGLE_UNIT ( ) SI_UNIT ( $, .RADIAN. ) );
#1623 = SHAPE_REPRESENTATION_RELATIONSHIP ( 'NONE' , 'NONE' ,  #634, #985 ) ;
#1624 = COLOUR_RGB ( '',1.000000000000000000, 1.000000000000000000, 1.000000000000000000 ) ;
#1625 = DIRECTION ( 'NONE',  ( -0.000000000000000000, -1.000000000000000000, 1.387778780779999995E-17 ) ) ;
#1626 = CARTESIAN_POINT ( 'NONE',  ( -0.4000000000000000222, 1.249999987890000108, 0.1700000000000000122 ) ) ;
#1627 = MECHANICAL_DESIGN_GEOMETRIC_PRESENTATION_REPRESENTATION (  '', ( #254 ), #2312 ) ;
#1629 = ORIENTED_EDGE ( 'NONE', *, *, #1894, .T. ) ;
#1628 = AXIS2_PLACEMENT_3D ( 'NONE', #1999, #591, #2260 ) ;
#1630 =( GEOMETRIC_REPRESENTATION_CONTEXT ( 3 ) GLOBAL_UNCERTAINTY_ASSIGNED_CONTEXT ( ( #2237 ) ) GLOBAL_UNIT_ASSIGNED_CONTEXT ( ( #2052, #1494, #246 ) ) REPRESENTATION_CONTEXT ( 'NONE', 'WORKASPACE' ) );
#1631 = SURFACE_STYLE_FILL_AREA ( #938 ) ;
#1632 = VECTOR ( 'NONE', #1781, 1000.000000000000000 ) ;
#1633 = ORIENTED_EDGE ( 'NONE', *, *, #2172, .F. ) ;
#1634 = DIRECTION ( 'NONE',  ( 1.000000000000000000, 0.000000000000000000, 0.000000000000000000 ) ) ;
#1635 = ORIENTED_EDGE ( 'NONE', *, *, #1691, .F. ) ;
#1636 = SURFACE_STYLE_FILL_AREA ( #1303 ) ;
#1637 = DIRECTION ( 'NONE',  ( 0.1710878697461636899, -0.1710878697451543029, 0.9702875252479467028 ) ) ;
#1638 = ORIENTED_EDGE ( 'NONE', *, *, #460, .T. ) ;
#1639 = LINE ( 'NONE', #2177, #496 ) ;
#1640 = PRESENTATION_LAYER_ASSIGNMENT (  '', '', ( #1901 ) ) ;
#1641 = DIRECTION ( 'NONE',  ( 0.000000000000000000, -1.000000000000000000, 1.387778780782833886E-17 ) ) ;
#1642 =( LENGTH_UNIT ( ) NAMED_UNIT ( * ) SI_UNIT ( .MILLI., .METRE. ) );
#1643 = DIRECTION ( 'NONE',  ( -0.000000000000000000, 1.000000000000000000, -0.000000000000000000 ) ) ;
#1644 = STYLED_ITEM ( 'NONE', ( #2360 ), #672 ) ;
#1645 = ORIENTED_EDGE ( 'NONE', *, *, #1013, .T. ) ;
#1646 = CARTESIAN_POINT ( 'NONE',  ( -0.3999999999999999667, -0.9973753400931949509, 0.1700000000000704559 ) ) ;
#1647 =( NAMED_UNIT ( * ) PLANE_ANGLE_UNIT ( ) SI_UNIT ( $, .RADIAN. ) );
#1648 =( NAMED_UNIT ( * ) PLANE_ANGLE_UNIT ( ) SI_UNIT ( $, .RADIAN. ) );
#1649 = COLOUR_RGB ( '',0.7529411764705882248, 0.7529411764705882248, 0.7529411764705882248 ) ;
#1650 = ORIENTED_EDGE ( 'NONE', *, *, #1985, .F. ) ;
#1651 = EDGE_CURVE ( 'NONE', #723, #1343, #2101, .T. ) ;
#1652 = LINE ( 'NONE', #381, #957 ) ;
#1653 = PRESENTATION_STYLE_ASSIGNMENT (( #532 ) ) ;
#1654 = SURFACE_STYLE_USAGE ( .BOTH. , #1673 ) ;
#1655 = SURFACE_STYLE_USAGE ( .BOTH. , #939 ) ;
#1656 = VERTEX_POINT ( 'NONE', #1928 ) ;
#1657 = FILL_AREA_STYLE_COLOUR ( '', #1222 ) ;
#1658 = ORIENTED_EDGE ( 'NONE', *, *, #1707, .T. ) ;
#1659 = COLOUR_RGB ( '',0.2862745098039215508, 0.2862745098039215508, 0.2862745098039215508 ) ;
#1660 = DIRECTION ( 'NONE',  ( 1.626303258728256967E-14, -1.000000000000000000, 0.000000000000000000 ) ) ;
#1661 = PRESENTATION_LAYER_ASSIGNMENT (  '', '', ( #602 ) ) ;
#1662 = PRESENTATION_STYLE_ASSIGNMENT (( #1539 ) ) ;
#1663 = CARTESIAN_POINT ( 'NONE',  ( 0.5942038115751475669, 0.8942038115756130168, 0.7999999999999999334 ) ) ;
#1664 = EDGE_LOOP ( 'NONE', ( #958, #1177, #1571, #573 ) ) ;
#1665 = CARTESIAN_POINT ( 'NONE',  ( -0.5942038115751201444, 0.9294692077175954470, 0.7999999999999999334 ) ) ;
#1666 = ORIENTED_EDGE ( 'NONE', *, *, #2363, .T. ) ;
#1667 = DIRECTION ( 'NONE',  ( 1.000000000000000000, 7.746958360017644552E-18, -6.777710333090797879E-19 ) ) ;
#1668 = CARTESIAN_POINT ( 'NONE',  ( -0.4800000000000000377, 0.7999999878919999974, 3.640264305271312976E-14 ) ) ;
#1669 = FACE_OUTER_BOUND ( 'NONE', #934, .T. ) ;
#1670 = CARTESIAN_POINT ( 'NONE',  ( -0.7000000000000000666, 1.000000000000135891, 0.1999999999999881317 ) ) ;
#1671 = VERTEX_POINT ( 'NONE', #2318 ) ;
#1672 = DIRECTION ( 'NONE',  ( -1.000000000000000000, 0.000000000000000000, 0.000000000000000000 ) ) ;
#1673 = SURFACE_SIDE_STYLE ('',( #565 ) ) ;
#1674 =( GEOMETRIC_REPRESENTATION_CONTEXT ( 3 ) GLOBAL_UNCERTAINTY_ASSIGNED_CONTEXT ( ( #1819 ) ) GLOBAL_UNIT_ASSIGNED_CONTEXT ( ( #1435, #340, #1967 ) ) REPRESENTATION_CONTEXT ( 'NONE', 'WORKASPACE' ) );
#1675 = FILL_AREA_STYLE_COLOUR ( '', #1624 ) ;
#1676 = ORIENTED_EDGE ( 'NONE', *, *, #687, .T. ) ;
#1677 = SURFACE_STYLE_FILL_AREA ( #1511 ) ;
#1678 = VECTOR ( 'NONE', #1399, 1000.000000000000000 ) ;
#1679 = EDGE_CURVE ( 'NONE', #542, #557, #1750, .T. ) ;
#1680 = EDGE_LOOP ( 'NONE', ( #1458, #417, #1233, #598 ) ) ;
#1681 = DIRECTION ( 'NONE',  ( 7.806255641899999934E-18, -1.000000000000000000, 0.000000000000000000 ) ) ;
#1682 = DIRECTION ( 'NONE',  ( 1.000000000000000000, 0.000000000000000000, 0.000000000000000000 ) ) ;
#1683 = FILL_AREA_STYLE_COLOUR ( '', #828 ) ;
#1684 = LINE ( 'NONE', #448, #2097 ) ;
#1685 = COLOUR_RGB ( '',0.7921568627450980005, 0.8196078431372548767, 0.9333333333333333481 ) ;
#1686 = FACE_OUTER_BOUND ( 'NONE', #1247, .T. ) ;
#1687 = FACE_OUTER_BOUND ( 'NONE', #430, .T. ) ;
#1688 = FACE_OUTER_BOUND ( 'NONE', #1035, .T. ) ;
#1689 = EDGE_LOOP ( 'NONE', ( #1962, #2366, #1938, #104 ) ) ;
#1690 = UNCERTAINTY_MEASURE_WITH_UNIT (LENGTH_MEASURE( 1.000000000000000082E-05 ), #2105, 'distance_accuracy_value', 'NONE');
#1691 = EDGE_CURVE ( 'NONE', #1671, #1191, #1010, .T. ) ;
#1692 = VERTEX_POINT ( 'NONE', #1714 ) ;
#1693 = PRESENTATION_STYLE_ASSIGNMENT (( #584 ) ) ;
#1694 = ADVANCED_FACE ( 'NONE', ( #2305 ), #499, .F. ) ;
#1695 = CARTESIAN_POINT ( 'NONE',  ( 0.4000000000000000222, -0.8500000121080000248, 3.498666200500900685E-18 ) ) ;
#1696 = SURFACE_STYLE_FILL_AREA ( #837 ) ;
#1697 = CARTESIAN_POINT ( 'NONE',  ( -0.6294692077168130284, -0.8942038115751479443, 0.7999999999999999334 ) ) ;
#1698 = VECTOR ( 'NONE', #2322, 1000.000000000000000 ) ;
#1699 = LINE ( 'NONE', #436, #910 ) ;
#1700 = MECHANICAL_DESIGN_GEOMETRIC_PRESENTATION_REPRESENTATION (  '', ( #1334 ), #1438 ) ;
#1701 = ORIENTED_EDGE ( 'NONE', *, *, #1651, .F. ) ;
#1702 = PRESENTATION_LAYER_ASSIGNMENT (  '', '', ( #262 ) ) ;
#1703 = VERTEX_POINT ( 'NONE', #1266 ) ;
#1704 = LINE ( 'NONE', #599, #1784 ) ;
#1705 = STYLED_ITEM ( 'NONE', ( #2269 ), #2054 ) ;
#1706 = DIRECTION ( 'NONE',  ( -7.806255641899999934E-18, 1.000000000000000000, -0.000000000000000000 ) ) ;
#1707 = EDGE_CURVE ( 'NONE', #970, #1069, #2021, .T. ) ;
#1708 = FILL_AREA_STYLE_COLOUR ( '', #1685 ) ;
#1709 = LINE ( 'NONE', #609, #2225 ) ;
#1710 = PRESENTATION_STYLE_ASSIGNMENT (( #2220 ) ) ;
#1711 = VECTOR ( 'NONE', #314, 1000.000000000000114 ) ;
#1712 = ORIENTED_EDGE ( 'NONE', *, *, #1277, .F. ) ;
#1713 =( LENGTH_UNIT ( ) NAMED_UNIT ( * ) SI_UNIT ( .MILLI., .METRE. ) );
#1714 = CARTESIAN_POINT ( 'NONE',  ( -0.5000000000000000000, -0.2500000121079999915, 0.1700000000000000122 ) ) ;
#1715 = DIRECTION ( 'NONE',  ( 0.000000000000000000, -0.08715574274767756702, -0.9961946980917437688 ) ) ;
#1716 = AXIS2_PLACEMENT_3D ( 'NONE', #1388, #1240, #1062 ) ;
#1717 = MANIFOLD_SOLID_BREP ( 'Imported1', #270 ) ;
#1718 = LINE ( 'NONE', #1670, #1997 ) ;
#1719 =( GEOMETRIC_REPRESENTATION_CONTEXT ( 3 ) GLOBAL_UNCERTAINTY_ASSIGNED_CONTEXT ( ( #1549 ) ) GLOBAL_UNIT_ASSIGNED_CONTEXT ( ( #1558, #308, #1796 ) ) REPRESENTATION_CONTEXT ( 'NONE', 'WORKASPACE' ) );
#1720 =( LENGTH_UNIT ( ) NAMED_UNIT ( * ) SI_UNIT ( .MILLI., .METRE. ) );
#1721 = MECHANICAL_DESIGN_GEOMETRIC_PRESENTATION_REPRESENTATION (  '', ( #157 ), #2206 ) ;
#1722 = ADVANCED_FACE ( 'NONE', ( #18 ), #911, .F. ) ;
#1723 = VECTOR ( 'NONE', #47, 1000.000000000000000 ) ;
#1724 = FACE_OUTER_BOUND ( 'NONE', #26, .T. ) ;
#1725 = ORIENTED_EDGE ( 'NONE', *, *, #329, .T. ) ;
#1726 = DIRECTION ( 'NONE',  ( -1.000000000000000000, -0.000000000000000000, -0.000000000000000000 ) ) ;
#1727 =( NAMED_UNIT ( * ) SI_UNIT ( $, .STERADIAN. ) SOLID_ANGLE_UNIT ( ) );
#1728 = DIRECTION ( 'NONE',  ( 0.000000000000000000, -1.387778780779999995E-17, -1.000000000000000000 ) ) ;
#1729 =( NAMED_UNIT ( * ) SI_UNIT ( $, .STERADIAN. ) SOLID_ANGLE_UNIT ( ) );
#1730 =( NAMED_UNIT ( * ) PLANE_ANGLE_UNIT ( ) SI_UNIT ( $, .RADIAN. ) );
#1731 =( NAMED_UNIT ( * ) SI_UNIT ( $, .STERADIAN. ) SOLID_ANGLE_UNIT ( ) );
#1732 = FILL_AREA_STYLE_COLOUR ( '', #1986 ) ;
#1733 = AXIS2_PLACEMENT_3D ( 'NONE', #884, #1991, #2166 ) ;
#1734 = EDGE_CURVE ( 'NONE', #1656, #2014, #406, .T. ) ;
#1735 = UNCERTAINTY_MEASURE_WITH_UNIT (LENGTH_MEASURE( 1.000000000000000082E-05 ), #1598, 'distance_accuracy_value', 'NONE');
#1736 = ORIENTED_EDGE ( 'NONE', *, *, #2342, .F. ) ;
#1737 = DIRECTION ( 'NONE',  ( 0.000000000000000000, 1.387778780779999995E-17, 1.000000000000000000 ) ) ;
#1738 =( NAMED_UNIT ( * ) PLANE_ANGLE_UNIT ( ) SI_UNIT ( $, .RADIAN. ) );
#1739 = STYLED_ITEM ( 'NONE', ( #1835 ), #2016 ) ;
#1740 = FILL_AREA_STYLE ('',( #1032 ) ) ;
#1741 = SURFACE_SIDE_STYLE ('',( #1933 ) ) ;
#1742 = ORIENTED_EDGE ( 'NONE', *, *, #2158, .F. ) ;
#1743 = UNCERTAINTY_MEASURE_WITH_UNIT (LENGTH_MEASURE( 1.000000000000000082E-05 ), #2361, 'distance_accuracy_value', 'NONE');
#1744 =( NAMED_UNIT ( * ) SI_UNIT ( $, .STERADIAN. ) SOLID_ANGLE_UNIT ( ) );
#1745 = FILL_AREA_STYLE_COLOUR ( '', #597 ) ;
#1746 = SURFACE_STYLE_FILL_AREA ( #2113 ) ;
#1747 = ORIENTED_EDGE ( 'NONE', *, *, #818, .T. ) ;
#1748 = EDGE_CURVE ( 'NONE', #2252, #297, #1165, .T. ) ;
#1749 = FILL_AREA_STYLE ('',( #1913 ) ) ;
#1750 = LINE ( 'NONE', #1181, #1093 ) ;
#1751 = SURFACE_STYLE_USAGE ( .BOTH. , #500 ) ;
#1752 = CARTESIAN_POINT ( 'NONE',  ( 0.5000000000000000000, 1.181102448679999917, 0.02000000000000000042 ) ) ;
#1753 = AXIS2_PLACEMENT_3D ( 'NONE', #276, #831, #1681 ) ;
#1754 = SURFACE_SIDE_STYLE ('',( #109 ) ) ;
#1755 = ORIENTED_EDGE ( 'NONE', *, *, #902, .T. ) ;
#1756 = CARTESIAN_POINT ( 'NONE',  ( 0.4000000000000000222, 1.286999987890000030, 0.1700000000000000122 ) ) ;
#1757 = LINE ( 'NONE', #1947, #2251 ) ;
#1758 = VECTOR ( 'NONE', #1123, 1000.000000000000000 ) ;
#1759 = ORIENTED_EDGE ( 'NONE', *, *, #783, .F. ) ;
#1760 = FILL_AREA_STYLE ('',( #1230 ) ) ;
#1761 = EDGE_CURVE ( 'NONE', #557, #612, #466, .T. ) ;
#1762 = UNCERTAINTY_MEASURE_WITH_UNIT (LENGTH_MEASURE( 1.000000000000000082E-05 ), #1720, 'distance_accuracy_value', 'NONE');
#1763 = SURFACE_STYLE_USAGE ( .BOTH. , #1056 ) ;
#1764 = EDGE_CURVE ( 'NONE', #1080, #222, #1699, .T. ) ;
#1765 = ORIENTED_EDGE ( 'NONE', *, *, #477, .T. ) ;
#1766 = LINE ( 'NONE', #1778, #1889 ) ;
#1767 =( NAMED_UNIT ( * ) PLANE_ANGLE_UNIT ( ) SI_UNIT ( $, .RADIAN. ) );
#1768 = CARTESIAN_POINT ( 'NONE',  ( 0.4000000000000000222, 0.8799999878919999574, 0.005000000000000000104 ) ) ;
#1769 = VERTEX_POINT ( 'NONE', #635 ) ;
#1770 = LINE ( 'NONE', #1072, #820 ) ;
#1771 =( LENGTH_UNIT ( ) NAMED_UNIT ( * ) SI_UNIT ( .MILLI., .METRE. ) );
#1772 = CARTESIAN_POINT ( 'NONE',  ( -0.7000000000001357359, -0.9999999999999997780, 0.1999999999999881317 ) ) ;
#1773 = PRESENTATION_STYLE_ASSIGNMENT (( #487 ) ) ;
#1774 = AXIS2_PLACEMENT_3D ( 'NONE', #717, #1440, #358 ) ;
#1775 = DIRECTION ( 'NONE',  ( 0.000000000000000000, 1.000000000000000000, -1.387778780779999995E-17 ) ) ;
#1776 = VERTEX_POINT ( 'NONE', #1197 ) ;
#1777 = EDGE_CURVE ( 'NONE', #179, #1578, #649, .T. ) ;
#1778 = CARTESIAN_POINT ( 'NONE',  ( 0.8400000000000000799, -0.9842520405618870871, 0.02000000000027229649 ) ) ;
#1779 = VERTEX_POINT ( 'NONE', #1373 ) ;
#1780 = SURFACE_STYLE_USAGE ( .BOTH. , #154 ) ;
#1781 = DIRECTION ( 'NONE',  ( 1.000000000000000000, 0.000000000000000000, 0.000000000000000000 ) ) ;
#1782 =( GEOMETRIC_REPRESENTATION_CONTEXT ( 3 ) GLOBAL_UNCERTAINTY_ASSIGNED_CONTEXT ( ( #1148 ) ) GLOBAL_UNIT_ASSIGNED_CONTEXT ( ( #1318, #1162, #1869 ) ) REPRESENTATION_CONTEXT ( 'NONE', 'WORKASPACE' ) );
#1783 = EDGE_LOOP ( 'NONE', ( #1260, #1844, #913, #1866 ) ) ;
#1784 = VECTOR ( 'NONE', #1355, 1000.000000000000000 ) ;
#1785 = CARTESIAN_POINT ( 'NONE',  ( 0.8400000000000000799, 1.199999999999999956, 0.2000000000000000111 ) ) ;
#1786 = EDGE_CURVE ( 'NONE', #382, #201, #1339, .T. ) ;
#1787 = SHAPE_REPRESENTATION ( '3D_Model_TUMD2M_Rev0-prt0', ( #1958 ), #1959 ) ;
#1788 =( NAMED_UNIT ( * ) PLANE_ANGLE_UNIT ( ) SI_UNIT ( $, .RADIAN. ) );
#1789 = APPLICATION_CONTEXT ( 'automotive_design' ) ;
#1790 = ORIENTED_EDGE ( 'NONE', *, *, #1748, .T. ) ;
#1791 = CARTESIAN_POINT ( 'NONE',  ( 0.4800000000000000377, 0.7999999878919999974, 0.1700000000000000122 ) ) ;
#1792 = MANIFOLD_SOLID_BREP ( 'Imported1', #2131 ) ;
#1793 = ORIENTED_EDGE ( 'NONE', *, *, #570, .T. ) ;
#1794 = CARTESIAN_POINT ( 'NONE',  ( 0.8211024486779999743, 0.7999999878919999974, 0.02000000000000000736 ) ) ;
#1795 = UNCERTAINTY_MEASURE_WITH_UNIT (LENGTH_MEASURE( 1.000000000000000082E-05 ), #1089, 'distance_accuracy_value', 'NONE');
#1796 =( NAMED_UNIT ( * ) SI_UNIT ( $, .STERADIAN. ) SOLID_ANGLE_UNIT ( ) );
#1797 =( NAMED_UNIT ( * ) SI_UNIT ( $, .STERADIAN. ) SOLID_ANGLE_UNIT ( ) );
#1798 = PRODUCT_DEFINITION_FORMATION_WITH_SPECIFIED_SOURCE ( 'ANY', '', #931, .NOT_KNOWN. ) ;
#1799 = EDGE_LOOP ( 'NONE', ( #441, #2108, #1633, #1028 ) ) ;
#1800 = CARTESIAN_POINT ( 'NONE',  ( 0.5020000000000001128, 0.7999999878919999974, 0.1869999999999999996 ) ) ;
#1801 = EDGE_CURVE ( 'NONE', #1047, #1656, #230, .T. ) ;
#1802 = MECHANICAL_DESIGN_GEOMETRIC_PRESENTATION_REPRESENTATION (  '', ( #1804 ), #1964 ) ;
#1803 = DIRECTION ( 'NONE',  ( 0.000000000000000000, 0.000000000000000000, 1.000000000000000000 ) ) ;
#1804 = STYLED_ITEM ( 'NONE', ( #1190 ), #1447 ) ;
#1805 = FILL_AREA_STYLE ('',( #1657 ) ) ;
#1806 = MECHANICAL_DESIGN_GEOMETRIC_PRESENTATION_REPRESENTATION (  '', ( #1548 ), #686 ) ;
#1807 = ORIENTED_EDGE ( 'NONE', *, *, #708, .F. ) ;
#1808 = FILL_AREA_STYLE_COLOUR ( '', #140 ) ;
#1809 = VECTOR ( 'NONE', #1133, 1000.000000000000000 ) ;
#1810 = DIRECTION ( 'NONE',  ( -1.000000000000000000, -0.000000000000000000, -0.000000000000000000 ) ) ;
#1811 = VECTOR ( 'NONE', #945, 1000.000000000000000 ) ;
#1812 = CARTESIAN_POINT ( 'NONE',  ( 0.6224161284879999867, 1.199999999999999956, 0.6400000000000000133 ) ) ;
#1813 = CARTESIAN_POINT ( 'NONE',  ( -0.5942038115751201444, 0.8942038115758940142, 0.7999999999999999334 ) ) ;
#1814 = VERTEX_POINT ( 'NONE', #72 ) ;
#1815 = ADVANCED_FACE ( 'NONE', ( #1687 ), #1898, .T. ) ;
#1816 = FILL_AREA_STYLE_COLOUR ( '', #1934 ) ;
#1817 = CARTESIAN_POINT ( 'NONE',  ( -0.5000000000000000000, 0.7999999878919999974, 0.1849999999999999978 ) ) ;
#1818 = DIRECTION ( 'NONE',  ( -1.000000000000000000, -0.000000000000000000, -0.000000000000000000 ) ) ;
#1819 = UNCERTAINTY_MEASURE_WITH_UNIT (LENGTH_MEASURE( 1.000000000000000082E-05 ), #1435, 'distance_accuracy_value', 'NONE');
#1820 = PRESENTATION_LAYER_ASSIGNMENT (  '', '', ( #463 ) ) ;
#1821 = CARTESIAN_POINT ( 'NONE',  ( -0.5942038115751201444, 0.9294692077175954470, 0.7999999999999999334 ) ) ;
#1822 =( NAMED_UNIT ( * ) PLANE_ANGLE_UNIT ( ) SI_UNIT ( $, .RADIAN. ) );
#1823 =( GEOMETRIC_REPRESENTATION_CONTEXT ( 3 ) GLOBAL_UNCERTAINTY_ASSIGNED_CONTEXT ( ( #1450 ) ) GLOBAL_UNIT_ASSIGNED_CONTEXT ( ( #1713, #1344, #458 ) ) REPRESENTATION_CONTEXT ( 'NONE', 'WORKASPACE' ) );
#1824 = FILL_AREA_STYLE ('',( #2013 ) ) ;
#1825 = MECHANICAL_DESIGN_GEOMETRIC_PRESENTATION_REPRESENTATION (  '', ( #2135 ), #2335 ) ;
#1826 = ORIENTED_EDGE ( 'NONE', *, *, #1349, .F. ) ;
#1827 =( NAMED_UNIT ( * ) PLANE_ANGLE_UNIT ( ) SI_UNIT ( $, .RADIAN. ) );
#1828 = CARTESIAN_POINT ( 'NONE',  ( 0.000000000000000000, 0.000000000000000000, 0.000000000000000000 ) ) ;
#1829 = UNCERTAINTY_MEASURE_WITH_UNIT (LENGTH_MEASURE( 1.000000000000000082E-05 ), #1160, 'distance_accuracy_value', 'NONE');
#1830 =( LENGTH_UNIT ( ) NAMED_UNIT ( * ) SI_UNIT ( .MILLI., .METRE. ) );
#1831 = ADVANCED_FACE ( 'NONE', ( #1557 ), #842, .F. ) ;
#1832 = LINE ( 'NONE', #2355, #1811 ) ;
#1833 = VERTEX_POINT ( 'NONE', #1426 ) ;
#1834 = EDGE_CURVE ( 'NONE', #1413, #2056, #1766, .T. ) ;
#1835 = PRESENTATION_STYLE_ASSIGNMENT (( #1121 ) ) ;
#1836 = PRESENTATION_STYLE_ASSIGNMENT (( #390 ) ) ;
#1837 = DIRECTION ( 'NONE',  ( 6.542032078574777147E-18, -1.000000000000000000, -5.723536432983582809E-19 ) ) ;
#1838 = VERTEX_POINT ( 'NONE', #2311 ) ;
#1839 = LINE ( 'NONE', #1099, #540 ) ;
#1840 = LINE ( 'NONE', #959, #75 ) ;
#1841 = DIRECTION ( 'NONE',  ( 0.000000000000000000, -1.387778780779999995E-17, -1.000000000000000000 ) ) ;
#1842 = PRESENTATION_LAYER_ASSIGNMENT (  '', '', ( #483 ) ) ;
#1843 = CARTESIAN_POINT ( 'NONE',  ( -0.5000000000000000000, 0.9049999878919999796, 0.1700000000000000122 ) ) ;
#1844 = ORIENTED_EDGE ( 'NONE', *, *, #888, .T. ) ;
#1845 = STYLED_ITEM ( 'NONE', ( #169 ), #1519 ) ;
#1846 =( NAMED_UNIT ( * ) PLANE_ANGLE_UNIT ( ) SI_UNIT ( $, .RADIAN. ) );
#1847 = EDGE_CURVE ( 'NONE', #1972, #363, #149, .T. ) ;
#1848 = CARTESIAN_POINT ( 'NONE',  ( 0.5942038115751475669, 0.6359777788355784889, 0.7999999999999999334 ) ) ;
#1849 =( NAMED_UNIT ( * ) SI_UNIT ( $, .STERADIAN. ) SOLID_ANGLE_UNIT ( ) );
#1850 = VERTEX_POINT ( 'NONE', #1592 ) ;
#1851 = DIRECTION ( 'NONE',  ( -7.806255641899999934E-18, 1.000000000000000000, -0.000000000000000000 ) ) ;
#1852 = ORIENTED_EDGE ( 'NONE', *, *, #384, .T. ) ;
#1853 = CARTESIAN_POINT ( 'NONE',  ( 0.4000000000000000222, -1.250000012109999892, -0.01700000000000000469 ) ) ;
#1854 = SURFACE_STYLE_USAGE ( .BOTH. , #962 ) ;
#1855 = DIRECTION ( 'NONE',  ( 0.000000000000000000, -1.387778780779999995E-17, -1.000000000000000000 ) ) ;
#1856 = ORIENTED_EDGE ( 'NONE', *, *, #151, .T. ) ;
#1857 = CARTESIAN_POINT ( 'NONE',  ( 0.4000000000000000222, -0.9842520405642217751, 0.02000000000006808137 ) ) ;
#1858 = FILL_AREA_STYLE ('',( #1708 ) ) ;
#1859 = DIRECTION ( 'NONE',  ( 0.000000000000000000, -0.08715574274767756702, -0.9961946980917437688 ) ) ;
#1860 = EDGE_CURVE ( 'NONE', #1992, #1080, #887, .T. ) ;
#1861 = CARTESIAN_POINT ( 'NONE',  ( 0.8400000000000000799, -0.9224161284880001421, 0.6400000000000000133 ) ) ;
#1862 = ORIENTED_EDGE ( 'NONE', *, *, #384, .F. ) ;
#1863 = CARTESIAN_POINT ( 'NONE',  ( 0.4800000000000000377, 0.7999999878919999974, 0.02000000000000000042 ) ) ;
#1864 = COLOUR_RGB ( '',0.7529411764705882248, 0.7529411764705882248, 0.7529411764705882248 ) ;
#1865 = VECTOR ( 'NONE', #10, 1000.000000000000000 ) ;
#1866 = ORIENTED_EDGE ( 'NONE', *, *, #1152, .F. ) ;
#1867 = SURFACE_STYLE_USAGE ( .BOTH. , #52 ) ;
#1868 = PRODUCT_DEFINITION_SHAPE ( 'NONE', 'NONE',  #217 ) ;
#1869 =( NAMED_UNIT ( * ) SI_UNIT ( $, .STERADIAN. ) SOLID_ANGLE_UNIT ( ) );
#1870 = MECHANICAL_DESIGN_GEOMETRIC_PRESENTATION_REPRESENTATION (  '', ( #670 ), #321 ) ;
#1871 =( LENGTH_UNIT ( ) NAMED_UNIT ( * ) SI_UNIT ( .MILLI., .METRE. ) );
#1872 = DIRECTION ( 'NONE',  ( -1.000000000000000000, -7.806255641899999934E-18, 1.083335593720000074E-34 ) ) ;
#1873 = ORIENTED_EDGE ( 'NONE', *, *, #2199, .T. ) ;
#1874 = LINE ( 'NONE', #971, #507 ) ;
#1875 = AXIS2_PLACEMENT_3D ( 'NONE', #2069, #801, #446 ) ;
#1876 = ORIENTED_EDGE ( 'NONE', *, *, #708, .T. ) ;
#1877 = EDGE_CURVE ( 'NONE', #1972, #2014, #1404, .T. ) ;
#1878 = CARTESIAN_POINT ( 'NONE',  ( 0.5000000000000000000, 0.9049999878919999796, -0.01700000000000000469 ) ) ;
#1879 = FACE_OUTER_BOUND ( 'NONE', #1567, .T. ) ;
#1880 = CARTESIAN_POINT ( 'NONE',  ( 0.5942038115751475669, -0.8942038115751479443, 0.7999999999999999334 ) ) ;
#1881 = AXIS2_PLACEMENT_3D ( 'NONE', #2224, #1529, #2102 ) ;
#1882 = DIRECTION ( 'NONE',  ( 1.000000000000000000, 7.806255641899999934E-18, -1.083335593720000074E-34 ) ) ;
#1883 = DIRECTION ( 'NONE',  ( -1.000000000000000000, -7.806255641899999934E-18, 1.083335593720000074E-34 ) ) ;
#1884 = PRESENTATION_LAYER_ASSIGNMENT (  '', '', ( #753 ) ) ;
#1885 = STYLED_ITEM ( 'NONE', ( #2223 ), #1590 ) ;
#1886 =( NAMED_UNIT ( * ) PLANE_ANGLE_UNIT ( ) SI_UNIT ( $, .RADIAN. ) );
#1887 = MECHANICAL_DESIGN_GEOMETRIC_PRESENTATION_REPRESENTATION (  '', ( #838 ), #371 ) ;
#1888 = FILL_AREA_STYLE ('',( #781 ) ) ;
#1889 = VECTOR ( 'NONE', #2096, 1000.000000000000000 ) ;
#1890 = COLOUR_RGB ( '',0.7529411764705882248, 0.7529411764705882248, 0.7529411764705882248 ) ;
#1891 = ORIENTED_EDGE ( 'NONE', *, *, #173, .T. ) ;
#1892 = CARTESIAN_POINT ( 'NONE',  ( -0.4000000000000000222, -0.8100000121079999893, 3.275157922639999998E-18 ) ) ;
#1893 = CARTESIAN_POINT ( 'NONE',  ( 0.8400000000000000799, 0.9826772446220001234, 0.002000000000000000042 ) ) ;
#1894 = EDGE_CURVE ( 'NONE', #1656, #1591, #503, .T. ) ;
#1895 = LINE ( 'NONE', #963, #167 ) ;
#1896 = FILL_AREA_STYLE_COLOUR ( '', #2151 ) ;
#1897 = SURFACE_STYLE_FILL_AREA ( #2271 ) ;
#1898 = PLANE ( 'NONE',  #1968 ) ;
#1899 = FILL_AREA_STYLE_COLOUR ( '', #489 ) ;
#1900 =( NAMED_UNIT ( * ) PLANE_ANGLE_UNIT ( ) SI_UNIT ( $, .RADIAN. ) );
#1901 = STYLED_ITEM ( 'NONE', ( #433 ), #103 ) ;
#1902 = VECTOR ( 'NONE', #385, 1000.000000000000000 ) ;
#1903 = EDGE_LOOP ( 'NONE', ( #1765, #846, #1615, #2208 ) ) ;
#1904 =( NAMED_UNIT ( * ) SI_UNIT ( $, .STERADIAN. ) SOLID_ANGLE_UNIT ( ) );
#1905 = PRESENTATION_STYLE_ASSIGNMENT (( #292 ) ) ;
#1906 =( LENGTH_UNIT ( ) NAMED_UNIT ( * ) SI_UNIT ( .MILLI., .METRE. ) );
#1907 = ADVANCED_FACE ( 'NONE', ( #1973 ), #866, .T. ) ;
#1908 = DIRECTION ( 'NONE',  ( 0.000000000000000000, 0.1736481776670334987, -0.9848077530121899237 ) ) ;
#1909 = FILL_AREA_STYLE ('',( #608 ) ) ;
#1910 = MECHANICAL_DESIGN_GEOMETRIC_PRESENTATION_REPRESENTATION (  '', ( #1201 ), #2214 ) ;
#1911 = PLANE ( 'NONE',  #1457 ) ;
#1912 = ORIENTED_EDGE ( 'NONE', *, *, #1734, .F. ) ;
#1913 = FILL_AREA_STYLE_COLOUR ( '', #1864 ) ;
#1914 = LINE ( 'NONE', #2291, #1291 ) ;
#1915 =( NAMED_UNIT ( * ) PLANE_ANGLE_UNIT ( ) SI_UNIT ( $, .RADIAN. ) );
#1916 = FILL_AREA_STYLE_COLOUR ( '', #1503 ) ;
#1917 =( NAMED_UNIT ( * ) SI_UNIT ( $, .STERADIAN. ) SOLID_ANGLE_UNIT ( ) );
#1918 = PRODUCT_DEFINITION_FORMATION_WITH_SPECIFIED_SOURCE ( 'ANY', '', #2023, .NOT_KNOWN. ) ;
#1919 = FACE_OUTER_BOUND ( 'NONE', #1935, .T. ) ;
#1920 = ORIENTED_EDGE ( 'NONE', *, *, #1777, .F. ) ;
#1921 = CARTESIAN_POINT ( 'NONE',  ( -0.5020000000000001128, 0.7999999878919999974, 0.1700000000000000122 ) ) ;
#1922 = EDGE_CURVE ( 'NONE', #50, #542, #560, .T. ) ;
#1923 =( GEOMETRIC_REPRESENTATION_CONTEXT ( 3 ) GLOBAL_UNCERTAINTY_ASSIGNED_CONTEXT ( ( #2288 ) ) GLOBAL_UNIT_ASSIGNED_CONTEXT ( ( #650, #829, #1546 ) ) REPRESENTATION_CONTEXT ( 'NONE', 'WORKASPACE' ) );
#1924 = DIRECTION ( 'NONE',  ( -1.000000000000000000, -7.806255641899999934E-18, 1.083335593717297802E-34 ) ) ;
#1925 = VECTOR ( 'NONE', #1859, 1000.000000000000114 ) ;
#1926 = ORIENTED_EDGE ( 'NONE', *, *, #902, .F. ) ;
#1927 = CARTESIAN_POINT ( 'NONE',  ( 0.8400000000000000799, -0.9999999999999997780, 0.2000000000000000389 ) ) ;
#1928 = CARTESIAN_POINT ( 'NONE',  ( 0.4800000000000000377, 0.7999999878919999974, 0.1700000000000000122 ) ) ;
#1929 = DIRECTION ( 'NONE',  ( 1.000000000000000000, 7.746958360017644552E-18, -6.777710333090797879E-19 ) ) ;
#1930 = PRESENTATION_LAYER_ASSIGNMENT (  '', '', ( #2007 ) ) ;
#1932 = SURFACE_STYLE_FILL_AREA ( #527 ) ;
#1931 = VECTOR ( 'NONE', #1117, 1000.000000000000000 ) ;
#1933 = SURFACE_STYLE_FILL_AREA ( #1034 ) ;
#1934 = COLOUR_RGB ( '',0.2862745098039215508, 0.2862745098039215508, 0.2862745098039215508 ) ;
#1935 = EDGE_LOOP ( 'NONE', ( #1876, #1104, #973, #1474 ) ) ;
#1936 =( LENGTH_UNIT ( ) NAMED_UNIT ( * ) SI_UNIT ( .MILLI., .METRE. ) );
#1937 = EDGE_CURVE ( 'NONE', #955, #179, #337, .T. ) ;
#1938 = ORIENTED_EDGE ( 'NONE', *, *, #424, .T. ) ;
#1939 = EDGE_CURVE ( 'NONE', #1578, #2289, #1639, .T. ) ;
#1940 = SURFACE_SIDE_STYLE ('',( #2265 ) ) ;
#1941 = COLOUR_RGB ( '',0.2862745098039215508, 0.2862745098039215508, 0.2862745098039215508 ) ;
#1942 = CARTESIAN_POINT ( 'NONE',  ( 0.4800000000000000377, -0.8500000121080000248, 0.1849999999999999978 ) ) ;
#1943 = LINE ( 'NONE', #133, #1264 ) ;
#1944 = MECHANICAL_DESIGN_GEOMETRIC_PRESENTATION_REPRESENTATION (  '', ( #617 ), #1079 ) ;
#1945 = FILL_AREA_STYLE ('',( #1232 ) ) ;
#1946 = ORIENTED_EDGE ( 'NONE', *, *, #2179, .T. ) ;
#1947 = CARTESIAN_POINT ( 'NONE',  ( 0.5000000000000000000, -0.4000000121080000137, 3.641290047259999997E-14 ) ) ;
#1948 = STYLED_ITEM ( 'NONE', ( #1319 ), #1027 ) ;
#1949 = EDGE_LOOP ( 'NONE', ( #2356, #498, #196, #2201 ) ) ;
#1950 = CARTESIAN_POINT ( 'NONE',  ( -0.4800000000000000377, 0.8799999878919999574, 0.1700000000000000122 ) ) ;
#1951 = SHAPE_REPRESENTATION_RELATIONSHIP ( 'NONE' , 'NONE' ,  #22, #1990 ) ;
#1952 = UNCERTAINTY_MEASURE_WITH_UNIT (LENGTH_MEASURE( 1.000000000000000082E-05 ), #1500, 'distance_accuracy_value', 'NONE');
#1953 = EDGE_CURVE ( 'NONE', #1419, #2067, #1616, .T. ) ;
#1954 = SURFACE_SIDE_STYLE ('',( #1490 ) ) ;
#1955 =( NAMED_UNIT ( * ) SI_UNIT ( $, .STERADIAN. ) SOLID_ANGLE_UNIT ( ) );
#1956 =( NAMED_UNIT ( * ) PLANE_ANGLE_UNIT ( ) SI_UNIT ( $, .RADIAN. ) );
#1957 = EDGE_LOOP ( 'NONE', ( #1676, #1083, #809, #1097 ) ) ;
#1958 = AXIS2_PLACEMENT_3D ( 'NONE', #682, #668, #93 ) ;
#1959 =( GEOMETRIC_REPRESENTATION_CONTEXT ( 3 ) GLOBAL_UNCERTAINTY_ASSIGNED_CONTEXT ( ( #98 ) ) GLOBAL_UNIT_ASSIGNED_CONTEXT ( ( #2266, #278, #118 ) ) REPRESENTATION_CONTEXT ( 'NONE', 'WORKASPACE' ) );
#1960 = PRESENTATION_STYLE_ASSIGNMENT (( #1569 ) ) ;
#1961 = VECTOR ( 'NONE', #793, 1000.000000000000114 ) ;
#1962 = ORIENTED_EDGE ( 'NONE', *, *, #1132, .T. ) ;
#1963 = CARTESIAN_POINT ( 'NONE',  ( 0.6999999999998840483, -0.9999999999982795984, 0.2000000000001606604 ) ) ;
#1964 =( GEOMETRIC_REPRESENTATION_CONTEXT ( 3 ) GLOBAL_UNCERTAINTY_ASSIGNED_CONTEXT ( ( #1386 ) ) GLOBAL_UNIT_ASSIGNED_CONTEXT ( ( #2098, #263, #299 ) ) REPRESENTATION_CONTEXT ( 'NONE', 'WORKASPACE' ) );
#1965 = SHAPE_DEFINITION_REPRESENTATION ( #758, #2282 ) ;
#1966 = COLOUR_RGB ( '',0.7529411764705882248, 0.7529411764705882248, 0.7529411764705882248 ) ;
#1967 =( NAMED_UNIT ( * ) SI_UNIT ( $, .STERADIAN. ) SOLID_ANGLE_UNIT ( ) );
#1968 = AXIS2_PLACEMENT_3D ( 'NONE', #271, #1545, #478 ) ;
#1969 = ADVANCED_FACE ( 'NONE', ( #2009 ), #731, .T. ) ;
#1970 = DIRECTION ( 'NONE',  ( -1.083335593720000074E-34, -8.456794590547837088E-52, -1.000000000000000000 ) ) ;
#1971 = COLOUR_RGB ( '',0.2862745098039215508, 0.2862745098039215508, 0.2862745098039215508 ) ;
#1972 = VERTEX_POINT ( 'NONE', #947 ) ;
#1973 = FACE_OUTER_BOUND ( 'NONE', #215, .T. ) ;
#1974 = CARTESIAN_POINT ( 'NONE',  ( -0.4800000000000000377, 0.8799999878919999574, 3.640208794120081137E-14 ) ) ;
#1975 = EDGE_LOOP ( 'NONE', ( #652, #1429, #897, #307 ) ) ;
#1976 = SURFACE_STYLE_USAGE ( .BOTH. , #914 ) ;
#1977 = SHAPE_DEFINITION_REPRESENTATION ( #1317, #739 ) ;
#1978 = ORIENTED_EDGE ( 'NONE', *, *, #729, .F. ) ;
#1979 = SURFACE_SIDE_STYLE ('',( #1250 ) ) ;
#1980 = COLOUR_RGB ( '',0.7529411764705882248, 0.7529411764705882248, 0.7529411764705882248 ) ;
#1981 = ORIENTED_EDGE ( 'NONE', *, *, #752, .F. ) ;
#1982 = VECTOR ( 'NONE', #2304, 1000.000000000000000 ) ;
#1983 = CARTESIAN_POINT ( 'NONE',  ( 0.4800000000000000377, 0.8799999878919999574, 0.01999999999999999695 ) ) ;
#1984 = AXIS2_PLACEMENT_3D ( 'NONE', #2313, #287, #504 ) ;
#1985 = EDGE_CURVE ( 'NONE', #703, #172, #2078, .T. ) ;
#1986 = COLOUR_RGB ( '',0.7529411764705882248, 0.7529411764705882248, 0.7529411764705882248 ) ;
#1987 =( NAMED_UNIT ( * ) SI_UNIT ( $, .STERADIAN. ) SOLID_ANGLE_UNIT ( ) );
#1988 = ORIENTED_EDGE ( 'NONE', *, *, #2210, .F. ) ;
#1989 = SURFACE_STYLE_USAGE ( .BOTH. , #1257 ) ;
#1990 = ADVANCED_BREP_SHAPE_REPRESENTATION ( '', ( #1792, #1958 ), #97 ) ;
#1991 = DIRECTION ( 'NONE',  ( 0.000000000000000000, 0.000000000000000000, 1.000000000000000000 ) ) ;
#1992 = VERTEX_POINT ( 'NONE', #1468 ) ;
#1993 = DIRECTION ( 'NONE',  ( 7.806255641899999934E-18, -1.000000000000000000, 1.387778780779999995E-17 ) ) ;
#1994 = CARTESIAN_POINT ( 'NONE',  ( -0.5942038115751201444, 0.9294692077175954470, 0.7999999999999999334 ) ) ;
#1995 = ORIENTED_EDGE ( 'NONE', *, *, #1132, .F. ) ;
#1996 = DIRECTION ( 'NONE',  ( 0.000000000000000000, -1.000000000000000000, 0.000000000000000000 ) ) ;
#1997 = VECTOR ( 'NONE', #615, 1000.000000000000227 ) ;
#1998 = DIRECTION ( 'NONE',  ( 7.806255641899999934E-18, -1.000000000000000000, 1.387778780779999995E-17 ) ) ;
#1999 = CARTESIAN_POINT ( 'NONE',  ( 0.4800000000000000377, 0.8799999878919999574, 0.1700000000000000122 ) ) ;
#2000 = EDGE_CURVE ( 'NONE', #561, #1141, #1652, .T. ) ;
#2001 = LINE ( 'NONE', #519, #1581 ) ;
#2002 = ORIENTED_EDGE ( 'NONE', *, *, #1939, .F. ) ;
#2003 = UNCERTAINTY_MEASURE_WITH_UNIT (LENGTH_MEASURE( 1.000000000000000082E-05 ), #751, 'distance_accuracy_value', 'NONE');
#2004 = ORIENTED_EDGE ( 'NONE', *, *, #1315, .F. ) ;
#2005 = FILL_AREA_STYLE_COLOUR ( '', #890 ) ;
#2006 = PLANE ( 'NONE',  #218 ) ;
#2008 = ORIENTED_EDGE ( 'NONE', *, *, #442, .F. ) ;
#2007 = STYLED_ITEM ( 'NONE', ( #676 ), #1831 ) ;
#2009 = FACE_OUTER_BOUND ( 'NONE', #858, .T. ) ;
#2010 = AXIS2_PLACEMENT_3D ( 'NONE', #1565, #659, #1381 ) ;
#2011 = DIRECTION ( 'NONE',  ( -0.9961946980917438799, -6.567021578318311057E-18, 0.08715574274767758089 ) ) ;
#2012 =( NAMED_UNIT ( * ) PLANE_ANGLE_UNIT ( ) SI_UNIT ( $, .RADIAN. ) );
#2013 = FILL_AREA_STYLE_COLOUR ( '', #1362 ) ;
#2014 = VERTEX_POINT ( 'NONE', #397 ) ;
#2015 = EDGE_CURVE ( 'NONE', #201, #703, #2161, .T. ) ;
#2016 = ADVANCED_FACE ( 'NONE', ( #906 ), #935, .F. ) ;
#2017 = PRESENTATION_STYLE_ASSIGNMENT (( #187 ) ) ;
#2018 = ORIENTED_EDGE ( 'NONE', *, *, #1707, .F. ) ;
#2019 = AXIS2_PLACEMENT_3D ( 'NONE', #2051, #2242, #243 ) ;
#2020 = VECTOR ( 'NONE', #443, 1000.000000000000000 ) ;
#2021 = LINE ( 'NONE', #779, #58 ) ;
#2022 = DIRECTION ( 'NONE',  ( 0.000000000000000000, 0.000000000000000000, 1.000000000000000000 ) ) ;
#2023 = PRODUCT ( '3D_Model_TUMD2M_Rev0-prt3', '3D_Model_TUMD2M_Rev0-prt3', '', ( #725 ) ) ;
#2024 = EDGE_LOOP ( 'NONE', ( #324, #1747, #1650, #400 ) ) ;
#2025 = PLANE ( 'NONE',  #1163 ) ;
#2026 = FACE_OUTER_BOUND ( 'NONE', #1799, .T. ) ;
#2027 =( NAMED_UNIT ( * ) PLANE_ANGLE_UNIT ( ) SI_UNIT ( $, .RADIAN. ) );
#2028 =( NAMED_UNIT ( * ) SI_UNIT ( $, .STERADIAN. ) SOLID_ANGLE_UNIT ( ) );
#2029 = EDGE_CURVE ( 'NONE', #1596, #1139, #632, .T. ) ;
#2030 = ORIENTED_EDGE ( 'NONE', *, *, #1421, .F. ) ;
#2031 = CARTESIAN_POINT ( 'NONE',  ( -0.7000000000000680123, 1.000000000000033973, 0.1999999999999911016 ) ) ;
#2032 = SURFACE_STYLE_USAGE ( .BOTH. , #1310 ) ;
#2033 = ORIENTED_EDGE ( 'NONE', *, *, #1179, .T. ) ;
#2034 = LINE ( 'NONE', #637, #1051 ) ;
#2035 = ORIENTED_EDGE ( 'NONE', *, *, #1877, .T. ) ;
#2036 = SURFACE_STYLE_FILL_AREA ( #419 ) ;
#2037 = PRESENTATION_STYLE_ASSIGNMENT (( #601 ) ) ;
#2038 = ORIENTED_EDGE ( 'NONE', *, *, #1417, .F. ) ;
#2039 = VECTOR ( 'NONE', #455, 1000.000000000000000 ) ;
#2040 = DIRECTION ( 'NONE',  ( -7.806255641899999934E-18, 1.000000000000000000, 0.000000000000000000 ) ) ;
#2041 = DIRECTION ( 'NONE',  ( 0.000000000000000000, -1.000000000000000000, 1.387778780779999995E-17 ) ) ;
#2042 = MECHANICAL_DESIGN_GEOMETRIC_PRESENTATION_REPRESENTATION (  '', ( #1739 ), #2120 ) ;
#2043 = LINE ( 'NONE', #1296, #2147 ) ;
#2044 = VECTOR ( 'NONE', #1075, 1000.000000000000000 ) ;
#2045 = VERTEX_POINT ( 'NONE', #1147 ) ;
#2046 = FACE_OUTER_BOUND ( 'NONE', #865, .T. ) ;
#2047 = EDGE_LOOP ( 'NONE', ( #408, #220, #2099, #1166 ) ) ;
#2048 = DIRECTION ( 'NONE',  ( 0.000000000000000000, 1.000000000000000000, -1.387778780779999995E-17 ) ) ;
#2049 = SURFACE_SIDE_STYLE ('',( #2036 ) ) ;
#2050 = CARTESIAN_POINT ( 'NONE',  ( 0.8400000000000000799, 1.199999999999999956, 0.2000000000000000111 ) ) ;
#2051 = CARTESIAN_POINT ( 'NONE',  ( 0.000000000000000000, 0.000000000000000000, 0.7999999999999999334 ) ) ;
#2052 =( LENGTH_UNIT ( ) NAMED_UNIT ( * ) SI_UNIT ( .MILLI., .METRE. ) );
#2053 = CLOSED_SHELL ( 'NONE', ( #1534, #847, #1519, #742, #396, #1027 ) ) ;
#2054 = ADVANCED_FACE ( 'NONE', ( #56 ), #2083, .F. ) ;
#2055 = LINE ( 'NONE', #100, #792 ) ;
#2056 = VERTEX_POINT ( 'NONE', #1857 ) ;
#2057 =( GEOMETRIC_REPRESENTATION_CONTEXT ( 3 ) GLOBAL_UNCERTAINTY_ASSIGNED_CONTEXT ( ( #996 ) ) GLOBAL_UNIT_ASSIGNED_CONTEXT ( ( #36, #1900, #1140 ) ) REPRESENTATION_CONTEXT ( 'NONE', 'WORKASPACE' ) );
#2058 = ORIENTED_EDGE ( 'NONE', *, *, #544, .F. ) ;
#2059 = PRODUCT ( '3D_Model_TUMD2M_Rev0-prt0', '3D_Model_TUMD2M_Rev0-prt0', '', ( #1127 ) ) ;
#2060 =( NAMED_UNIT ( * ) SI_UNIT ( $, .STERADIAN. ) SOLID_ANGLE_UNIT ( ) );
#2061 = LINE ( 'NONE', #967, #1758 ) ;
#2062 =( NAMED_UNIT ( * ) PLANE_ANGLE_UNIT ( ) SI_UNIT ( $, .RADIAN. ) );
#2063 = SURFACE_SIDE_STYLE ('',( #843 ) ) ;
#2064 = ORIENTED_EDGE ( 'NONE', *, *, #1417, .T. ) ;
#2065 = DIRECTION ( 'NONE',  ( 7.806255641899999934E-18, -1.000000000000000000, -0.000000000000000000 ) ) ;
#2066 = ADVANCED_FACE ( 'NONE', ( #434 ), #229, .F. ) ;
#2067 = VERTEX_POINT ( 'NONE', #2072 ) ;
#2068 = DIRECTION ( 'NONE',  ( -0.000000000000000000, 1.387778780779999995E-17, 1.000000000000000000 ) ) ;
#2069 = CARTESIAN_POINT ( 'NONE',  ( -0.6826772446219999679, 1.199999999999999956, 0.002000000000000000042 ) ) ;
#2070 = LINE ( 'NONE', #1517, #476 ) ;
#2071 = CIRCLE ( 'NONE', #94, 0.07999999999999998779 ) ;
#2072 = CARTESIAN_POINT ( 'NONE',  ( -0.4000000000000000777, 0.8799999878919999574, 0.1700000000000000122 ) ) ;
#2073 = MECHANICAL_DESIGN_GEOMETRIC_PRESENTATION_REPRESENTATION (  '', ( #753 ), #171 ) ;
#2074 = PRESENTATION_LAYER_ASSIGNMENT (  '', '', ( #254 ) ) ;
#2075 = DIRECTION ( 'NONE',  ( 0.000000000000000000, -1.387778780779999995E-17, -1.000000000000000000 ) ) ;
#2076 = SURFACE_SIDE_STYLE ('',( #1361 ) ) ;
#2077 = FILL_AREA_STYLE_COLOUR ( '', #776 ) ;
#2078 = CIRCLE ( 'NONE', #102, 0.07999999999999998779 ) ;
#2079 = VERTEX_POINT ( 'NONE', #1004 ) ;
#2080 = CARTESIAN_POINT ( 'NONE',  ( -0.4000000000000000222, -1.250000012109999892, 0.1700000000000000122 ) ) ;
#2081 = CARTESIAN_POINT ( 'NONE',  ( -0.4800000000000000377, 0.8799999878919999574, 0.01999999999999999695 ) ) ;
#2082 = ADVANCED_FACE ( 'NONE', ( #2256 ), #1359, .T. ) ;
#2083 = PLANE ( 'NONE',  #1070 ) ;
#2084 = PLANE ( 'NONE',  #673 ) ;
#2085 = SURFACE_STYLE_USAGE ( .BOTH. , #2076 ) ;
#2086 = LINE ( 'NONE', #1768, #1418 ) ;
#2087 = CLOSED_SHELL ( 'NONE', ( #1366, #1907, #1969, #2082, #69, #1098, #2127, #1300, #1694, #1066, #1594 ) ) ;
#2088 = UNCERTAINTY_MEASURE_WITH_UNIT (LENGTH_MEASURE( 1.000000000000000082E-05 ), #335, 'distance_accuracy_value', 'NONE');
#2089 = ORIENTED_EDGE ( 'NONE', *, *, #1691, .T. ) ;
#2090 =( NAMED_UNIT ( * ) SI_UNIT ( $, .STERADIAN. ) SOLID_ANGLE_UNIT ( ) );
#2091 = CARTESIAN_POINT ( 'NONE',  ( -0.4000000000000000222, 0.9973753400942372283, 0.1699999999999792788 ) ) ;
#2092 = STYLED_ITEM ( 'NONE', ( #1406 ), #847 ) ;
#2093 = EDGE_CURVE ( 'NONE', #172, #612, #123, .T. ) ;
#2094 =( NAMED_UNIT ( * ) SI_UNIT ( $, .STERADIAN. ) SOLID_ANGLE_UNIT ( ) );
#2095 = CARTESIAN_POINT ( 'NONE',  ( 0.5942038115751475669, 0.7509950367100258761, 0.7999999999999999334 ) ) ;
#2096 = DIRECTION ( 'NONE',  ( -1.000000000000000000, -7.746958360017644552E-18, -6.777710333090797879E-19 ) ) ;
#2097 = VECTOR ( 'NONE', #2254, 1000.000000000000000 ) ;
#2098 =( LENGTH_UNIT ( ) NAMED_UNIT ( * ) SI_UNIT ( .MILLI., .METRE. ) );
#2099 = ORIENTED_EDGE ( 'NONE', *, *, #1786, .T. ) ;
#2100 = DIRECTION ( 'NONE',  ( -0.1710878697461636899, -0.1710878697451532759, -0.9702875252479468138 ) ) ;
#2101 = LINE ( 'NONE', #1585, #139 ) ;
#2102 = DIRECTION ( 'NONE',  ( -7.806255641899999934E-18, 1.000000000000000000, 0.000000000000000000 ) ) ;
#2103 =( NAMED_UNIT ( * ) PLANE_ANGLE_UNIT ( ) SI_UNIT ( $, .RADIAN. ) );
#2104 = LINE ( 'NONE', #2344, #1451 ) ;
#2105 =( LENGTH_UNIT ( ) NAMED_UNIT ( * ) SI_UNIT ( .MILLI., .METRE. ) );
#2106 = STYLED_ITEM ( 'NONE', ( #885 ), #1239 ) ;
#2107 = ADVANCED_FACE ( 'NONE', ( #1919 ), #510, .T. ) ;
#2108 = ORIENTED_EDGE ( 'NONE', *, *, #326, .T. ) ;
#2109 = CARTESIAN_POINT ( 'NONE',  ( -0.5000000000000000000, 0.7999999878919999974, 0.02000000000000000736 ) ) ;
#2110 =( GEOMETRIC_REPRESENTATION_CONTEXT ( 3 ) GLOBAL_UNCERTAINTY_ASSIGNED_CONTEXT ( ( #113 ) ) GLOBAL_UNIT_ASSIGNED_CONTEXT ( ( #5, #1149, #2094 ) ) REPRESENTATION_CONTEXT ( 'NONE', 'WORKASPACE' ) );
#2111 = FILL_AREA_STYLE_COLOUR ( '', #1659 ) ;
#2112 = EDGE_CURVE ( 'NONE', #1559, #970, #2297, .T. ) ;
#2113 = FILL_AREA_STYLE ('',( #101 ) ) ;
#2114 = MECHANICAL_DESIGN_GEOMETRIC_PRESENTATION_REPRESENTATION (  '', ( #836 ), #2110 ) ;
#2115 = UNCERTAINTY_MEASURE_WITH_UNIT (LENGTH_MEASURE( 1.000000000000000082E-05 ), #1001, 'distance_accuracy_value', 'NONE');
#2116 = MECHANICAL_DESIGN_GEOMETRIC_PRESENTATION_REPRESENTATION (  '', ( #875 ), #2230 ) ;
#2117 = EDGE_LOOP ( 'NONE', ( #1645, #1725, #2145, #2089 ) ) ;
#2118 = LINE ( 'NONE', #1560, #231 ) ;
#2119 = FACE_OUTER_BOUND ( 'NONE', #1689, .T. ) ;
#2121 = CARTESIAN_POINT ( 'NONE',  ( 0.4000000000000000222, -0.4000000121080000137, 3.641290047259999997E-14 ) ) ;
#2120 =( GEOMETRIC_REPRESENTATION_CONTEXT ( 3 ) GLOBAL_UNCERTAINTY_ASSIGNED_CONTEXT ( ( #569 ) ) GLOBAL_UNIT_ASSIGNED_CONTEXT ( ( #2346, #531, #1492 ) ) REPRESENTATION_CONTEXT ( 'NONE', 'WORKASPACE' ) );
#2122 = PLANE ( 'NONE',  #497 ) ;
#2123 = ORIENTED_EDGE ( 'NONE', *, *, #1000, .T. ) ;
#2124 = UNCERTAINTY_MEASURE_WITH_UNIT (LENGTH_MEASURE( 1.000000000000000082E-05 ), #1370, 'distance_accuracy_value', 'NONE');
#2125 = DIRECTION ( 'NONE',  ( -0.000000000000000000, 1.000000000000000000, -0.000000000000000000 ) ) ;
#2126 = PRODUCT_DEFINITION ( 'UNKNOWN', '', #481, #464 ) ;
#2127 = ADVANCED_FACE ( 'NONE', ( #685 ), #2122, .F. ) ;
#2128 =( REPRESENTATION_RELATIONSHIP ('NONE','NONE', #2282, #1787 ) REPRESENTATION_RELATIONSHIP_WITH_TRANSFORMATION ( #428 )SHAPE_REPRESENTATION_RELATIONSHIP( ) );
#2129 = ORIENTED_EDGE ( 'NONE', *, *, #1764, .T. ) ;
#2130 =( NAMED_UNIT ( * ) SI_UNIT ( $, .STERADIAN. ) SOLID_ANGLE_UNIT ( ) );
#2131 = CLOSED_SHELL ( 'NONE', ( #1831, #1520, #2261, #2294, #864, #568, #1547, #2066, #2229, #672, #1447, #103, #1239, #932, #283, #2016, #804, #1405, #2054, #690 ) ) ;
#2132 =( NAMED_UNIT ( * ) PLANE_ANGLE_UNIT ( ) SI_UNIT ( $, .RADIAN. ) );
#2133 =( LENGTH_UNIT ( ) NAMED_UNIT ( * ) SI_UNIT ( .MILLI., .METRE. ) );
#2134 = DIRECTION ( 'NONE',  ( 1.000000000000000000, 0.000000000000000000, -0.000000000000000000 ) ) ;
#2135 = STYLED_ITEM ( 'NONE', ( #2165 ), #568 ) ;
#2136 = ORIENTED_EDGE ( 'NONE', *, *, #2342, .T. ) ;
#2137 = MECHANICAL_DESIGN_GEOMETRIC_PRESENTATION_REPRESENTATION (  '', ( #360 ), #1020 ) ;
#2138 = EDGE_LOOP ( 'NONE', ( #437, #2129, #1221, #1524 ) ) ;
#2139 = EDGE_CURVE ( 'NONE', #680, #1833, #1614, .T. ) ;
#2140 = CARTESIAN_POINT ( 'NONE',  ( -0.4999999999999998890, -0.4000000121080000137, 3.641290047259999997E-14 ) ) ;
#2141 = DIRECTION ( 'NONE',  ( 0.000000000000000000, 0.000000000000000000, 1.000000000000000000 ) ) ;
#2142 = DIRECTION ( 'NONE',  ( 0.000000000000000000, -1.387778780779999995E-17, 1.000000000000000000 ) ) ;
#2143 = LINE ( 'NONE', #1411, #972 ) ;
#2144 =( LENGTH_UNIT ( ) NAMED_UNIT ( * ) SI_UNIT ( .MILLI., .METRE. ) );
#2145 = ORIENTED_EDGE ( 'NONE', *, *, #372, .T. ) ;
#2146 = DIRECTION ( 'NONE',  ( -0.000000000000000000, -1.387778780779999995E-17, -1.000000000000000000 ) ) ;
#2147 = VECTOR ( 'NONE', #1643, 1000.000000000000000 ) ;
#2148 = AXIS2_PLACEMENT_3D ( 'NONE', #2187, #517, #2350 ) ;
#2149 = EDGE_LOOP ( 'NONE', ( #153, #2018, #2275, #1087 ) ) ;
#2150 = SURFACE_STYLE_FILL_AREA ( #1430 ) ;
#2151 = COLOUR_RGB ( '',0.2862745098039215508, 0.2862745098039215508, 0.2862745098039215508 ) ;
#2152 =( LENGTH_UNIT ( ) NAMED_UNIT ( * ) SI_UNIT ( .MILLI., .METRE. ) );
#2153 = PRODUCT_RELATED_PRODUCT_CATEGORY ( 'part', '', ( #1116 ) ) ;
#2154 = VERTEX_POINT ( 'NONE', #1626 ) ;
#2155 = FILL_AREA_STYLE_COLOUR ( '', #1562 ) ;
#2156 = VECTOR ( 'NONE', #1818, 1000.000000000000000 ) ;
#2157 = LINE ( 'NONE', #386, #606 ) ;
#2158 = EDGE_CURVE ( 'NONE', #2014, #64, #749, .T. ) ;
#2159 =( GEOMETRIC_REPRESENTATION_CONTEXT ( 3 ) GLOBAL_UNCERTAINTY_ASSIGNED_CONTEXT ( ( #1762 ) ) GLOBAL_UNIT_ASSIGNED_CONTEXT ( ( #1720, #1846, #462 ) ) REPRESENTATION_CONTEXT ( 'NONE', 'WORKASPACE' ) );
#2160 = VERTEX_POINT ( 'NONE', #200 ) ;
#2161 = LINE ( 'NONE', #1794, #2156 ) ;
#2162 = LINE ( 'NONE', #367, #1122 ) ;
#2163 = SURFACE_STYLE_USAGE ( .BOTH. , #922 ) ;
#2164 = ORIENTED_EDGE ( 'NONE', *, *, #424, .F. ) ;
#2165 = PRESENTATION_STYLE_ASSIGNMENT (( #1420 ) ) ;
#2166 = DIRECTION ( 'NONE',  ( 1.000000000000000000, 0.000000000000000000, 0.000000000000000000 ) ) ;
#2167 =( NAMED_UNIT ( * ) PLANE_ANGLE_UNIT ( ) SI_UNIT ( $, .RADIAN. ) );
#2168 = CARTESIAN_POINT ( 'NONE',  ( 0.4000000000000000222, 0.8799999878919999574, -0.01700000000000000469 ) ) ;
#2169 = MECHANICAL_DESIGN_GEOMETRIC_PRESENTATION_REPRESENTATION (  '', ( #698 ), #1782 ) ;
#2170 = ORIENTED_EDGE ( 'NONE', *, *, #189, .T. ) ;
#2171 = MECHANICAL_DESIGN_GEOMETRIC_PRESENTATION_REPRESENTATION (  '', ( #976 ), #1014 ) ;
#2172 = EDGE_CURVE ( 'NONE', #703, #50, #1273, .T. ) ;
#2173 = DIRECTION ( 'NONE',  ( -1.000000000000000000, -0.000000000000000000, 0.000000000000000000 ) ) ;
#2174 = CARTESIAN_POINT ( 'NONE',  ( 0.4800000000000000377, 0.8799999878919999574, 0.1700000000000000122 ) ) ;
#2175 = VERTEX_POINT ( 'NONE', #1436 ) ;
#2176 = CARTESIAN_POINT ( 'NONE',  ( 0.6294692077168322353, 0.8942038115756046901, 0.7999999999999999334 ) ) ;
#2177 = CARTESIAN_POINT ( 'NONE',  ( 0.5999999999999999778, 0.7999999878920001084, 3.639624712723064408E-14 ) ) ;
#2178 = STYLED_ITEM ( 'NONE', ( #394 ), #2310 ) ;
#2179 = EDGE_CURVE ( 'NONE', #1779, #1091, #1459, .T. ) ;
#2180 = CARTESIAN_POINT ( 'NONE',  ( 0.7015747959430000957, 1.199999999999999956, 0.2180000000000000271 ) ) ;
#2181 = ADVANCED_BREP_SHAPE_REPRESENTATION ( '', ( #1717, #1958 ), #718 ) ;
#2182 = FILL_AREA_STYLE_COLOUR ( '', #194 ) ;
#2183 = EDGE_CURVE ( 'NONE', #2079, #2289, #2157, .T. ) ;
#2184 = PRESENTATION_LAYER_ASSIGNMENT (  '', '', ( #2106 ) ) ;
#2185 = ORIENTED_EDGE ( 'NONE', *, *, #477, .F. ) ;
#2186 = PRESENTATION_LAYER_ASSIGNMENT (  '', '', ( #53 ) ) ;
#2187 = CARTESIAN_POINT ( 'NONE',  ( 0.000000000000000000, 0.000000000000000000, 0.000000000000000000 ) ) ;
#2188 = DIRECTION ( 'NONE',  ( 0.000000000000000000, -1.387778780779999995E-17, 1.000000000000000000 ) ) ;
#2189 = CARTESIAN_POINT ( 'NONE',  ( -0.7070530792279999810, 1.199999999999999956, 0.1600000000000000033 ) ) ;
#2190 = PRESENTATION_LAYER_ASSIGNMENT (  '', '', ( #1334 ) ) ;
#2192 = FILL_AREA_STYLE_COLOUR ( '', #309 ) ;
#2191 = AXIS2_PLACEMENT_3D ( 'NONE', #492, #513, #1092 ) ;
#2193 = FILL_AREA_STYLE_COLOUR ( '', #407 ) ;
#2194 = VECTOR ( 'NONE', #1775, 1000.000000000000000 ) ;
#2195 = FILL_AREA_STYLE_COLOUR ( '', #908 ) ;
#2196 = CYLINDRICAL_SURFACE ( 'NONE', #1350, 0.07999999999999998779 ) ;
#2197 = FILL_AREA_STYLE ('',( #547 ) ) ;
#2198 = ORIENTED_EDGE ( 'NONE', *, *, #1432, .T. ) ;
#2199 = EDGE_CURVE ( 'NONE', #623, #266, #529, .T. ) ;
#2200 = FILL_AREA_STYLE ('',( #1114 ) ) ;
#2201 = ORIENTED_EDGE ( 'NONE', *, *, #2183, .F. ) ;
#2202 = DIRECTION ( 'NONE',  ( 0.000000000000000000, -1.387778780779999995E-17, -1.000000000000000000 ) ) ;
#2203 = CARTESIAN_POINT ( 'NONE',  ( 0.4800000000000000377, 0.8799999878919999574, 0.1700000000000000122 ) ) ;
#2204 = STYLED_ITEM ( 'NONE', ( #1483 ), #690 ) ;
#2205 = LINE ( 'NONE', #969, #1330 ) ;
#2206 =( GEOMETRIC_REPRESENTATION_CONTEXT ( 3 ) GLOBAL_UNCERTAINTY_ASSIGNED_CONTEXT ( ( #2088 ) ) GLOBAL_UNIT_ASSIGNED_CONTEXT ( ( #335, #663, #495 ) ) REPRESENTATION_CONTEXT ( 'NONE', 'WORKASPACE' ) );
#2207 = PRODUCT_DEFINITION_SHAPE ( 'NONE', 'NONE',  #2374 ) ;
#2208 = ORIENTED_EDGE ( 'NONE', *, *, #219, .F. ) ;
#2209 = LINE ( 'NONE', #1167, #930 ) ;
#2210 = EDGE_CURVE ( 'NONE', #1398, #2211, #1832, .T. ) ;
#2211 = VERTEX_POINT ( 'NONE', #541 ) ;
#2212 = CARTESIAN_POINT ( 'NONE',  ( 0.5999999999999999778, 0.7999999878919999974, 0.1699999999999999845 ) ) ;
#2213 = VECTOR ( 'NONE', #1556, 1000.000000000000000 ) ;
#2214 =( GEOMETRIC_REPRESENTATION_CONTEXT ( 3 ) GLOBAL_UNCERTAINTY_ASSIGNED_CONTEXT ( ( #479 ) ) GLOBAL_UNIT_ASSIGNED_CONTEXT ( ( #1544, #1730, #99 ) ) REPRESENTATION_CONTEXT ( 'NONE', 'WORKASPACE' ) );
#2215 = FILL_AREA_STYLE ('',( #586 ) ) ;
#2216 = DIRECTION ( 'NONE',  ( -1.083335593720000074E-34, -8.456794590547837088E-52, -1.000000000000000000 ) ) ;
#2217 = CARTESIAN_POINT ( 'NONE',  ( 0.5999999999999999778, -0.2500000121079999915, 3.641081880442883285E-14 ) ) ;
#2218 = CARTESIAN_POINT ( 'NONE',  ( 0.4000000000000000222, 0.9826772446220001234, 0.002000000000000000475 ) ) ;
#2219 = ORIENTED_EDGE ( 'NONE', *, *, #756, .T. ) ;
#2220 = SURFACE_STYLE_USAGE ( .BOTH. , #264 ) ;
#2221 = AXIS2_PLACEMENT_3D ( 'NONE', #185, #1283, #927 ) ;
#2222 = ORIENTED_EDGE ( 'NONE', *, *, #1054, .F. ) ;
#2223 = PRESENTATION_STYLE_ASSIGNMENT (( #431 ) ) ;
#2224 = CARTESIAN_POINT ( 'NONE',  ( 0.4000000000000000222, 1.286999987890000030, -0.01700000000000000469 ) ) ;
#2225 = VECTOR ( 'NONE', #1924, 1000.000000000000000 ) ;
#2226 = DIRECTION ( 'NONE',  ( 0.000000000000000000, 1.000000000000000000, -1.387778780779999995E-17 ) ) ;
#2227 = SURFACE_STYLE_USAGE ( .BOTH. , #643 ) ;
#2228 = AXIS2_PLACEMENT_3D ( 'NONE', #1516, #24, #211 ) ;
#2229 = ADVANCED_FACE ( 'NONE', ( #728 ), #343, .F. ) ;
#2230 =( GEOMETRIC_REPRESENTATION_CONTEXT ( 3 ) GLOBAL_UNCERTAINTY_ASSIGNED_CONTEXT ( ( #237 ) ) GLOBAL_UNIT_ASSIGNED_CONTEXT ( ( #1369, #277, #2090 ) ) REPRESENTATION_CONTEXT ( 'NONE', 'WORKASPACE' ) );
#2231 = SURFACE_STYLE_USAGE ( .BOTH. , #1521 ) ;
#2232 = VECTOR ( 'NONE', #2125, 1000.000000000000000 ) ;
#2233 = SURFACE_STYLE_USAGE ( .BOTH. , #2063 ) ;
#2234 = ORIENTED_EDGE ( 'NONE', *, *, #818, .F. ) ;
#2235 = DIRECTION ( 'NONE',  ( -1.000000000000000000, -7.806255641899999934E-18, 1.083335593720000074E-34 ) ) ;
#2236 = ITEM_DEFINED_TRANSFORMATION ( 'NONE', 'NONE', #2221,  #1958 ) ;
#2237 = UNCERTAINTY_MEASURE_WITH_UNIT (LENGTH_MEASURE( 1.000000000000000082E-05 ), #2052, 'distance_accuracy_value', 'NONE');
#2238 = ORIENTED_EDGE ( 'NONE', *, *, #1847, .F. ) ;
#2239 = FILL_AREA_STYLE_COLOUR ( '', #191 ) ;
#2240 =( NAMED_UNIT ( * ) SI_UNIT ( $, .STERADIAN. ) SOLID_ANGLE_UNIT ( ) );
#2241 = LINE ( 'NONE', #642, #44 ) ;
#2242 = DIRECTION ( 'NONE',  ( 0.000000000000000000, 0.000000000000000000, 1.000000000000000000 ) ) ;
#2243 =( LENGTH_UNIT ( ) NAMED_UNIT ( * ) SI_UNIT ( .MILLI., .METRE. ) );
#2244 = EDGE_CURVE ( 'NONE', #1779, #1398, #177, .T. ) ;
#2245 = DIRECTION ( 'NONE',  ( -0.000000000000000000, 1.387778780779999995E-17, -1.000000000000000000 ) ) ;
#2246 = AXIS2_PLACEMENT_3D ( 'NONE', #281, #1882, #68 ) ;
#2247 = ORIENTED_EDGE ( 'NONE', *, *, #1937, .T. ) ;
#2248 = SURFACE_SIDE_STYLE ('',( #1677 ) ) ;
#2249 = VECTOR ( 'NONE', #1726, 1000.000000000000000 ) ;
#2250 = ITEM_DEFINED_TRANSFORMATION ( 'NONE', 'NONE', #1733,  #1958 ) ;
#2251 = VECTOR ( 'NONE', #678, 1000.000000000000000 ) ;
#2252 = VERTEX_POINT ( 'NONE', #2364 ) ;
#2253 = CARTESIAN_POINT ( 'NONE',  ( 0.5942038115751475669, 0.7509950367100258761, 0.7999999999999999334 ) ) ;
#2254 = DIRECTION ( 'NONE',  ( 1.000000000000000000, 0.000000000000000000, 0.000000000000000000 ) ) ;
#2255 = PRESENTATION_STYLE_ASSIGNMENT (( #788 ) ) ;
#2256 = FACE_OUTER_BOUND ( 'NONE', #515, .T. ) ;
#2257 = PRESENTATION_LAYER_ASSIGNMENT (  '', '', ( #1948 ) ) ;
#2258 = CARTESIAN_POINT ( 'NONE',  ( 0.4800000000000000377, -0.8100000121079999893, 3.275157922639999998E-18 ) ) ;
#2259 =( NAMED_UNIT ( * ) PLANE_ANGLE_UNIT ( ) SI_UNIT ( $, .RADIAN. ) );
#2260 = DIRECTION ( 'NONE',  ( 0.000000000000000000, -1.000000000000000000, 0.000000000000000000 ) ) ;
#2261 = ADVANCED_FACE ( 'NONE', ( #1286 ), #2006, .F. ) ;
#2262 = DIRECTION ( 'NONE',  ( -0.000000000000000000, 1.387778780779999995E-17, 1.000000000000000000 ) ) ;
#2263 = UNCERTAINTY_MEASURE_WITH_UNIT (LENGTH_MEASURE( 1.000000000000000082E-05 ), #121, 'distance_accuracy_value', 'NONE');
#2264 = ORIENTED_EDGE ( 'NONE', *, *, #656, .T. ) ;
#2265 = SURFACE_STYLE_FILL_AREA ( #130 ) ;
#2266 =( LENGTH_UNIT ( ) NAMED_UNIT ( * ) SI_UNIT ( .MILLI., .METRE. ) );
#2267 = PLANE ( 'NONE',  #1063 ) ;
#2268 = DIRECTION ( 'NONE',  ( 0.000000000000000000, -1.000000000000000000, 0.000000000000000000 ) ) ;
#2269 = PRESENTATION_STYLE_ASSIGNMENT (( #645 ) ) ;
#2270 = PRODUCT_DEFINITION_CONTEXT ( 'detailed design', #1600, 'design' ) ;
#2271 = FILL_AREA_STYLE ('',( #1382 ) ) ;
#2272 = DIRECTION ( 'NONE',  ( -0.000000000000000000, 1.000000000000000000, -0.000000000000000000 ) ) ;
#2273 = DIRECTION ( 'NONE',  ( 7.806255641899999934E-18, -1.000000000000000000, -1.387778780779999995E-17 ) ) ;
#2274 = PRESENTATION_LAYER_ASSIGNMENT (  '', '', ( #1470 ) ) ;
#2275 = ORIENTED_EDGE ( 'NONE', *, *, #2112, .F. ) ;
#2276 = FILL_AREA_STYLE ('',( #2239 ) ) ;
#2277 = AXIS2_PLACEMENT_3D ( 'NONE', #1477, #896, #356 ) ;
#2278 = CARTESIAN_POINT ( 'NONE',  ( 0.000000000000000000, 0.000000000000000000, 0.7999999999999999334 ) ) ;
#2279 = SHAPE_REPRESENTATION_RELATIONSHIP ( 'NONE' , 'NONE' ,  #739, #2181 ) ;
#2280 = SURFACE_SIDE_STYLE ('',( #1055 ) ) ;
#2281 = CYLINDRICAL_SURFACE ( 'NONE', #1480, 0.07999999999999998779 ) ;
#2282 = SHAPE_REPRESENTATION ( 'RBE01VYM6AFHTR', ( #2148, #289, #204, #1733, #2221 ), #952 ) ;
#2283 = LINE ( 'NONE', #1036, #1611 ) ;
#2284 = SURFACE_SIDE_STYLE ('',( #1211 ) ) ;
#2285 = CARTESIAN_POINT ( 'NONE',  ( 0.5000000000000000000, -0.2500000121080000470, 0.005000000000000000104 ) ) ;
#2286 = LINE ( 'NONE', #1050, #1268 ) ;
#2287 =( GEOMETRIC_REPRESENTATION_CONTEXT ( 3 ) GLOBAL_UNCERTAINTY_ASSIGNED_CONTEXT ( ( #1173 ) ) GLOBAL_UNIT_ASSIGNED_CONTEXT ( ( #1186, #1171, #1729 ) ) REPRESENTATION_CONTEXT ( 'NONE', 'WORKASPACE' ) );
#2288 = UNCERTAINTY_MEASURE_WITH_UNIT (LENGTH_MEASURE( 1.000000000000000082E-05 ), #650, 'distance_accuracy_value', 'NONE');
#2289 = VERTEX_POINT ( 'NONE', #772 ) ;
#2290 = LINE ( 'NONE', #290, #114 ) ;
#2291 = CARTESIAN_POINT ( 'NONE',  ( 0.8400000000000000799, -0.9842520405618870871, 0.02000000000027229649 ) ) ;
#2292 = CARTESIAN_POINT ( 'NONE',  ( 0.5000000000000000000, 0.7999999878919999974, 0.1869999999999999996 ) ) ;
#2293 = PRESENTATION_LAYER_ASSIGNMENT (  '', '', ( #1115 ) ) ;
#2294 = ADVANCED_FACE ( 'NONE', ( #1669 ), #1170, .F. ) ;
#2295 = SURFACE_SIDE_STYLE ('',( #1932 ) ) ;
#2296 = PRESENTATION_LAYER_ASSIGNMENT (  '', '', ( #2092 ) ) ;
#2297 = LINE ( 'NONE', #696, #1443 ) ;
#2298 = ORIENTED_EDGE ( 'NONE', *, *, #134, .T. ) ;
#2299 = DIRECTION ( 'NONE',  ( -0.08682659386425289894, -0.08682659386605938445, -0.9924325091388080944 ) ) ;
#2300 =( NAMED_UNIT ( * ) SI_UNIT ( $, .STERADIAN. ) SOLID_ANGLE_UNIT ( ) );
#2301 = COLOUR_RGB ( '',0.2862745098039215508, 0.2862745098039215508, 0.2862745098039215508 ) ;
#2302 = DIRECTION ( 'NONE',  ( -7.806255641899999934E-18, 1.000000000000000000, 0.000000000000000000 ) ) ;
#2303 = ORIENTED_EDGE ( 'NONE', *, *, #160, .T. ) ;
#2304 = DIRECTION ( 'NONE',  ( -1.000000000000000000, -0.000000000000000000, -0.000000000000000000 ) ) ;
#2305 = FACE_OUTER_BOUND ( 'NONE', #759, .T. ) ;
#2306 = CARTESIAN_POINT ( 'NONE',  ( 0.8400000000000000799, 0.9842520405654634486, 0.01999999999995944258 ) ) ;
#2307 =( NAMED_UNIT ( * ) SI_UNIT ( $, .STERADIAN. ) SOLID_ANGLE_UNIT ( ) );
#2308 = DIRECTION ( 'NONE',  ( 0.000000000000000000, 1.000000000000000000, -1.387778780779999995E-17 ) ) ;
#2309 = ORIENTED_EDGE ( 'NONE', *, *, #1393, .T. ) ;
#2310 = ADVANCED_FACE ( 'NONE', ( #1879 ), #66, .T. ) ;
#2311 = CARTESIAN_POINT ( 'NONE',  ( -0.4000000000000000777, 0.9842520405650000415, 0.02000000000000000389 ) ) ;
#2312 =( GEOMETRIC_REPRESENTATION_CONTEXT ( 3 ) GLOBAL_UNCERTAINTY_ASSIGNED_CONTEXT ( ( #679 ) ) GLOBAL_UNIT_ASSIGNED_CONTEXT ( ( #199, #2027, #989 ) ) REPRESENTATION_CONTEXT ( 'NONE', 'WORKASPACE' ) );
#2313 = CARTESIAN_POINT ( 'NONE',  ( 0.4800000000000000377, -0.8500000121080000248, 0.1869999999999999996 ) ) ;
#2314 = UNCERTAINTY_MEASURE_WITH_UNIT (LENGTH_MEASURE( 1.000000000000000082E-05 ), #1307, 'distance_accuracy_value', 'NONE');
#2315 = MECHANICAL_DESIGN_GEOMETRIC_PRESENTATION_REPRESENTATION (  '', ( #879 ), #1513 ) ;
#2316 = ORIENTED_EDGE ( 'NONE', *, *, #656, .F. ) ;
#2317 = LINE ( 'NONE', #2140, #1049 ) ;
#2318 = CARTESIAN_POINT ( 'NONE',  ( -0.4000000000000000222, -0.8500000121080000248, 9.575673587380000530E-19 ) ) ;
#2319 =( NAMED_UNIT ( * ) SI_UNIT ( $, .STERADIAN. ) SOLID_ANGLE_UNIT ( ) );
#2320 = PRESENTATION_LAYER_ASSIGNMENT (  '', '', ( #762 ) ) ;
#2321 = UNCERTAINTY_MEASURE_WITH_UNIT (LENGTH_MEASURE( 1.000000000000000082E-05 ), #2243, 'distance_accuracy_value', 'NONE');
#2322 = DIRECTION ( 'NONE',  ( 0.000000000000000000, -1.387778780779999995E-17, -1.000000000000000000 ) ) ;
#2323 = SURFACE_STYLE_FILL_AREA ( #108 ) ;
#2324 = EDGE_LOOP ( 'NONE', ( #1920, #9, #2030, #1482 ) ) ;
#2325 = PRODUCT_DEFINITION_CONTEXT ( 'detailed design', #1119, 'design' ) ;
#2326 = FILL_AREA_STYLE ('',( #854 ) ) ;
#2327 = EDGE_CURVE ( 'NONE', #1591, #34, #1574, .T. ) ;
#2328 = SURFACE_SIDE_STYLE ('',( #1746 ) ) ;
#2329 = EDGE_LOOP ( 'NONE', ( #148, #523, #2362, #1852 ) ) ;
#2330 = CARTESIAN_POINT ( 'NONE',  ( 0.4000000000000000222, -1.001574795940000095, 0.2180000000000000271 ) ) ;
#2331 = STYLED_ITEM ( 'NONE', ( #2255 ), #86 ) ;
#2332 =( NAMED_UNIT ( * ) PLANE_ANGLE_UNIT ( ) SI_UNIT ( $, .RADIAN. ) );
#2333 = STYLED_ITEM ( 'NONE', ( #812 ), #412 ) ;
#2334 = PLANE ( 'NONE',  #73 ) ;
#2335 =( GEOMETRIC_REPRESENTATION_CONTEXT ( 3 ) GLOBAL_UNCERTAINTY_ASSIGNED_CONTEXT ( ( #39 ) ) GLOBAL_UNIT_ASSIGNED_CONTEXT ( ( #1270, #1622, #925 ) ) REPRESENTATION_CONTEXT ( 'NONE', 'WORKASPACE' ) );
#2336 = PRESENTATION_STYLE_ASSIGNMENT (( #1242 ) ) ;
#2337 = ORIENTED_EDGE ( 'NONE', *, *, #1013, .F. ) ;
#2338 = APPLICATION_CONTEXT ( 'automotive_design' ) ;
#2339 =( LENGTH_UNIT ( ) NAMED_UNIT ( * ) SI_UNIT ( .MILLI., .METRE. ) );
#2340 = ORIENTED_EDGE ( 'NONE', *, *, #1277, .T. ) ;
#2341 = PLANE ( 'NONE',  #1716 ) ;
#2342 = EDGE_CURVE ( 'NONE', #1814, #1838, #1021, .T. ) ;
#2343 = APPLICATION_PROTOCOL_DEFINITION ( 'draft international standard', 'automotive_design', 1998, #1600 ) ;
#2344 = CARTESIAN_POINT ( 'NONE',  ( -0.4000000000000000222, 1.249999987890000108, 0.1869999999999999996 ) ) ;
#2345 = VERTEX_POINT ( 'NONE', #1552 ) ;
#2346 =( LENGTH_UNIT ( ) NAMED_UNIT ( * ) SI_UNIT ( .MILLI., .METRE. ) );
#2347 = ORIENTED_EDGE ( 'NONE', *, *, #948, .F. ) ;
#2348 = DIRECTION ( 'NONE',  ( 0.000000000000000000, -1.000000000000000000, 1.387778780779999995E-17 ) ) ;
#2349 = PRESENTATION_LAYER_ASSIGNMENT (  '', '', ( #1548 ) ) ;
#2350 = DIRECTION ( 'NONE',  ( 1.000000000000000000, 0.000000000000000000, 0.000000000000000000 ) ) ;
#2351 = COLOUR_RGB ( '',0.2862745098039215508, 0.2862745098039215508, 0.2862745098039215508 ) ;
#2352 = EDGE_CURVE ( 'NONE', #1419, #168, #2071, .T. ) ;
#2353 = DIRECTION ( 'NONE',  ( -1.000000000000000000, -0.000000000000000000, 0.000000000000000000 ) ) ;
#2354 = MECHANICAL_DESIGN_GEOMETRIC_PRESENTATION_REPRESENTATION (  '', ( #802 ), #803 ) ;
#2355 = CARTESIAN_POINT ( 'NONE',  ( -0.5942038115751201444, 0.9294692077175954470, 0.7999999999999999334 ) ) ;
#2356 = ORIENTED_EDGE ( 'NONE', *, *, #1039, .T. ) ;
#2357 = FILL_AREA_STYLE ('',( #2193 ) ) ;
#2358 = UNCERTAINTY_MEASURE_WITH_UNIT (LENGTH_MEASURE( 1.000000000000000082E-05 ), #627, 'distance_accuracy_value', 'NONE');
#2359 = EDGE_LOOP ( 'NONE', ( #1376, #1408, #1635, #2219 ) ) ;
#2360 = PRESENTATION_STYLE_ASSIGNMENT (( #1976 ) ) ;
#2361 =( LENGTH_UNIT ( ) NAMED_UNIT ( * ) SI_UNIT ( .MILLI., .METRE. ) );
#2362 = ORIENTED_EDGE ( 'NONE', *, *, #329, .F. ) ;
#2363 = EDGE_CURVE ( 'NONE', #1041, #1439, #474, .T. ) ;
#2364 = CARTESIAN_POINT ( 'NONE',  ( 0.4000000000000000222, -0.8500000121080000248, 0.1700000000000000122 ) ) ;
#2365 =( GEOMETRIC_REPRESENTATION_CONTEXT ( 3 ) GLOBAL_UNCERTAINTY_ASSIGNED_CONTEXT ( ( #1360 ) ) GLOBAL_UNIT_ASSIGNED_CONTEXT ( ( #2133, #509, #1955 ) ) REPRESENTATION_CONTEXT ( 'NONE', 'WORKASPACE' ) );
#2366 = ORIENTED_EDGE ( 'NONE', *, *, #2183, .T. ) ;
#2367 = DIRECTION ( 'NONE',  ( -1.083335593720000074E-34, -8.456794590547837088E-52, -1.000000000000000000 ) ) ;
#2368 = VECTOR ( 'NONE', #880, 1000.000000000000000 ) ;
#2369 = FACE_OUTER_BOUND ( 'NONE', #124, .T. ) ;
#2370 = DIRECTION ( 'NONE',  ( 0.000000000000000000, 0.000000000000000000, 1.000000000000000000 ) ) ;
#2371 = NEXT_ASSEMBLY_USAGE_OCCURRENCE ( 'NAUO1', ' ', ' ', #1472, #217, $ ) ;
#2372 = NEXT_ASSEMBLY_USAGE_OCCURRENCE ( 'NAUO2', ' ', ' ', #1472, #2126, $ ) ;
#2373 = NEXT_ASSEMBLY_USAGE_OCCURRENCE ( 'NAUO3', ' ', ' ', #1472, #368, $ ) ;
#2374 = NEXT_ASSEMBLY_USAGE_OCCURRENCE ( 'NAUO4', ' ', ' ', #1472, #1294, $ ) ;
ENDSEC;
END-ISO-10303-21;
